original_index,question,cypher,typeql
0,List the top 5 organizations where the number of employees is greater than 1000.,"MATCH (o:Organization)
WHERE o.nbrEmployees > 1000
RETURN o.name AS organization, o.nbrEmployees AS numberOfEmployees
ORDER BY o.nbrEmployees DESC
LIMIT 5","match
  $o isa organization;
  $o has nbr_employees $o_nbr_employees;
  $o_nbr_employees > 1000;
sort $o_nbr_employees desc;
limit 5;
fetch { ""organization"": $o.name, ""numberOfEmployees"": $o.nbr_employees };"
1,Who are the CEOs of the first 3 public companies?,"MATCH (o:Organization)-[:HAS_CEO]->(p:Person)
WHERE o.isPublic IS NOT NULL AND o.isPublic = true
RETURN o.name AS company, p.name AS ceo
LIMIT 3","match
  $o isa organization;
  $p isa person;
  (organization: $o, ceo: $p) isa ceo_of;
  $o has is_public $o_is_public;
  $o has is_public true;
limit 3;
fetch { ""company"": $o.name, ""ceo"": $p.name };"
2,Find the top 5 articles with the highest sentiment score.,"MATCH (a:Article)
RETURN a.title, a.sentiment
ORDER BY a.sentiment DESC
LIMIT 5","match
  $a isa article;
  $a has sentiment $a_sentiment;
sort $a_sentiment desc;
limit 5;
fetch { ""title"": $a.title, ""sentiment"": $a.sentiment };"
3,Which cities are home to organizations that have more than 500 employees?,"MATCH (o:Organization)-[:IN_CITY]->(c:City)
WHERE o.nbrEmployees > 500
RETURN DISTINCT c.name AS city","match
  $o isa organization;
  $c isa city;
  (organization: $o, city: $c) isa located_in;
  $o has nbr_employees $o_nbr_employees;
  $o_nbr_employees > 500;
fetch { ""city"": $c.city_name };"
4,List the first 3 organizations dissolved and their cities.,"MATCH (o:Organization)-[:IN_CITY]->(c:City)
WHERE o.isDissolved = true
RETURN o.name AS organization, c.name AS city
LIMIT 3","match
  $o isa organization;
  $c isa city;
  (organization: $o, city: $c) isa located_in;
  $o has is_dissolved true;
limit 3;
fetch { ""organization"": $o.name, ""city"": $c.city_name };"
5,Who are the board members of the first 5 organizations listed by revenue in descending order?,"MATCH (o:Organization)
WITH o
ORDER BY o.revenue DESC
LIMIT 5
MATCH (o)-[:HAS_BOARD_MEMBER]->(p:Person)
RETURN o.name AS organization, p.name AS board_member","match
  $o isa organization;
  $p isa person;
  (organization: $o, member: $p) isa board_member_of;
  $o has revenue $o_revenue;
sort $o_revenue desc;
limit 5;
fetch { ""organization"": $o.name, ""board_member"": $p.name };"
6,Find the top 3 countries with the most cities hosting public organizations.,"MATCH (c:Country)<-[:IN_COUNTRY]-(city:City)<-[:IN_CITY]-(o:Organization)
WHERE o.isPublic IS NOT NULL AND o.isPublic = true
WITH c, count(DISTINCT city) AS numCities
RETURN c.name AS country, numCities
ORDER BY numCities DESC
LIMIT 3","match
  $c isa country;
  $city isa city;
  $o isa organization, has is_public true;
  location-contains (parent: $c, child: $city);
  located_in (organization: $o, city: $city);
select $city, $c;
distinct;
reduce $numCities = count groupby $c;
sort $numCities desc;
limit 3;
fetch { ""country"": $c.country_name, ""numCities"": $numCities };"
7,Which organizations have 'Accenture' as an investor?,"MATCH (o:Organization)<-[:HAS_INVESTOR]-(investor:Organization {name: 'Accenture'})
RETURN o.name AS organization, o.summary AS summary","match
$o isa organization;
$investor isa organization, has name ""Accenture"";
invested_in (organization: $o, investor: $investor);
fetch { ""organization"": $o.name };"
8,List the names of the first 3 organizations that are competitors of 'Accenture'.,"MATCH (a:Organization {name: 'Accenture'})-[:HAS_COMPETITOR]->(c:Organization)
RETURN c.name
LIMIT 3","match
  $o isa organization, has name ""Accenture"";
  $competitor isa organization;
  (competitor: $o, competitor: $competitor) isa competes_with;
limit 3;
fetch { ""competitor"": $competitor.name };"
9,List the top 3 industries mentioned in articles about 'Accenture'.,"MATCH (a:Article)-[:MENTIONS]->(:Organization {name: 'Accenture'})
MATCH (a)-[:HAS_CHUNK]->(c:Chunk)
MATCH (o:Organization)-[:HAS_CATEGORY]->(ic:IndustryCategory)
WHERE c.text CONTAINS o.name
RETURN ic.name AS industry, count(*) AS mentions
ORDER BY mentions DESC
LIMIT 3","match
  $accenture isa organization, has name ""Accenture"";
  $a isa article;
  mentions (article: $a, mentioned: $accenture);
  $other_org isa organization;
  mentions (article: $a, mentioned: $other_org);
  in_category (organization: $other_org, category: $ic);
  $ic has industry_category_name $industry;
reduce $mentions = count groupby $industry;
sort $mentions desc;
limit 3;
fetch { ""industry"": $industry };"
10,What are the names of the first 3 cities that have organizations with more than 100 employees?,"MATCH (c:City)<-[:IN_CITY]-(o:Organization)
WHERE o.nbrEmployees > 100
RETURN c.name
LIMIT 3","match
  $c isa city;
  $o isa organization;
  (organization: $o, city: $c) isa located_in;
  $o has nbr_employees $o_nbr_employees;
  $o_nbr_employees > 100;
limit 3;
fetch { ""city_name"": $c.city_name };"
11,Who are the authors of the first 5 articles that mention any organization headquartered in 'Seattle'?,"MATCH (o:Organization)-[:IN_CITY]->(:City {name: 'Seattle'})
MATCH (a:Article)-[:MENTIONS]->(o)
WITH a
ORDER BY a.date DESC
LIMIT 5
RETURN a.author AS author","match
  $o isa organization;
  $a isa article;
  (article: $a, mentioned: $o) isa mentions;
  $a has date $a_date;
  $city isa city, has city_name ""Seattle""; (organization: $o, city: $city) isa located_in;
sort $a_date desc;
limit 5;
fetch { ""author"": $a.author };"
12,List the names of the first 3 organizations that have subsidiaries.,"MATCH (o:Organization)-[:HAS_SUBSIDIARY]->(:Organization)
RETURN o.name
LIMIT 3","match
  $o isa organization; $subsidiary isa organization; (parent: $o, subsidiary: $subsidiary) isa subsidiary_of;
limit 3;
fetch { ""name"": $o.name };"
13,List the first 3 organizations mentioned in articles published in 2022.,"MATCH (a:Article)-[:MENTIONS]->(o:Organization)
WHERE a.date >= date(""2022-01-01"") AND a.date < date(""2023-01-01"")
RETURN o.name
LIMIT 3","match
  $a isa article, has date $a_date;
  $o isa organization;
  (article: $a, mentioned: $o) isa mentions;
$a_date < 2023-01-01T00:00:00; limit 3;
fetch { ""name"": $o.name };"
14,Find the top 5 organizations by revenue that are not dissolved.,"MATCH (o:Organization)
WHERE o.isDissolved IS NOT NULL AND NOT o.isDissolved
RETURN o.name AS organization, o.revenue AS revenue
ORDER BY o.revenue DESC
LIMIT 5","match
  $o isa organization;
  $o has is_dissolved false;
  $o has revenue $o_revenue;
sort $o_revenue desc;
limit 5;
fetch { ""organization"": $o.name, ""revenue"": $o.revenue };"
15,List the top 3 people who are investors in more than one organization.,"MATCH (p:Person)-[:HAS_INVESTOR]->(o:Organization)
WITH p, count(o) as num_orgs
WHERE num_orgs > 1
RETURN p.name as person, num_orgs as number_of_organizations_invested_in
ORDER BY num_orgs DESC
LIMIT 3","match
  $p isa person;
  $o isa organization;
  (investor: $p, organization: $o) isa invested_in;
reduce $num_orgs = count($o) groupby $p;
match $num_orgs > 1;
sort $num_orgs desc;
limit 3;
fetch { ""person"": $p.name, ""number_of_organizations_invested_in"": $num_orgs };"
16,Which organizations have a public status and are located in cities within the 'United States of America'?,"MATCH (o:Organization)-[:IN_CITY]->(c:City)-[:IN_COUNTRY]->(country:Country {name: 'United States of America'})
WHERE o.isPublic IS NOT NULL AND o.isPublic = true
RETURN o.name AS organization, c.name AS city","match
  $o isa organization;
  $c isa city;
  $country isa country, has country_name ""United States of America"";
  (organization: $o, city: $c) isa located_in;
  $o has is_public $o_is_public;
  $o has is_public true;
(child: $c, parent: $country) isa location-contains; fetch { ""organization"": $o.name, ""city"": $c.city_name };"
17,Who are the first 3 persons mentioned as CEOs of organizations in the technology industry?,"MATCH (p:Person)<-[:HAS_CEO]-(o:Organization)-[:HAS_CATEGORY]->(c:IndustryCategory)
WHERE c.name CONTAINS 'Technology'
RETURN p.name AS name
LIMIT 3","match
  $p isa person;
  $o isa organization;
  $c isa industry_category;
  (organization: $o, ceo: $p) isa ceo_of;
  $c has industry_category_name $c_industry_category_name;
  $c_industry_category_name contains ""Technology"";
  (organization: $o, category: $c) isa in_category;
limit 3;
fetch { ""name"": $p.name };"
18,List the top 3 most recent articles about organizations in the 'Electronic Products Manufacturers' industry.,"MATCH (a:Article)-[:MENTIONS]->(o:Organization)-[:HAS_CATEGORY]->(c:IndustryCategory {name: 'Electronic Products Manufacturers'})
RETURN a.title AS title, a.date AS date, o.name AS organization
ORDER BY a.date DESC
LIMIT 3","match
  $a isa article;
  $o isa organization;
  $c isa industry_category, has industry_category_name ""Electronic Products Manufacturers"";
  (article: $a, mentioned: $o) isa mentions;
  $a has date $a_date;
  (organization: $o, category: $c) isa in_category;
sort $a_date desc;
limit 3;
fetch { ""title"": $a.title, ""date"": $a.date, ""organization"": $o.name };"
19,What are the titles of the first 5 articles that mention organizations in 'Rome'?,"MATCH (a:Article)-[:MENTIONS]->(o:Organization)-[:IN_CITY]->(:City {name: 'Rome'})
RETURN a.title
LIMIT 5","match
  $a isa article;
  $o isa organization;
  (article: $a, mentioned: $o) isa mentions;
  $city isa city, has city_name ""Rome""; (organization: $o, city: $city) isa located_in;
limit 5;
fetch { ""title"": $a.title };"
20,List the names of the first 3 organizations that have suppliers.,"MATCH (o:Organization)-[:HAS_SUPPLIER]->(:Organization)
RETURN o.name
LIMIT 3","match
  $o isa organization;
  $supplier isa organization; (customer: $o, supplier: $supplier) isa supplies;
limit 3;
fetch { ""name"": $o.name };"
21,Which organizations are based in cities that are part of a country with the summary containing 'North America'?,"MATCH (o:Organization)-[:IN_CITY]->(:City)-[:IN_COUNTRY]->(c:Country)
WHERE c.summary CONTAINS 'North America'
RETURN o.name AS organization, c.name AS country","match
  $o isa organization;
  $c isa country;
  $c has country_summary $c_country_summary;
  $c_country_summary contains ""North America"";
  $city isa city; (organization: $o, city: $city) isa located_in;
(child: $city, parent: $c) isa location-contains; fetch { ""organization"": $o.name, ""country"": $c.country_name };"
22,List the first 3 organizations that were dissolved but mentioned in recent articles.,"MATCH (o:Organization {isDissolved: true})<-[:MENTIONS]-(a:Article)
WHERE a.date >= datetime() - duration('P1Y')
RETURN o.name AS organization, a.title AS article
ORDER BY a.date DESC
LIMIT 3","match
  $o isa organization, has is_dissolved true, has name $org_name;
  $a isa article, has title $article_title, has date $d;
  mentions (article: $a, mentioned: $o);
sort $d desc;
limit 3;
fetch {
  ""organization"": $org_name,
  ""article"": $article_title
};"
23,List the first 3 organizations that have a revenue greater than $100 million but fewer than 500 employees.,"MATCH (o:Organization)
WHERE o.revenue > 1E8 AND o.nbrEmployees < 500
RETURN o.name, o.revenue, o.nbrEmployees
LIMIT 3","match
  $o isa organization;
  $o has revenue $o_revenue;
  $o_revenue > 100000000;
  $o has nbr_employees $o_nbr_employees;
  $o_nbr_employees < 500;
limit 3;
fetch { ""name"": $o.name, ""revenue"": $o.revenue, ""nbr_employees"": $o.nbr_employees };"
24,Who are the first 3 board members of organizations that are public?,"MATCH (o:Organization {isPublic: true})-[:HAS_BOARD_MEMBER]->(p:Person)
RETURN p.name AS boardMember, o.name AS organization
LIMIT 3","match
  $o isa organization, has is_public true;
  $p isa person;
  (organization: $o, member: $p) isa board_member_of;
limit 3;
fetch { ""boardMember"": $p.name, ""organization"": $o.name };"
25,What are the names of the first 3 organizations with the most competitors?,"MATCH (o:Organization)-[:HAS_COMPETITOR]->(c:Organization)
WITH o, count(c) AS numCompetitors
ORDER BY numCompetitors DESC
LIMIT 3
RETURN o.name AS organization, numCompetitors","match $o isa organization, has name $n; $c isa organization; competes_with (competitor: $o, competitor: $c); reduce $numCompetitors = count($c) groupby $o; match $o has name $n; sort $numCompetitors desc; limit 3; fetch { ""organization"": $n, ""numCompetitors"": $numCompetitors };"
26,List the first 3 organizations that have a city as their headquarters and are also public.,"MATCH (o:Organization)-[:IN_CITY]->(:City)
WHERE o.isPublic IS NOT NULL AND o.isPublic = true
RETURN o.name AS organization
LIMIT 3","match
  $o isa organization, has is_public true;
  located_in (organization: $o, city: $c);
limit 3;
fetch { ""organization"": $o.name };"
27,Find the first 3 people who have the role of CEO in more than one organization.,"MATCH (p:Person)-[:HAS_CEO]->(o:Organization)
WITH p, count(o) as num_ceo_roles
WHERE num_ceo_roles > 1
RETURN p.name as person, num_ceo_roles as number_of_ceo_roles
ORDER BY num_ceo_roles DESC
LIMIT 3","match
  $p isa person, has name $n;
  (organization: $o1, ceo: $p) isa ceo_of;
  (organization: $o2, ceo: $p) isa ceo_of;
  $o1 has organization_id $id1;
  $o2 has organization_id $id2;
  $id1 != $id2;
limit 3;
fetch { ""person"": $n };"
28,List the names and IDs of the top 5 cities by the number of public organizations located in them.,"MATCH (c:City)<-[:IN_CITY]-(o:Organization)
WHERE o.isPublic = true
WITH c, count(o) as orgCount
ORDER BY orgCount DESC
LIMIT 5
RETURN c.name as cityName, c.id as cityId","match
  $c isa city;
  $o isa organization, has is_public true;
  located_in (organization: $o, city: $c);
reduce $count = count($o) groupby $c;
sort $count desc;
limit 5;
fetch { ""cityName"": $c.city_name, ""cityId"": $c.city_id };"
29,Who are the authors of the first 3 articles that negatively mention any organization?,"MATCH (a:Article)-[:HAS_CHUNK]->(c:Chunk), (a)-[:MENTIONS]->(o:Organization)
WHERE a.sentiment < 0
WITH a, o
ORDER BY a.date DESC
LIMIT 3
RETURN a.author AS author, a.title AS title, o.name AS organization","match
  $o isa organization;
  $a isa article;
  $a has sentiment $s;
  $s < 0;
  mentions (article: $a, mentioned: $o);
  $a has date $d;
sort $d desc;
limit 3;
fetch { ""author"": $a.author, ""title"": $a.title, ""organization"": $o.name };"
30,List the names of the first 3 organizations that have had articles with a sentiment higher than 0.8.,"MATCH (a:Article)-[:MENTIONS]->(o:Organization)
WHERE a.sentiment > 0.8
RETURN o.name
LIMIT 3","match
  $a isa article;
  $o isa organization;
  (article: $a, mentioned: $o) isa mentions;
  $a has sentiment $a_sentiment;
  $a_sentiment > 0.8;
limit 3;
fetch { ""name"": $o.name };"
31,Which organizations have been mentioned in articles dated before 2020?,"MATCH (a:Article)-[:MENTIONS]->(o:Organization)
WHERE a.date < date(""2020-01-01"")
RETURN DISTINCT o","match
  $a isa article, has date $a_date;
  $o isa organization;
  (article: $a, mentioned: $o) isa mentions;
$a_date < 2020-01-01T00:00:00; fetch { ""o"": $o };"
32,What are the names of the first 3 organizations that have a motto containing 'world'?,"MATCH (o:Organization)
WHERE o.motto CONTAINS 'world'
RETURN o.name
LIMIT 3","match
  $o isa organization, has motto $m;
  $m like "".*world.*"";
limit 3;
fetch { ""name"": $o.name };"
33,List the first 3 organizations that are suppliers to more than one organization.,"MATCH (o:Organization)-[:HAS_SUPPLIER]->(s:Organization)
WITH s, count(o) as num_orgs
WHERE num_orgs > 1
RETURN s.name as supplier, num_orgs as number_of_organizations
ORDER BY num_orgs DESC
LIMIT 3","match
  $s isa organization;
  $o isa organization;
  supplies (supplier: $s, customer: $o);
reduce $num_orgs = count($o) groupby $s;
match $num_orgs > 1;
sort $num_orgs desc;
limit 3;
fetch { ""supplier"": $s.name, ""number_of_organizations"": $num_orgs };"
34,Which people are board members in organizations with more than 1000 employees?,"MATCH (p:Person)<-[:HAS_BOARD_MEMBER]-(o:Organization)
WHERE o.nbrEmployees > 1000
RETURN p.name AS person, o.name AS organization, o.nbrEmployees AS numEmployees","match
  $o isa organization;
  $p isa person;
  (organization: $o, member: $p) isa board_member_of;
  $o has nbr_employees $o_nbr_employees;
  $o_nbr_employees > 1000;
fetch { ""boardMember"": $p.name, ""organization"": $o.name };"
35,What are the names of the first 3 organizations and their CEOs where the organization is not public?,"MATCH (o:Organization)-[:HAS_CEO]->(ceo:Person)
WHERE o.isPublic IS NOT NULL AND NOT o.isPublic
RETURN o.name AS organization, ceo.name AS ceo
LIMIT 3","match
  $o isa organization;
  $p isa person;
  (organization: $o, ceo: $p) isa ceo_of;
  $o has is_public false;
limit 3;
fetch { ""organization"": $o.name, ""ceo"": $p.name };"
36,List the first 3 cities that have more than three organizations based in them.,"MATCH (c:City)<-[:IN_CITY]-(o:Organization)
WITH c, count(o) AS orgCount
WHERE orgCount > 3
RETURN c.name AS city
ORDER BY orgCount DESC
LIMIT 3","match
  $c isa city;
  $o isa organization;
  located_in (organization: $o, city: $c);
reduce $count = count($o) groupby $c;
match $count > 3;
sort $count desc;
limit 3;
fetch { ""city"": $c.city_name };"
37,Who are the first 3 authors of articles mentioning organizations with revenues over $50 million?,"MATCH (article:Article)-[:MENTIONS]->(org:Organization)
WHERE org.revenue > 5e7
RETURN DISTINCT article.author AS author
LIMIT 3","match
  $article isa article;
  $org isa organization;
  (article: $article, mentioned: $org) isa mentions;
  $org has revenue $org_revenue;
  $org_revenue > 50000000;
limit 3;
fetch { ""author"": $article.author };"
38,List the top 3 cities where organizations are based that have at least 100 employees.,"MATCH (o:Organization)-[:IN_CITY]->(c:City)
WHERE o.nbrEmployees >= 100
RETURN c.name AS city, count(o) AS numOrganizations
ORDER BY numOrganizations DESC
LIMIT 3","match
  $o isa organization, has nbr_employees $emp;
  $emp >= 100;
  $c isa city, has city_name $city_name;
  located_in (organization: $o, city: $c);
reduce $count = count($o) groupby $c, $city_name;
sort $count desc;
limit 3;
fetch { ""city"": $city_name, ""numOrganizations"": $count };"
39,Which organizations have a revenue greater than $50 million and are not dissolved?,"MATCH (o:Organization)
WHERE o.revenue > 5E7 AND o.isDissolved IS NOT NULL AND NOT o.isDissolved
RETURN o","match
  $o isa organization;
  $o has revenue $o_revenue;
  $o_revenue > 50000000;
  $o has is_dissolved false;
fetch { ""o"": $o };"
40,Find all organizations that are public and have a CEO named 'Julie Spellman Sweet'.,"MATCH (o:Organization {isPublic: true})-[:HAS_CEO]->(p:Person {name: 'Julie Spellman Sweet'})
RETURN o","match
  $o isa organization, has is_public true;
  $p isa person, has name ""Julie Spellman Sweet"";
  (organization: $o, ceo: $p) isa ceo_of;
fetch { ""o"": $o };"
41,What are the names of the top 5 organizations with the most employees?,"MATCH (o:Organization)
WHERE o.nbrEmployees IS NOT NULL
RETURN o.name AS organization, o.nbrEmployees AS numberOfEmployees
ORDER BY o.nbrEmployees DESC
LIMIT 5","match
  $o isa organization;
  $o has nbr_employees $nbr;
sort $nbr desc;
limit 5;
fetch { ""organization"": $o.name, ""numberOfEmployees"": $nbr };"
42,Identify the top 3 articles with the highest sentiment that mention a public organization.,"MATCH (a:Article)-[:MENTIONS]->(o:Organization {isPublic: true})
WITH a, o
ORDER BY a.sentiment DESC
LIMIT 3
RETURN a.title AS article, a.sentiment AS sentiment, o.name AS organization","match
  $a isa article;
  $o isa organization, has is_public true;
  (article: $a, mentioned: $o) isa mentions;
  $a has sentiment $a_sentiment;
sort $a_sentiment desc;
limit 3;
fetch { ""article"": $a.title, ""sentiment"": $a.sentiment, ""organization"": $o.name };"
43,Who are the CEOs of organizations that have subsidiaries?,"MATCH (o:Organization)-[:HAS_SUBSIDIARY]->(:Organization), (o)-[:HAS_CEO]->(ceo:Person)
RETURN o.name AS organization, ceo.name AS ceo","match
  $o isa organization; $subsidiary isa organization; (parent: $o, subsidiary: $subsidiary) isa subsidiary_of;
  $ceo isa person;
  (organization: $o, ceo: $ceo) isa ceo_of;
fetch { ""organization"": $o.name, ""ceo"": $ceo.name };"
44,List all organizations with the word 'Energy' in their name and their corresponding industry categories.,"MATCH (o:Organization)-[:HAS_CATEGORY]->(c:IndustryCategory)
WHERE o.name CONTAINS 'Energy'
RETURN o.name AS organization, c.name AS category","match
  $o isa organization;
  $c isa industry_category;
  (organization: $o, category: $c) isa in_category;
  $o has name $o_name;
  $o_name contains ""Energy"";
fetch { ""organization"": $o.name, ""category"": $c.industry_category_name };"
45,Which countries have cities that are home to more than three organizations?,"MATCH (c:Country)<-[:IN_COUNTRY]-(city:City)<-[:IN_CITY]-(o:Organization)
WITH c, city, count(o) AS orgCount
WHERE orgCount > 3
RETURN c.name AS country, collect(city.name) AS cities","match
  $c isa country, has country_name $cn;
  $city isa city;
  $o isa organization;
  location-contains (parent: $c, child: $city);
  located_in (organization: $o, city: $city);
reduce $org_count = count($o) groupby $city, $c, $cn;
match $org_count > 3;
select $c, $cn;
distinct;
fetch { ""country"": $cn };"
46,Which organizations are competitors of the 'New Energy Group'?,"MATCH (o:Organization {name: 'New Energy Group'})-[:HAS_COMPETITOR]->(competitor:Organization)
RETURN competitor","match
  $o isa organization, has name ""New Energy Group"";
  $competitor isa organization;
  (competitor: $o, competitor: $competitor) isa competes_with;
fetch { ""competitor"": $competitor };"
47,Find the top 3 organizations that have a motto and are located in Seattle.,"MATCH (o:Organization)-[:IN_CITY]->(:City {name: 'Seattle'})
WHERE o.motto IS NOT NULL
RETURN o.name AS organization, o.motto AS motto
ORDER BY o.name
LIMIT 3","match
  $o isa organization;
  $o has motto $o_motto;
  $o has name $o_name;
  $city isa city, has city_name ""Seattle""; (organization: $o, city: $city) isa located_in;
sort $o_name asc;
limit 3;
fetch { ""organization"": $o.name, ""motto"": $o.motto };"
48,What articles published in 2022 mention organizations based in Rome?,"MATCH (a:Article)-[:MENTIONS]->(o:Organization)-[:IN_CITY]->(:City {name: 'Rome'})
WHERE a.date.year = 2022
RETURN a.title, a.siteName, a.date, o.name","match
  $a isa article;
  $o isa organization;
  (article: $a, mentioned: $o) isa mentions;
  $city isa city, has city_name ""Rome""; (organization: $o, city: $city) isa located_in;
fetch { ""title"": $a.title, ""site_name"": $a.site_name, ""date"": $a.date, ""name"": $o.name };"
49,List the names and titles of articles mentioning organizations that have been dissolved.,"MATCH (a:Article)-[:MENTIONS]->(o:Organization)
WHERE o.isDissolved = true
RETURN a.title AS articleTitle, a.summary AS articleSummary","match
  $a isa article;
  $o isa organization;
  (article: $a, mentioned: $o) isa mentions;
  $o has is_dissolved true;
fetch { ""articleTitle"": $a.title, ""articleSummary"": $a.article_summary };"
50,Who are the board members of organizations with more than 300 employees?,"MATCH (o:Organization)-[:HAS_BOARD_MEMBER]->(p:Person)
WHERE o.nbrEmployees > 300
RETURN o.name AS organization, p.name AS board_member","match
  $o isa organization;
  $p isa person;
  (organization: $o, member: $p) isa board_member_of;
  $o has nbr_employees $o_nbr_employees;
  $o_nbr_employees > 300;
fetch { ""organization"": $o.name, ""board_member"": $p.name };"
51,Find the organizations that are suppliers to 'New Energy Group' and their number of employees.,"MATCH (o:Organization)<-[:HAS_SUPPLIER]-(supplier:Organization {name: 'New Energy Group'})
WHERE supplier.nbrEmployees IS NOT NULL
RETURN supplier.name AS supplier, supplier.nbrEmployees AS numberOfEmployees","match
  $neg isa organization, has name ""New Energy Group"";
  $o isa organization, has nbr_employees $employees;
  supplies (supplier: $o, customer: $neg);
fetch { ""supplier"": $o.name, ""numberOfEmployees"": $employees };"
52,Which organizations have an investor named 'David Correa'?,"MATCH (o:Organization)<-[:HAS_INVESTOR]-(p:Person {name: 'David Correa'})
RETURN o.name AS organization","match
  $o isa organization;
  $p isa person, has name ""David Correa"";
  (investor: $p, organization: $o) isa invested_in;
fetch { ""organization"": $o.name };"
53,Identify organizations that are both suppliers and investors to other organizations.,"MATCH (o:Organization)-[:HAS_SUPPLIER]->(s:Organization) 
WHERE EXISTS {(s)-[:HAS_INVESTOR]->(o)}
RETURN o.name AS organization, s.name AS supplier_investor","match
$supplier isa organization, has name $sn;
$customer isa organization;
$investee isa organization;
supplies (supplier: $supplier, customer: $customer);
invested_in (organization: $investee, investor: $supplier);
fetch { ""organization"": $sn };"
54,List the names and summaries of articles that mention organizations with a revenue of at least $1 million.,"MATCH (a:Article)-[:MENTIONS]->(o:Organization)
WHERE o.revenue >= 1e6
RETURN a.title AS title, a.summary AS summary","match
  $a isa article;
  $o isa organization;
  (article: $a, mentioned: $o) isa mentions;
  $o has revenue $o_revenue;
  $o_revenue >= 1000000;
fetch { ""title"": $a.title, ""summary"": $a.article_summary };"
55,Which organizations have a CEO with the summary 'CEO at Accenture'?,"MATCH (o:Organization)-[:HAS_CEO]->(p:Person)
WHERE p.summary = 'CEO at Accenture'
RETURN o","match
  $o isa organization;
  $p isa person, has summary ""CEO at Accenture"";
  ceo_of (organization: $o, ceo: $p);
fetch { ""organization"": $o.name };"
56,"Find the top 5 organizations with a summary containing 'based in Dublin, Ireland'.","MATCH (o:Organization)
WHERE o.summary CONTAINS 'based in Dublin, Ireland'
RETURN o.name AS organization, o.summary AS summary
ORDER BY o.name
LIMIT 5","match
  $o isa organization;
  $o has summary $o_summary;
  $o_summary like "".*based in Dublin, Ireland.*"";
  $o has name $o_name;
sort $o_name asc;
limit 5;
fetch { ""organization"": $o.name, ""summary"": $o.summary };"
57,Which organizations are public and have more than 300 employees?,"MATCH (o:Organization)
WHERE o.isPublic = true AND o.nbrEmployees > 300
RETURN o","match
  $o isa organization;
  $o has is_public true;
  $o has nbr_employees $o_nbr_employees;
  $o_nbr_employees > 300;
fetch { ""o"": $o };"
58,List the top 5 organizations by revenue that are based in Rome.,"MATCH (o:Organization)-[:IN_CITY]->(:City {name: 'Rome'})
WHERE o.revenue IS NOT NULL
RETURN o.name AS organization, o.revenue AS revenue
ORDER BY o.revenue DESC
LIMIT 5","match
  $o isa organization;
  $o has revenue $o_revenue;
  $city isa city, has city_name ""Rome""; (organization: $o, city: $city) isa located_in;
sort $o_revenue desc;
limit 5;
fetch { ""organization"": $o.name, ""revenue"": $o.revenue };"
59,What are the names of the organizations dissolved and were founded in Sydney?,"MATCH (o:Organization)-[:IN_CITY]->(c:City {name: 'Sydney'})
WHERE o.isDissolved IS NOT NULL AND o.isDissolved = true
RETURN o.name","match
  $o isa organization;
  $c isa city, has city_name ""Sydney"";
  (organization: $o, city: $c) isa located_in;
  $o has is_dissolved $o_is_dissolved;
  $o has is_dissolved true;
fetch { ""name"": $o.name };"
60,Which organizations have a revenue greater than 100 million and are not public?,"MATCH (o:Organization)
WHERE o.revenue > 1E8 AND o.isPublic IS NOT NULL AND NOT o.isPublic
RETURN o","match
  $o isa organization;
  $o has revenue $o_revenue;
  $o_revenue > 100000000;
  $o has is_public false;
fetch { ""organization"": $o.name };"
61,Who are the CEOs of organizations that have subsidiaries?,"MATCH (o:Organization)-[:HAS_SUBSIDIARY]->(:Organization), (o)-[:HAS_CEO]->(ceo:Person)
RETURN o.name AS organization, ceo.name AS ceo","match
  $o isa organization; $subsidiary isa organization; (parent: $o, subsidiary: $subsidiary) isa subsidiary_of;
  $ceo isa person;
  (organization: $o, ceo: $ceo) isa ceo_of;
fetch { ""organization"": $o.name, ""ceo"": $ceo.name };"
62,Which organizations are competitors of 'New Energy Group'?,"MATCH (o:Organization {name: 'New Energy Group'})-[:HAS_COMPETITOR]->(competitor:Organization)
RETURN competitor","match
  $o isa organization, has name ""New Energy Group"";
  $competitor isa organization;
  (competitor: $o, competitor: $competitor) isa competes_with;
fetch { ""competitor"": $competitor };"
63,List the cities where organizations with more than 500 employees are based.,"MATCH (o:Organization)-[:IN_CITY]->(c:City)
WHERE o.nbrEmployees > 500
RETURN DISTINCT c.name","match
  $o isa organization;
  $c isa city;
  (organization: $o, city: $c) isa located_in;
  $o has nbr_employees $o_nbr_employees;
  $o_nbr_employees > 500;
fetch { ""city_name"": $c.city_name };"
64,Which organizations have 'Electronic Products Manufacturers' as their industry category?,"MATCH (o:Organization)-[:HAS_CATEGORY]->(c:IndustryCategory {name: 'Electronic Products Manufacturers'})
RETURN o.name AS organization","match
  $o isa organization;
  $c isa industry_category, has industry_category_name ""Electronic Products Manufacturers"";
  in_category (organization: $o, category: $c);
fetch { ""organization"": $o.name };"
65,What are the names of organizations that have suppliers also mentioned in articles?,"MATCH (o:Organization)-[:HAS_SUPPLIER]->(s:Organization)<-[:MENTIONS]-(a:Article)
RETURN DISTINCT o.name","match
  $o isa organization;
  $s isa organization;
  $a isa article;
  supplies (customer: $o, supplier: $s);
  mentions (article: $a, mentioned: $s);
select $o;
distinct;
fetch { ""name"": $o.name };"
66,Which organizations have a motto and are based in cities in the United States?,"MATCH (o:Organization)-[:IN_CITY]->(c:City)-[:IN_COUNTRY]->(country:Country {name: 'United States of America'})
WHERE o.motto IS NOT NULL
RETURN o.name AS organization, o.motto AS motto, c.name AS city","match
  $o isa organization;
  $c isa city;
  $country isa country, has country_name ""United States of America"";
  (organization: $o, city: $c) isa located_in;
  $o has motto $o_motto;
(child: $c, parent: $country) isa location-contains; fetch { ""organization"": $o.name, ""motto"": $o.motto, ""city"": $c.city_name };"
67,List the top 5 articles by sentiment that mention organizations based in California.,"MATCH (a:Article)-[:MENTIONS]->(o:Organization)-[:IN_CITY]->(:City)-[:IN_COUNTRY]->(c:Country {name: 'United States of America'})
WHERE o.summary CONTAINS 'California'
RETURN a.title AS article, a.sentiment AS sentiment
ORDER BY sentiment DESC
LIMIT 5","match
  $a isa article;
  $o isa organization, has summary $o_summary;
  $o_summary contains ""California"";
  mentions (article: $a, mentioned: $o);
  $a has sentiment $sentiment;
sort $sentiment desc;
limit 5;
fetch { ""article"": $a.title, ""sentiment"": $sentiment };"
68,Which articles published in 2022 mention organizations with more than 100 employees?,"MATCH (a:Article)-[:MENTIONS]->(o:Organization)
WHERE a.date.year = 2022 AND o.nbrEmployees > 100
RETURN a.title, a.siteName, a.date, o.name, o.nbrEmployees","match
  $a isa article;
  $o isa organization;
  (article: $a, mentioned: $o) isa mentions;
  $o has nbr_employees $o_nbr_employees;
  $o_nbr_employees > 100;
fetch { ""title"": $a.title, ""site_name"": $a.site_name, ""date"": $a.date, ""name"": $o.name, ""nbr_employees"": $o.nbr_employees };"
69,List the articles that mention both public and private organizations.,"MATCH (a:Article)-[:MENTIONS]->(o:Organization)
WHERE o.isPublic = true AND 
      EXISTS {(a)-[:MENTIONS]->(:Organization {isPublic: false})}
RETURN a","match
  $a isa article;
  mentions (article: $a, mentioned: $o1);
  $o1 has is_public true;
  mentions (article: $a, mentioned: $o2);
  $o2 has is_public false;
fetch { ""a"": $a };"
70,Which organizations have foreign investors (investors from a different country)?,"MATCH (o:Organization)-[:IN_CITY]->(:City)-[:IN_COUNTRY]->(c1:Country),
      (o)<-[:HAS_INVESTOR]-(investor:Organization)-[:IN_CITY]->(:City)-[:IN_COUNTRY]->(c2:Country)
WHERE c1 <> c2
RETURN o.name AS organization, c1.name AS organization_country,
       investor.name AS investor, c2.name AS investor_country","match
$o isa organization;
$investor isa organization;
invested_in (organization: $o, investor: $investor);
$c1 isa city; $c2 isa city;
$country1 isa country; $country2 isa country;
located_in (organization: $o, city: $c1);
located_in (organization: $investor, city: $c2);
location-contains (parent: $country1, child: $c1);
location-contains (parent: $country2, child: $c2);
$country1 has country_name $cn1;
$country2 has country_name $cn2;
not { $cn1 == $cn2; };
fetch { ""organization"": $o.name, ""investor"": $investor.name };"
71,List the organizations that have a CEO named 'Julie Spellman Sweet'.,"MATCH (o:Organization)-[:HAS_CEO]->(p:Person {name: 'Julie Spellman Sweet'})
RETURN o.name AS organization","match
  $o isa organization;
  $p isa person, has name ""Julie Spellman Sweet"";
  (organization: $o, ceo: $p) isa ceo_of;
fetch { ""organization"": $o.name };"
72,Who are the board members of organizations that have more than 1000 employees?,"MATCH (o:Organization)-[:HAS_BOARD_MEMBER]->(p:Person)
WHERE o.nbrEmployees > 1000
RETURN o.name AS organization, p.name AS board_member","match
  $o isa organization;
  $p isa person;
  (organization: $o, member: $p) isa board_member_of;
  $o has nbr_employees $o_nbr_employees;
  $o_nbr_employees > 1000;
fetch { ""organization"": $o.name, ""board_member"": $p.name };"
73,Which organizations have their headquarters in a city that is also the country's capital?,"MATCH (o:Organization)-[:IN_CITY]->(c:City)-[:IN_COUNTRY]->(country:Country)
WHERE c.name = country.name
RETURN o.name AS organization, c.name AS capital","match
  $o isa organization;
  $c isa city;
  $country isa country;
  (organization: $o, city: $c) isa located_in;
(child: $c, parent: $country) isa location-contains; fetch { ""organization"": $o.name, ""capital"": $c.city_name };"
74,List the organizations that are mentioned in the most articles.,"MATCH (o:Organization)<-[:MENTIONS]-(a:Article)
WITH o, count(a) AS mentionCount
RETURN o.name AS organization, mentionCount
ORDER BY mentionCount DESC","match
  $o isa organization;
  $a isa article;
  (article: $a, mentioned: $o) isa mentions;
reduce $mentionCount = count($a) groupby $o;
sort $mentionCount desc;
fetch { ""organization"": $o.name, ""mentionCount"": $mentionCount };"
75,Which organizations have a revenue decrease mentioned in any articles?,"MATCH (a:Article)-[:MENTIONS]->(o:Organization)
WHERE a.sentiment < 0 AND exists {
  (a)-[:HAS_CHUNK]->(c:Chunk)
  WHERE c.text CONTAINS 'revenue decrease' OR c.text CONTAINS 'revenue declined'
}
RETURN DISTINCT o.name AS organization","match
  $a isa article;
  $o isa organization;
  (article: $a, mentioned: $o) isa mentions;
  $c has text $c_text;
  $c_text contains ""revenue decrease"";
fetch { ""organization"": $o.name };"
76,Who are the children of persons who are CEOs of public organizations?,"MATCH (ceo:Person)<-[:HAS_CEO]-(org:Organization {isPublic: true}),
      (ceo)-[:HAS_CHILD]->(child:Person)
RETURN ceo.name AS CEO, org.name AS Organization, child.name AS Child","match
  $ceo isa person;
  $org isa organization, has is_public true;
  $child isa person;
  (organization: $org, ceo: $ceo) isa ceo_of;
(parent: $ceo, child: $child) isa parent_of; fetch { ""CEO"": $ceo.name, ""Organization"": $org.name, ""Child"": $child.name };"
77,List the organizations that are investors in more than one other organization.,"MATCH (o:Organization)-[:HAS_INVESTOR]->(investor:Organization)
WITH investor, count(o) as num_investments
WHERE num_investments > 1
RETURN investor.name as investor_name, num_investments","match
$investor isa organization;
invested_in (organization: $o, investor: $investor);
reduce $count = count($o) groupby $investor;
match $count > 1;
fetch { ""investor"": $investor.name, ""investments"": $count };"
78,Which organizations have subsidiaries in more than three different cities?,"MATCH (o:Organization)-[:HAS_SUBSIDIARY]->(sub:Organization)
WHERE sub.name IS NOT NULL
WITH o, count(DISTINCT sub.name) AS num_subsidiaries, collect(DISTINCT sub) AS subsidiaries
WHERE num_subsidiaries > 3
UNWIND subsidiaries AS s
MATCH (s)-[:IN_CITY]->(city:City)
RETURN o.name AS organization, collect(DISTINCT city.name) AS subsidiary_cities","match
  $o isa organization;
  subsidiary_of (parent: $o, subsidiary: $sub);
  located_in (organization: $sub, city: $city);
select $o, $city;
distinct;
reduce $city_count = count groupby $o;
match $city_count > 3;
fetch { ""organization"": $o.name };"
79,List the persons who are both investors and board members in the same organization.,"MATCH (p:Person)-[:HAS_INVESTOR]->(o:Organization)<-[:HAS_BOARD_MEMBER]-(p)
RETURN p.name AS person, o.name AS organization","match
  $p isa person;
  $o isa organization;
  (investor: $p, organization: $o) isa invested_in;
(organization: $o, member: $p) isa board_member_of; fetch { ""person"": $p.name, ""organization"": $o.name };"
80,Which organizations have changed their CEO in the last 5 years according to articles?,"MATCH (article:Article)-[:MENTIONS]->(org:Organization)
WHERE article.date > datetime() - duration('P5Y') 
  AND article.title CONTAINS 'CEO'
WITH org, collect(article) as articles
MATCH (org)-[:HAS_CEO]->(ceo:Person)
RETURN org.name as Organization, ceo.name as CEO, 
       [article IN articles | article.title] as RelevantArticles","match
  $article isa article;
  $org isa organization;
  (article: $article, mentioned: $org) isa mentions;
  $ceo isa person;
  (organization: $org, ceo: $ceo) isa ceo_of;
  $article has title $article_title;
  $article_title contains ""CEO"";
fetch { ""Organization"": $org.name, ""CEO"": $ceo.name };"
81,List the organizations that have a summary mentioning 'software' and are in the tech industry category.,"MATCH (o:Organization)-[:HAS_CATEGORY]->(c:IndustryCategory)
WHERE toLower(o.summary) CONTAINS 'software' AND c.name CONTAINS 'tech'
RETURN o.name AS organization, o.summary AS summary","match
  $o isa organization, has summary $summary;
  $summary like ""(?i).*software.*"";
  $c isa industry_category, has industry_category_name $cat_name;
  $cat_name like ""(?i).*tech.*"";
  in_category (organization: $o, category: $c);
fetch { ""organization"": $o.name, ""summary"": $o.summary };"
82,Which organizations have a parent organization with a higher revenue?,"MATCH (o:Organization)-[:HAS_SUBSIDIARY]->(sub:Organization)
WHERE o.revenue > sub.revenue
RETURN o.name AS ParentOrganization, o.revenue AS ParentRevenue, 
       sub.name AS Subsidiary, sub.revenue AS SubsidiaryRevenue","match
  $o isa organization;
  $sub isa organization;
  (parent: $o, subsidiary: $sub) isa subsidiary_of;
$o has revenue $rev1; $sub has revenue $rev2; $rev1 > $rev2; fetch { ""ParentOrganization"": $o.name, ""ParentRevenue"": $o.revenue };"
83,List the top 5 cities by the number of organizations based there.,"MATCH (c:City)<-[:IN_CITY]-(o:Organization)
WITH c, count(o) AS orgCount
ORDER BY orgCount DESC
LIMIT 5
RETURN c.name AS city, orgCount","match
  $c isa city;
  $o isa organization;
  (organization: $o, city: $c) isa located_in;
reduce $orgCount = count($o) groupby $c;
sort $orgCount desc;
limit 5;
fetch { ""city"": $c.city_name, ""orgCount"": $orgCount };"
84,Which organizations have a CEO who has written an article?,"MATCH (o:Organization)-[:HAS_CEO]->(ceo:Person)<-[:AUTHOR]-(a:Article)
RETURN o.name AS organization, ceo.name AS ceo, a.title AS article","match
  $o isa organization;
  $p isa person;
  (organization: $o, ceo: $p) isa ceo_of;
fetch { ""organization"": $o.name, ""ceo"": $p.name };"
85,List the organizations that have been mentioned in articles about environmental issues.,"MATCH (a:Article)-[:HAS_CHUNK]->(c:Chunk)
WHERE c.text CONTAINS 'environment'
WITH a
MATCH (a)-[:MENTIONS]->(o:Organization)
RETURN DISTINCT o.name AS organization","match
  $a isa article;
  $c isa chunk, has text $t;
  $t like "".*environment.*"";
  has_chunk (article: $a, chunk: $c);
  $o isa organization, has name $n;
  mentions (article: $a, mentioned: $o);
select $n;
distinct;
fetch { ""organization"": $n };"
86,Which organizations are involved in legal disputes according to articles?,"MATCH (a:Article)-[:MENTIONS]->(o:Organization)
WHERE a.summary CONTAINS 'legal' OR a.summary CONTAINS 'lawsuit' OR a.summary CONTAINS 'dispute'
RETURN DISTINCT o.name AS organization","match
  $a isa article;
  $o isa organization;
  (article: $a, mentioned: $o) isa mentions;
  $a has article_summary $a_article_summary;
  $a_article_summary contains ""legal"";
fetch { ""organization"": $o.name };"
87,Who are the investors in organizations that have a motto mentioning 'innovation'?,"MATCH (o:Organization)<-[:HAS_INVESTOR]-(investor)
WHERE o.motto IS NOT NULL AND o.motto CONTAINS 'innovation'
RETURN o.name AS organization, investor.name AS investor","match
  $o isa organization;
  (investor: $investor, organization: $o) isa invested_in;
  $o has motto $o_motto;
  $o_motto contains ""innovation"";
fetch { ""organization"": $o.name, ""investor"": $investor.name };"
88,List the organizations that have a subsidiary that was dissolved.,"MATCH (o:Organization)-[:HAS_SUBSIDIARY]->(s:Organization)
WHERE s.isDissolved = true
RETURN o.name AS organization, s.name AS dissolved_subsidiary","match
  $o isa organization;
  $s isa organization;
  (parent: $o, subsidiary: $s) isa subsidiary_of;
  $s has is_dissolved true;
fetch { ""organization"": $o.name, ""dissolved_subsidiary"": $s.name };"
89,Which organizations have a supplier based in a different country?,"MATCH (o1:Organization)-[:HAS_SUPPLIER]->(o2:Organization),
       (o1)-[:IN_CITY]->(:City)-[:IN_COUNTRY]->(c1:Country),
       (o2)-[:IN_CITY]->(:City)-[:IN_COUNTRY]->(c2:Country)
WHERE c1 <> c2
RETURN o1.name AS Organization, o2.name AS Supplier, c1.name AS OrgCountry, c2.name AS SupplierCountry","match
  $o1 isa organization;
  $o2 isa organization;
  $c1 isa country;
  $c2 isa country;
  supplies (customer: $o1, supplier: $o2);
  $city1 isa city;
  located_in (organization: $o1, city: $city1);
  location-contains (child: $city1, parent: $c1);
  $city2 isa city;
  located_in (organization: $o2, city: $city2);
  location-contains (child: $city2, parent: $c2);
  not { $c1 is $c2; };
fetch { ""Organization"": $o1.name, ""Supplier"": $o2.name, ""OrgCountry"": $c1.country_name, ""SupplierCountry"": $c2.country_name };"
90,Which CEOs have led an organization for more than 10 years?,"MATCH (p:Person)-[r:HAS_CEO]->(o:Organization)
WHERE duration.between(r.startDate, coalesce(r.endDate, date())).years > 10
RETURN p.name AS ceoName, o.name AS orgName, duration.between(r.startDate, coalesce(r.endDate, date())).years AS yearsAsCEO","match
  $p isa person;
  $o isa organization;
(organization: $o, ceo: $p) isa ceo_of; fetch { ""ceoName"": $p.name, ""orgName"": $o.name };"
91,List articles that mention organizations headquartered in Seattle.,"MATCH (a:Article)-[:MENTIONS]->(o:Organization)-[:IN_CITY]->(:City {name: 'Seattle'})
RETURN a.title AS article, o.name AS organization","match
  $a isa article;
  $o isa organization;
  (article: $a, mentioned: $o) isa mentions;
  $city isa city, has city_name ""Seattle""; (organization: $o, city: $city) isa located_in;
fetch { ""article"": $a.title, ""organization"": $o.name };"
92,Which organizations have a female CEO and are in the healthcare industry category?,"MATCH (o:Organization)-[:HAS_CEO]->(ceo:Person), 
      (o)-[:HAS_CATEGORY]->(c:IndustryCategory {name: 'Healthcare'})
WHERE ceo.name =~ '.*(Mrs\\.|Ms\\.|Miss).*'
RETURN o.name AS organization, ceo.name AS ceo","match
  $o isa organization, has name $org_name;
  $ceo isa person, has name $ceo_name;
  $c isa industry_category, has industry_category_name ""Healthcare"";
  (organization: $o, ceo: $ceo) isa ceo_of;
  (organization: $o, category: $c) isa in_category;
  $ceo_name like "".*Mrs\\..*|.*Ms\\..*|.*Miss.*"";
fetch { ""organization"": $org_name, ""ceo"": $ceo_name };"
93,List the organizations that have undergone a merger or acquisition according to articles.,"MATCH (a:Article)-[:MENTIONS]->(o:Organization)
WHERE a.title CONTAINS 'merger' OR a.title CONTAINS 'acquisition'
RETURN DISTINCT o.name AS organization","match
  $o isa organization, has name $on;
  $a isa article, has title $t;
  (article: $a, mentioned: $o) isa mentions;
  { $t like "".*merger.*""; } or { $t like "".*acquisition.*""; };
fetch { ""organization"": $on };"
94,List organizations that have a philanthropic foundation as an investor.,"MATCH (o:Organization)-[:HAS_INVESTOR]->(investor:Organization)
WHERE investor.name CONTAINS 'Foundation'
RETURN o.name AS organization, investor.name AS investor","match
$o isa organization;
$investor isa organization, has name $inv_name;
invested_in (organization: $o, investor: $investor);
$inv_name like "".*Foundation.*"";
fetch { ""organization"": $o.name, ""investor"": $inv_name };"
95,Which organizations are based in cities with a population of more than one million people according to city summaries?,"MATCH (o:Organization)-[:IN_CITY]->(c:City)
WHERE c.summary CONTAINS 'population of more than one million'
RETURN o.name AS organization, c.name AS city","match
  $o isa organization, has name $o_name;
  $c isa city, has city_name $c_name, has city_summary $cs;
  $cs like "".*population of more than one million.*"";
  located_in (organization: $o, city: $c);
fetch { ""organization"": $o_name, ""city"": $c_name };"
96,Which organizations have Julie Spellman Sweet as their CEO?,"MATCH (p:Person {name: ""Julie Spellman Sweet""})<-[:HAS_CEO]-(o:Organization)
RETURN o","match
  $p isa person, has name ""Julie Spellman Sweet"";
  $o isa organization;
  (organization: $o, ceo: $p) isa ceo_of;
fetch { ""o"": $o };"
97,List the top 3 cities where organizations with a revenue of more than 100 million are located.,"MATCH (o:Organization)-[:IN_CITY]->(c:City)
WHERE o.revenue > 1E8
RETURN c.name AS city, count(*) AS orgCount
ORDER BY orgCount DESC
LIMIT 3","match
  $o isa organization, has revenue $r;
  $r > 100000000;
  located_in (organization: $o, city: $c);
  $c has city_name $cn;
reduce $count = count($o) groupby $c, $cn;
sort $count desc;
limit 3;
fetch { ""city"": $cn };"
98,What are the names of the first 5 organizations dissolved and publicly traded?,"MATCH (o:Organization)
WHERE o.isDissolved = true AND o.isPublic = true
RETURN o.name
LIMIT 5","match
  $o isa organization;
  $o has is_dissolved true;
  $o has is_public true;
limit 5;
fetch { ""name"": $o.name };"
99,Who are the board members of New Energy Group?,"MATCH (o:Organization {name: ""New Energy Group""})-[:HAS_BOARD_MEMBER]->(p:Person)
RETURN p.name AS boardMember","match
  $o isa organization, has name ""New Energy Group"";
  $p isa person;
  (organization: $o, member: $p) isa board_member_of;
fetch { ""boardMember"": $p.name };"
100,Can you name 3 people who are both investors and CEOs of different organizations?,"MATCH (p:Person)
WHERE EXISTS {(p)-[:HAS_CEO]->(:Organization)}
  AND EXISTS {(p)-[:HAS_INVESTOR]->(:Organization)}
WITH p LIMIT 3
RETURN p.name AS name","match
  $p isa person;
  ceo_of (organization: $o1, ceo: $p);
  invested_in (organization: $o2, investor: $p);
  not { $o1 is $o2; };
limit 3;
fetch { ""name"": $p.name };"
101,What are the industry categories for the first 5 organizations with more than 100 employees?,"MATCH (o:Organization)
WHERE o.nbrEmployees > 100
WITH o
LIMIT 5
MATCH (o)-[:HAS_CATEGORY]->(c:IndustryCategory)
RETURN o.name AS organization, c.name AS category","match
  $o isa organization;
  $c isa industry_category;
  (organization: $o, category: $c) isa in_category;
  $o has nbr_employees $o_nbr_employees;
  $o_nbr_employees > 100;
limit 5;
fetch { ""organization"": $o.name, ""category"": $c.industry_category_name };"
102,List the countries where the top 5 organizations by revenue are based.,"MATCH (o:Organization)-[:IN_CITY]->(:City)-[:IN_COUNTRY]->(c:Country)
WITH o, c
ORDER BY o.revenue DESC
LIMIT 5
RETURN DISTINCT c.name AS country","match
  $o isa organization;
  $c isa country, has country_name $cn;
  $city isa city;
  (organization: $o, city: $city) isa located_in;
  (child: $city, parent: $c) isa location-contains;
  $o has revenue $r;
sort $r desc;
limit 5;
fetch { ""country"": $cn };"
103,What are the top 3 most recent articles mentioning Deja vu Security?,"MATCH (o:Organization {name: 'Deja vu Security'})<-[:MENTIONS]-(a:Article)
RETURN a.title, a.date, a.summary
ORDER BY a.date DESC
LIMIT 3","match
  $o isa organization, has name ""Deja vu Security"";
  $a isa article;
  (article: $a, mentioned: $o) isa mentions;
  $a has date $a_date;
sort $a_date desc;
limit 3;
fetch { ""title"": $a.title, ""date"": $a.date, ""article_summary"": $a.article_summary };"
104,Who are the children of Julie Spellman Sweet?,"MATCH (p:Person {name: ""Julie Spellman Sweet""})-[:HAS_CHILD]->(child:Person)
RETURN child.name AS name","match
  $p isa person, has name ""Julie Spellman Sweet"";
  $child isa person;
(parent: $p, child: $child) isa parent_of; fetch { ""name"": $child.name };"
105,List the first 3 subsidiaries of Accenture.,"MATCH (accenture:Organization {name: 'Accenture'})-[:HAS_SUBSIDIARY]->(subsidiary:Organization)
RETURN subsidiary.name
LIMIT 3","match
  $o isa organization, has name ""Accenture"";
  $subsidiary isa organization;
  (parent: $o, subsidiary: $subsidiary) isa subsidiary_of;
limit 3;
fetch { ""subsidiary"": $subsidiary.name };"
106,What are the first 3 companies that are competitors of New Energy Group?,"MATCH (o:Organization {name: ""New Energy Group""})-[:HAS_COMPETITOR]->(competitor:Organization)
RETURN competitor.name
LIMIT 3","match
  $o isa organization, has name ""New Energy Group"";
  $competitor isa organization;
  (competitor: $o, competitor: $competitor) isa competes_with;
limit 3;
fetch { ""name"": $competitor.name };"
107,Which organizations have a sentiment score higher than 0.8 in their latest article?,"MATCH (o:Organization)<-[:MENTIONS]-(a:Article)
WHERE a.sentiment > 0.8
WITH o, max(a.date) AS latestDate
MATCH (o)<-[:MENTIONS]-(article:Article {date: latestDate})
RETURN o.name AS organization, article.title AS latestArticle, article.sentiment AS sentiment","match
  $o isa organization;
  $a isa article;
  (article: $a, mentioned: $o) isa mentions;
  $article isa article;
  (article: $article, mentioned: $o) isa mentions;
  $a has sentiment $a_sentiment;
  $a_sentiment > 0.8;
fetch { ""organization"": $o.name, ""latestArticle"": $article.title, ""sentiment"": $article.sentiment };"
108,List the top 5 suppliers of Accenture.,"MATCH (a:Organization {name: 'Accenture'})<-[:HAS_SUPPLIER]-(s:Organization)
RETURN s.name AS supplier, s.summary AS summary
ORDER BY s.revenue DESC
LIMIT 5","match
  $a isa organization, has name ""Accenture"";
  supplies (supplier: $s, customer: $a);
  $s has name $sname;
  $s has summary $summary;
  $s has revenue $revenue;
sort $revenue desc;
limit 5;
fetch { ""supplier"": $sname, ""summary"": $summary };"
109,What are the names of the first 3 organizations with a motto?,"MATCH (o:Organization)
WHERE o.motto IS NOT NULL
RETURN o.name
LIMIT 3","match
  $o isa organization, has motto $m;
limit 3;
fetch { ""name"": $o.name };"
110,Which organizations have more than 500 employees and are located in Seattle?,"MATCH (o:Organization)-[:IN_CITY]->(c:City {name: 'Seattle'})
WHERE o.nbrEmployees > 500
RETURN o.name AS organization, o.nbrEmployees AS numberOfEmployees","match
  $o isa organization;
  $c isa city, has city_name ""Seattle"";
  (organization: $o, city: $c) isa located_in;
  $o has nbr_employees $o_nbr_employees;
  $o_nbr_employees > 500;
fetch { ""organization"": $o.name, ""numberOfEmployees"": $o.nbr_employees };"
111,Name 3 organizations mentioned in articles written by David Correa.,"MATCH (a:Article {author: 'David Correa'})-[:HAS_CHUNK]->(c:Chunk), 
      (a)-[:MENTIONS]->(o:Organization)
RETURN o.name
LIMIT 3","match
  $a isa article, has author ""David Correa"";
  $c isa chunk;
  $o isa organization;
  (article: $a, chunk: $c) isa has_chunk;
  (article: $a, mentioned: $o) isa mentions;
limit 3;
fetch { ""name"": $o.name };"
112,Which countries are mentioned in the latest 5 articles about organizations in the electronic products industry?,"MATCH (ic:IndustryCategory {name: 'Electronic Products Manufacturers'})<-[:HAS_CATEGORY]-(o:Organization)<-[:MENTIONS]-(a:Article)-[:HAS_CHUNK]->(:Chunk)
WITH a
ORDER BY a.date DESC
LIMIT 5
MATCH (a)-[:MENTIONS]->(o:Organization)-[:IN_CITY]->(:City)-[:IN_COUNTRY]->(c:Country)
RETURN DISTINCT c.name","match
  $ic isa industry_category, has industry_category_name ""Electronic Products Manufacturers"";
  $o isa organization;
  $a isa article;
  $c isa country, has country_name $cn;
  $city isa city;
  (organization: $o, category: $ic) isa in_category;
  (article: $a, mentioned: $o) isa mentions;
  (organization: $o, city: $city) isa located_in;
  (child: $city, parent: $c) isa location-contains;
  $a has date $d;
sort $d desc;
limit 5;
fetch { ""country_name"": $cn };"
113,Name the first 3 cities in which organizations with more than 1000 employees are located.,"MATCH (o:Organization)-[:IN_CITY]->(c:City)
WHERE o.nbrEmployees > 1000
RETURN c.name
LIMIT 3","match
  $o isa organization;
  $c isa city;
  (organization: $o, city: $c) isa located_in;
  $o has nbr_employees $o_nbr_employees;
  $o_nbr_employees > 1000;
limit 3;
fetch { ""city_name"": $c.city_name };"
114,Who are the first 3 people mentioned as board members in organizations headquartered in the United States of America?,"MATCH (o:Organization)-[:IN_CITY]->(:City)-[:IN_COUNTRY]->(c:Country {name: 'United States of America'})
MATCH (o)-[:HAS_BOARD_MEMBER]->(p:Person)
RETURN p.name AS boardMember
LIMIT 3","match
  $o isa organization;
  $c isa country, has country_name ""United States of America"";
  $p isa person;
  (organization: $o, member: $p) isa board_member_of;
  $city isa city; (organization: $o, city: $city) isa located_in;
(child: $city, parent: $c) isa location-contains; limit 3;
fetch { ""boardMember"": $p.name };"
115,List the first 3 articles mentioning organizations with a revenue less than 5 million.,"MATCH (a:Article)-[:MENTIONS]->(o:Organization)
WHERE o.revenue < 5000000
RETURN a.title, a.summary, a.date
LIMIT 3","match
$a isa article;
$o isa organization, has revenue $r;
$r < 5000000;
mentions (article: $a, mentioned: $o);
limit 3;
fetch {
  ""title"": $a.title,
  ""summary"": $a.article_summary,
  ""date"": $a.date
};"
116,What are the names of the first 3 organizations that have the same investor?,"MATCH (o1:Organization)<-[:HAS_INVESTOR]-(investor)-[:HAS_INVESTOR]->(o2:Organization)
WHERE o1 <> o2
WITH investor, collect(o1) + collect(o2) AS orgs
UNWIND orgs AS org
RETURN DISTINCT investor.name AS investor, collect(org.name)[..3] AS organizations
LIMIT 1","match
  $o isa organization;
  $investor isa person;
  (organization: $o, investor: $investor) isa invested_in;
limit 3;
fetch { ""investor"": $investor.name, ""organization"": $o.name };"
117,Which organizations have subsidiaries and are located in Paris?,"MATCH (o:Organization)-[:HAS_SUBSIDIARY]->(:Organization)
WHERE (o)-[:IN_CITY]->(:City {name: 'Paris'})
RETURN o","match
  $o isa organization; $subsidiary isa organization; (parent: $o, subsidiary: $subsidiary) isa subsidiary_of;
  $city isa city, has city_name ""Paris""; (organization: $o, city: $city) isa located_in;
fetch { ""o"": $o };"
118,What are the top 3 industries with the most organizations in them?,"MATCH (ic:IndustryCategory)<-[:HAS_CATEGORY]-(o:Organization)
RETURN ic.name AS industry, count(o) AS orgCount
ORDER BY orgCount DESC
LIMIT 3","match
  $ic isa industry_category, has industry_category_name $name;
  $o isa organization;
  in_category (category: $ic, organization: $o);
reduce $count = count($o) groupby $ic, $name;
sort $count desc;
limit 3;
fetch { ""industry"": $name, ""orgCount"": $count };"
119,Who are the first 3 CEOs of organizations that are dissolved?,"MATCH (o:Organization)-[:HAS_CEO]->(p:Person)
WHERE o.isDissolved = true
RETURN p.name AS ceoName, o.name AS orgName
LIMIT 3","match
  $o isa organization;
  $p isa person;
  (organization: $o, ceo: $p) isa ceo_of;
  $o has is_dissolved true;
limit 3;
fetch { ""ceoName"": $p.name, ""orgName"": $o.name };"
120,Which cities are the headquarters for the top 5 organizations by number of employees?,"MATCH (o:Organization)-[:IN_CITY]->(c:City)
WHERE o.nbrEmployees IS NOT NULL
RETURN c.name AS city, o.name AS organization, o.nbrEmployees AS employees
ORDER BY o.nbrEmployees DESC
LIMIT 5","match
  $o isa organization;
  $c isa city;
  (organization: $o, city: $c) isa located_in;
  $o has nbr_employees $o_nbr_employees;
sort $o_nbr_employees desc;
limit 5;
fetch { ""city"": $c.city_name, ""organization"": $o.name, ""employees"": $o.nbr_employees };"
121,Name the first 3 organizations that have investments from Julie Spellman Sweet.,"MATCH (p:Person {name: ""Julie Spellman Sweet""})-[:HAS_INVESTOR]->(o:Organization)
RETURN o.name
LIMIT 3","match
  $p isa person, has name ""Julie Spellman Sweet"";
  $o isa organization;
  (investor: $p, organization: $o) isa invested_in;
limit 3;
fetch { ""name"": $o.name };"
122,List the first 3 countries where organizations with a public status are located.,"MATCH (o:Organization)-[:IN_CITY]->(:City)-[:IN_COUNTRY]->(c:Country)
WHERE o.isPublic IS NOT NULL AND o.isPublic = true
RETURN DISTINCT c.name
LIMIT 3","match
  $o isa organization;
  $c isa country;
  $o has is_public $o_is_public;
  $o has is_public true;
  $city isa city; (organization: $o, city: $city) isa located_in;
(child: $city, parent: $c) isa location-contains; limit 3;
fetch { ""country_name"": $c.country_name };"
123,What are the names of the first 3 organizations that have been dissolved but still mentioned in recent articles?,"MATCH (o:Organization {isDissolved: true})<-[:MENTIONS]-(a:Article)
WHERE a.date >= datetime() - duration('P1Y')
RETURN o.name
LIMIT 3","match
  $o isa organization, has is_dissolved true;
  $a isa article;
  (article: $a, mentioned: $o) isa mentions;
limit 3;
fetch { ""name"": $o.name };"
124,Who are the parents of the first 3 persons listed as CEOs in publicly traded companies?,"MATCH (p:Person)<-[:HAS_CEO]-(o:Organization {isPublic: true})
WITH p
ORDER BY p.name
LIMIT 3
MATCH (parent:Person)<-[:HAS_PARENT]-(p)
RETURN p.name AS CEO, parent.name AS Parent","match
  $p isa person;
  $o isa organization, has is_public true;
  (organization: $o, ceo: $p) isa ceo_of;
  $parent isa person;
  (child: $p, parent: $parent) isa parent_of;
  $p has name $p_name;
sort $p_name asc;
limit 3;
fetch { ""CEO"": $p.name, ""Parent"": $parent.name };"
125,Which organizations are mentioned in articles with a sentiment higher than 0.5 and are based in Belgium?,"MATCH (a:Article)-[:MENTIONS]->(o:Organization)-[:IN_CITY]->(:City)-[:IN_COUNTRY]->(c:Country {name: 'Belgium'})
WHERE a.sentiment > 0.5
RETURN DISTINCT o","match
  $a isa article;
  $o isa organization;
  $c isa country, has country_name ""Belgium"";
  (article: $a, mentioned: $o) isa mentions;
  $a has sentiment $a_sentiment;
  $a_sentiment > 0.5;
  $city isa city; (organization: $o, city: $city) isa located_in;
(child: $city, parent: $c) isa location-contains; fetch { ""o"": $o };"
126,Which organizations have a CEO named 'Julie Spellman Sweet'?,"MATCH (o:Organization)-[:HAS_CEO]->(p:Person {name: 'Julie Spellman Sweet'})
RETURN o.name AS organization","match
  $o isa organization;
  $p isa person, has name ""Julie Spellman Sweet"";
  (organization: $o, ceo: $p) isa ceo_of;
fetch { ""organization"": $o.name };"
127,List the top 5 industries where the organizations are based in 'Seattle'.,"MATCH (c:City {name: 'Seattle'})<-[:IN_CITY]-(o:Organization)-[:HAS_CATEGORY]->(ic:IndustryCategory)
RETURN ic.name AS industry, count(*) AS orgCount
ORDER BY orgCount DESC
LIMIT 5","match
  $c isa city, has city_name ""Seattle"";
  $o isa organization;
  $ic isa industry_category, has industry_category_name $icn;
  (organization: $o, city: $c) isa located_in;
  (organization: $o, category: $ic) isa in_category;
reduce $orgCount = count($o) groupby $icn;
sort $orgCount desc;
limit 5;"
128,What are the names of the first 3 organizations dissolved and have revenue greater than 10000000?,"MATCH (o:Organization)
WHERE o.isDissolved = true AND o.revenue > 10000000
RETURN o.name
LIMIT 3","match
  $o isa organization, has is_dissolved true, has revenue $r;
  $r > 10000000;
limit 3;
fetch { ""name"": $o.name };"
129,Identify the first 3 organizations that are public and have more than 1000 employees.,"MATCH (o:Organization)
WHERE o.isPublic = true AND o.nbrEmployees > 1000
RETURN o.name, o.nbrEmployees
LIMIT 3","match
  $o isa organization;
  $o has is_public true;
  $o has nbr_employees $o_nbr_employees;
  $o_nbr_employees > 1000;
limit 3;
fetch { ""name"": $o.name, ""nbr_employees"": $o.nbr_employees };"
130,Who are the board members of 'New Energy Group'?,"MATCH (o:Organization {name: 'New Energy Group'})-[:HAS_BOARD_MEMBER]->(p:Person)
RETURN p.name AS boardMember","match
  $o isa organization, has name ""New Energy Group"";
  $p isa person;
  (organization: $o, member: $p) isa board_member_of;
fetch { ""boardMember"": $p.name };"
131,List the top 3 cities where 'Electronic Products Manufacturers' organizations are located.,"MATCH (c:City)<-[:IN_CITY]-(o:Organization)-[:HAS_CATEGORY]->(ic:IndustryCategory {name: 'Electronic Products Manufacturers'})
RETURN c.name AS city, count(o) AS orgCount
ORDER BY orgCount DESC
LIMIT 3","match
  $c isa city, has city_name $cn;
  $o isa organization;
  $ic isa industry_category, has industry_category_name ""Electronic Products Manufacturers"";
  located_in (organization: $o, city: $c);
  in_category (organization: $o, category: $ic);
reduce $count = count($o) groupby $c, $cn;
sort $count desc;
limit 3;
fetch { ""city"": $cn, ""orgCount"": $count };"
132,Which 5 articles mention 'Accenture' and have a sentiment score above 0.8?,"MATCH (a:Article)-[:MENTIONS]->(o:Organization {name: 'Accenture'})
WHERE a.sentiment > 0.8
RETURN a.title, a.sentiment, a.siteName, a.date
LIMIT 5","match
  $a isa article, has sentiment $s;
  $s > 0.8;
  $o isa organization, has name ""Accenture"";
  mentions (article: $a, mentioned: $o);
limit 5;
fetch { ""title"": $a.title, ""sentiment"": $s, ""siteName"": $a.site_name, ""date"": $a.date };"
133,Find the top 5 organizations that are competitors of 'Accenture'.,"MATCH (a:Organization {name: 'Accenture'})-[:HAS_COMPETITOR]->(c:Organization)
RETURN c.name AS competitor, c.revenue AS revenue
ORDER BY revenue DESC
LIMIT 5","match
  $a isa organization, has name ""Accenture"";
  $c isa organization;
  (competitor: $a, competitor: $c) isa competes_with;
$c has revenue $rev;
sort $rev desc;
limit 5;
fetch { ""competitor"": $c.name, ""revenue"": $c.revenue };"
134,What are the names of the first 3 people who are investors in organizations based in 'Seattle'?,"MATCH (p:Person)-[:HAS_INVESTOR]->(o:Organization)-[:IN_CITY]->(:City {name: 'Seattle'})
RETURN p.name
LIMIT 3","match
  $p isa person;
  $o isa organization;
  (investor: $p, organization: $o) isa invested_in;
  $city isa city, has city_name ""Seattle""; (organization: $o, city: $city) isa located_in;
limit 3;
fetch { ""name"": $p.name };"
135,Which articles about 'New Energy Group' were published after 2020-01-01?,"MATCH (a:Article)-[:MENTIONS]->(o:Organization {name: 'New Energy Group'})
WHERE a.date > date('2020-01-01')
RETURN a.title, a.date, a.siteName, a.summary","match
  $a isa article;
  $o isa organization, has name ""New Energy Group"";
  (article: $a, mentioned: $o) isa mentions;
fetch { ""title"": $a.title, ""date"": $a.date, ""site_name"": $a.site_name, ""article_summary"": $a.article_summary };"
136,Who are the first 3 CEOs of public organizations?,"MATCH (o:Organization)-[:HAS_CEO]->(p:Person)
WHERE o.isPublic IS NOT NULL AND o.isPublic = true
RETURN p.name AS ceoName, o.name AS orgName
LIMIT 3","match
  $o isa organization;
  $p isa person;
  (organization: $o, ceo: $p) isa ceo_of;
  $o has is_public true;
limit 3;
fetch { ""organization"": $o.name, ""ceo"": $p.name };"
137,List the first 3 organizations mentioned in articles authored by 'David Correa'.,"MATCH (a:Article {author: 'David Correa'})-[:HAS_CHUNK]->(c:Chunk)
MATCH (a)-[:MENTIONS]->(o:Organization)
RETURN o.name
LIMIT 3","match
  $a isa article, has author ""David Correa"";
  $c isa chunk;
  (article: $a, chunk: $c) isa has_chunk;
  $o isa organization;
  (article: $a, mentioned: $o) isa mentions;
limit 3;
fetch { ""name"": $o.name };"
138,What are the names of the organizations that have 'Icon Integration' as a subsidiary?,"MATCH (o:Organization)-[:HAS_SUBSIDIARY]->(s:Organization {name: 'Icon Integration'})
RETURN o.name","match
  $o isa organization;
  $s isa organization, has name ""Icon Integration"";
  (parent: $o, subsidiary: $s) isa subsidiary_of;
fetch { ""name"": $o.name };"
139,Which organizations have more than 50 employees and are in the 'Software' industry?,"MATCH (o:Organization)-[:HAS_CATEGORY]->(c:IndustryCategory {name: 'Software'})
WHERE o.nbrEmployees > 50
RETURN o.name AS organization, o.nbrEmployees AS numberOfEmployees","match
  $o isa organization, has nbr_employees $emp;
  $emp > 50;
  $c isa industry_category, has industry_category_name ""Software"";
  in_category (organization: $o, category: $c);
fetch {
  ""organization"": $o.name,
  ""numberOfEmployees"": $emp
};"
140,What are the first 3 organizations that have subsidiaries and more than 500 employees?,"MATCH (o:Organization)
WHERE o.nbrEmployees > 500 AND EXISTS {
  (o)-[:HAS_SUBSIDIARY]->(:Organization)
}
RETURN o.name AS organization, o.nbrEmployees AS employees
ORDER BY o.nbrEmployees DESC
LIMIT 3","match
  $o isa organization; $subsidiary isa organization; (parent: $o, subsidiary: $subsidiary) isa subsidiary_of;
  $o has nbr_employees $o_nbr_employees;
  $o_nbr_employees > 500;
sort $o_nbr_employees desc;
limit 3;
fetch { ""organization"": $o.name, ""employees"": $o.nbr_employees };"
141,Who are the first 3 board members of organizations with more than 100 million in revenue?,"MATCH (o:Organization)-[:HAS_BOARD_MEMBER]->(p:Person)
WHERE o.revenue > 1E8
RETURN p.name AS boardMember, o.name AS organization
LIMIT 3","match
  $o isa organization;
  $p isa person;
  (organization: $o, member: $p) isa board_member_of;
  $o has revenue $o_revenue;
  $o_revenue > 100000000;
limit 3;
fetch { ""boardMember"": $p.name, ""organization"": $o.name };"
142,Which cities host organizations that are public and have a CEO named 'Julie Spellman Sweet'?,"MATCH (o:Organization)-[:HAS_CEO]->(p:Person {name: 'Julie Spellman Sweet'}),
      (o)-[:IN_CITY]->(c:City)
WHERE o.isPublic IS NOT NULL AND o.isPublic = true
RETURN DISTINCT c.name","match
  $o isa organization;
  $p isa person, has name ""Julie Spellman Sweet"";
  $c isa city;
  (organization: $o, ceo: $p) isa ceo_of;
  (organization: $o, city: $c) isa located_in;
  $o has is_public $o_is_public;
  $o has is_public true;
fetch { ""city_name"": $c.city_name };"
143,Identify the top 3 countries with the most organizations in the 'Electronic Products Manufacturers' category.,"MATCH (c:Country)<-[:IN_COUNTRY]-(city:City)<-[:IN_CITY]-(o:Organization)-[:HAS_CATEGORY]->(cat:IndustryCategory {name: 'Electronic Products Manufacturers'})
WITH c.name AS country, count(o) AS orgCount
ORDER BY orgCount DESC
LIMIT 3
RETURN country, orgCount","match
  $c isa country, has country_name $cn;
  $city isa city;
  $o isa organization;
  $ic isa industry_category, has industry_category_name ""Electronic Products Manufacturers"";
  location-contains (child: $city, parent: $c);
  located_in (organization: $o, city: $city);
  in_category (organization: $o, category: $ic);
reduce $orgCount = count($o) groupby $cn;
sort $orgCount desc;
limit 3;
fetch { ""country"": $cn, ""orgCount"": $orgCount };"
144,Which 3 organizations have been dissolved and are mentioned in articles with a sentiment score below 0.5?,"MATCH (o:Organization)-[:MENTIONED_IN]->(a:Article)
WHERE o.isDissolved = true AND a.sentiment < 0.5
RETURN o.name
LIMIT 3","match
  $o isa organization, has is_dissolved true;
  $a isa article, has sentiment $s;
  $s < 0.5;
  mentions (mentioned: $o, article: $a);
limit 3;
fetch { ""name"": $o.name };"
145,List the first 3 articles that mention any organization with more than 1000 employees and are written after 2021-01-01.,"MATCH (a:Article)-[:MENTIONS]->(o:Organization)
WHERE o.nbrEmployees > 1000 AND a.date > date(""2021-01-01"")
RETURN a.title, a.date, o.name
LIMIT 3","match
  $a isa article;
  $o isa organization;
  (article: $a, mentioned: $o) isa mentions;
  $o has nbr_employees $o_nbr_employees;
  $o_nbr_employees > 1000;
limit 3;
fetch { ""title"": $a.title, ""date"": $a.date, ""name"": $o.name };"
146,Who are the children of 'Julie Spellman Sweet' listed as 'Person' nodes?,"MATCH (p:Person {name: 'Julie Spellman Sweet'})-[:HAS_CHILD]->(child:Person)
RETURN child.name AS childName","match
  $p isa person, has name ""Julie Spellman Sweet"";
  $child isa person;
(parent: $p, child: $child) isa parent_of; fetch { ""childName"": $child.name };"
147,Find the top 5 parent persons of CEOs of organizations with revenues exceeding 100 million.,"MATCH (p:Person)<-[:HAS_PARENT]-(ceo:Person)<-[:HAS_CEO]-(o:Organization)
WHERE o.revenue > 1E8
RETURN p.name AS parent_name, ceo.name AS ceo_name, o.name AS org_name, o.revenue AS revenue
ORDER BY o.revenue DESC
LIMIT 5","match
  $p isa person, has name $pn;
  $ceo isa person, has name $ceon;
  $o isa organization, has name $on;
  (parent: $p, child: $ceo) isa parent_of;
  (organization: $o, ceo: $ceo) isa ceo_of;
  $o has revenue $r;
  $r > 100000000;
sort $r desc;
limit 5;
fetch { ""parent_name"": $pn, ""ceo_name"": $ceon, ""org_name"": $on, ""revenue"": $r };"
148,Which organizations have a motto containing 'security' and have a CEO named 'Julie Spellman Sweet'?,"MATCH (o:Organization)
WHERE o.motto CONTAINS 'security'
  AND (o)-[:HAS_CEO]->(:Person {name: 'Julie Spellman Sweet'})
RETURN o","match
  $o isa organization, has motto $m;
  $m like "".*security.*"";
  $p isa person, has name ""Julie Spellman Sweet"";
  ceo_of (organization: $o, ceo: $p);
fetch { ""organization"": $o.name };"
149,List the first 3 articles that have chunks containing the text 'consumer behavior'.,"MATCH (a:Article)-[:HAS_CHUNK]->(c:Chunk)
WHERE c.text CONTAINS 'consumer behavior'
RETURN a.title, a.siteName, a.date
LIMIT 3","match
  $a isa article;
  $c isa chunk;
  (article: $a, chunk: $c) isa has_chunk;
  $c has text $c_text;
  $c_text contains ""consumer behavior"";
limit 3;
fetch { ""title"": $a.title, ""site_name"": $a.site_name, ""date"": $a.date };"
150,Who are the first 3 investors in 'Accenture' and what other organizations do they invest in?,"MATCH (a:Organization {name: 'Accenture'})<-[:HAS_INVESTOR]-(investor)
WITH investor
LIMIT 3
MATCH (investor)-[:HAS_INVESTOR]->(other:Organization)
RETURN investor.name AS investor, collect(other.name) AS other_investments","match
  $a isa organization, has name ""Accenture"";
  (investor: $investor, organization: $a) isa invested_in;
  $other isa organization;
  (investor: $investor, organization: $other) isa invested_in;
limit 3;
fetch { ""investor"": $investor.name };"
151,What are the names of organizations with more than 500 employees and have been mentioned in articles with high sentiment scores?,"MATCH (o:Organization)
WHERE o.nbrEmployees > 500 AND EXISTS {
  (o)<-[:MENTIONS]-(a:Article)
  WHERE a.sentiment > 0.8
}
RETURN o.name","match
  $o isa organization, has nbr_employees $emp;
  $emp > 500;
  $a isa article, has sentiment $s;
  $s > 0.8;
  mentions (mentioned: $o, article: $a);
fetch { ""name"": $o.name };"
152,Which 3 organizations are suppliers to 'New Energy Group' and are based in 'United States of America'?,"MATCH (o:Organization {name: 'New Energy Group'})<-[:HAS_SUPPLIER]-(supplier:Organization)-[:IN_CITY]->(:City)-[:IN_COUNTRY]->(c:Country {name: 'United States of America'})
RETURN supplier.name
LIMIT 3","match
  $o isa organization, has name ""New Energy Group"";
  $supplier isa organization;
  $c isa country, has country_name ""United States of America"";
  supplies (supplier: $supplier, customer: $o);
  $city isa city;
  located_in (organization: $supplier, city: $city);
  location-contains (child: $city, parent: $c);
limit 3;
fetch { ""name"": $supplier.name };"
153,List the top 3 CEOs of organizations that are subsidiaries of 'Accenture'.,"MATCH (accenture:Organization {name: 'Accenture'})-[:HAS_SUBSIDIARY*]->(sub:Organization)
WHERE EXISTS {(sub)-[:HAS_CEO]->(:Person)}
WITH sub, sub.name AS subName
MATCH (sub)-[:HAS_CEO]->(ceo:Person)
RETURN ceo.name AS ceoName, subName
ORDER BY ceoName
LIMIT 3","match
  $accenture isa organization, has name ""Accenture"";
  $sub isa organization;
  $ceo isa person;
  (organization: $sub, ceo: $ceo) isa ceo_of;
(parent: $accenture, subsidiary: $sub) isa subsidiary_of; $ceo has name $ceon;
sort $ceon asc;
limit 3;
fetch { ""ceoName"": $ceo.name };"
154,Identify the first 3 organizations that have the same investor and are competitors.,"MATCH (o1:Organization)-[:HAS_INVESTOR]->(investor)<-[:HAS_INVESTOR]-(o2:Organization)
WHERE (o1)-[:HAS_COMPETITOR]->(o2)
RETURN o1.name AS Org1, o2.name AS Org2, investor.name AS CommonInvestor
LIMIT 3","match
$o1 isa organization, has name $n1;
$o2 isa organization, has name $n2;
$investor isa organization, has name $inv_name;
invested_in (organization: $o1, investor: $investor);
invested_in (organization: $o2, investor: $investor);
competes_with (competitor: $o1, competitor: $o2);
not { $o1 is $o2; };
limit 3;
fetch { ""org1"": $n1, ""org2"": $n2, ""investor"": $inv_name };"
155,Which 3 organizations have the most subsidiaries within the same country?,"MATCH (o:Organization)-[:HAS_SUBSIDIARY]->(sub:Organization),
      (o)-[:IN_CITY]->(:City)-[:IN_COUNTRY]->(c:Country),
      (sub)-[:IN_CITY]->(:City)-[:IN_COUNTRY]->(c)
WITH o, count(sub) AS numSubs
ORDER BY numSubs DESC
LIMIT 3
RETURN o.name AS organization, numSubs AS numberOfSubsidiaries","match
  $o isa organization, has name $on;
  $sub isa organization;
  $c isa country;
  subsidiary_of (parent: $o, subsidiary: $sub);
  located_in (organization: $o, city: $city1);
  location-contains (parent: $c, child: $city1);
  located_in (organization: $sub, city: $city2);
  location-contains (parent: $c, child: $city2);
reduce $count = count($sub) groupby $o, $on;
sort $count desc;
limit 3;
fetch { ""organization"": $on, ""numberOfSubsidiaries"": $count };"
156,Find the first 3 organizations that have a public status and are in the 'Technology' industry category.,"MATCH (o:Organization)-[:HAS_CATEGORY]->(c:IndustryCategory {name: 'Technology'})
WHERE o.isPublic = true
RETURN o.name AS organization, o.summary AS summary
LIMIT 3","match
  $o isa organization;
  $c isa industry_category, has industry_category_name ""Technology"";
  (organization: $o, category: $c) isa in_category;
  $o has is_public true;
limit 3;
fetch { ""organization"": $o.name, ""summary"": $o.summary };"
157,Who are the first 3 competitors of organizations with more than 1 billion in revenue?,"MATCH (o:Organization)-[:HAS_COMPETITOR]->(c:Organization)
WHERE o.revenue > 1.0E9
RETURN c.name as competitor
LIMIT 3","match
  $o isa organization;
  $c isa organization;
  (competitor: $o, competitor: $c) isa competes_with;
  $o has revenue $o_revenue;
  $o_revenue > 1000000000;
limit 3;
fetch { ""competitor"": $c.name };"
158,List the first 3 articles that mention 'Seattle' based organizations and have a sentiment score above 0.7.,"MATCH (a:Article)-[:MENTIONS]->(o:Organization)-[:IN_CITY]->(:City {name: 'Seattle'})
WHERE a.sentiment > 0.7
RETURN a.title, a.siteName, a.date
LIMIT 3","match
  $a isa article;
  $o isa organization;
  (article: $a, mentioned: $o) isa mentions;
  $a has sentiment $a_sentiment;
  $a_sentiment > 0.7;
  $city isa city, has city_name ""Seattle""; (organization: $o, city: $city) isa located_in;
limit 3;
fetch { ""title"": $a.title, ""site_name"": $a.site_name, ""date"": $a.date };"
159,Which organizations have CEOs who are also board members of other organizations?,"MATCH (o1:Organization)-[:HAS_CEO]->(p:Person)
WHERE EXISTS {
  (p)-[:HAS_BOARD_MEMBER]->(o2:Organization)
  WHERE o1 <> o2
}
RETURN o1.name AS organization, p.name AS ceo_and_board_member","match
  $o1 isa organization;
  $o2 isa organization;
  $p isa person;
  ceo_of (organization: $o1, ceo: $p);
  board_member_of (organization: $o2, member: $p);
  not { $o1 is $o2; };
fetch { ""organization"": $o1.name, ""ceo_and_board_member"": $p.name };"
160,Identify the top 3 cities where the headquarters of organizations with more than 1000 employees are located.,"MATCH (o:Organization)-[:IN_CITY]->(c:City)
WHERE o.nbrEmployees > 1000
RETURN c.name AS city, count(*) AS numOrgs
ORDER BY numOrgs DESC
LIMIT 3","match
  $o isa organization, has nbr_employees $n;
  $n > 1000;
  $c isa city;
  located_in (organization: $o, city: $c);
reduce $count = count($o) groupby $c;
sort $count desc;
limit 3;
fetch { ""city"": $c.city_name, ""numOrgs"": $count };"
161,List the first 3 organizations that have the highest revenue and are not dissolved.,"MATCH (o:Organization)
WHERE o.isDissolved IS NOT NULL AND NOT o.isDissolved
RETURN o.name AS organization, o.revenue AS revenue
ORDER BY o.revenue DESC
LIMIT 3","match
  $o isa organization;
  $o has is_dissolved false;
  $o has revenue $o_revenue;
sort $o_revenue desc;
limit 3;
fetch { ""organization"": $o.name, ""revenue"": $o.revenue };"
162,Which organizations have subsidiaries named 'SuccessFactors'?,"MATCH (o:Organization)-[:HAS_SUBSIDIARY]->(sub:Organization {name: 'SuccessFactors'})
RETURN o.name AS organization, sub.name AS subsidiary","match
  $subsidiary isa organization, has name ""SuccessFactors"";
  $o isa organization;
  (parent: $o, subsidiary: $subsidiary) isa subsidiary_of;
fetch { ""organization"": $o.name, ""subsidiary"": $subsidiary.name };"
163,Find the first 3 organizations that have been mentioned in articles by 'MrWeb' site.,"MATCH (article:Article {siteName: 'MrWeb'})-[:MENTIONS]->(org:Organization)
RETURN org.name AS organization
LIMIT 3","match
$a isa article, has site_name ""MrWeb"";
$o isa organization;
mentions (article: $a, mentioned: $o);
limit 3;
fetch { ""organization"": $o.name };"
164,Which organizations based in 'United States of America' have more than 10000 employees?,"MATCH (o:Organization)-[:IN_CITY]->(:City)-[:IN_COUNTRY]->(c:Country {name: 'United States of America'})
WHERE o.nbrEmployees > 10000
RETURN o.name AS organization, o.nbrEmployees AS numberOfEmployees","match
  $o isa organization;
  $c isa country, has country_name ""United States of America"";
  $o has nbr_employees $o_nbr_employees;
  $o_nbr_employees > 10000;
  $city isa city; (organization: $o, city: $city) isa located_in;
(child: $city, parent: $c) isa location-contains; fetch { ""organization"": $o.name, ""numberOfEmployees"": $o.nbr_employees };"
165,List the top 3 organizations that have a CEO and are mentioned in the latest articles.,"MATCH (o:Organization)<-[:MENTIONS]-(a:Article)
WHERE EXISTS {(o)-[:HAS_CEO]->(:Person)}
WITH o, max(a.date) AS latestDate
ORDER BY latestDate DESC
LIMIT 3
RETURN o.name AS organization, latestDate","match
  $o isa organization;
  $a isa article;
  (article: $a, mentioned: $o) isa mentions;
$ceo isa person; (organization: $o, ceo: $ceo) isa ceo_of; limit 3;
fetch { ""organization"": $o.name };"
166,Who are the first 3 children of CEOs of organizations with more than 500 million in revenue?,"MATCH (o:Organization)-[:HAS_CEO]->(ceo:Person)
WHERE o.revenue > 5e8
WITH ceo
MATCH (ceo)-[:HAS_CHILD]->(child:Person)
RETURN child.name
LIMIT 3","match
  $o isa organization;
  $ceo isa person;
  (organization: $o, ceo: $ceo) isa ceo_of;
  $child isa person;
  $o has revenue $o_revenue;
  $o_revenue > 500000000;
(parent: $ceo, child: $child) isa parent_of; limit 3;
fetch { ""name"": $child.name };"
167,List the first 3 organizations that have a motto and are public.,"MATCH (o:Organization)
WHERE o.motto IS NOT NULL AND o.isPublic = true
RETURN o.name, o.motto
LIMIT 3","match
  $o isa organization;
  $o has motto $o_motto;
  $o has is_public true;
limit 3;
fetch { ""name"": $o.name, ""motto"": $o.motto };"
168,Which organizations have investors named 'Julie Spellman Sweet'?,"MATCH (p:Person {name: 'Julie Spellman Sweet'})-[:HAS_INVESTOR]->(o:Organization)
RETURN o","match
  $p isa person, has name ""Julie Spellman Sweet"";
  $o isa organization;
  (investor: $p, organization: $o) isa invested_in;
fetch { ""o"": $o };"
169,Find the first 3 organizations that have been mentioned in articles related to 'consumer behavior' and have a sentiment score above 0.6.,"MATCH (a:Article)-[:HAS_CHUNK]->(c:Chunk)
WHERE c.text CONTAINS 'consumer behavior'
  AND a.sentiment > 0.6
WITH a
MATCH (a)-[:MENTIONS]->(o:Organization)
RETURN o.name
LIMIT 3","match
  $a isa article;
  $c isa chunk;
  (article: $a, chunk: $c) isa has_chunk;
  $o isa organization;
  (article: $a, mentioned: $o) isa mentions;
  $c has text $c_text;
  $c_text contains ""consumer behavior"";
  $a has sentiment $a_sentiment;
  $a_sentiment > 0.6;
limit 3;
fetch { ""name"": $o.name };"
170,Which organizations are based in 'Seattle' and have a revenue less than 5000000?,"MATCH (o:Organization)-[:IN_CITY]->(c:City {name: 'Seattle'})
WHERE o.revenue < 5000000
RETURN o","match
  $o isa organization;
  $c isa city, has city_name ""Seattle"";
  (organization: $o, city: $c) isa located_in;
  $o has revenue $o_revenue;
  $o_revenue < 5000000;
fetch { ""o"": $o };"
171,List the first 3 organizations that have a dissolved status and are mentioned in articles authored by 'David Correa'.,"MATCH (a:Article {author: 'David Correa'})-[:MENTIONS]->(o:Organization {isDissolved: true})
RETURN o.name AS organization
LIMIT 3","match
  $a isa article, has author ""David Correa"";
  $o isa organization, has is_dissolved true;
  mentions (article: $a, mentioned: $o);
limit 3;
fetch { ""organization"": $o.name };"
172,Identify the top 3 organizations that have a public status and are in the 'Healthcare' industry category.,"MATCH (o:Organization)-[:HAS_CATEGORY]->(c:IndustryCategory {name: 'Healthcare'})
WHERE o.isPublic = true
RETURN o.name AS organization, o.summary AS summary
ORDER BY o.revenue DESC
LIMIT 3","match
  $o isa organization, has is_public true, has revenue $rev;
  $c isa industry_category, has industry_category_name ""Healthcare"";
  in_category (organization: $o, category: $c);
sort $rev desc;
limit 3;
fetch {
  ""organization"": $o.name,
  ""summary"": $o.summary
};"
173,Who are the first 3 CEOs of organizations that have been mentioned in the most articles?,"MATCH (o:Organization)<-[:MENTIONS]-(a:Article)
WITH o, count(a) AS mentionCount
ORDER BY mentionCount DESC
LIMIT 3
MATCH (o)-[:HAS_CEO]->(ceo:Person)
RETURN ceo.name AS ceoName, o.name AS orgName, mentionCount","match
  $o isa organization, has name $on;
  $a isa article;
  mentions (article: $a, mentioned: $o);
reduce $count = count($a) groupby $o, $on;
sort $count desc;
limit 3;
match
  $ceo isa person, has name $ceon;
  ceo_of (organization: $o, ceo: $ceo);
fetch { ""ceoName"": $ceon, ""orgName"": $on, ""mentionCount"": $count };"
174,List the first 3 articles that mention organizations with CEOs named 'Julie Spellman Sweet' and have a sentiment score above 0.75.,"MATCH (a:Article)-[:MENTIONS]->(o:Organization)-[:HAS_CEO]->(p:Person {name: 'Julie Spellman Sweet'})
WHERE a.sentiment > 0.75
RETURN a.title, a.siteName, a.date
LIMIT 3","match
  $a isa article;
  $o isa organization;
  $p isa person, has name ""Julie Spellman Sweet"";
  (article: $a, mentioned: $o) isa mentions;
  $a has sentiment $a_sentiment;
  $a_sentiment > 0.75;
(organization: $o, ceo: $p) isa ceo_of; limit 3;
fetch { ""title"": $a.title, ""site_name"": $a.site_name, ""date"": $a.date };"
175,Which organizations based in 'United States of America' have a CEO named 'Julie Spellman Sweet' and are not dissolved?,"MATCH (o:Organization)-[:IN_CITY]->(:City)-[:IN_COUNTRY]->(c:Country {name: 'United States of America'})
WHERE (o)-[:HAS_CEO]->(:Person {name: 'Julie Spellman Sweet'}) AND o.isDissolved IS NOT NULL AND NOT o.isDissolved
RETURN o","match
  $p isa person, has name ""Julie Spellman Sweet"";
  $o isa organization;
  (organization: $o, ceo: $p) isa ceo_of;
  $o has is_dissolved false;
  $country isa country, has country_name ""United States of America"";
  $city isa city;
  (organization: $o, city: $city) isa located_in;
  (child: $city, parent: $country) isa location-contains;
fetch { ""organization"": $o.name, ""ceo"": $p.name };"
176,Find the first 3 organizations that have a supplier named 'Icon Integration'.,"MATCH (o:Organization)-[:HAS_SUPPLIER]->(s:Organization {name: 'Icon Integration'})
RETURN o.name AS organization
LIMIT 3","match
  $o isa organization;
  $s isa organization, has name ""Icon Integration"";
  (customer: $o, supplier: $s) isa supplies;
limit 3;
fetch { ""organization"": $o.name };"
177,Identify the first 3 articles where the organizations mentioned have more than 50 employees.,"MATCH (a:Article)-[:MENTIONS]->(o:Organization)
WHERE o.nbrEmployees > 50
WITH a, o
ORDER BY a.date DESC
LIMIT 3
RETURN a.title AS article, collect(o.name) AS organizations","match
  $a isa article, has title $t, has date $d;
  $o isa organization, has nbr_employees $e, has name $n;
  $e > 50;
  mentions (article: $a, mentioned: $o);
sort $d desc;
limit 3;
fetch { ""article"": $t, ""organization"": $n };"
178,Who are the first 3 board members of organizations based in 'Italy'?,"MATCH (o:Organization)-[:IN_CITY]->(:City)-[:IN_COUNTRY]->(c:Country {name: 'Italy'})
MATCH (o)-[:HAS_BOARD_MEMBER]->(p:Person)
RETURN p.name AS boardMember
LIMIT 3","match
  $o isa organization;
  $c isa country, has country_name ""Italy"";
  $p isa person;
  (organization: $o, member: $p) isa board_member_of;
  $city isa city; (organization: $o, city: $city) isa located_in;
(child: $city, parent: $c) isa location-contains; limit 3;
fetch { ""boardMember"": $p.name };"
179,List the top 3 organizations that have been mentioned in articles with a sentiment score below 0.3.,"MATCH (a:Article)-[:MENTIONS]->(o:Organization)
WHERE a.sentiment < 0.3
WITH o, count(*) as mentionCount
ORDER BY mentionCount DESC
LIMIT 3
RETURN o.name as organization, mentionCount","match
$a isa article, has sentiment $s;
$s < 0.3;
$o isa organization;
mentions (article: $a, mentioned: $o);
reduce $count = count($a) groupby $o;
sort $count desc;
limit 3;
fetch { ""organization"": $o.name, ""mentionCount"": $count };"
180,Which organizations have more than 1000 employees and are in the 'Finance' industry?,"MATCH (o:Organization)-[:HAS_CATEGORY]->(c:IndustryCategory {name: 'Finance'})
WHERE o.nbrEmployees > 1000
RETURN o.name AS organization, o.nbrEmployees AS numberOfEmployees","match
  $o isa organization;
  $c isa industry_category, has industry_category_name ""Finance"";
  (organization: $o, category: $c) isa in_category;
  $o has nbr_employees $o_nbr_employees;
  $o_nbr_employees > 1000;
fetch { ""organization"": $o.name, ""numberOfEmployees"": $o.nbr_employees };"
181,List the first 3 organizations with the highest number of employees that are not public.,"MATCH (o:Organization)
WHERE o.isPublic = false AND o.nbrEmployees IS NOT NULL
RETURN o.name AS organization, o.nbrEmployees AS numberOfEmployees
ORDER BY o.nbrEmployees DESC
LIMIT 3","match
  $o isa organization, has name $on;
  $o has is_public false;
  $o has nbr_employees $ne;
sort $ne desc;
limit 3;
fetch { ""organization"": $on, ""numberOfEmployees"": $ne };"
182,Which organizations have CEOs named 'Julie Spellman Sweet' and are in the 'Software' industry?,"MATCH (o:Organization)-[:HAS_CEO]->(p:Person {name: 'Julie Spellman Sweet'})
WHERE (o)-[:HAS_CATEGORY]->(:IndustryCategory {name: 'Software'})
RETURN o","match
  $o isa organization;
  $p isa person, has name ""Julie Spellman Sweet"";
  (organization: $o, ceo: $p) isa ceo_of;
  $ic isa industry_category, has industry_category_name ""Software""; (organization: $o, category: $ic) isa in_category;
fetch { ""o"": $o };"
183,Find the first 3 organizations that have been mentioned in articles authored by 'James Blackman'.,"MATCH (a:Article {author: 'James Blackman'})-[:MENTIONS]->(o:Organization)
RETURN o.name AS organization
LIMIT 3","match
  $a isa article, has author ""James Blackman"";
  $o isa organization;
  (article: $a, mentioned: $o) isa mentions;
limit 3;
fetch { ""organization"": $o.name };"
184,Identify the top 3 cities with the most organizations in the 'Electronic Products Manufacturers' category.,"MATCH (c:City)<-[:IN_CITY]-(o:Organization)-[:HAS_CATEGORY]->(ic:IndustryCategory {name: 'Electronic Products Manufacturers'})
WITH c, count(o) as orgCount
ORDER BY orgCount DESC
LIMIT 3
RETURN c.name as city, orgCount as organizationCount","match
  $c isa city;
  $o isa organization;
  $ic isa industry_category, has industry_category_name ""Electronic Products Manufacturers"";
  (organization: $o, city: $c) isa located_in;
  (organization: $o, category: $ic) isa in_category;
reduce $orgCount = count($o) groupby $c;
sort $orgCount desc;
limit 3;
fetch { ""city"": $c.city_name, ""organizationCount"": $orgCount };"
185,Who are the first 3 competitors of organizations named 'Accenture'?,"MATCH (o:Organization {name: 'Accenture'})-[:HAS_COMPETITOR]->(competitor:Organization)
RETURN competitor.name
LIMIT 3","match
  $o isa organization, has name ""Accenture"";
  $competitor isa organization;
  (competitor: $o, competitor: $competitor) isa competes_with;
limit 3;
fetch { ""competitor"": $competitor.name };"
186,List the 3 most recent articles mentioning any organization with a CEO named 'Julie Spellman Sweet'.,"MATCH (p:Person {name: 'Julie Spellman Sweet'})<-[:HAS_CEO]-(o:Organization)<-[:MENTIONS]-(a:Article)
RETURN a.title AS article, a.date AS published
ORDER BY a.date DESC
LIMIT 3","match
  $p isa person, has name ""Julie Spellman Sweet"";
  $o isa organization;
  $a isa article;
  (organization: $o, ceo: $p) isa ceo_of;
  $a has date $a_date;
(article: $a, mentioned: $o) isa mentions; sort $a_date desc;
limit 3;
fetch { ""article"": $a.title, ""published"": $a.date };"
187,Which organizations based in 'Seattle' have a CEO named 'Julie Spellman Sweet' and have a public status?,"MATCH (o:Organization)-[:IN_CITY]->(:City {name: 'Seattle'})
WHERE (o)-[:HAS_CEO]->(:Person {name: 'Julie Spellman Sweet'}) AND o.isPublic IS NOT NULL
RETURN o","match
  $p isa person, has name ""Julie Spellman Sweet"";
  $o isa organization;
  (organization: $o, ceo: $p) isa ceo_of;
  $o has is_public true;
  $city isa city, has city_name ""Seattle"";
  (organization: $o, city: $city) isa located_in;
fetch { ""organization"": $o.name, ""ceo"": $p.name };"
188,Identify the first 3 organizations that have a CEO and are mentioned in articles with a low sentiment score.,"MATCH (o:Organization)<-[:MENTIONS]-(a:Article)
WHERE a.sentiment < 0.5 AND EXISTS {(o)<-[:HAS_CEO]-(:Person)}
RETURN o.name AS organization, a.title AS article, a.sentiment AS sentiment
ORDER BY a.sentiment
LIMIT 3","match
  $o isa organization, has name $on;
  $a isa article, has title $t, has sentiment $s;
  $ceo isa person;
  (article: $a, mentioned: $o) isa mentions;
  (organization: $o, ceo: $ceo) isa ceo_of;
  $s < 0.5;
sort $s asc;
limit 3;
fetch { ""organization"": $on, ""article"": $t, ""sentiment"": $s };"
189,Who are the first 3 investors in organizations that have a revenue greater than 500 million?,"MATCH (o:Organization)-[:HAS_INVESTOR]->(i)
WHERE o.revenue > 5e8
RETURN i.name as investor
LIMIT 3","match
  $o isa organization;
  $investor isa person, has name $in;
  (organization: $o, investor: $investor) isa invested_in;
  $o has revenue $r;
  $r > 500000000;
limit 3;
fetch { ""investor"": $in };"
190,List the first 3 organizations with CEOs who have been mentioned in multiple articles.,"MATCH (o:Organization)-[:HAS_CEO]->(ceo:Person)<-[:MENTIONS]-(a:Article)
WITH o, ceo, count(a) AS mentionCount
WHERE mentionCount > 1
RETURN o.name AS organization, ceo.name AS ceo
ORDER BY mentionCount DESC
LIMIT 3","match
  $o isa organization, has name $on;
  $ceo isa person, has name $ceon;
  $a1 isa article;
  $a2 isa article;
  (organization: $o, ceo: $ceo) isa ceo_of;
  (article: $a1, mentioned: $o) isa mentions;
  (article: $a2, mentioned: $o) isa mentions;
  $a1 has article_id $aid1;
  $a2 has article_id $aid2;
  $aid1 != $aid2;
limit 3;
fetch { ""organization"": $on, ""ceo"": $ceon };"
191,Which organizations have investors from 'Seattle'?,"MATCH (o:Organization)<-[:HAS_INVESTOR]-(investor)-[:IN_CITY]->(:City {name: 'Seattle'})
RETURN o.name AS organization, investor.name AS investor","match
  $o isa organization;
  invested_in (organization: $o, investor: $investor);
  $investor isa organization;
  $city isa city, has city_name ""Seattle"";
  located_in (organization: $investor, city: $city);
fetch { ""organization"": $o.name, ""investor"": $investor.name };"
192,Find the first 3 articles that mention organizations in the 'Healthcare' industry with a high sentiment score.,"MATCH (a:Article)-[:MENTIONS]->(o:Organization)-[:HAS_CATEGORY]->(c:IndustryCategory {name: 'Healthcare'})
WHERE a.sentiment > 0.5
RETURN a.title, a.sentiment, o.name
ORDER BY a.sentiment DESC
LIMIT 3","match
  $a isa article;
  $o isa organization;
  $c isa industry_category, has industry_category_name ""Healthcare"";
  (article: $a, mentioned: $o) isa mentions;
  $a has sentiment $a_sentiment;
  $a_sentiment > 0.5;
  (organization: $o, category: $c) isa in_category;
sort $a_sentiment desc;
limit 3;
fetch { ""title"": $a.title, ""sentiment"": $a.sentiment, ""name"": $o.name };"
193,Identify the top 3 organizations that have a public status and are based in 'Italy'.,"MATCH (o:Organization)-[:IN_CITY]->(:City)-[:IN_COUNTRY]->(c:Country {name: 'Italy'})
WHERE o.isPublic IS NOT NULL AND o.isPublic = true
RETURN o.name AS organization, o.summary AS summary
ORDER BY o.revenue DESC
LIMIT 3","match
  $o isa organization, has name $on, has summary $os;
  $c isa country, has country_name ""Italy"";
  $city isa city;
  (organization: $o, city: $city) isa located_in;
  (child: $city, parent: $c) isa location-contains;
  $o has is_public true;
  $o has revenue $r;
sort $r desc;
limit 3;
fetch { ""organization"": $on, ""summary"": $os };"
194,List the first 3 organizations with the most board members.,"MATCH (o:Organization)-[:HAS_BOARD_MEMBER]->(p:Person)
WITH o, count(p) AS boardMemberCount
ORDER BY boardMemberCount DESC
LIMIT 3
RETURN o.name AS organization, boardMemberCount","match
  $o isa organization;
  $p isa person;
  (organization: $o, member: $p) isa board_member_of;
reduce $boardMemberCount = count($p) groupby $o;
sort $boardMemberCount desc;
limit 3;
fetch { ""organization"": $o.name, ""boardMemberCount"": $boardMemberCount };"
195,Which organizations have a CEO named 'Julie Spellman Sweet' and are based in 'Italy'?,"MATCH (o:Organization)-[:HAS_CEO]->(p:Person {name: 'Julie Spellman Sweet'})
WHERE (o)-[:IN_CITY]->(:City)-[:IN_COUNTRY]->(:Country {name: 'Italy'})
RETURN o","match
  $o isa organization;
  $p isa person, has name ""Julie Spellman Sweet"";
  (organization: $o, ceo: $p) isa ceo_of;
  $city isa city; (organization: $o, city: $city) isa located_in;
$country isa country, has country_name ""Italy""; (child: $city, parent: $country) isa location-contains; fetch { ""o"": $o };"
196,Find the first 3 articles mentioning organizations with a CEO named 'Julie Spellman Sweet' and a revenue above 500 million.,"MATCH (article:Article)-[:MENTIONS]->(org:Organization)
WHERE org.revenue > 5e8 AND (org)-[:HAS_CEO]->(:Person {name: 'Julie Spellman Sweet'})
RETURN article.title, article.summary, article.date
LIMIT 3","match
  $article isa article, has title $title, has article_summary $summary, has date $date;
  mentions (article: $article, mentioned: $o);
  $o isa organization, has revenue $r;
  $r > 500000000;
  ceo_of (organization: $o, ceo: $p);
  $p isa person, has name ""Julie Spellman Sweet"";
limit 3;
fetch { ""title"": $title, ""summary"": $summary, ""date"": $date };"
197,Identify the top 3 organizations that have been dissolved and are mentioned in high sentiment articles.,"MATCH (o:Organization)-[:MENTIONS]-(a:Article)
WHERE o.isDissolved = true
WITH o, avg(a.sentiment) as avgSentiment
ORDER BY avgSentiment DESC
LIMIT 3
RETURN o.name as organization, avgSentiment as avgArticleSentiment","match
  $o isa organization, has name $on;
  $a isa article, has sentiment $s;
  (article: $a, mentioned: $o) isa mentions;
  $o has is_dissolved true;
sort $s desc;
limit 3;
fetch { ""organization"": $on, ""avgArticleSentiment"": $s };"
198,Who are the first 3 CEOs of organizations that have subsidiaries and a revenue above 1 billion?,"MATCH (o:Organization)-[:HAS_CEO]->(ceo:Person)
WHERE o.revenue > 1e9 AND EXISTS {(o)-[:HAS_SUBSIDIARY]->(:Organization)}
RETURN ceo.name AS ceoName, o.name AS orgName
LIMIT 3","match
  $o isa organization; $subsidiary isa organization; (parent: $o, subsidiary: $subsidiary) isa subsidiary_of;
  $ceo isa person;
  (organization: $o, ceo: $ceo) isa ceo_of;
  $o has revenue $o_revenue;
  $o_revenue > 1000000000;
limit 3;
fetch { ""ceoName"": $ceo.name, ""orgName"": $o.name };"
199,List the first 3 articles mentioning organizations with more than 500 employees and a low sentiment score.,"MATCH (a:Article)-[:MENTIONS]->(o:Organization)
WHERE o.nbrEmployees > 500 AND a.sentiment < 0.5
RETURN a.title, a.sentiment, o.name
LIMIT 3","match
  $a isa article, has sentiment $s;
  $s < 0.5;
  $o isa organization, has nbr_employees $e;
  $e > 500;
  mentions (mentioned: $o, article: $a);
limit 3;
fetch { ""title"": $a.title, ""sentiment"": $s, ""name"": $o.name };"
200,Which organizations have a revenue above 1 billion and are in the 'Technology' industry?,"MATCH (o:Organization)-[:HAS_CATEGORY]->(c:IndustryCategory {name: 'Technology'})
WHERE o.revenue > 1e9
RETURN o.name AS organization, o.revenue AS revenue","match
  $o isa organization;
  $c isa industry_category, has industry_category_name ""Technology"";
  (organization: $o, category: $c) isa in_category;
  $o has revenue $o_revenue;
  $o_revenue > 1000000000;
fetch { ""organization"": $o.name, ""revenue"": $o.revenue };"
201,Find the first 3 organizations that have a CEO named 'Julie Spellman Sweet' and are based in 'Seattle'.,"MATCH (o:Organization)-[:HAS_CEO]->(p:Person {name: 'Julie Spellman Sweet'})
WHERE (o)-[:IN_CITY]->(:City {name: 'Seattle'})
RETURN o
LIMIT 3","match
  $o isa organization;
  $p isa person, has name ""Julie Spellman Sweet"";
  (organization: $o, ceo: $p) isa ceo_of;
  $city isa city, has city_name ""Seattle""; (organization: $o, city: $city) isa located_in;
limit 3;
fetch { ""o"": $o };"
202,Identify the top 3 organizations that have a CEO and are based in 'New York City'.,"MATCH (o:Organization)-[:HAS_CEO]->(:Person)
MATCH (o)-[:IN_CITY]->(:City {name: 'New York City'})
RETURN o.name AS organization, o.summary AS summary
ORDER BY o.revenue DESC
LIMIT 3","match
  $o isa organization, has revenue $rev;
  $p isa person;
  ceo_of (organization: $o, ceo: $p);
  $city isa city, has city_name ""New York City"";
  located_in (organization: $o, city: $city);
sort $rev desc;
limit 3;
fetch { ""organization"": $o.name, ""summary"": $o.summary };"
203,Who are the first 3 board members of organizations with revenues less than 5000000?,"MATCH (o:Organization)-[:HAS_BOARD_MEMBER]->(p:Person)
WHERE o.revenue < 5000000
RETURN p.name
LIMIT 3","match
  $o isa organization;
  $p isa person;
  (organization: $o, member: $p) isa board_member_of;
  $o has revenue $o_revenue;
  $o_revenue < 5000000;
limit 3;
fetch { ""name"": $p.name };"
204,List the first 3 organizations that have been mentioned in articles with a sentiment score above 0.9.,"MATCH (a:Article)-[:MENTIONS]->(o:Organization)
WHERE a.sentiment > 0.9
RETURN o.name
LIMIT 3","match
  $a isa article;
  $o isa organization;
  (article: $a, mentioned: $o) isa mentions;
  $a has sentiment $a_sentiment;
  $a_sentiment > 0.9;
limit 3;
fetch { ""name"": $o.name };"
205,Which organizations have a CEO named 'Julie Spellman Sweet' and have subsidiaries named 'Icon Integration'?,"MATCH (o:Organization)-[:HAS_CEO]->(p:Person {name: 'Julie Spellman Sweet'})
WHERE EXISTS {
  (o)-[:HAS_SUBSIDIARY]->(:Organization {name: 'Icon Integration'})  
}
RETURN o","match
  $o isa organization;
  $subsidiary isa organization, has name ""Icon Integration"";
  subsidiary_of (parent: $o, subsidiary: $subsidiary);
  $p isa person, has name ""Julie Spellman Sweet"";
  ceo_of (organization: $o, ceo: $p);
fetch { ""o"": $o.name };"
206,Find the first 3 organizations based in 'Seattle' that have a public status and are not dissolved.,"MATCH (o:Organization)-[:IN_CITY]->(:City {name: 'Seattle'})
WHERE o.isPublic = true AND (o.isDissolved = false OR o.isDissolved IS NULL)
RETURN o.name, o.summary
LIMIT 3","match
  $o isa organization;
  $o has is_public true;
  not { $o has is_dissolved true; };
  $city isa city, has city_name ""Seattle"";
  located_in (organization: $o, city: $city);
limit 3;
fetch { ""name"": $o.name, ""summary"": $o.summary };"
207,Identify the first 3 organizations that have a subsidiary and a CEO named 'Julie Spellman Sweet'.,"MATCH (o:Organization)-[:HAS_SUBSIDIARY]->(:Organization)
MATCH (o)-[:HAS_CEO]->(ceo:Person {name: 'Julie Spellman Sweet'})
RETURN o.name AS organization
LIMIT 3","match
  $o isa organization; $subsidiary isa organization; (parent: $o, subsidiary: $subsidiary) isa subsidiary_of;
  $ceo isa person, has name ""Julie Spellman Sweet"";
  (organization: $o, ceo: $ceo) isa ceo_of;
limit 3;
fetch { ""organization"": $o.name };"
208,Who are the first 3 investors in organizations with less than 50 employees?,"MATCH (o:Organization)<-[:HAS_INVESTOR]-(investor)
WHERE o.nbrEmployees < 50
WITH investor, o
ORDER BY o.nbrEmployees
RETURN DISTINCT investor.name AS investor, o.name AS company
LIMIT 3","match
  $o isa organization;
  (investor: $investor, organization: $o) isa invested_in;
  $o has nbr_employees $o_nbr_employees;
  $o_nbr_employees < 50;
sort $o_nbr_employees asc;
limit 3;
fetch { ""investor"": $investor.name, ""company"": $o.name };"
209,List the top 3 organizations that have a CEO and have been mentioned in the most recent articles.,"MATCH (o:Organization)-[:HAS_CEO]->(:Person)
MATCH (a:Article)-[:MENTIONS]->(o)
WITH o, count(a) AS mentionCount, max(a.date) AS latestMentionDate
ORDER BY latestMentionDate DESC, mentionCount DESC
RETURN o.name AS organization, latestMentionDate, mentionCount
LIMIT 3","match
  $o isa organization;
  ceo_of (organization: $o, ceo: $p);
  $a isa article, has date $d;
  mentions (article: $a, mentioned: $o);
reduce $latestDate = max($d), $mentionCount = count($a) groupby $o;
sort $latestDate desc, $mentionCount desc;
limit 3;
fetch { ""organization"": $o.name, ""latestMentionDate"": $latestDate, ""mentionCount"": $mentionCount };"
210,Which organizations based in 'United States of America' have a revenue less than 10 million?,"MATCH (o:Organization)-[:IN_CITY]->(:City)-[:IN_COUNTRY]->(c:Country {name: 'United States of America'})
WHERE o.revenue < 10000000
RETURN o.name AS organization, o.revenue AS revenue","match
  $o isa organization;
  $c isa country, has country_name ""United States of America"";
  $o has revenue $o_revenue;
  $o_revenue < 10000000;
  $city isa city; (organization: $o, city: $city) isa located_in;
(child: $city, parent: $c) isa location-contains; fetch { ""organization"": $o.name, ""revenue"": $o.revenue };"
211,Find the first 3 organizations that have CEOs named 'Julie Spellman Sweet' and are mentioned in articles with a sentiment score above 0.5.,"MATCH (o:Organization)-[:HAS_CEO]->(p:Person {name: 'Julie Spellman Sweet'})
WHERE EXISTS {
  (o)<-[:MENTIONS]-(a:Article)
  WHERE a.sentiment > 0.5
}
RETURN o
LIMIT 3","match
  $o isa organization;
  $p isa person, has name ""Julie Spellman Sweet"";
  ceo_of (organization: $o, ceo: $p);
  $a isa article, has sentiment $s;
  $s > 0.5;
  mentions (article: $a, mentioned: $o);
limit 3;
fetch { ""o"": $o };"
212,Identify the first 3 organizations that have the same investor and are based in 'Italy'.,"MATCH (o1:Organization)-[:HAS_INVESTOR]->(investor)<-[:HAS_INVESTOR]-(o2:Organization)
WHERE o1 <> o2 AND o1.id < o2.id
  AND (o1)-[:IN_CITY]->(:City)-[:IN_COUNTRY]->(:Country {name: 'Italy'})
  AND (o2)-[:IN_CITY]->(:City)-[:IN_COUNTRY]->(:Country {name: 'Italy'})
RETURN o1.name AS org1, o2.name AS org2, investor.name AS investor
LIMIT 3","match
$o1 isa organization, has name $n1;
$o2 isa organization, has name $n2;
$investor isa organization, has name $inv_name;
invested_in (organization: $o1, investor: $investor);
invested_in (organization: $o2, investor: $investor);
$c1 isa city; $c2 isa city;
$italy isa country, has country_name ""Italy"";
located_in (organization: $o1, city: $c1);
located_in (organization: $o2, city: $c2);
location-contains (parent: $italy, child: $c1);
location-contains (parent: $italy, child: $c2);
not { $o1 is $o2; };
limit 3;
fetch { ""org1"": $n1, ""org2"": $n2, ""investor"": $inv_name };"
213,Who are the first 3 competitors of organizations with a CEO named 'Julie Spellman Sweet'?,"MATCH (ceo:Person {name: 'Julie Spellman Sweet'})<-[:HAS_CEO]-(org:Organization)-[:HAS_COMPETITOR]->(competitor:Organization)
RETURN competitor.name
LIMIT 3","match
  $ceo isa person, has name ""Julie Spellman Sweet"";
  $org isa organization;
  $competitor isa organization;
  (organization: $org, ceo: $ceo) isa ceo_of;
(competitor: $org, competitor: $competitor) isa competes_with; limit 3;
fetch { ""name"": $competitor.name };"
214,List the first 3 organizations based in 'Italy' that have a CEO and are public.,"MATCH (o:Organization)-[:IN_CITY]->(:City)-[:IN_COUNTRY]->(c:Country {name: 'Italy'})
WHERE (o)-[:HAS_CEO]->(:Person) AND o.isPublic = true
RETURN o.name AS organization, o.summary AS summary
LIMIT 3","match
  $o isa organization;
  $p isa person;
  (organization: $o, ceo: $p) isa ceo_of;
  $o has is_public true;
  $country isa country, has country_name ""Italy"";
  $city isa city;
  (organization: $o, city: $city) isa located_in;
  (child: $city, parent: $country) isa location-contains;
limit 3;
fetch { ""organization"": $o.name, ""ceo"": $p.name };"
215,Which organizations have more than 1000 employees and are mentioned in articles with a sentiment score below 0.5?,"MATCH (o:Organization)
WHERE o.nbrEmployees > 1000
AND EXISTS {
  (o)<-[:MENTIONS]-(a:Article)
  WHERE a.sentiment < 0.5
}
RETURN o.name AS organization, o.nbrEmployees AS numberOfEmployees","match
  $o isa organization, has nbr_employees $emp;
  $emp > 1000;
  $a isa article, has sentiment $sent;
  $sent < 0.5;
  mentions (article: $a, mentioned: $o);
fetch { ""organization"": $o.name, ""numberOfEmployees"": $emp };"
216,Find the first 3 organizations based in 'Seattle' that have been mentioned in articles authored by 'David Correa'.,"MATCH (o:Organization)-[:IN_CITY]->(:City {name: 'Seattle'})
WHERE EXISTS {
  (o)<-[:MENTIONS]-(:Article {author: 'David Correa'})
}
RETURN o.name
LIMIT 3","match
  $o isa organization;
  $city isa city, has city_name ""Seattle"";
  located_in (organization: $o, city: $city);
  $article isa article, has author ""David Correa"";
  mentions (article: $article, mentioned: $o);
limit 3;
fetch { ""name"": $o.name };"
217,Identify the top 3 organizations that have more than 100 employees and are subsidiaries of 'Accenture'.,"MATCH (o:Organization)-[:HAS_SUBSIDIARY*]->(sub:Organization)
WHERE o.name = 'Accenture' AND sub.nbrEmployees > 100
RETURN sub.name AS subsidiary, sub.nbrEmployees AS numEmployees
ORDER BY numEmployees DESC
LIMIT 3","match
  $o isa organization, has name ""Accenture"";
  $sub isa organization, has nbr_employees $sub_nbr_employees;
  $sub_nbr_employees > 100;
  (parent: $o, subsidiary: $sub) isa subsidiary_of;
sort $sub_nbr_employees desc;
limit 3;
fetch { ""subsidiary"": $sub.name, ""numEmployees"": $sub.nbr_employees };"
218,Who are the first 3 board members of organizations with a CEO named 'Julie Spellman Sweet' and a revenue above 500 million?,"MATCH (o:Organization)-[:HAS_CEO]->(ceo:Person {name: 'Julie Spellman Sweet'})
WHERE o.revenue > 5e8
WITH o
MATCH (o)-[:HAS_BOARD_MEMBER]->(boardMember:Person)
RETURN boardMember.name
LIMIT 3","match
  $o isa organization;
  $ceo isa person, has name ""Julie Spellman Sweet"";
  (organization: $o, ceo: $ceo) isa ceo_of;
  $boardMember isa person;
  (organization: $o, member: $boardMember) isa board_member_of;
  $o has revenue $o_revenue;
  $o_revenue > 500000000;
limit 3;
fetch { ""name"": $boardMember.name };"
219,List the first 3 organizations that have a public status and more than 500 employees.,"MATCH (o:Organization)
WHERE o.isPublic = true AND o.nbrEmployees > 500
RETURN o.name, o.nbrEmployees
LIMIT 3","match
  $o isa organization;
  $o has is_public true;
  $o has nbr_employees $o_nbr_employees;
  $o_nbr_employees > 500;
limit 3;
fetch { ""name"": $o.name, ""nbr_employees"": $o.nbr_employees };"
220,Which organizations have a CEO named 'Julie Spellman Sweet' and have been mentioned in articles with a sentiment score above 0.8?,"MATCH (o:Organization)-[:HAS_CEO]->(p:Person {name: 'Julie Spellman Sweet'})
WHERE EXISTS {
  (o)<-[:MENTIONS]-(a:Article)
  WHERE a.sentiment > 0.8
}
RETURN o","match
  $o isa organization;
  $p isa person, has name ""Julie Spellman Sweet"";
  ceo_of (organization: $o, ceo: $p);
  $a isa article, has sentiment $s;
  $s > 0.8;
  mentions (article: $a, mentioned: $o);
fetch { ""o"": $o };"
221,Find the first 3 organizations based in 'Italy' that have a public status and are not dissolved.,"MATCH (o:Organization)-[:IN_CITY]->(:City)-[:IN_COUNTRY]->(c:Country {name: 'Italy'})
WHERE o.isPublic = true AND (o.isDissolved IS NULL OR o.isDissolved = false)
RETURN o.name AS organization, o.summary AS summary
LIMIT 3","match
  $o isa organization;
  $o has is_public true;
  not { $o has is_dissolved true; };
  $city isa city;
  $c isa country, has country_name ""Italy"";
  located_in (organization: $o, city: $city);
  location-contains (child: $city, parent: $c);
limit 3;
fetch { ""organization"": $o.name, ""summary"": $o.summary };"
222,Identify the top 3 organizations that have a CEO and more than 1000 employees.,"MATCH (o:Organization)
WHERE o.nbrEmployees > 1000 AND EXISTS {(o)-[:HAS_CEO]->(:Person)}
RETURN o.name AS organization, o.nbrEmployees AS numberOfEmployees
ORDER BY o.nbrEmployees DESC
LIMIT 3","match
  $o isa organization, has name $on;
  $ceo isa person;
  (organization: $o, ceo: $ceo) isa ceo_of;
  $o has nbr_employees $ne;
  $ne > 1000;
sort $ne desc;
limit 3;
fetch { ""organization"": $on, ""numberOfEmployees"": $ne };"
223,Who are the first 3 CEOs of organizations that have a public status and a revenue above 1 billion?,"MATCH (o:Organization)-[:HAS_CEO]->(p:Person)
WHERE o.isPublic = true AND o.revenue > 1e9
RETURN p.name AS ceoName, o.name AS orgName
LIMIT 3","match
  $o isa organization;
  $p isa person;
  (organization: $o, ceo: $p) isa ceo_of;
  $o has is_public true;
  $o has revenue $o_revenue;
  $o_revenue > 1000000000;
limit 3;
fetch { ""ceoName"": $p.name, ""orgName"": $o.name };"
224,List the first 3 articles mentioning organizations with a CEO named 'Julie Spellman Sweet' and have a sentiment score below 0.5.,"MATCH (p:Person {name: 'Julie Spellman Sweet'})<-[:HAS_CEO]-(o:Organization)<-[:MENTIONS]-(a:Article)
WHERE a.sentiment < 0.5
RETURN a
LIMIT 3","match
  $p isa person, has name ""Julie Spellman Sweet"";
  $o isa organization;
  $a isa article;
  (organization: $o, ceo: $p) isa ceo_of;
  $a has sentiment $a_sentiment;
  $a_sentiment < 0.5;
(article: $a, mentioned: $o) isa mentions; limit 3;
fetch { ""a"": $a };"
225,Which organizations based in 'Seattle' have more than 1000 employees and are public?,"MATCH (o:Organization)-[:IN_CITY]->(:City {name: 'Seattle'})
WHERE o.nbrEmployees > 1000 AND o.isPublic IS NOT NULL AND o.isPublic = true
RETURN o","match
  $o isa organization;
  $o has nbr_employees $o_nbr_employees;
  $o_nbr_employees > 1000;
  $o has is_public $o_is_public;
  $o has is_public true;
  $city isa city, has city_name ""Seattle""; (organization: $o, city: $city) isa located_in;
fetch { ""o"": $o };"
226,Find the first 3 organizations that have a CEO named 'Julie Spellman Sweet' and have a revenue above 1 billion.,"MATCH (o:Organization)-[:HAS_CEO]->(p:Person {name: 'Julie Spellman Sweet'})
WHERE o.revenue > 1e9
RETURN o
LIMIT 3","match
  $o isa organization;
  $p isa person, has name ""Julie Spellman Sweet"";
  (organization: $o, ceo: $p) isa ceo_of;
  $o has revenue $o_revenue;
  $o_revenue > 1000000000;
limit 3;
fetch { ""o"": $o };"
227,Who are the first 3 board members of organizations that have a CEO and are based in 'United States of America'?,"MATCH (o:Organization)-[:HAS_CEO]->(:Person)
WHERE (o)-[:IN_CITY]->(:City)-[:IN_COUNTRY]->(:Country {name: 'United States of America'})
WITH o
MATCH (o)-[:HAS_BOARD_MEMBER]->(boardMember:Person)
RETURN boardMember.name
LIMIT 3","match
  $o isa organization;
  ceo_of (organization: $o, ceo: $ceo);
  $city isa city;
  located_in (organization: $o, city: $city);
  $country isa country, has country_name ""United States of America"";
  location-contains (parent: $country, child: $city);
  $boardMember isa person;
  board_member_of (organization: $o, member: $boardMember);
limit 3;
fetch { ""name"": $boardMember.name };"
228,List the first 3 organizations that have been mentioned in articles with a sentiment score above 0.7 and have a CEO named 'Julie Spellman Sweet'.,"MATCH (o:Organization)<-[:MENTIONS]-(a:Article)
WHERE a.sentiment > 0.7 AND EXISTS {
  (o)-[:HAS_CEO]->(p:Person {name: 'Julie Spellman Sweet'})
}
RETURN o.name
LIMIT 3","match
  $o isa organization;
  $a isa article;
  (article: $a, mentioned: $o) isa mentions;
  $a has sentiment $a_sentiment;
  $a_sentiment > 0.7;
$ceo isa person, has name ""Julie Spellman Sweet""; (organization: $o, ceo: $ceo) isa ceo_of; limit 3;
fetch { ""name"": $o.name };"
229,Which organizations based in 'United States of America' have a public status and more than 1000 employees?,"MATCH (o:Organization)-[:IN_CITY]->(:City)-[:IN_COUNTRY]->(c:Country {name: 'United States of America'})
WHERE o.isPublic = true AND o.nbrEmployees > 1000
RETURN o","match
  $o isa organization;
  $c isa country, has country_name ""United States of America"";
  $o has is_public true;
  $o has nbr_employees $o_nbr_employees;
  $o_nbr_employees > 1000;
  $city isa city; (organization: $o, city: $city) isa located_in;
(child: $city, parent: $c) isa location-contains; fetch { ""o"": $o };"
230,Find the first 3 organizations that have CEOs named 'Julie Spellman Sweet' and are based in 'Seattle'.,"MATCH (o:Organization)-[:HAS_CEO]->(p:Person {name: 'Julie Spellman Sweet'})
WHERE (o)-[:IN_CITY]->(:City {name: 'Seattle'})
RETURN o
LIMIT 3","match
  $o isa organization;
  $p isa person, has name ""Julie Spellman Sweet"";
  (organization: $o, ceo: $p) isa ceo_of;
  $city isa city, has city_name ""Seattle""; (organization: $o, city: $city) isa located_in;
limit 3;
fetch { ""o"": $o };"
231,Identify the top 3 organizations that have been mentioned in articles authored by 'James Blackman'.,"MATCH (a:Article {author: 'James Blackman'})-[:MENTIONS]->(o:Organization)
RETURN o.name AS organization, count(*) AS mentions
ORDER BY mentions DESC
LIMIT 3","match
  $a isa article, has author ""James Blackman"";
  $o isa organization, has name $name;
  mentions (article: $a, mentioned: $o);
reduce $mentions = count($a) groupby $o, $name;
sort $mentions desc;
limit 3;
fetch { ""organization"": $name };"
232,Which organizations have a revenue greater than 100 million but less than 500 million?,"MATCH (o:Organization)
WHERE o.revenue > 1E8 AND o.revenue < 5E8
RETURN o.name AS organization, o.revenue AS revenue","match
  $o isa organization;
  $o has revenue $o_revenue;
  $o_revenue > 100000000;
  $o_revenue < 500000000;
fetch { ""organization"": $o.name, ""revenue"": $o.revenue };"
233,Who is the CEO of an organization named 'Accenture'?,"MATCH (o:Organization {name: 'Accenture'})-[:HAS_CEO]->(ceo:Person)
RETURN ceo.name AS CEO","match
  $o isa organization, has name ""Accenture"";
  $ceo isa person, has name $ceon;
  (organization: $o, ceo: $ceo) isa ceo_of;
fetch { ""CEO"": $ceon };"
234,List the first 3 organizations that have more than 1000 employees.,"MATCH (o:Organization)
WHERE o.nbrEmployees > 1000
RETURN o.name, o.nbrEmployees
LIMIT 3","match
  $o isa organization;
  $o has nbr_employees $o_nbr_employees;
  $o_nbr_employees > 1000;
limit 3;
fetch { ""name"": $o.name, ""nbr_employees"": $o.nbr_employees };"
235,What are the top 5 organizations in terms of revenue?,"MATCH (o:Organization)
WHERE o.revenue IS NOT NULL
RETURN o.name AS organization, o.revenue AS revenue
ORDER BY o.revenue DESC
LIMIT 5","match
  $o isa organization, has revenue $r;
sort $r desc;
limit 5;
fetch { ""organization"": $o.name, ""revenue"": $r };"
236,Which organizations are public and have a revenue of over 500 million?,"MATCH (o:Organization)
WHERE o.isPublic = true AND o.revenue > 5e8
RETURN o.name AS organization, o.revenue AS revenue","match
  $o isa organization;
  $o has is_public true;
  $o has revenue $o_revenue;
  $o_revenue > 500000000;
fetch { ""organization"": $o.name, ""revenue"": $o.revenue };"
237,Who are the board members of 'New Energy Group'?,"MATCH (o:Organization {name: 'New Energy Group'})-[:HAS_BOARD_MEMBER]->(p:Person)
RETURN p.name AS boardMember","match
  $o isa organization, has name ""New Energy Group"";
  $p isa person;
  (organization: $o, member: $p) isa board_member_of;
fetch { ""boardMember"": $p.name };"
238,What are the first 3 cities that have organizations with more than 500 employees?,"MATCH (c:City)<-[:IN_CITY]-(o:Organization)
WHERE o.nbrEmployees > 500
RETURN c.name AS city
ORDER BY c.name
LIMIT 3","match
  $c isa city;
  $o isa organization;
  (organization: $o, city: $c) isa located_in;
  $o has nbr_employees $o_nbr_employees;
  $o_nbr_employees > 500;
  $c has city_name $c_city_name;
sort $c_city_name asc;
limit 3;
fetch { ""city"": $c.city_name };"
239,List all the subsidiary companies of 'Accenture'.,"MATCH (accenture:Organization {name: 'Accenture'})-[:HAS_SUBSIDIARY*]->(subsidiary:Organization)
RETURN subsidiary.name AS subsidiary","match
  $accenture isa organization, has name ""Accenture"";
  $subsidiary isa organization;
(parent: $accenture, subsidiary: $subsidiary) isa subsidiary_of; fetch { ""subsidiary"": $subsidiary.name };"
240,What organizations have 'Electronic Products Manufacturers' as their industry category?,"MATCH (o:Organization)-[:HAS_CATEGORY]->(c:IndustryCategory {name: 'Electronic Products Manufacturers'})
RETURN o.name AS organization","match
  $o isa organization;
  $c isa industry_category, has industry_category_name ""Electronic Products Manufacturers"";
  in_category (organization: $o, category: $c);
fetch { ""organization"": $o.name };"
241,Which organizations have dissolved and are no longer operational?,"MATCH (o:Organization)
WHERE o.isDissolved IS NOT NULL AND o.isDissolved = true
RETURN o.name AS organization, o.summary AS summary","match
  $o isa organization;
  $o has is_dissolved $o_is_dissolved;
  $o has is_dissolved true;
fetch { ""organization"": $o.name, ""summary"": $o.summary };"
242,List the top 5 articles mentioning 'Accenture'.,"MATCH (a:Article)-[:MENTIONS]->(o:Organization {name: 'Accenture'})
RETURN a.title AS article, a.date AS publishedDate
ORDER BY a.date DESC
LIMIT 5","match
  $a isa article;
  $o isa organization, has name ""Accenture"";
  (article: $a, mentioned: $o) isa mentions;
  $a has date $a_date;
sort $a_date desc;
limit 5;
fetch { ""article"": $a.title, ""publishedDate"": $a.date };"
243,Who are the investors of 'New Energy Group'?,"MATCH (o:Organization {name: 'New Energy Group'})<-[:HAS_INVESTOR]-(investor)
RETURN investor","match
  $o isa organization, has name ""New Energy Group"";
  $investor isa person, has name $in;
  (organization: $o, investor: $investor) isa invested_in;
fetch { ""investor"": $in };"
244,What are the top 3 articles by sentiment that mention an organization with a revenue of over 1 billion?,"MATCH (a:Article)-[:MENTIONS]->(o:Organization)
WHERE o.revenue > 1e9
RETURN a.title AS article, a.sentiment AS sentiment
ORDER BY sentiment DESC
LIMIT 3","match
  $a isa article;
  $o isa organization;
  mentions (article: $a, mentioned: $o);
  $o has revenue $o_revenue;
  $o_revenue > 1000000000;
  $a has sentiment $sentiment;
sort $sentiment desc;
limit 3;
fetch { ""article"": $a.title, ""sentiment"": $sentiment };"
245,Which organization has the highest number of employees?,"MATCH (o:Organization)
WHERE o.nbrEmployees IS NOT NULL
RETURN o.name AS organization, o.nbrEmployees AS numberOfEmployees
ORDER BY o.nbrEmployees DESC
LIMIT 1","match
  $o isa organization;
  $o has nbr_employees $o_nbr_employees;
sort $o_nbr_employees desc;
limit 1;
fetch { ""organization"": $o.name, ""numberOfEmployees"": $o.nbr_employees };"
246,What are the first 5 cities by the number of organizations located there?,"MATCH (c:City)<-[:IN_CITY]-(o:Organization)
WITH c, count(o) AS orgCount
ORDER BY orgCount DESC
LIMIT 5
RETURN c.name AS city, orgCount","match
  $c isa city;
  $o isa organization;
  located_in (city: $c, organization: $o);
reduce $count = count($o) groupby $c;
sort $count desc;
limit 5;
fetch { ""city"": $c.city_name, ""orgCount"": $count };"
247,How many organizations are there in the 'United States of America'?,"MATCH (c:Country {name: 'United States of America'})<-[:IN_COUNTRY]-(city:City)<-[:IN_CITY]-(o:Organization)
RETURN count(o) AS organizationCount","match
  $c isa country, has country_name ""United States of America"";
  $city isa city;
  $o isa organization;
  (child: $city, parent: $c) isa location-contains;
  (organization: $o, city: $city) isa located_in;
reduce $count = count($o);
fetch { ""organizationCount"": $count };"
248,What organizations are mentioned in the article titled 'Funds for Consumer Behavior Specialist Infinite Analytics'?,"MATCH (a:Article {title: 'Funds for Consumer Behavior Specialist Infinite An'})-[:MENTIONS]->(o:Organization)
RETURN o.name AS organization","match
  $o isa organization;
  $a isa article, has article_summary ""Funds for Consumer Behavior Specialist Infinite Analytics"";
  mentions (article: $a, mentioned: $o);
fetch { ""organization"": $o.name };"
249,List three persons who are both investors and board members in any organization.,"MATCH (p:Person)-[:HAS_INVESTOR]->(o:Organization)<-[:HAS_BOARD_MEMBER]-(p)
RETURN p.name AS person, o.name AS organization
LIMIT 3","match
  $p isa person;
  $o isa organization;
  (investor: $p, organization: $o) isa invested_in;
(organization: $o, member: $p) isa board_member_of; limit 3;
fetch { ""person"": $p.name, ""organization"": $o.name };"
250,Which organizations are suppliers to 'Accenture'?,"MATCH (o:Organization)-[:HAS_SUPPLIER]->(supplier:Organization)
WHERE o.name = 'Accenture'
RETURN supplier","match
  $o isa organization;
  $supplier isa organization;
  (customer: $o, supplier: $supplier) isa supplies;
  $o has name ""Accenture"";
fetch { ""supplier"": $supplier };"
251,Which cities are these organizations based in that have more than 50 employees but less than 200?,"MATCH (o:Organization)-[:IN_CITY]->(c:City)
WHERE o.nbrEmployees > 50 AND o.nbrEmployees < 200
RETURN c.name AS city, collect(o.name) AS organizations","match
  $o isa organization;
  $c isa city;
  (organization: $o, city: $c) isa located_in;
  $o has nbr_employees $o_nbr_employees;
  $o_nbr_employees > 50;
  $o_nbr_employees < 200;
fetch { ""city"": $c.city_name };"
252,Which organizations are competitors to 'SAP'?,"MATCH (o:Organization {name: 'SAP'})-[:HAS_COMPETITOR]->(competitor:Organization)
RETURN competitor.name AS competitor","match
  $o isa organization, has name ""SAP"";
  $competitor isa organization;
  (competitor: $o, competitor: $competitor) isa competes_with;
fetch { ""competitor"": $competitor.name };"
253,List the first 3 organizations that were mentioned in articles published in 2022.,"MATCH (a:Article)-[:MENTIONS]->(o:Organization)
WHERE a.date >= date(""2022-01-01"") AND a.date < date(""2023-01-01"")
RETURN o.name
LIMIT 3","match
  $a isa article, has date $a_date;
  $o isa organization;
  (article: $a, mentioned: $o) isa mentions;
$a_date < 2023-01-01T00:00:00; limit 3;
fetch { ""name"": $o.name };"
254,What is the sentiment of the article that has the highest sentiment score mentioning 'Accenture'?,"MATCH (a:Article)-[:MENTIONS]->(o:Organization {name: 'Accenture'})
RETURN a.title AS article, a.sentiment AS sentiment
ORDER BY a.sentiment DESC
LIMIT 1","match
  $a isa article;
  $o isa organization, has name ""Accenture"";
  (article: $a, mentioned: $o) isa mentions;
  $a has sentiment $a_sentiment;
sort $a_sentiment desc;
limit 1;
fetch { ""article"": $a.title, ""sentiment"": $a.sentiment };"
255,Which organizations have a motto containing the word 'technology'?,"MATCH (o:Organization)
WHERE o.motto CONTAINS 'technology'
RETURN o.name AS organization, o.motto AS motto","match
  $o isa organization, has motto $m, has name $name;
  $m like "".*technology.*"";
fetch {
  ""organization"": $name,
  ""motto"": $m
};"
256,Which countries host organizations that have a revenue over 50 million?,"MATCH (o:Organization)-[:IN_CITY]->(:City)-[:IN_COUNTRY]->(c:Country)
WHERE o.revenue > 5e7
RETURN DISTINCT c.name AS country","match
  $o isa organization;
  $c isa country;
  $o has revenue $o_revenue;
  $o_revenue > 50000000;
  $city isa city; (organization: $o, city: $city) isa located_in;
(child: $city, parent: $c) isa location-contains; fetch { ""country"": $c.country_name };"
257,What are the industry categories of organizations located in 'Seattle'?,"MATCH (o:Organization)-[:IN_CITY]->(:City {name: 'Seattle'})
MATCH (o)-[:HAS_CATEGORY]->(c:IndustryCategory)
RETURN DISTINCT c.name","match
  $o isa organization;
  $c isa industry_category;
  (organization: $o, category: $c) isa in_category;
  $city isa city, has city_name ""Seattle""; (organization: $o, city: $city) isa located_in;
fetch { ""industry_category_name"": $c.industry_category_name };"
258,Who wrote the article with the highest sentiment score mentioning 'SAP'?,"MATCH (a:Article)-[:MENTIONS]->(o:Organization {name: 'SAP'})
WITH a
ORDER BY a.sentiment DESC
LIMIT 1
RETURN a.author AS author","match
  $a isa article;
  $o isa organization, has name ""SAP"";
  (article: $a, mentioned: $o) isa mentions;
  $a has sentiment $a_sentiment;
sort $a_sentiment desc;
limit 1;
fetch { ""author"": $a.author };"
259,What are the first 3 articles about organizations with a public status?,"MATCH (a:Article)-[:MENTIONS]->(o:Organization {isPublic: true})
RETURN a.title AS article, o.name AS organization
ORDER BY a.date DESC
LIMIT 3","match
  $a isa article;
  $o isa organization, has is_public true;
  (article: $a, mentioned: $o) isa mentions;
  $a has date $a_date;
sort $a_date desc;
limit 3;
fetch { ""article"": $a.title, ""organization"": $o.name };"
260,What organizations are headquartered in cities that are in the 'United States of America'?,"MATCH (o:Organization)-[:IN_CITY]->(c:City)-[:IN_COUNTRY]->(country:Country {name: 'United States of America'})
RETURN o.name AS organization, c.name AS city","match
  $o isa organization;
  $c isa city;
  $country isa country, has country_name ""United States of America"";
  (organization: $o, city: $c) isa located_in;
(child: $c, parent: $country) isa location-contains; fetch { ""organization"": $o.name, ""city"": $c.city_name };"
261,Which city has the most organizations with public status?,"MATCH (c:City)<-[:IN_CITY]-(o:Organization)
WHERE o.isPublic IS NOT NULL AND o.isPublic = true
WITH c, count(o) AS publicOrgCount
RETURN c.name AS city, publicOrgCount
ORDER BY publicOrgCount DESC
LIMIT 1","match
  $c isa city;
  $o isa organization;
  (organization: $o, city: $c) isa located_in;
  $o has is_public $o_is_public;
  $o has is_public true;
reduce $publicOrgCount = count($o) groupby $c;
sort $publicOrgCount desc;
limit 1;
fetch { ""city"": $c.city_name, ""publicOrgCount"": $publicOrgCount };"
262,Who are the children of 'Julie Spellman Sweet'?,"MATCH (p:Person {name: 'Julie Spellman Sweet'})-[:HAS_CHILD]->(child:Person)
RETURN child.name AS child","match
  $p isa person, has name ""Julie Spellman Sweet"";
  $child isa person;
(parent: $p, child: $child) isa parent_of; fetch { ""child"": $child.name };"
263,List the parents of 'David Correa'.,"MATCH (p:Person {name: 'David Correa'})<-[:HAS_CHILD]-(parent:Person)
RETURN parent.name AS parent","match
  $p isa person, has name ""David Correa"";
  $parent isa person;
  parent_of (parent: $parent, child: $p);
fetch { ""parent"": $parent.name };"
264,What are the first 3 organizations mentioned in articles from 'MrWeb'?,"MATCH (article:Article {siteName: 'MrWeb'})-[:MENTIONS]->(org:Organization)
RETURN org.name
LIMIT 3","match
  $article isa article, has site_name ""MrWeb"";
  $org isa organization;
  (article: $article, mentioned: $org) isa mentions;
limit 3;
fetch {
  ""name"": $org.name
};"
265,Which organizations are both public and have a CEO named 'Julie Spellman Sweet'?,"MATCH (o:Organization)
WHERE o.isPublic = true
  AND EXISTS {
    (o)-[:HAS_CEO]->(p:Person {name: 'Julie Spellman Sweet'})
  }
RETURN o","match
  $o isa organization;
  $o has is_public true;
$ceo isa person, has name ""Julie Spellman Sweet""; (organization: $o, ceo: $ceo) isa ceo_of; fetch { ""o"": $o };"
266,What is the summary description of the organization with the lowest number of employees?,"MATCH (o:Organization)
WHERE o.nbrEmployees IS NOT NULL
RETURN o.summary AS summary
ORDER BY o.nbrEmployees
LIMIT 1","match
  $o isa organization;
  $o has nbr_employees $o_nbr_employees;
sort $o_nbr_employees asc;
limit 1;
fetch { ""summary"": $o.summary };"
267,List the top 5 countries by the number of organizations headquartered there.,"MATCH (c:Country)<-[:IN_COUNTRY]-(city:City)<-[:IN_CITY]-(o:Organization)
WITH c, count(o) AS numOrgs
ORDER BY numOrgs DESC
LIMIT 5
RETURN c.name AS country, numOrgs","match
  $c isa country;
  $city isa city;
  $o isa organization;
  (child: $city, parent: $c) isa location-contains;
  (organization: $o, city: $city) isa located_in;
reduce $numOrgs = count($o) groupby $c;
sort $numOrgs desc;
limit 5;
fetch { ""country"": $c.country_name, ""numOrgs"": $numOrgs };"
268,Which cities have more than two industries represented by organizations within them?,"MATCH (c:City)<-[:IN_CITY]-(o:Organization)-[:HAS_CATEGORY]->(i:IndustryCategory)
WITH c, count(DISTINCT i) AS industryCount
WHERE industryCount > 2
RETURN c.name AS city, industryCount","match
  $c isa city;
  $o isa organization;
  $i isa industry_category;
  located_in (organization: $o, city: $c);
  in_category (organization: $o, category: $i);
select $c, $i;
distinct;
reduce $count = count($i) groupby $c;
match $count > 2;
fetch { ""city"": $c.city_name, ""industryCount"": $count };"
269,What are the top 3 industries by the number of organizations in each?,"MATCH (ic:IndustryCategory)<-[:HAS_CATEGORY]-(o:Organization)
RETURN ic.name AS industry, count(o) AS numOrganizations
ORDER BY numOrganizations DESC
LIMIT 3","match
  $ic isa industry_category, has industry_category_name $name;
  $o isa organization;
  in_category (organization: $o, category: $ic);
reduce $numOrganizations = count($o) groupby $ic, $name;
sort $numOrganizations desc;
limit 3;
fetch {
  ""industry"": $name,
  ""numOrganizations"": $numOrganizations
};"
270,List the latest 3 articles mentioning any organization based in 'Rome'.,"MATCH (o:Organization)-[:IN_CITY]->(:City {name: 'Rome'})
MATCH (a:Article)-[:MENTIONS]->(o)
RETURN a.title AS article, a.date AS published
ORDER BY a.date DESC
LIMIT 3","match
  $o isa organization;
  $a isa article;
  (article: $a, mentioned: $o) isa mentions;
  $a has date $a_date;
  $city isa city, has city_name ""Rome""; (organization: $o, city: $city) isa located_in;
sort $a_date desc;
limit 3;
fetch { ""article"": $a.title, ""published"": $a.date };"
271,Which organization has the highest revenue and is not public?,"MATCH (o:Organization)
WHERE o.isPublic = false
RETURN o
ORDER BY o.revenue DESC
LIMIT 1","match
  $o isa organization, has is_public false, has revenue $r;
sort $r desc;
limit 1;
fetch { ""organization"": $o.name };"
272,Who are the investors of organizations that have been dissolved?,"MATCH (p:Person)-[:HAS_INVESTOR]->(o:Organization)
WHERE o.isDissolved IS NOT NULL AND o.isDissolved = true
RETURN p.name AS investor, o.name AS dissolved_organization","match
  $p isa person;
  $o isa organization;
  (investor: $p, organization: $o) isa invested_in;
  $o has is_dissolved $o_is_dissolved;
  $o has is_dissolved true;
fetch { ""investor"": $p.name, ""dissolved_organization"": $o.name };"
273,"Which organizations have more than 10,000 employees and are located in a country outside of 'United States of America'?","MATCH (o:Organization)
WHERE o.nbrEmployees > 10000 AND EXISTS {
  (o)-[:IN_CITY]->(:City)-[:IN_COUNTRY]->(c:Country)
  WHERE c.name <> 'United States of America'
}
RETURN o.name AS organization, o.nbrEmployees AS numberOfEmployees","match
  $o isa organization, has nbr_employees $emp;
  $emp > 10000;
  $city isa city;
  $country isa country, has country_name $cname;
  $cname != ""United States of America"";
  located_in (organization: $o, city: $city);
  location-contains (parent: $country, child: $city);
fetch { ""organization"": $o.name, ""numberOfEmployees"": $emp };"
274,List the first 5 articles mentioning organizations that have a CEO named 'Julie Spellman Sweet'.,"MATCH (p:Person {name: 'Julie Spellman Sweet'})<-[:HAS_CEO]-(o:Organization)<-[:MENTIONS]-(a:Article)
RETURN a.title, a.summary, a.siteName, a.date
LIMIT 5","match
  $p isa person, has name ""Julie Spellman Sweet"";
  $o isa organization;
  $a isa article;
  (organization: $o, ceo: $p) isa ceo_of;
(article: $a, mentioned: $o) isa mentions; limit 5;
fetch { ""title"": $a.title, ""article_summary"": $a.article_summary, ""site_name"": $a.site_name, ""date"": $a.date };"
275,Which organizations have a city as their headquarters and have a revenue of over 1 million?,"MATCH (o:Organization)-[:IN_CITY]->(c:City) 
WHERE o.revenue > 1E6
RETURN o.name AS organization, c.name AS city, o.revenue AS revenue","match
  $o isa organization;
  $c isa city;
  (organization: $o, city: $c) isa located_in;
  $o has revenue $o_revenue;
  $o_revenue > 1000000;
fetch { ""organization"": $o.name, ""city"": $c.city_name, ""revenue"": $o.revenue };"
276,List the organizations that have less than 50 employees and are still operational.,"MATCH (o:Organization)
WHERE o.nbrEmployees < 50 AND o.isDissolved IS NOT NULL AND NOT o.isDissolved
RETURN o","match
  $o isa organization;
  $o has nbr_employees $o_nbr_employees;
  $o_nbr_employees < 50;
  $o has is_dissolved false;
fetch { ""o"": $o };"
277,What are the names of organizations that have at least 2 board members?,"MATCH (o:Organization)
WHERE size([(o)-[:HAS_BOARD_MEMBER]->(:Person) | 1]) >= 2
RETURN o.name","match
  $o isa organization;
  board_member_of (organization: $o, member: $p);
reduce $count = count($p) groupby $o;
match $count >= 2;
fetch { ""name"": $o.name };"
278,Which countries have organizations with a revenue less than 10 million?,"MATCH (o:Organization)-[:IN_CITY]->(:City)-[:IN_COUNTRY]->(c:Country)
WHERE o.revenue < 1E7
RETURN DISTINCT c.name","match
$o isa organization, has revenue $o_revenue;
$o_revenue < 10000000;
$city isa city;
located_in (organization: $o, city: $city);
location-contains (child: $city, parent: $c);
$c isa country, has country_name $name;
select $name;
distinct;
fetch { ""country_name"": $name };"
279,Who are the CEOs of the top 5 organizations by revenue?,"MATCH (o:Organization)
WITH o
ORDER BY o.revenue DESC
LIMIT 5
MATCH (o)-[:HAS_CEO]->(ceo:Person)
RETURN o.name AS organization, ceo.name AS ceo","match
  $o isa organization;
  $ceo isa person;
  (organization: $o, ceo: $ceo) isa ceo_of;
  $o has revenue $o_revenue;
sort $o_revenue desc;
limit 5;
fetch { ""organization"": $o.name, ""ceo"": $ceo.name };"
280,What are the first 3 organizations that have been mentioned in an article with a sentiment score greater than 0.9?,"MATCH (a:Article)-[:MENTIONS]->(o:Organization)
WHERE a.sentiment > 0.9
RETURN o.name
LIMIT 3","match
  $a isa article;
  $o isa organization;
  (article: $a, mentioned: $o) isa mentions;
  $a has sentiment $a_sentiment;
  $a_sentiment > 0.9;
limit 3;
fetch { ""name"": $o.name };"
281,Which articles mention any organizations that are suppliers to 'New Energy Group'?,"MATCH (o:Organization {name: 'New Energy Group'})<-[:HAS_SUPPLIER]-(supplier:Organization)<-[:MENTIONS]-(a:Article)
RETURN a","match
  $o isa organization, has name ""New Energy Group"";
  $supplier isa organization;
  supplies (supplier: $supplier, customer: $o);
  mentions (article: $a, mentioned: $supplier);
fetch { ""a"": $a };"
282,List the organizations that have the most number of competitors.,"MATCH (o:Organization)-[:HAS_COMPETITOR]->(c:Organization)
WITH o, count(c) AS numCompetitors
ORDER BY numCompetitors DESC
RETURN o.name AS organization, numCompetitors
LIMIT 10","match
  $o isa organization;
  $c isa organization;
  (competitor: $o, competitor: $c) isa competes_with;
reduce $numCompetitors = count($c) groupby $o;
sort $numCompetitors desc;
limit 10;
fetch { ""organization"": $o.name, ""numCompetitors"": $numCompetitors };"
283,Which organizations have a city named 'Seattle' as their headquarters and more than 500 employees?,"MATCH (o:Organization)-[:IN_CITY]->(c:City {name: 'Seattle'})
WHERE o.nbrEmployees > 500
RETURN o.name AS organization, o.nbrEmployees AS numberOfEmployees","match
  $o isa organization;
  $c isa city, has city_name ""Seattle"";
  (organization: $o, city: $c) isa located_in;
  $o has nbr_employees $o_nbr_employees;
  $o_nbr_employees > 500;
fetch { ""organization"": $o.name, ""numberOfEmployees"": $o.nbr_employees };"
284,List the first 3 organizations that were mentioned in articles with a sentiment less than 0.5.,"MATCH (a:Article)-[:MENTIONS]->(o:Organization)
WHERE a.sentiment < 0.5
RETURN o.name
LIMIT 3","match
  $a isa article, has sentiment $s;
  $s < 0.5;
  mentions (article: $a, mentioned: $o);
  $o isa organization;
limit 3;
fetch { ""name"": $o.name };"
285,What is the name of the organization that has the highest number of employees and is headquartered in a city named 'Seattle'?,"MATCH (o:Organization)-[:IN_CITY]->(c:City {name: 'Seattle'})
RETURN o.name AS organization, o.nbrEmployees AS numberOfEmployees
ORDER BY o.nbrEmployees DESC
LIMIT 1","match
  $o isa organization, has name $name, has nbr_employees $emp;
  $c isa city, has city_name ""Seattle"";
  located_in (organization: $o, city: $c);
sort $emp desc;
limit 1;
fetch { ""organization"": $name };"
286,Who are the top 3 investors in terms of the number of organizations they invest in?,"MATCH (i:Person)-[:HAS_INVESTOR]->(o:Organization)
WITH i, count(o) as num_investments
ORDER BY num_investments DESC
LIMIT 3
RETURN i.name as investor, num_investments","match
  $i isa person;
  $o isa organization;
  (investor: $i, organization: $o) isa invested_in;
reduce $num_investments = count($o) groupby $i;
sort $num_investments desc;
limit 3;
fetch { ""investor"": $i.name, ""num_investments"": $num_investments };"
287,Which organizations are headquartered in a city that is not in 'United States of America' and have a revenue of over 100 million?,"MATCH (o:Organization)-[:IN_CITY]->(c:City)-[:IN_COUNTRY]->(country:Country)
WHERE country.name <> 'United States of America' AND o.revenue > 1E8
RETURN o.name AS organization, c.name AS city, country.name AS country, o.revenue AS revenue","match
  $o isa organization;
  $c isa city;
  $country isa country;
  (organization: $o, city: $c) isa located_in;
  (child: $c, parent: $country) isa location-contains;
  $o has revenue $o_revenue;
  $o_revenue > 100000000;
  not { $country has country_name ""United States of America""; };
fetch { ""organization"": $o.name, ""city"": $c.city_name, ""country"": $country.country_name, ""revenue"": $o.revenue };"
288,List the organizations that are public and have a CEO who is a female.,"MATCH (o:Organization {isPublic: true})-[:HAS_CEO]->(ceo:Person)
WHERE ceo.name IS NOT NULL AND ceo.name =~ "".*\\s(Ms\\.|Mrs\\.|Miss).*""
RETURN o.name AS organization, ceo.name AS ceo","match
  $o isa organization, has is_public true;
  $ceo isa person, has name $ceo_name;
  ceo_of (organization: $o, ceo: $ceo);
  { $ceo_name like "".* Ms\\..*""; } or { $ceo_name like "".* Mrs\\..*""; } or { $ceo_name like "".* Miss .*""; };
fetch { ""organization"": $o.name, ""ceo"": $ceo_name };"
289,Which cities have the most organizations that are dissolved?,"MATCH (c:City)<-[:IN_CITY]-(o:Organization)
WHERE o.isDissolved = true
RETURN c.name AS city, count(o) AS dissolvedOrgs
ORDER BY dissolvedOrgs DESC
LIMIT 1","match
  $c isa city, has city_name $city_name;
  $o isa organization, has is_dissolved true;
  located_in (organization: $o, city: $c);
reduce $dissolvedOrgs = count($o) groupby $city_name;
sort $dissolvedOrgs desc;
limit 1;
fetch { ""city"": $city_name, ""dissolvedOrgs"": $dissolvedOrgs };"
290,What are the first 5 organizations that are mentioned in articles from 'RCR Wireless News'?,"MATCH (a:Article {siteName: 'RCR Wireless News'})-[:MENTIONS]->(o:Organization)
RETURN o.name
LIMIT 5","match
  $a isa article, has site_name ""RCR Wireless News"";
  $o isa organization;
  (article: $a, mentioned: $o) isa mentions;
limit 5;
fetch { ""name"": $o.name };"
291,Who are the CEOs of organizations that have been dissolved?,"MATCH (o:Organization)-[:HAS_CEO]->(ceo:Person)
WHERE o.isDissolved = true
RETURN o.name AS organization, ceo.name AS ceo","match
  $o isa organization;
  $p isa person;
  (organization: $o, ceo: $p) isa ceo_of;
  $o has is_dissolved true;
fetch { ""organization"": $o.name, ""ceo"": $p.name };"
292,List the top 3 organizations by the number of articles mentioning them in 2021.,"MATCH (o:Organization)<-[:MENTIONS]-(a:Article)
WHERE a.date >= date(""2021-01-01"") AND a.date <= date(""2021-12-31"") 
WITH o, count(a) as mentionCount
ORDER BY mentionCount DESC
LIMIT 3
RETURN o.name as organization, mentionCount","match
$o isa organization, has name $org_name;
$a isa article, has date $d;
$d >= 2021-01-01T00:00:00;
$d <= 2021-12-31T23:59:59;
mentions (article: $a, mentioned: $o);
reduce $count = count($a) groupby $o, $org_name;
sort $count desc;
limit 3;
fetch {
  ""organization"": $org_name,
  ""mention_count"": $count
};"
293,What are the first 3 countries with organizations that have more than 1000 employees?,"MATCH (o:Organization)-[:IN_CITY]->(:City)-[:IN_COUNTRY]->(c:Country)
WHERE o.nbrEmployees > 1000
RETURN c.name AS country, count(o) AS numOrgs
ORDER BY numOrgs DESC
LIMIT 3","match
  $o isa organization;
  $c isa country, has country_name $cn;
  $city isa city;
  (organization: $o, city: $city) isa located_in;
  (child: $city, parent: $c) isa location-contains;
  $o has nbr_employees $ne;
  $ne > 1000;
limit 3;
fetch { ""country"": $cn };"
294,Which organizations have a CEO who is also a board member in another organization?,"MATCH (o1:Organization)-[:HAS_CEO]->(p:Person)<-[:HAS_BOARD_MEMBER]-(o2:Organization)
WHERE o1 <> o2
RETURN o1.name AS org1, p.name AS ceo_board_member, o2.name AS org2","match
$o1 isa organization;
$o2 isa organization;
$p isa person;
ceo_of (organization: $o1, ceo: $p);
board_member_of (organization: $o2, member: $p);
not { $o1 is $o2; };
fetch { ""org1"": $o1.name, ""ceo_board_member"": $p.name, ""org2"": $o2.name };"
295,Who are the top 5 CEOs in terms of the revenue of the organizations they lead?,"MATCH (p:Person)<-[:HAS_CEO]-(o:Organization)
WHERE o.revenue IS NOT NULL
RETURN p.name AS ceo, o.name AS company, o.revenue AS revenue
ORDER BY o.revenue DESC
LIMIT 5","match
  $p isa person, has name $pn;
  $o isa organization, has name $on;
  (organization: $o, ceo: $p) isa ceo_of;
  $o has revenue $r;
sort $r desc;
limit 5;
fetch { ""ceo"": $pn, ""company"": $on, ""revenue"": $r };"
296,What are the names of the top 5 organizations with the highest revenue?,"MATCH (o:Organization)
WHERE o.revenue IS NOT NULL
RETURN o.name AS organization, o.revenue AS revenue
ORDER BY o.revenue DESC
LIMIT 5","match
  $o isa organization, has revenue $r;
sort $r desc;
limit 5;
fetch { ""organization"": $o.name, ""revenue"": $r };"
297,List the names of 3 organizations that are dissolved.,"MATCH (o:Organization)
WHERE o.isDissolved IS NOT NULL AND o.isDissolved = true
RETURN o.name
LIMIT 3","match
  $o isa organization;
  $o has is_dissolved $o_is_dissolved;
  $o has is_dissolved true;
limit 3;
fetch { ""name"": $o.name };"
298,Which 3 cities have the most organizations based in them?,"MATCH (c:City)<-[:IN_CITY]-(o:Organization)
WITH c, count(o) AS orgCount
ORDER BY orgCount DESC
LIMIT 3
RETURN c.name AS city, orgCount","match
  $c isa city;
  $o isa organization;
  (organization: $o, city: $c) isa located_in;
reduce $orgCount = count($o) groupby $c;
sort $orgCount desc;
limit 3;
fetch { ""city"": $c.city_name, ""orgCount"": $orgCount };"
299,What are the names of the first 3 people who are CEOs of public organizations?,"MATCH (p:Person)<-[:HAS_CEO]-(o:Organization {isPublic: true})
RETURN p.name
LIMIT 3","match
  $o isa organization;
  $p isa person;
  (organization: $o, ceo: $p) isa ceo_of;
  $o has is_public true;
limit 3;
fetch { ""organization"": $o.name, ""ceo"": $p.name };"
300,Which 3 organizations have the most employees?,"MATCH (o:Organization)
WHERE o.nbrEmployees IS NOT NULL
RETURN o.name AS organization, o.nbrEmployees AS numberOfEmployees
ORDER BY o.nbrEmployees DESC
LIMIT 3","match
  $o isa organization, has nbr_employees $n;
sort $n desc;
limit 3;
fetch { ""organization"": $o.name, ""numberOfEmployees"": $n };"
301,Name the top 5 articles with the highest sentiment scores.,"MATCH (a:Article)
RETURN a.title AS title, a.sentiment AS sentiment
ORDER BY a.sentiment DESC
LIMIT 5","match
  $a isa article, has title $title, has sentiment $sentiment;
sort $sentiment desc;
limit 5;
fetch { ""title"": $title, ""sentiment"": $sentiment };"
302,Can you identify 3 organizations mentioned in articles published in 2022?,"MATCH (a:Article)-[:MENTIONS]->(o:Organization)
WHERE a.date.year = 2022
RETURN DISTINCT o.name
LIMIT 3","match
  $a isa article, has date $d;
  $o isa organization, has name $n;
  mentions (article: $a, mentioned: $o);
  $d >= 2022-01-01;
  $d < 2023-01-01;
select $n;
distinct;
limit 3;
fetch { ""name"": $n };"
303,What are the names of 3 industry categories that the most organizations belong to?,"MATCH (ic:IndustryCategory)<-[:HAS_CATEGORY]-(o:Organization)
RETURN ic.name AS category, count(o) AS orgCount
ORDER BY orgCount DESC
LIMIT 3","match
  $ic isa industry_category, has industry_category_name $icn;
  $o isa organization;
  in_category (organization: $o, category: $ic);
reduce $count = count($o) groupby $icn;
sort $count desc;
limit 3;
fetch { ""category"": $icn };"
304,List the names of 3 organizations that are suppliers to technology companies.,"MATCH (o:Organization)-[:HAS_SUPPLIER]->(s:Organization)
WHERE (o)-[:HAS_CATEGORY]->(:IndustryCategory {name: 'Technology'})
RETURN s.name
LIMIT 3","match
  $o isa organization;
  $s isa organization;
  (customer: $o, supplier: $s) isa supplies;
  $ic isa industry_category, has industry_category_name ""Technology""; (organization: $o, category: $ic) isa in_category;
limit 3;
fetch { ""name"": $s.name };"
305,Which 3 cities are mentioned most frequently in articles?,"MATCH (a:Article)-[:HAS_CHUNK]->(:Chunk)-[:MENTIONS]->(c:City)
RETURN c.name AS city, count(*) AS mentions
ORDER BY mentions DESC
LIMIT 3","match
$a isa article;
$c isa city, has city_name $cn;
mentions (article: $a, mentioned: $c);
reduce $count = count($a) groupby $c, $cn;
sort $count desc;
limit 3;
fetch {
  ""city"": $cn,
  ""mentions"": $count
};"
306,Who are the board members of the first 3 organizations with the highest revenue?,"MATCH (o:Organization)
WITH o
ORDER BY o.revenue DESC
LIMIT 3
MATCH (o)-[:HAS_BOARD_MEMBER]->(p:Person)
RETURN o.name AS organization, p.name AS board_member","match
  $o isa organization;
  $p isa person;
  (organization: $o, member: $p) isa board_member_of;
  $o has revenue $o_revenue;
sort $o_revenue desc;
limit 3;
fetch { ""boardMember"": $p.name, ""organization"": $o.name };"
307,What are the names of the first 3 organizations that have subsidiaries?,"MATCH (o:Organization)-[:HAS_SUBSIDIARY]->(:Organization)
RETURN o.name
LIMIT 3","match
  $o isa organization; $subsidiary isa organization; (parent: $o, subsidiary: $subsidiary) isa subsidiary_of;
limit 3;
fetch { ""name"": $o.name };"
308,Which 3 countries have the most cities with organizations based in them?,"MATCH (c:Country)<-[:IN_COUNTRY]-(city:City)<-[:IN_CITY]-(o:Organization)
WITH c, count(o) AS orgCount
RETURN c.name AS country, orgCount
ORDER BY orgCount DESC
LIMIT 3","match
  $c isa country;
  $city isa city;
  $o isa organization;
  (child: $city, parent: $c) isa location-contains;
  (organization: $o, city: $city) isa located_in;
reduce $orgCount = count($o) groupby $c;
sort $orgCount desc;
limit 3;
fetch { ""country"": $c.country_name, ""orgCount"": $orgCount };"
309,Name 3 organizations that are competitors in the software industry.,"MATCH (o1:Organization)-[:HAS_CATEGORY]->(c:IndustryCategory {name: 'Software'}),
      (o1)-[:HAS_COMPETITOR]->(o2:Organization)
WHERE o2.name IS NOT NULL
RETURN o1.name AS Org1, o2.name AS Org2
LIMIT 3","match
  $o1 isa organization;
  $o2 isa organization;
  (competitor: $o1, competitor: $o2) isa competes_with;
  $ic isa industry_category, has industry_category_name ""Software"";
  (organization: $o1, category: $ic) isa in_category;
limit 3;
fetch { ""org1"": $o1.name, ""org2"": $o2.name };"
310,List the top 5 articles that mention organizations based in Seattle.,"MATCH (a:Article)-[:MENTIONS]->(o:Organization)-[:IN_CITY]->(:City {name: 'Seattle'})
RETURN a.title AS article, o.name AS organization
ORDER BY a.date DESC
LIMIT 5","match
  $a isa article;
  $o isa organization;
  (article: $a, mentioned: $o) isa mentions;
  $a has date $a_date;
  $city isa city, has city_name ""Seattle""; (organization: $o, city: $city) isa located_in;
sort $a_date desc;
limit 5;
fetch { ""article"": $a.title, ""organization"": $o.name };"
311,What are the names of the first 3 organizations that are investors in other organizations?,"MATCH (o:Organization)-[:HAS_INVESTOR]->(investor:Organization)
RETURN DISTINCT investor.name
LIMIT 3","match
$investor isa organization;
invested_in (organization: $o, investor: $investor);
limit 3;
fetch { ""investor"": $investor.name };"
312,Which 3 people have the most children listed in the database?,"MATCH (p:Person)-[:HAS_CHILD]->(child:Person)
WITH p, count(child) AS num_children
ORDER BY num_children DESC
LIMIT 3
RETURN p.name AS name, num_children","match
  $p isa person, has name $pn;
  parent_of (parent: $p, child: $child);
reduce $count = count($child) groupby $p, $pn;
sort $count desc;
limit 3;
fetch { ""name"": $pn, ""num_children"": $count };"
313,Name the first 3 organizations that have at least one board member who is also a CEO of another organization.,"MATCH (o:Organization)-[:HAS_BOARD_MEMBER]->(p:Person)
WHERE EXISTS {(p)-[:HAS_CEO]-(:Organization)}
RETURN o.name
LIMIT 3","match
  $o isa organization;
  $p isa person;
  board_member_of (organization: $o, member: $p);
  $o2 isa organization;
  ceo_of (organization: $o2, ceo: $p);
  not { $o is $o2; };
limit 3;
fetch { ""name"": $o.name };"
314,List the top 5 cities where the headquarters of public organizations are located.,"MATCH (o:Organization)-[:IN_CITY]->(c:City)
WHERE o.isPublic = true
RETURN c.name AS city, count(*) AS numPublicOrgs
ORDER BY numPublicOrgs DESC
LIMIT 5","match
  $o isa organization, has is_public true;
  located_in (organization: $o, city: $c);
  $c has city_name $city;
reduce $count = count($o) groupby $city;
sort $count desc;
limit 5;
fetch { ""city"": $city, ""numPublicOrgs"": $count };"
315,Who are the first 3 CEOs of organizations in the manufacturing industry?,"MATCH (o:Organization)-[:HAS_CATEGORY]->(c:IndustryCategory {name: 'Electronic Products Manufacturers'})
MATCH (o)-[:HAS_CEO]->(ceo:Person)
RETURN ceo.name AS CEO, o.name AS Company
LIMIT 3","match
  $o isa organization;
  $c isa industry_category, has industry_category_name ""Electronic Products Manufacturers"";
  (organization: $o, category: $c) isa in_category;
  $ceo isa person;
  (organization: $o, ceo: $ceo) isa ceo_of;
limit 3;
fetch { ""CEO"": $ceo.name, ""Company"": $o.name };"
316,Name 3 organizations that have been mentioned in articles with a sentiment score above 0.5.,"MATCH (a:Article)-[:MENTIONS]->(o:Organization)
WHERE a.sentiment > 0.5
RETURN DISTINCT o.name
LIMIT 3","match
  $o isa organization;
  $a isa article, has sentiment $s;
  $s > 0.5;
  mentions (article: $a, mentioned: $o);
select $o;
distinct;
limit 3;
fetch { ""name"": $o.name };"
317,Which 3 industry categories have the most organizations with public status?,"MATCH (ic:IndustryCategory)<-[:HAS_CATEGORY]-(o:Organization)
WHERE o.isPublic IS NOT NULL AND o.isPublic = true
WITH ic, count(o) AS orgCount
ORDER BY orgCount DESC
LIMIT 3
RETURN ic.name AS industryCategory, orgCount","match
  $ic isa industry_category;
  $o isa organization;
  (organization: $o, category: $ic) isa in_category;
  $o has is_public $o_is_public;
  $o has is_public true;
reduce $orgCount = count($o) groupby $ic;
sort $orgCount desc;
limit 3;
fetch { ""industryCategory"": $ic.industry_category_name, ""orgCount"": $orgCount };"
318,What are the names of the organizations where the CEOs have the same last name?,"MATCH (o1:Organization)-[:HAS_CEO]->(ceo1:Person),
      (o2:Organization)-[:HAS_CEO]->(ceo2:Person)
WHERE o1 <> o2 AND split(ceo1.name, ' ')[-1] = split(ceo2.name, ' ')[-1]
RETURN o1.name AS org1, o2.name AS org2","match
  $o1 isa organization;
  $ceo1 isa person;
  $o2 isa organization;
  $ceo2 isa person;
  (organization: $o1, ceo: $ceo1) isa ceo_of;
  (organization: $o2, ceo: $ceo2) isa ceo_of;
fetch { ""org1"": $o1.name, ""org2"": $o2.name };"
319,Which 3 organizations have the highest number of investors?,"MATCH (o:Organization)<-[:HAS_INVESTOR]-(investor)
WITH o, count(investor) AS investorCount
ORDER BY investorCount DESC
LIMIT 3
RETURN o.name AS organization, investorCount","match
  $o isa organization;
  invested_in (organization: $o, investor: $investor);
reduce $count = count($investor) groupby $o;
sort $count desc;
limit 3;
fetch { ""organization"": $o.name, ""investor_count"": $count };"
320,Name the first 3 organizations that have been mentioned in articles related to environmental issues.,"MATCH (a:Article)-[:HAS_CHUNK]->(c:Chunk)
WHERE c.text CONTAINS 'environment'
WITH a
MATCH (a)-[:MENTIONS]->(o:Organization)
RETURN o.name
LIMIT 3","match
  $a isa article;
  $c isa chunk, has text $t;
  $t like "".*environment.*"";
  has_chunk (article: $a, chunk: $c);
  $o isa organization;
  mentions (article: $a, mentioned: $o);
limit 3;
fetch { ""name"": $o.name };"
321,What are the names of 3 organizations that have been dissolved but are still mentioned in recent articles?,"MATCH (o:Organization {isDissolved: true})<-[:MENTIONS]-(a:Article)
WHERE a.date >= datetime() - duration('P1Y')
RETURN o.name
LIMIT 3","match
  $o isa organization, has is_dissolved true, has name $name;
  mentions (article: $a, mentioned: $o);
limit 3;
fetch { ""name"": $name };"
322,Which 3 countries are mentioned the most in articles regarding technology advancements?,"MATCH (a:Article)-[:HAS_CHUNK]->(c:Chunk), (a)-[:MENTIONS]->(o:Organization)-[:HAS_CATEGORY]->(ic:IndustryCategory), (o)-[:IN_CITY]->(:City)-[:IN_COUNTRY]->(country:Country)
WHERE ic.name CONTAINS 'Technology'
WITH country, count(*) AS mentions
ORDER BY mentions DESC
LIMIT 3
RETURN country.name AS country, mentions","match
  $a isa article;
  $o isa organization;
  $ic isa industry_category, has industry_category_name $icn;
  $icn contains ""Technology"";
  $city isa city;
  $country isa country;
  mentions (article: $a, mentioned: $o);
  in_category (organization: $o, category: $ic);
  located_in (organization: $o, city: $city);
  location-contains (child: $city, parent: $country);
reduce $count = count($a) groupby $country;
sort $count desc;
limit 3;
fetch { ""country"": $country.country_name, ""mentions"": $count };"
323,List the top 5 organizations that have a subsidiary in the same city where they are headquartered.,"MATCH (o:Organization)-[:HAS_SUBSIDIARY]->(s:Organization), 
      (o)-[:IN_CITY]->(c:City)<-[:IN_CITY]-(s)
RETURN o.name AS organization, c.name AS city
LIMIT 5","match
  $o isa organization;
  $s isa organization;
  $c isa city;
  (parent: $o, subsidiary: $s) isa subsidiary_of;
  (organization: $o, city: $c) isa located_in;
  (organization: $s, city: $c) isa located_in;
limit 5;
fetch { ""organization"": $o.name, ""city"": $c.city_name };"
324,Who are the first 3 children of people who are CEOs of public organizations?,"MATCH (ceo:Person)<-[:HAS_CEO]-(org:Organization {isPublic: true})-[:HAS_SUBSIDIARY*0..3]->(:Organization),
      (ceo)-[:HAS_CHILD]->(child:Person)
RETURN child.name
LIMIT 3","match
  $ceo isa person;
  $org isa organization, has is_public true; $subsidiary isa organization; (parent: $org, subsidiary: $subsidiary) isa subsidiary_of;
  $child isa person;
  (organization: $org, ceo: $ceo) isa ceo_of;
(parent: $ceo, child: $child) isa parent_of; limit 3;
fetch { ""name"": $child.name };"
325,Name the top 3 organizations by number of articles mentioning them in 2021.,"MATCH (o:Organization)<-[:MENTIONS]-(a:Article)
WHERE a.date >= date(""2021-01-01"") AND a.date <= date(""2021-12-31"") 
WITH o, count(a) as mentions
ORDER BY mentions DESC
LIMIT 3
RETURN o.name as organization, mentions","match
  $o isa organization;
  $a isa article, has date $d;
  $d >= 2021-01-01T00:00:00;
  $d <= 2021-12-31T23:59:59;
  (article: $a, mentioned: $o) isa mentions;
reduce $mentions = count($a) groupby $o;
sort $mentions desc;
limit 3;
fetch { ""organization"": $o.name, ""mentions"": $mentions };"
326,List the first 3 organizations that have a CEO and a board member with the same name.,"MATCH (o:Organization)-[:HAS_CEO]->(ceo:Person), 
      (o)-[:HAS_BOARD_MEMBER]->(board:Person)
WHERE ceo.name = board.name
RETURN o.name AS organization, ceo.name AS name
LIMIT 3","match
  $o isa organization;
  $ceo isa person, has name $n;
  $board isa person, has name $n;
  (organization: $o, ceo: $ceo) isa ceo_of;
  (organization: $o, member: $board) isa board_member_of;
limit 3;
fetch { ""organization"": $o.name, ""name"": $n };"
327,What are the names of organizations that have both a supplier and a subsidiary in Europe?,"MATCH (o:Organization)-[:HAS_SUPPLIER]->(s:Organization), 
      (o)-[:HAS_SUBSIDIARY]->(sub:Organization),
      (s)-[:IN_CITY]->(:City)-[:IN_COUNTRY]->(sc:Country),
      (sub)-[:IN_CITY]->(:City)-[:IN_COUNTRY]->(subc:Country)
WHERE sc.name IN ['France', 'Germany', 'Spain', 'Italy', 'United Kingdom'] 
  AND subc.name IN ['France', 'Germany', 'Spain', 'Italy', 'United Kingdom']
RETURN DISTINCT o.name AS organization","match
  $o isa organization;
  $s isa organization;
  $sub isa organization;
  $sc isa country;
  $subc isa country;
  (customer: $o, supplier: $s) isa supplies;
  (parent: $o, subsidiary: $sub) isa subsidiary_of;
  $city1 isa city;
  (organization: $s, city: $city1) isa located_in;
  (child: $city1, parent: $sc) isa location-contains;
  $city2 isa city;
  (organization: $sub, city: $city2) isa located_in;
  (child: $city2, parent: $subc) isa location-contains;
  { $sc has country_name ""France""; } or { $sc has country_name ""Germany""; } or { $sc has country_name ""Spain""; } or { $sc has country_name ""Italy""; } or { $sc has country_name ""United Kingdom""; };
  { $subc has country_name ""France""; } or { $subc has country_name ""Germany""; } or { $subc has country_name ""Spain""; } or { $subc has country_name ""Italy""; } or { $subc has country_name ""United Kingdom""; };
select $o;
distinct;
fetch { ""organization"": $o.name };"
328,Which 3 cities are the most frequently mentioned settings in articles about finance?,"MATCH (a:Article)-[:HAS_CHUNK]->(c:Chunk), (a)-[:MENTIONS]->(o:Organization)-[:HAS_CATEGORY]->(ic:IndustryCategory {name: 'Finance'}), (o)-[:IN_CITY]->(city:City)
RETURN city.name AS city, count(*) AS mentions
ORDER BY mentions DESC
LIMIT 3","match
  $ic isa industry_category, has industry_category_name ""Finance"";
  $o isa organization;
  $a isa article;
  $city isa city;
  (organization: $o, category: $ic) isa in_category;
  (article: $a, mentioned: $o) isa mentions;
  (organization: $o, city: $city) isa located_in;
reduce $count = count groupby $city;
sort $count desc;
limit 3;
fetch { ""city"": $city.city_name, ""mentions"": $count };"
329,Name the first 3 organizations that are headquartered in cities with more than 5 million inhabitants.,"MATCH (o:Organization)-[:IN_CITY]->(c:City)
WHERE c.population > 5000000
RETURN o.name
LIMIT 3","match
$o isa organization;
$c isa city, has population $pop;
located_in (organization: $o, city: $c);
$pop > 5000000;
limit 3;
fetch { ""organization"": $o.name };"
330,What are the names of the first 3 industry categories that have organizations with revenues over $100 million?,"MATCH (ic:IndustryCategory)<-[:HAS_CATEGORY]-(o:Organization)
WHERE o.revenue > 1e8
RETURN ic.name
LIMIT 3","match
  $ic isa industry_category;
  $o isa organization;
  (organization: $o, category: $ic) isa in_category;
  $o has revenue $o_revenue;
  $o_revenue > 100000000;
limit 3;
fetch { ""industry_category_name"": $ic.industry_category_name };"
331,Which 3 countries have organizations that are major players in the electronics industry?,"MATCH (c:Country)<-[:IN_COUNTRY]-(city:City)<-[:IN_CITY]-(o:Organization)-[:HAS_CATEGORY]->(ic:IndustryCategory {name: 'Electronic Products Manufacturers'})
RETURN c.name AS country, count(o) AS num_orgs
ORDER BY num_orgs DESC
LIMIT 3","match
  $c isa country, has country_name $cn;
  $city isa city;
  $o isa organization;
  $ic isa industry_category, has industry_category_name ""Electronic Products Manufacturers"";
  location-contains (child: $city, parent: $c);
  located_in (organization: $o, city: $city);
  in_category (organization: $o, category: $ic);
reduce $num_orgs = count($o) groupby $cn;
sort $num_orgs desc;
limit 3;
fetch { ""country"": $cn, ""num_orgs"": $num_orgs };"
332,Name the top 3 articles that discuss organizations with a history of more than 50 years.,"MATCH (a:Article)-[:MENTIONS]->(o:Organization)
WHERE date(o.foundingDate) < date() - duration('P50Y')
WITH a, o
ORDER BY a.date DESC
LIMIT 3
RETURN a.title AS article, collect(o.name) AS organizations","match
  $a isa article;
  $o isa organization, has founding-date $fd;
  $fd < 1976-01-22;
  mentions (article: $a, mentioned: $o);
  $a has date $a_date;
sort $a_date desc;
limit 3;
fetch { ""article"": $a.title };"
333,Which 3 people are mentioned as investors in multiple organizations?,"MATCH (p:Person)-[:HAS_INVESTOR]->(o:Organization)
WITH p, count(o) as num_orgs_invested
WHERE num_orgs_invested > 1
RETURN p.name as person, num_orgs_invested as number_of_organizations_invested_in
ORDER BY num_orgs_invested DESC
LIMIT 3","match
  $p isa person;
  $o isa organization;
  (investor: $p, organization: $o) isa invested_in;
reduce $num_orgs_invested = count($o) groupby $p;
match $num_orgs_invested > 1;
sort $num_orgs_invested desc;
limit 3;
fetch { ""person"": $p.name, ""number_of_organizations_invested_in"": $num_orgs_invested };"
334,List the names of the first 3 organizations that have a public motto.,"MATCH (o:Organization)
WHERE o.motto IS NOT NULL
RETURN o.name
LIMIT 3","match
  $o isa organization;
  $o has motto $o_motto;
limit 3;
fetch { ""name"": $o.name };"
335,Name the first 3 organizations that have been dissolved but still have active subsidiaries.,"MATCH (o:Organization)-[:HAS_SUBSIDIARY]->(s:Organization)
WHERE o.isDissolved = true AND s.isDissolved IS NULL
RETURN o.name AS organization, collect(s.name) AS subsidiaries
LIMIT 3","match
  $o isa organization;
  $s isa organization;
  (parent: $o, subsidiary: $s) isa subsidiary_of;
  $o has is_dissolved true;
limit 3;
fetch { ""organization"": $o.name };"
336,What are the names of 3 organizations that have a CEO who was previously a board member of a competitor?,"MATCH (o:Organization)-[:HAS_CEO]->(ceo:Person)
WHERE EXISTS {
  (ceo)-[:HAS_BOARD_MEMBER]->(competitor:Organization)<-[:HAS_COMPETITOR]-(o)
}
RETURN o.name
LIMIT 3","match
  $o isa organization;
  ceo_of (organization: $o, ceo: $ceo);
  $competitor isa organization;
  competes_with (competitor: $o, competitor: $competitor);
  board_member_of (organization: $competitor, member: $ceo);
limit 3;
fetch { ""name"": $o.name };"
337,Which 3 organizations have the most articles mentioning them with a negative sentiment score?,"MATCH (o:Organization)<-[:MENTIONS]-(a:Article)
WHERE a.sentiment < 0
WITH o, count(a) as negMentions
ORDER BY negMentions DESC
LIMIT 3
RETURN o.name as organization, negMentions","match
  $o isa organization;
  $a isa article;
  (article: $a, mentioned: $o) isa mentions;
  $a has sentiment $a_sentiment;
  $a_sentiment < 0;
reduce $negMentions = count($a) groupby $o;
sort $negMentions desc;
limit 3;
fetch { ""organization"": $o.name, ""negMentions"": $negMentions };"
338,List the names of the cities where the headquarters of the first 5 organizations founded before 1950 are located.,"MATCH (o:Organization)-[:IN_CITY]->(c:City)
WHERE o.foundingDate < date('1950-01-01')
RETURN c.name
LIMIT 5","match
$o isa organization, has founding-date $fd;
$c isa city;
located_in (organization: $o, city: $c);
$fd < 1950-01-01T00:00:00;
limit 5;
fetch { ""city"": $c.city_name };"
339,Who are the first 3 people who have both parent and child roles in the database?,"MATCH (p:Person)
WHERE EXISTS {(p)-[:HAS_PARENT]->(:Person)} 
  AND EXISTS {(p)-[:HAS_CHILD]->(:Person)}
RETURN p.name
LIMIT 3","match
  $p isa person;
$parent isa person; $child isa person; (parent: $parent, child: $p) isa parent_of; (parent: $p, child: $child) isa parent_of; limit 3;
fetch { ""name"": $p.name };"
340,Name the first 3 cities that have organizations with revenues exceeding $500 million.,"MATCH (c:City)<-[:IN_CITY]-(o:Organization)
WHERE o.revenue > 5e8
RETURN c.name
LIMIT 3","match
  $c isa city;
  $o isa organization;
  (organization: $o, city: $c) isa located_in;
  $o has revenue $o_revenue;
  $o_revenue > 500000000;
limit 3;
fetch { ""city_name"": $c.city_name };"
342,Which 3 organizations have the most board members?,"MATCH (o:Organization)-[:HAS_BOARD_MEMBER]->(p:Person)
WITH o, count(p) AS boardMemberCount
ORDER BY boardMemberCount DESC
LIMIT 3
RETURN o.name AS organization, boardMemberCount","match
  $o isa organization;
  board_member_of (organization: $o, member: $p);
reduce $count = count($p) groupby $o;
sort $count desc;
limit 3;
fetch { ""organization"": $o.name, ""boardMemberCount"": $count };"
343,List the first 3 articles that mention new energy technologies.,"MATCH (a:Article)-[:HAS_CHUNK]->(c:Chunk)
WHERE c.text CONTAINS 'new energy technologies'
RETURN a.title, a.summary, a.date
LIMIT 3","match
  $a isa article;
  $c isa chunk;
  (article: $a, chunk: $c) isa has_chunk;
  $c has text $c_text;
  $c_text contains ""new energy technologies"";
limit 3;
fetch { ""title"": $a.title, ""article_summary"": $a.article_summary, ""date"": $a.date };"
344,Name the top 3 organizations in terms of number of times they are mentioned as competitors in different industries.,"MATCH (o:Organization)-[:HAS_COMPETITOR]->(competitor:Organization)
WITH competitor, count(*) AS competitorCount
RETURN competitor.name AS competitorName, competitorCount
ORDER BY competitorCount DESC
LIMIT 3","match
  $o isa organization;
  $competitor isa organization;
  competes_with (competitor: $o, competitor: $competitor);
reduce $count = count($o) groupby $competitor;
sort $count desc;
limit 3;
fetch { ""competitorName"": $competitor.name, ""competitorCount"": $count };"
345,Which 3 organizations have CEOs who have written articles about their own organizations?,"MATCH (o:Organization)-[:HAS_CEO]->(ceo:Person)<-[:MENTIONS]-(a:Article)-[:MENTIONS]->(o)
RETURN o.name AS organization, ceo.name AS ceo
LIMIT 3","match
  $o isa organization;
  $p isa person, has name $ceo_name;
  ceo_of (organization: $o, ceo: $p);
  $a isa article, has author $author_val;
  $author_val == $ceo_name;
  mentions (article: $a, mentioned: $o);
limit 3;
fetch { ""organization"": $o.name, ""ceo"": $p.name };"
346,List the names of 3 organizations that have subsidiaries in more than 3 countries.,"MATCH (o:Organization)-[:HAS_SUBSIDIARY]->(sub:Organization)-[:IN_CITY]->(:City)-[:IN_COUNTRY]->(c:Country)
WITH o, count(DISTINCT c) AS numCountries
WHERE numCountries > 3
RETURN o.name
LIMIT 3","match
  $o isa organization;
  $sub isa organization;
  subsidiary_of (parent: $o, subsidiary: $sub);
  located_in (organization: $sub, city: $city);
  location-contains (parent: $c, child: $city);
  $c isa country;
select $o, $c;
distinct;
reduce $count = count($c) groupby $o;
match $count > 3;
limit 3;
fetch { ""name"": $o.name };"
347,Name the first 3 organizations that have been mentioned in articles about cybersecurity.,"MATCH (a:Article)-[:HAS_CHUNK]->(c:Chunk)
WHERE c.text CONTAINS 'cybersecurity'
WITH a
MATCH (a)-[:MENTIONS]->(o:Organization)
RETURN o.name
LIMIT 3","match
  $a isa article;
  $c isa chunk;
  (article: $a, chunk: $c) isa has_chunk;
  $o isa organization;
  (article: $a, mentioned: $o) isa mentions;
  $c has text $c_text;
  $c_text contains ""cybersecurity"";
limit 3;
fetch { ""name"": $o.name };"
348,Which 3 organizations are the most frequent collaborators in joint ventures?,"MATCH (o1:Organization)-[:HAS_SUBSIDIARY|HAS_SUPPLIER|HAS_INVESTOR]-(o2:Organization)
WITH o1, o2, count(*) as collaborations
ORDER BY collaborations DESC
RETURN o1.name, o2.name, collaborations
LIMIT 3","match
$o1 isa organization, has name $n1;
$o2 isa organization, has name $n2;
{ subsidiary_of ($o1, $o2); } or
{ supplies ($o1, $o2); } or
{ invested_in ($o1, $o2); };
reduce $collaborations = count groupby $n1, $n2;
sort $collaborations desc;
limit 3;
fetch { ""org1"": $n1, ""org2"": $n2, ""collaborations"": $collaborations };"
349,List the names of the first 3 organizations that have a CEO with a PhD.,"MATCH (o:Organization)-[:HAS_CEO]->(p:Person)
WHERE p.name CONTAINS 'PhD'
RETURN o.name
LIMIT 3","match
  $o isa organization;
  $p isa person;
  (organization: $o, ceo: $p) isa ceo_of;
  $p has name $p_name;
  $p_name contains ""PhD"";
limit 3;
fetch { ""name"": $o.name };"
350,Name the top 3 cities by number of organizations that are involved in environmental technology.,"MATCH (c:City)<-[:IN_CITY]-(o:Organization)-[:HAS_CATEGORY]->(ic:IndustryCategory)
WHERE ic.name CONTAINS 'Environmental'
WITH c, count(o) as orgCount
ORDER BY orgCount DESC
LIMIT 3
RETURN c.name as city, orgCount","match
  $c isa city;
  $o isa organization;
  $ic isa industry_category;
  (organization: $o, city: $c) isa located_in;
  $ic has industry_category_name $ic_industry_category_name;
  $ic_industry_category_name contains ""Environmental"";
  (organization: $o, category: $ic) isa in_category;
reduce $orgCount = count($o) groupby $c;
sort $orgCount desc;
limit 3;
fetch { ""city"": $c.city_name, ""orgCount"": $orgCount };"
351,Which 3 organizations have the most diverse range of industry categories they belong to?,"MATCH (o:Organization)-[:HAS_CATEGORY]->(c:IndustryCategory)
WITH o, count(distinct c) as categoryCount
ORDER BY categoryCount DESC
LIMIT 3
RETURN o.name as organization, categoryCount","match
  $o isa organization;
  in_category (organization: $o, category: $c);
reduce $count = count($c) groupby $o;
sort $count desc;
limit 3;
fetch { ""organization"": $o.name, ""categoryCount"": $count };"
352,List the names of the first 3 organizations that have invested in startups in the past year.,"MATCH (investor:Organization)-[:HAS_INVESTOR]->(startup:Organization)
WHERE startup.nbrEmployees < 100 AND EXISTS {
  (startup)<-[:MENTIONS]-(:Article {date: date('2022-01-01') < date() < date('2023-01-01')})
}
RETURN investor.name
LIMIT 3","match
$investor isa organization;
$startup isa organization, has nbr_employees $emp;
$emp < 100;
invested_in (investor: $investor, organization: $startup);
limit 3;
fetch { ""investor"": $investor.name };"
353,Which 3 cities have the most organizations in the food industry?,"MATCH (c:City)<-[:IN_CITY]-(o:Organization)-[:HAS_CATEGORY]->(ic:IndustryCategory)
WHERE ic.name CONTAINS 'Food'
WITH c, count(o) as orgCount
ORDER BY orgCount DESC
LIMIT 3
RETURN c.name as city, orgCount","match
  $c isa city;
  $o isa organization;
  $ic isa industry_category;
  (organization: $o, city: $c) isa located_in;
  $ic has industry_category_name $ic_industry_category_name;
  $ic_industry_category_name contains ""Food"";
  (organization: $o, category: $ic) isa in_category;
reduce $orgCount = count($o) groupby $c;
sort $orgCount desc;
limit 3;
fetch { ""city"": $c.city_name, ""orgCount"": $orgCount };"
354,List the names of organizations that have a CEO and an investor who are siblings.,"MATCH (o:Organization)-[:HAS_CEO]->(ceo:Person),
      (o)-[:HAS_INVESTOR]->(investor:Person),
      (ceo)-[:HAS_PARENT]->(parent:Person)<-[:HAS_PARENT]-(investor)
WHERE ceo <> investor
RETURN o.name AS organization","match
  $o isa organization, has name $on;
  $ceo isa person;
  $investor isa person;
  $parent isa person;
  (organization: $o, ceo: $ceo) isa ceo_of;
  (organization: $o, investor: $investor) isa invested_in;
  (parent: $parent, child: $ceo) isa parent_of;
  (parent: $parent, child: $investor) isa parent_of;
  $ceo has person_id $cid;
  $investor has person_id $iid;
  $cid != $iid;
fetch { ""organization"": $on };"
355,Name the first 3 organizations that are headquartered in capital cities and are in the telecommunications industry.,"MATCH (o:Organization)-[:IN_CITY]->(c:City)-[:IN_COUNTRY]->(country:Country)
WHERE c.name = country.name
  AND (o)-[:HAS_CATEGORY]->(:IndustryCategory {name: 'Telecommunications'})
RETURN o.name
LIMIT 3","match
  $o isa organization;
  $c isa city;
  $country isa country;
  (organization: $o, city: $c) isa located_in;
(child: $c, parent: $country) isa location-contains;
  $ic isa industry_category, has industry_category_name ""Telecommunications""; (organization: $o, category: $ic) isa in_category; limit 3;
fetch { ""name"": $o.name };"
356,Which 3 organizations have the longest history of continuous operation according to their founding dates in the database?,"MATCH (o:Organization)
WHERE o.foundingDate IS NOT NULL
RETURN o.name AS organization, o.foundingDate AS founded
ORDER BY o.foundingDate
LIMIT 3","match
$o isa organization, has founding-date $fd, has name $n;
sort $fd asc;
limit 3;
fetch { ""organization"": $n, ""founded"": $fd };"
357,List the top 3 articles that focus on the impact of technology on education.,"MATCH (a:Article)-[:HAS_CHUNK]->(c:Chunk)
WHERE c.text CONTAINS 'technology' AND c.text CONTAINS 'education'
WITH a, count(c) AS relevance
ORDER BY relevance DESC
LIMIT 3
RETURN a.title AS article, a.summary AS summary","match
  $a isa article;
  has_chunk (article: $a, chunk: $c);
  $c has text $t;
  $t like "".*technology.*"";
  $t like "".*education.*"";
reduce $relevance = count($c) groupby $a;
sort $relevance desc;
limit 3;
fetch { ""article"": $a.article_id, ""summary"": $a.article_summary };"
358,Name the first 3 organizations that have both a CEO and a board member from the same family.,"MATCH (o:Organization)-[:HAS_CEO]->(ceo:Person),
      (o)-[:HAS_BOARD_MEMBER]->(board_member:Person),
      (ceo)-[:HAS_PARENT|HAS_CHILD*]-(board_member)
RETURN o.name AS organization, ceo.name AS ceo, board_member.name AS board_member
LIMIT 3","match
  $o isa organization;
  $ceo isa person;
  $board_member isa person;
  (organization: $o, ceo: $ceo) isa ceo_of;
  (organization: $o, member: $board_member) isa board_member_of;
  parent_of ($ceo, $board_member);
limit 3;
fetch { ""organization"": $o.name, ""ceo"": $ceo.name, ""board_member"": $board_member.name };"
359,Which 3 organizations have been involved in the most legal disputes according to articles?,"MATCH (o:Organization)<-[:MENTIONS]-(a:Article)
WHERE a.title CONTAINS 'legal' OR a.title CONTAINS 'lawsuit' OR a.title CONTAINS 'dispute'
WITH o, count(a) AS numMentions
ORDER BY numMentions DESC
LIMIT 3
RETURN o.name AS organization, numMentions","match
  $o isa organization;
  $a isa article;
  (article: $a, mentioned: $o) isa mentions;
  $a has title $a_title;
  $a_title contains ""legal"";
reduce $numMentions = count($a) groupby $o;
sort $numMentions desc;
limit 3;
fetch { ""organization"": $o.name, ""numMentions"": $numMentions };"
360,"List the names of the first 3 organizations that have more than 10,000 employees.","MATCH (o:Organization)
WHERE o.nbrEmployees > 10000
RETURN o.name
LIMIT 3","match
  $o isa organization, has nbr_employees $e;
  $e > 10000;
limit 3;
fetch { ""name"": $o.name };"
361,Name the top 3 countries by number of organizations that have been mentioned in articles related to healthcare.,"MATCH (c:Country)<-[:IN_COUNTRY]-(city:City)<-[:IN_CITY]-(o:Organization)<-[:MENTIONS]-(a:Article)
WHERE (o)-[:HAS_CATEGORY]->(:IndustryCategory {name: 'Healthcare'})
RETURN c.name AS country, count(o) AS orgCount
ORDER BY orgCount DESC
LIMIT 3","match
  $c isa country, has country_name $cn;
  $city isa city;
  $o isa organization;
  $a isa article;
  $ic isa industry_category, has industry_category_name ""Healthcare"";
  (child: $city, parent: $c) isa location-contains;
  (organization: $o, city: $city) isa located_in;
  (article: $a, mentioned: $o) isa mentions;
  (organization: $o, category: $ic) isa in_category;
reduce $orgCount = count($o) groupby $cn;
sort $orgCount desc;
limit 3;"
362,Which 3 organizations have the most articles mentioning them with a sentiment score below 0.3?,"MATCH (o:Organization)<-[:MENTIONS]-(a:Article)
WHERE a.sentiment < 0.3
WITH o, count(a) AS negArticleCount
ORDER BY negArticleCount DESC
LIMIT 3
RETURN o.name AS organization, negArticleCount","match
  $o isa organization;
  $a isa article;
  (article: $a, mentioned: $o) isa mentions;
  $a has sentiment $a_sentiment;
  $a_sentiment < 0.3;
reduce $negArticleCount = count($a) groupby $o;
sort $negArticleCount desc;
limit 3;
fetch { ""organization"": $o.name, ""negArticleCount"": $negArticleCount };"
363,List the names of 3 organizations that have a motto related to sustainability.,"MATCH (o:Organization)
WHERE o.motto CONTAINS 'sustainability' OR o.motto CONTAINS 'sustainable'
RETURN o.name
LIMIT 3","match
  $o isa organization, has motto $m;
  { $m like "".*sustainability.*""; } or { $m like "".*sustainable.*""; };
limit 3;
fetch { ""name"": $o.name };"
364,Name the first 3 organizations that have been involved in mergers in the past 5 years.,"MATCH (o:Organization)
WHERE EXISTS {
  (o)-[:HAS_SUBSIDIARY|HAS_INVESTOR|HAS_SUPPLIER]->(:Organization)
  WHERE o.name IS NOT NULL
}
WITH o
ORDER BY o.name
LIMIT 3
RETURN o.name AS organization","match
  $o isa organization;
  $o has name $o_name;
  $supplier isa organization; (customer: $o, supplier: $supplier) isa supplies;
sort $o_name asc;
limit 3;
fetch { ""organization"": $o.name };"
365,Which 3 cities are most frequently cited in articles about urban development?,"MATCH (a:Article)-[:HAS_CHUNK]->(c:Chunk), (a)-[:MENTIONS]->(o:Organization)-[:IN_CITY]->(city:City)
WHERE c.text CONTAINS 'urban development'
RETURN city.name, count(*) as frequency
ORDER BY frequency DESC
LIMIT 3","match
  $a isa article;
  has_chunk (article: $a, chunk: $c);
  $c has text $text;
  $text like "".*urban development.*"";
  mentions (article: $a, mentioned: $o);
  located_in (organization: $o, city: $city);
  $city has city_name $cn;
reduce $frequency = count groupby $city, $cn;
sort $frequency desc;
limit 3;
fetch { ""city_name"": $cn, ""frequency"": $frequency };"
366,List the names of 3 organizations that have at least one female board member.,"MATCH (o:Organization)-[:HAS_BOARD_MEMBER]->(p:Person)
WHERE p.name =~ "".*a"" OR p.name =~ "".*e""
WITH o, count(p) AS num_female_board_members
WHERE num_female_board_members > 0
RETURN o.name
LIMIT 3","match
  $o isa organization, has name $on;
  $p isa person;
  (organization: $o, member: $p) isa board_member_of;
limit 3;
fetch { ""organization"": $on };"
367,Name the top 3 organizations in terms of revenue that are headquartered in countries with developing economies.,"MATCH (o:Organization)-[:IN_CITY]->(:City)-[:IN_COUNTRY]->(c:Country)
WHERE c.name IN ['China', 'India', 'Brazil', 'Russia', 'Mexico', 'Indonesia', 'Turkey']
  AND o.revenue IS NOT NULL
RETURN o.name AS organization, o.revenue AS revenue
ORDER BY o.revenue DESC
LIMIT 3","match
  $o isa organization, has name $on;
  $c isa country, has country_name $cn;
  $city isa city;
  (organization: $o, city: $city) isa located_in;
  (child: $city, parent: $c) isa location-contains;
  { $cn like ""China""; } or { $cn like ""India""; } or { $cn like ""Brazil""; } or { $cn like ""Russia""; } or { $cn like ""Mexico""; } or { $cn like ""Indonesia""; } or { $cn like ""Turkey""; };
  $o has revenue $r;
sort $r desc;
limit 3;
fetch { ""organization"": $on, ""revenue"": $r };"
368,Which 3 organizations have been featured in the most articles about market expansions?,"MATCH (o:Organization)<-[:MENTIONS]-(a:Article)
WHERE a.title CONTAINS 'market expansion'
WITH o, count(a) as articleCount
ORDER BY articleCount DESC
LIMIT 3
RETURN o.name as organization, articleCount","match
  $o isa organization;
  $a isa article;
  (article: $a, mentioned: $o) isa mentions;
  $a has title $a_title;
  $a_title contains ""market expansion"";
reduce $articleCount = count($a) groupby $o;
sort $articleCount desc;
limit 3;
fetch { ""organization"": $o.name, ""articleCount"": $articleCount };"
369,List the first 3 articles that mention organizations with a significant number of layoffs in the past year.,"MATCH (a:Article)-[:MENTIONS]->(o:Organization)
WHERE o.nbrEmployees IS NOT NULL
  AND exists {
    (o)-[:HAS_SUBSIDIARY*]->(sub:Organization)
    WHERE sub.nbrEmployees < o.nbrEmployees * 0.9
  }
RETURN a.title, a.summary, a.date
ORDER BY a.date DESC
LIMIT 3","match
  $a isa article;
  $o isa organization; $subsidiary isa organization; (parent: $o, subsidiary: $subsidiary) isa subsidiary_of;
  (article: $a, mentioned: $o) isa mentions;
  $a has date $a_date;
sort $a_date desc;
limit 3;
fetch { ""title"": $a.title, ""article_summary"": $a.article_summary, ""date"": $a.date };"
370,Name the first 3 organizations that have a CEO who has authored a book on leadership.,"MATCH (o:Organization)-[:HAS_CEO]->(ceo:Person)
WHERE EXISTS {
  (ceo)-[:HAS_AUTHORED]->(:Book)-[:HAS_CATEGORY]->(:Category {name: 'Leadership'})
}
RETURN o.name
LIMIT 3","match
  $o isa organization;
  $ceo isa person;
  (organization: $o, ceo: $ceo) isa ceo_of;
  $ic isa industry_category; (organization: $o, category: $ic) isa in_category;
limit 3;
fetch { ""name"": $o.name };"
371,Name the first 3 organizations that have a CEO who has authored a book on leadership.,"MATCH (o:Organization)-[:HAS_CEO]->(ceo:Person)
WHERE EXISTS {
  (ceo)-[:HAS_AUTHORED]->(:Book)-[:HAS_CATEGORY]->(:Category {name: 'Leadership'})
}
RETURN o.name
LIMIT 3","match
  $o isa organization;
  $ceo isa person;
  (organization: $o, ceo: $ceo) isa ceo_of;
  $ic isa industry_category; (organization: $o, category: $ic) isa in_category;
limit 3;
fetch { ""name"": $o.name };"
372,Name the first 3 organizations that have a CEO who has authored a book on leadership.,"MATCH (o:Organization)-[:HAS_CEO]->(ceo:Person)
WHERE EXISTS {
  (ceo)-[:HAS_AUTHORED]->(:Book)-[:HAS_CATEGORY]->(:Category {name: 'Leadership'})
}
RETURN o.name
LIMIT 3","match
  $o isa organization;
  $ceo isa person;
  (organization: $o, ceo: $ceo) isa ceo_of;
  $ic isa industry_category; (organization: $o, category: $ic) isa in_category;
limit 3;
fetch { ""name"": $o.name };"
373,Which 3 organizations have the most subsidiaries in different industries?,"MATCH (o:Organization)-[:HAS_SUBSIDIARY]->(sub:Organization)
WHERE sub.id <> o.id
WITH o, count(DISTINCT sub.id) AS numSubs, collect(DISTINCT sub.id) AS subIds
WITH o, numSubs, size(apoc.coll.toSet([(sub)-[:HAS_CATEGORY]->(c) | c.name])) AS numIndustries, subIds
ORDER BY numIndustries DESC
LIMIT 3
RETURN o.name AS organization, numSubs, numIndustries, subIds","match
  $o isa organization;
  $sub isa organization;
  subsidiary_of (parent: $o, subsidiary: $sub);
  in_category (organization: $sub, category: $ic);
select $o, $ic;
distinct;
reduce $industry_count = count groupby $o;
sort $industry_count desc;
limit 3;
fetch { ""organization"": $o.name };"
374,List the names of the first 3 organizations that have a public commitment to diversity and inclusion.,"MATCH (o:Organization)
WHERE o.summary CONTAINS 'diversity' OR o.summary CONTAINS 'inclusion'
RETURN o.name
LIMIT 3","match
  $o isa organization;
  $o has summary $o_summary;
  $o_summary contains ""diversity"";
limit 3;
fetch { ""name"": $o.name };"
375,Name the top 3 organizations with the most mentions in articles about technology innovation.,"MATCH (o:Organization)<-[:MENTIONS]-(a:Article)
WHERE (a)-[:HAS_CHUNK]->(:Chunk)
WITH o, count(a) AS mentionCount
ORDER BY mentionCount DESC
LIMIT 3
RETURN o.name AS organization, mentionCount","match
  $o isa organization;
  $a isa article;
  mentions (article: $a, mentioned: $o);
  { $a has title $t1; $t1 like "".*[Tt]echnology.*""; } or 
  { $a has title $t2; $t2 like "".*[Ii]nnovation.*""; } or
  { $a has article_summary $s1; $s1 like "".*[Tt]echnology.*""; } or
  { $a has article_summary $s2; $s2 like "".*[Ii]nnovation.*""; };
reduce $count = count($a) groupby $o;
sort $count desc;
limit 3;
fetch { ""organization"": $o.name, ""mentionCount"": $count };"
376,Which 3 organizations have a CEO who has won international business awards?,"MATCH (o:Organization)-[:HAS_CEO]->(ceo:Person)
WHERE ceo.summary CONTAINS 'award'
RETURN o.name AS organization, ceo.name AS ceo
LIMIT 3","match
  $o isa organization;
  $p isa person, has summary $ps;
  $ps like "".*award.*"";
  (organization: $o, ceo: $p) isa ceo_of;
limit 3;
fetch { ""organization"": $o.name, ""ceo"": $p.name };"
377,Name the first 3 organizations that have a parent company with a revenue over $1 billion.,"MATCH (o:Organization)-[:HAS_SUBSIDIARY]->(sub:Organization)
WHERE o.revenue > 1e9
RETURN sub.name
LIMIT 3","match
  $o isa organization;
  $sub isa organization;
  (parent: $o, subsidiary: $sub) isa subsidiary_of;
  $o has revenue $o_revenue;
  $o_revenue > 1000000000;
limit 3;
fetch { ""name"": $sub.name };"
378,Which 3 countries have the highest number of organizations involved in the energy sector?,"MATCH (c:Country)<-[:IN_COUNTRY]-(city:City)<-[:IN_CITY]-(o:Organization)-[:HAS_CATEGORY]->(ic:IndustryCategory)
WHERE ic.name CONTAINS 'Energy'
WITH c, count(o) as orgCount
ORDER BY orgCount DESC
LIMIT 3
RETURN c.name as country, orgCount","match
  $c isa country;
  $city isa city;
  $o isa organization;
  $ic isa industry_category;
  (child: $city, parent: $c) isa location-contains;
  (organization: $o, category: $ic) isa in_category;
  $ic has industry_category_name $ic_industry_category_name;
  $ic_industry_category_name contains ""Energy"";
  (organization: $o, city: $city) isa located_in;
reduce $orgCount = count($o) groupby $c;
sort $orgCount desc;
limit 3;
fetch { ""country"": $c.country_name, ""orgCount"": $orgCount };"
379,List the names of the first 3 articles that discuss changes in corporate governance.,"MATCH (a:Article)-[:HAS_CHUNK]->(c:Chunk)
WHERE c.text CONTAINS 'corporate governance'
RETURN a.title
LIMIT 3","match
  $a isa article, has title $t;
  $c isa chunk, has text $txt;
  (article: $a, chunk: $c) isa has_chunk;
  $txt like "".*corporate governance.*"";
limit 3;
fetch { ""title"": $t };"
380,Name the first 3 organizations that are involved in more than one industry category and have subsidiaries in at least two different countries.,"MATCH (o:Organization)-[:HAS_CATEGORY]->(c:IndustryCategory)
WITH o, count(distinct c) as categoryCount
WHERE categoryCount > 1
MATCH (o)-[:HAS_SUBSIDIARY*]->(sub:Organization)-[:IN_CITY]->(:City)-[:IN_COUNTRY]->(country:Country) 
WITH o, collect(distinct country.name) as countries
WHERE size(countries) >= 2
RETURN o.name as organization
LIMIT 3","match
  $o isa organization;
  $c isa industry_category;
  (organization: $o, category: $c) isa in_category;
  $sub isa organization;
  $country isa country;
  $city isa city; (organization: $o, city: $city) isa located_in;
(child: $city, parent: $country) isa location-contains; (parent: $o, subsidiary: $sub) isa subsidiary_of; limit 3;
fetch { ""organization"": $o.name };"
381,List the names of the first 3 organizations that have announced significant technological breakthroughs in the past year.,"MATCH (a:Article)-[:MENTIONS]->(o:Organization)
WHERE a.date > datetime() - duration('P1Y') AND a.summary CONTAINS 'technological breakthrough'
RETURN o.name
LIMIT 3","match
  $a isa article;
  $o isa organization;
  (article: $a, mentioned: $o) isa mentions;
  $a has article_summary $a_article_summary;
  $a_article_summary contains ""technological breakthrough"";
limit 3;
fetch { ""name"": $o.name };"
382,Name the top 3 articles that mention organizations affected by global economic changes.,"MATCH (a:Article)-[:MENTIONS]->(o:Organization)
WHERE a.title CONTAINS 'economic'
RETURN a.title, a.summary
ORDER BY a.sentiment DESC
LIMIT 3","match
  $a isa article, has title $t, has sentiment $s;
  $t like "".*economic.*"";
  $o isa organization;
  mentions (article: $a, mentioned: $o);
sort $s desc;
limit 3;
fetch { ""title"": $a.title, ""summary"": $a.article_summary };"
383,List the names of 3 organizations that have a CEO who has been featured in a major business magazine.,"MATCH (o:Organization)-[:HAS_CEO]->(ceo:Person)<-[:MENTIONS]-(a:Article)
WHERE a.siteName IN ['Forbes', 'Bloomberg', 'Wall Street Journal', 'Financial Times', 'Fortune', 'The Economist', 'Harvard Business Review']
RETURN o.name
LIMIT 3","match
  $o isa organization;
  $ceo isa person;
  $a isa article;
  (organization: $o, ceo: $ceo) isa ceo_of;
(article: $a, mentioned: $o) isa mentions; limit 3;
fetch { ""name"": $o.name };"
384,Name the first 3 organizations that have been involved in a public scandal according to articles.,"MATCH (a:Article)-[:MENTIONS]->(o:Organization)
WHERE a.sentiment < 0
WITH o, count(a) as negativeMentions
ORDER BY negativeMentions DESC
LIMIT 3
RETURN o.name as organization","match
  $o isa organization;
  $a isa article, has sentiment $s;
  $s < 0;
  mentions (article: $a, mentioned: $o);
reduce $neg_count = count($a) groupby $o;
sort $neg_count desc;
limit 3;
fetch { ""organization"": $o.name, ""negative_mentions"": $neg_count };"
385,Which 3 organizations have the most diverse geographical distribution of subsidiaries?,"MATCH (o:Organization)-[:HAS_SUBSIDIARY*]->(s:Organization)
WITH o, count(DISTINCT s.id) AS numSubsidiaries, size(collect(DISTINCT s.id)) AS numUniqueSubsidiaries
WHERE numUniqueSubsidiaries > 1
RETURN o.name AS organization, numSubsidiaries, numUniqueSubsidiaries
ORDER BY numUniqueSubsidiaries DESC
LIMIT 3","match
$o isa organization;
subsidiary_of (parent: $o, subsidiary: $s);
reduce $count = count($s) groupby $o;
sort $count desc;
limit 3;
fetch { ""organization"": $o.name };"
386,List the names of the first 3 organizations that have a significant influence in the media industry.,"MATCH (o:Organization)-[:HAS_CATEGORY]->(c:IndustryCategory)
WHERE c.name CONTAINS 'Media'
RETURN o.name
LIMIT 3","match
  $o isa organization;
  $c isa industry_category;
  (organization: $o, category: $c) isa in_category;
  $c has industry_category_name $c_industry_category_name;
  $c_industry_category_name contains ""Media"";
limit 3;
fetch { ""name"": $o.name };"
387,Name the top 3 organizations in terms of environmental impact according to articles.,"MATCH (a:Article)-[:MENTIONS]->(o:Organization)
WITH o, count(a) AS mentionCount
RETURN o.name AS organization, mentionCount
ORDER BY mentionCount DESC
LIMIT 3","match
  $o isa organization;
  $a isa article;
  mentions (article: $a, mentioned: $o);
reduce $mentionCount = count($a) groupby $o;
sort $mentionCount desc;
limit 3;
fetch { ""organization"": $o.name, ""mentionCount"": $mentionCount };"
388,Which 3 organizations have been consistently mentioned in articles about corporate social responsibility?,"MATCH (o:Organization)<-[:MENTIONS]-(a:Article)
WHERE a.title CONTAINS 'corporate social responsibility'
WITH o, count(a) as mentions
ORDER BY mentions DESC
LIMIT 3
RETURN o.name as organization, mentions","match
  $o isa organization;
  $a isa article;
  (article: $a, mentioned: $o) isa mentions;
  $a has title $a_title;
  $a_title contains ""corporate social responsibility"";
reduce $mentions = count($a) groupby $o;
sort $mentions desc;
limit 3;
fetch { ""organization"": $o.name, ""mentions"": $mentions };"
389,List the names of the first 3 organizations that have a CEO who is also a significant philanthropist.,"MATCH (o:Organization)-[:HAS_CEO]->(p:Person)
WHERE p.summary CONTAINS 'philanthropist'
RETURN o.name
LIMIT 3","match
  $o isa organization;
  $p isa person, has summary $ps;
  $ps like "".*philanthropist.*"";
  (organization: $o, ceo: $p) isa ceo_of;
limit 3;
fetch { ""organization"": $o.name, ""ceo"": $p.name };"
390,Name the first 3 organizations that have a board member who has been a government advisor.,"MATCH (o:Organization)-[:HAS_BOARD_MEMBER]->(p:Person)
WHERE EXISTS {(p)-[:HAS_CATEGORY]->(:IndustryCategory {name: 'Government Advisors'})}
RETURN o.name
LIMIT 3","match
  $o isa organization;
  $p isa person;
  (organization: $o, member: $p) isa board_member_of;
  $ic isa industry_category, has industry_category_name ""Government Advisors""; (organization: $o, category: $ic) isa in_category;
limit 3;
fetch { ""name"": $o.name };"
391,Which 3 organizations have the most patents filed according to the database?,"MATCH (o:Organization)
WHERE o.nbrPatents IS NOT NULL
RETURN o.name, o.nbrPatents
ORDER BY o.nbrPatents DESC
LIMIT 3","match
$o isa organization, has patent-count $pc, has name $n;
sort $pc desc;
limit 3;
fetch { ""name"": $n, ""patents"": $pc };"
392,List the names of 3 organizations that have been involved in major international trade deals in the past year.,"MATCH (o:Organization)<-[:MENTIONS]-(a:Article)
WHERE a.date >= datetime() - duration('P1Y')
WITH o, count(a) as mentions
ORDER BY mentions DESC
LIMIT 3
RETURN o.name","match
  $o isa organization;
  mentions (article: $a, mentioned: $o);
reduce $mentions = count($a) groupby $o;
sort $mentions desc;
limit 3;
fetch { ""name"": $o.name };"
393,Which 3 organizations have been mentioned the most in articles about financial crises?,"MATCH (a:Article)-[:MENTIONS]->(o:Organization)
WHERE a.summary CONTAINS 'financial crisis'
WITH o, count(*) as mentions
ORDER BY mentions DESC
LIMIT 3
RETURN o.name as organization, mentions","match
  $a isa article, has article_summary $s;
  $s like "".*financial crisis.*"";
  $o isa organization;
  mentions (article: $a, mentioned: $o);
reduce $mentions = count($a) groupby $o;
sort $mentions desc;
limit 3;
fetch { ""organization"": $o.name, ""mentions"": $mentions };"
394,What are the names of organizations that have a revenue greater than 100 million?,"MATCH (o:Organization)
WHERE o.revenue > 1E8
RETURN o.name","match
  $o isa organization;
  $o has revenue $o_revenue;
  $o_revenue > 100000000;
fetch { ""name"": $o.name };"
395,List the names of persons who are CEOs of organizations with more than 500 employees.,"MATCH (p:Person)<-[:HAS_CEO]-(o:Organization)
WHERE o.nbrEmployees > 500
RETURN p.name","match
  $p isa person;
  $o isa organization;
  (organization: $o, ceo: $p) isa ceo_of;
  $o has nbr_employees $o_nbr_employees;
  $o_nbr_employees > 500;
fetch { ""name"": $p.name };"
396,Which organizations are public and are based in cities within the United States of America?,"MATCH (o:Organization)-[:IN_CITY]->(c:City)-[:IN_COUNTRY]->(country:Country {name: 'United States of America'})
WHERE o.isPublic IS NOT NULL AND o.isPublic = true
RETURN o.name AS organization, c.name AS city","match
  $o isa organization;
  $c isa city;
  $country isa country, has country_name ""United States of America"";
  (organization: $o, city: $c) isa located_in;
  $o has is_public $o_is_public;
  $o has is_public true;
(child: $c, parent: $country) isa location-contains; fetch { ""organization"": $o.name, ""city"": $c.city_name };"
397,Identify organizations that have been dissolved.,"MATCH (o:Organization)
WHERE o.isDissolved IS NOT NULL AND o.isDissolved = true
RETURN o","match
  $o isa organization;
  $o has is_dissolved $o_is_dissolved;
  $o has is_dissolved true;
fetch { ""o"": $o };"
398,What are the names of industry categories that have associated organizations with more than 100 employees?,"MATCH (ic:IndustryCategory)<-[:HAS_CATEGORY]-(o:Organization)
WHERE o.nbrEmployees > 100
RETURN DISTINCT ic.name","match
  $ic isa industry_category;
  in_category (organization: $o, category: $ic);
  $o has nbr_employees $n;
  $n > 100;
select $ic;
distinct;
fetch { ""name"": $ic.industry_category_name };"
399,Which cities have more than 10 organizations based in them?,"MATCH (c:City)<-[:IN_CITY]-(o:Organization)
WITH c, count(o) AS orgCount
WHERE orgCount > 10
RETURN c.name AS city, orgCount","match
  $c isa city;
  $o isa organization;
  located_in (organization: $o, city: $c);
reduce $count = count($o) groupby $c;
match $count > 10;
fetch { ""city"": $c.city_name, ""org_count"": $count };"
400,List all organizations that have subsidiaries.,"MATCH (o:Organization)
WHERE EXISTS {
  (o)-[:HAS_SUBSIDIARY]->(:Organization)
}
RETURN o","match
  $o isa organization; $subsidiary isa organization; (parent: $o, subsidiary: $subsidiary) isa subsidiary_of;
fetch { ""o"": $o };"
401,Name persons who are board members of more than three organizations.,"MATCH (p:Person)-[:HAS_BOARD_MEMBER]->(o:Organization)
WITH p, count(o) as num_orgs
WHERE num_orgs > 3
RETURN p.name as person_name, num_orgs as number_of_organizations","match
  $p isa person, has name $pn;
  $o1 isa organization;
  $o2 isa organization;
  $o3 isa organization;
  $o4 isa organization;
  (organization: $o1, member: $p) isa board_member_of;
  (organization: $o2, member: $p) isa board_member_of;
  (organization: $o3, member: $p) isa board_member_of;
  (organization: $o4, member: $p) isa board_member_of;
  $o1 has organization_id $id1;
  $o2 has organization_id $id2;
  $o3 has organization_id $id3;
  $o4 has organization_id $id4;
  $id1 != $id2;
  $id1 != $id3;
  $id1 != $id4;
  $id2 != $id3;
  $id2 != $id4;
  $id3 != $id4;
fetch { ""person_name"": $pn };"
402,Which organizations have competitors also based in the same country?,"MATCH (o1:Organization)-[:HAS_COMPETITOR]->(o2:Organization),
       (o1)-[:IN_CITY]->(:City)-[:IN_COUNTRY]->(c:Country),
       (o2)-[:IN_CITY]->(:City)-[:IN_COUNTRY]->(c)
RETURN o1.name AS organization, o2.name AS competitor, c.name AS country","match
  $o1 isa organization;
  $o2 isa organization;
  $c isa country;
  (competitor: $o1, competitor: $o2) isa competes_with;
  $city isa city; (organization: $o1, city: $city) isa located_in;
(child: $city, parent: $c) isa location-contains; fetch { ""organization"": $o1.name, ""competitor"": $o2.name, ""country"": $c.country_name };"
403,What are the names of organizations with suppliers that have a revenue above 50 million?,"MATCH (o:Organization)-[:HAS_SUPPLIER]->(s:Organization)
WHERE s.revenue > 5e7
RETURN o.name","match
  $o isa organization;
  $s isa organization;
  (customer: $o, supplier: $s) isa supplies;
  $s has revenue $s_revenue;
  $s_revenue > 50000000;
fetch { ""name"": $o.name };"
404,Identify articles with a sentiment score above 0.8.,"MATCH (a:Article)
WHERE a.sentiment > 0.8
RETURN a","match
  $a isa article, has sentiment $s;
  $s > 0.8;
fetch { ""article"": $a };"
405,What are the names of cities that host organizations with a public status?,"MATCH (c:City)<-[:IN_CITY]-(o:Organization)
WHERE o.isPublic IS NOT NULL AND o.isPublic = true
RETURN DISTINCT c.name","match
  $c isa city;
  $o isa organization;
  (organization: $o, city: $c) isa located_in;
  $o has is_public $o_is_public;
  $o has is_public true;
fetch { ""city_name"": $c.city_name };"
406,Name articles authored by 'David Correa' that mention any technology companies.,"MATCH (a:Article {author: 'David Correa'})-[:HAS_CHUNK]->(c:Chunk), 
      (a)-[:MENTIONS]->(o:Organization)
WHERE EXISTS {(o)-[:HAS_CATEGORY]->(:IndustryCategory {name: 'Technology'})}
RETURN a.title, a.siteName, a.date, o.name","match
  $a isa article, has author ""David Correa"";
  $c isa chunk;
  $o isa organization;
  (article: $a, chunk: $c) isa has_chunk;
  (article: $a, mentioned: $o) isa mentions;
  $ic isa industry_category, has industry_category_name ""Technology""; (organization: $o, category: $ic) isa in_category;
fetch { ""title"": $a.title, ""site_name"": $a.site_name, ""date"": $a.date, ""name"": $o.name };"
407,Which organizations are mentioned in articles published after 2020?,"MATCH (a:Article)-[:MENTIONS]->(o:Organization) WHERE a.date > date(""2020-01-01"") RETURN DISTINCT o","match
  $o isa organization;
  $a isa article;
  (article: $a, mentioned: $o) isa mentions;
reduce $mentionCount = count($a) groupby $o;
limit 3;
fetch { ""organization"": $o.name, ""mentionCount"": $mentionCount };"
408,What is the summary of the country where 'Seattle' is located?,"MATCH (c:City {name: 'Seattle'})-[:IN_COUNTRY]->(country:Country)
RETURN country.summary","match
  $c isa city, has city_name ""Seattle"";
  $country isa country;
  (child: $c, parent: $country) isa location-contains;
fetch { ""country_summary"": $country.country_summary };"
409,Which organizations are investors in more than two other organizations?,"MATCH (o:Organization)-[:HAS_INVESTOR]->(investor:Organization)
WITH investor, count(o) as num_investments
WHERE num_investments > 2
RETURN investor.name as investor, num_investments","match
$investor isa organization;
invested_in (investor: $investor, organization: $o);
reduce $count = count($o) groupby $investor;
match $count > 2;
fetch { ""investor"": $investor.name, ""investments"": $count };"
410,Name the organizations that are suppliers to 'Accenture'.,"MATCH (o:Organization)<-[:HAS_SUPPLIER]-(a:Organization {name: 'Accenture'})
RETURN o.name AS supplier","match
  $a isa organization, has name ""Accenture"";
  $o isa organization;
  supplies (supplier: $o, customer: $a);
fetch { ""supplier"": $o.name };"
411,What are the names of organizations that have at least one investor but no subsidiaries?,"MATCH (o:Organization)
WHERE exists((o)<-[:HAS_INVESTOR]-()) 
  AND NOT exists((o)-[:HAS_SUBSIDIARY]->())
RETURN o.name","match
  $o isa organization, has name $on;
  $investor isa person;
  (organization: $o, investor: $investor) isa invested_in;
  not { (parent: $o, subsidiary: $sub) isa subsidiary_of; $sub isa organization; };
fetch { ""organization"": $on };"
412,List the top 5 organizations by number of employees.,"MATCH (o:Organization)
WHERE o.nbrEmployees IS NOT NULL
RETURN o.name AS organization, o.nbrEmployees AS numberOfEmployees
ORDER BY o.nbrEmployees DESC
LIMIT 5","match
  $o isa organization, has nbr_employees $n;
sort $n desc;
limit 5;
fetch { ""organization"": $o.name, ""numberOfEmployees"": $n };"
413,Which organizations are both suppliers and competitors to other organizations?,"MATCH (o1:Organization)-[:HAS_SUPPLIER]->(o2:Organization) WHERE (o1)-[:HAS_COMPETITOR]->(o2) RETURN o1.name AS org1, o2.name AS org2","match $o1 isa organization; $o2 isa organization; (customer: $o1, supplier: $o2) isa supplies; (competitor: $o1, competitor: $o2) isa competes_with; fetch { ""org1"": $o1.name, ""org2"": $o2.name };"
414,Identify the organizations with the highest revenue in the 'Electronic Products Manufacturers' industry.,"MATCH (o:Organization)-[:HAS_CATEGORY]->(c:IndustryCategory {name: 'Electronic Products Manufacturers'})
WHERE o.revenue IS NOT NULL
RETURN o.name AS organization, o.revenue AS revenue
ORDER BY o.revenue DESC
LIMIT 10","match
  $o isa organization, has revenue $rev;
  $c isa industry_category, has industry_category_name ""Electronic Products Manufacturers"";
  in_category (organization: $o, category: $c);
sort $rev desc;
limit 10;
fetch { ""organization"": $o.name, ""revenue"": $rev };"
415,Which articles mention organizations with a revenue less than 10 million?,"MATCH (a:Article)-[:MENTIONS]->(o:Organization) WHERE o.revenue < 1E7 RETURN a, o","match
  $a isa article;
  $o isa organization, has revenue $r;
  $r < 10000000;
  mentions (article: $a, mentioned: $o);
fetch { ""article"": $a.title, ""organization"": $o.name };"
416,What are the names and summaries of organizations mentioned in articles with a high sentiment score (>0.9)?,"MATCH (a:Article)-[:MENTIONS]->(o:Organization)
WHERE a.sentiment > 0.9
RETURN o.name AS organization, o.summary AS summary","match
  $a isa article, has sentiment $s;
  $s > 0.9;
  mentions (article: $a, mentioned: $o);
  $o isa organization;
fetch { ""organization"": $o.name, ""summary"": $o.summary };"
417,List the organizations that have their CEOs also serving as board members in other organizations.,"MATCH (o:Organization)-[:HAS_CEO]->(ceo:Person) WHERE EXISTS { (ceo)-[:HAS_BOARD_MEMBER]-(:Organization) } RETURN o.name AS organization, ceo.name AS ceo","match
  $o isa organization;
  $p isa person;
  (organization: $o, ceo: $p) isa ceo_of;
  $other isa organization;
  (organization: $other, member: $p) isa board_member_of;
  not { $o is $other; };
fetch { ""organization"": $o.name, ""ceo"": $p.name };"
418,Name the children of 'Julie Spellman Sweet'.,MATCH (p:Person {name: 'Julie Spellman Sweet'})-[:HAS_CHILD]->(child:Person) RETURN child.name,"match
  $p isa person, has name ""Julie Spellman Sweet"";
  $child isa person;
  parent_of (parent: $p, child: $child);
fetch { ""child_name"": $child.name };"
419,Which organizations are based in cities not in the 'United States of America'?,"MATCH (o:Organization)-[:IN_CITY]->(c:City)-[:IN_COUNTRY]->(country:Country) WHERE country.name <> 'United States of America' RETURN o.name AS organization, c.name AS city, country.name AS country","match $o isa organization; $c isa city; $country isa country, has country_name $cn; (organization: $o, city: $c) isa located_in; (child: $c, parent: $country) isa location-contains; not { $cn == ""United States of America""; }; fetch { ""organization"": $o.name, ""city"": $c.city_name, ""country"": $cn };"
420,Identify all organizations that have a motto containing the word 'security'.,"MATCH (o:Organization)
WHERE o.motto CONTAINS 'security'
RETURN o","match
  $o isa organization, has motto $m;
  $m like "".*security.*"";
fetch { ""organization"": $o };"
421,What are the names of organizations that have at least three categories associated with them?,"MATCH (o:Organization)-[:HAS_CATEGORY]->(c:IndustryCategory)
WITH o, count(c) AS categoryCount
WHERE categoryCount >= 3
RETURN o.name AS organization","match
  $o isa organization;
  $c isa industry_category;
  (organization: $o, category: $c) isa in_category;
reduce $categoryCount = count($c) groupby $o;
match $categoryCount >= 3;
fetch { ""organization"": $o.name };"
422,Which organizations have the most articles mentioning them?,"MATCH (o:Organization)<-[:MENTIONS]-(a:Article)
WITH o, count(a) as mentionCount
RETURN o.name as organization, mentionCount
ORDER BY mentionCount DESC
LIMIT 10","match
  $o isa organization;
  mentions (article: $a, mentioned: $o);
reduce $count = count($a) groupby $o;
sort $count desc;
limit 10;
fetch { ""organization"": $o.name, ""mentionCount"": $count };"
423,List all the organizations and their respective CEOs who are mentioned in the same article.,"MATCH (article:Article)-[:MENTIONS]->(org:Organization), 
      (org)-[:HAS_CEO]->(ceo:Person)
RETURN org.name AS organization, ceo.name AS ceo","match
  $a isa article;
  $o isa organization;
  $p isa person;
  mentions (article: $a, mentioned: $o);
  ceo_of (organization: $o, ceo: $p);
fetch { ""organization"": $o.name, ""ceo"": $p.name };"
424,Name the industry categories that have the most organizations associated with them.,"MATCH (ic:IndustryCategory)<-[:HAS_CATEGORY]-(o:Organization)
WITH ic, count(o) as orgCount
ORDER BY orgCount DESC
RETURN ic.name as industryCategory, orgCount
LIMIT 10","match
  $ic isa industry_category, has industry_category_name $icn;
  $o isa organization;
  in_category (organization: $o, category: $ic);
reduce $count = count($o) groupby $ic, $icn;
sort $count desc;
limit 10;
fetch { ""industryCategory"": $icn, ""orgCount"": $count };"
425,Which organizations have been mentioned in the most negative sentiment articles?,"MATCH (a:Article)-[:MENTIONS]->(o:Organization)
WHERE a.sentiment IS NOT NULL
WITH o, min(a.sentiment) AS minSentiment, count(a) AS numMentions
RETURN o.name AS organization, minSentiment, numMentions
ORDER BY minSentiment
LIMIT 10","match
  $o isa organization, has name $on;
  $a isa article, has sentiment $s;
  mentions (article: $a, mentioned: $o);
reduce $minSentiment = min($s), $numMentions = count($a) groupby $o, $on;
sort $minSentiment asc;
limit 10;
fetch { ""organization"": $on, ""minSentiment"": $minSentiment, ""numMentions"": $numMentions };"
426,Identify organizations that have more than 3 board members.,MATCH (o:Organization) WHERE size([(o)-[:HAS_BOARD_MEMBER]->(:Person) | 1]) > 3 RETURN o,"match
  $o isa organization;
  $p isa person;
  (organization: $o, member: $p) isa board_member_of;
limit 3;
fetch { ""boardMember"": $p.name, ""organization"": $o.name };"
427,What are the names of organizations that have both public and private subsidiaries?,MATCH (o:Organization) WHERE EXISTS { (o)-[:HAS_SUBSIDIARY]->(:Organization {isPublic: true}) } AND EXISTS { (o)-[:HAS_SUBSIDIARY]->(:Organization {isPublic: false}) } RETURN o.name,"match
  $o isa organization;
  $sub1 isa organization, has is_public true;
  $sub2 isa organization, has is_public false;
  subsidiary_of (parent: $o, subsidiary: $sub1);
  subsidiary_of (parent: $o, subsidiary: $sub2);
fetch { ""name"": $o.name };"
428,Which persons are investors in organizations that have a revenue over 100 million?,"MATCH (p:Person)-[:HAS_INVESTOR]->(o:Organization) WHERE o.revenue > 1E8 RETURN p.name AS investor, o.name AS organization, o.revenue AS revenue","match
  $o isa organization;
  $investor isa person;
  (organization: $o, investor: $investor) isa invested_in;
  $o has revenue $o_revenue;
  $o_revenue > 100000000;
fetch { ""investor"": $investor.name, ""organization"": $o.name, ""revenue"": $o.revenue };"
429,List the organizations that have been mentioned in articles related to security threats.,"MATCH (a:Article)-[:HAS_CHUNK]->(c:Chunk)
WHERE c.text CONTAINS 'security threats'
WITH a
MATCH (a)-[:MENTIONS]->(o:Organization)
RETURN DISTINCT o.name AS organization","match
  $c isa chunk, has text $t;
  $t like "".*security threats.*"";
  has_chunk (article: $a, chunk: $c);
  mentions (article: $a, mentioned: $o);
  $o has name $name;
select $name;
distinct;
fetch { ""organization"": $name };"
430,Name the cities that are mentioned in articles about organizations in the 'Software' industry.,"MATCH (a:Article)-[:MENTIONS]->(o:Organization)-[:HAS_CATEGORY]->(c:IndustryCategory {name: 'Software'}),
      (a)-[:HAS_CHUNK]->(ch:Chunk),
      (city:City)<-[:IN_CITY]-(o)
WHERE ch.text CONTAINS city.name
RETURN DISTINCT city.name","match
  $a isa article;
  $o isa organization;
  $c isa industry_category, has industry_category_name ""Software"";
  $ch isa chunk;
  $city isa city;
  (article: $a, mentioned: $o) isa mentions;
  (article: $a, chunk: $ch) isa has_chunk;
  (organization: $o, city: $city) isa located_in;
  (organization: $o, category: $c) isa in_category;
fetch { ""city_name"": $city.city_name };"
431,What is the revenue of the subsidiaries of 'Accenture'?,"MATCH (accenture:Organization {name: 'Accenture'})-[:HAS_SUBSIDIARY*]->(subsidiary:Organization) WHERE subsidiary.revenue IS NOT NULL RETURN subsidiary.name AS subsidiary, subsidiary.revenue AS revenue","match
  $o isa organization, has name ""Accenture"";
  $subsidiary isa organization;
  (parent: $o, subsidiary: $subsidiary) isa subsidiary_of;
  $subsidiary has revenue $sub_revenue;
fetch { ""subsidiary"": $subsidiary.name, ""revenue"": $subsidiary.revenue };"
432,List the organizations that have the most investors.,"MATCH (o:Organization)<-[:HAS_INVESTOR]-(investor)
WITH o, count(investor) AS investorCount
RETURN o.name AS organization, investorCount
ORDER BY investorCount DESC
LIMIT 10","match
  $o isa organization;
  invested_in (organization: $o, investor: $investor);
reduce $count = count($investor) groupby $o;
sort $count desc;
limit 10;
fetch { ""organization"": $o.name, ""investorCount"": $count };"
433,Which organizations have a board member named 'David Correa'?,"MATCH (o:Organization)-[:HAS_BOARD_MEMBER]->(p:Person {name: 'David Correa'})
RETURN o.name AS organization","match
  $p isa person, has name ""David Correa"";
  $o isa organization;
  (organization: $o, member: $p) isa board_member_of;
fetch { ""boardMember"": $p.name };"
434,Name the top 3 organizations by revenue within the 'Financial Services' category.,"MATCH (o:Organization)-[:HAS_CATEGORY]->(c:IndustryCategory {name: 'Financial Services'})
WHERE o.revenue IS NOT NULL
RETURN o.name AS organization, o.revenue AS revenue
ORDER BY o.revenue DESC
LIMIT 3","match
  $o isa organization, has revenue $r;
  $ic isa industry_category, has industry_category_name ""Financial Services"";
  in_category (organization: $o, category: $ic);
sort $r desc;
limit 3;
fetch { ""organization"": $o.name, ""revenue"": $r };"
435,List the organizations that have been mentioned in the most articles.,"MATCH (o:Organization)<-[:MENTIONS]-(a:Article)
WITH o, count(a) AS mentionCount
RETURN o.name AS organization, mentionCount
ORDER BY mentionCount DESC","match
  $o isa organization, has name $name;
  mentions (article: $a, mentioned: $o);
reduce $count = count($a) groupby $o, $name;
sort $count desc;
fetch { ""organization"": $name, ""mentionCount"": $count };"
436,Which organizations have a CEO who has written an article?,"MATCH (o:Organization)-[:HAS_CEO]->(ceo:Person)<-[:AUTHOR]-(a:Article) RETURN o.name AS organization, ceo.name AS ceo, a.title AS article","match $o isa organization; $ceo isa person; $a isa article; (organization: $o, ceo: $ceo) isa ceo_of; fetch { ""organization"": $o.name, ""ceo"": $ceo.name, ""article"": $a.title };"
437,Identify the organizations where 'Julie Spellman Sweet' is a board member.,"MATCH (p:Person {name: 'Julie Spellman Sweet'})<-[:HAS_BOARD_MEMBER]-(o:Organization)
RETURN o.name AS organization","match
  $p isa person, has name ""Julie Spellman Sweet"";
  $o isa organization;
  (organization: $o, member: $p) isa board_member_of;
fetch { ""organization"": $o.name };"
438,What are the names of organizations that have been competitors for more than 10 years?,"MATCH (o1:Organization)-[:HAS_COMPETITOR]->(o2:Organization) WHERE exists { ... duration > 10 years } RETURN o1.name AS org1, o2.name AS org2","match $o1 isa organization; $o2 isa organization; (competitor: $o1, competitor: $o2) isa competes_with; fetch { ""org1"": $o1.name, ""org2"": $o2.name };"
439,Which organizations have been investors in 'New Energy Group'?,"MATCH (o:Organization {name: 'New Energy Group'})<-[:HAS_INVESTOR]-(investor:Organization)
RETURN investor.name AS investor","match
$o isa organization, has name ""New Energy Group"";
$investor isa organization;
invested_in (investor: $investor, organization: $o);
fetch { ""investor"": $investor.name };"
440,Name the organizations that are headquartered in cities known for their technology industry.,"MATCH (o:Organization)-[:IN_CITY]->(c:City) WHERE c.name IN ['San Francisco', 'Seattle', ...] RETURN o.name AS organization, c.name AS city","match $o isa organization; $c isa city; (organization: $o, city: $c) isa located_in; fetch { ""organization"": $o.name, ""city"": $c.city_name };"
441,List the cities that have organizations with a revenue exceeding 500 million.,MATCH (c:City)<-[:IN_CITY]-(o:Organization) WHERE o.revenue > 5e8 RETURN c.name AS city,"match
  $c isa city;
  $o isa organization, has revenue $r;
  $r > 500000000;
  located_in (city: $c, organization: $o);
fetch { ""city"": $c.city_name };"
442,Which organizations have the most suppliers?,"MATCH (o:Organization)-[:HAS_SUPPLIER]->(s:Organization)
WITH o, count(s) as supplierCount
RETURN o.name as organization, supplierCount
ORDER BY supplierCount DESC
LIMIT 10","match
  $o isa organization;
  $s isa organization;
  (customer: $o, supplier: $s) isa supplies;
reduce $supplierCount = count($s) groupby $o;
sort $supplierCount desc;
limit 10;
fetch { ""organization"": $o.name, ""supplierCount"": $supplierCount };"
443,Name the CEOs of the top 5 organizations by number of employees.,"MATCH (o:Organization)-[:HAS_CEO]->(ceo:Person)
WHERE o.nbrEmployees IS NOT NULL
RETURN ceo.name AS ceoName, o.name AS orgName, o.nbrEmployees AS numEmployees
ORDER BY o.nbrEmployees DESC
LIMIT 5","match
  $o isa organization;
  $ceo isa person;
  (organization: $o, ceo: $ceo) isa ceo_of;
  $o has nbr_employees $o_nbr_employees;
sort $o_nbr_employees desc;
limit 5;
fetch { ""ceoName"": $ceo.name, ""orgName"": $o.name, ""numEmployees"": $o.nbr_employees };"
444,Identify the organizations that have been dissolved but still mentioned in recent articles.,"MATCH (o:Organization {isDissolved: true})<-[:MENTIONS]-(a:Article) WHERE a.date >= datetime() - duration('P1Y') RETURN o.name AS organization, a.title AS article, a.date ORDER BY a.date DESC","match $o isa organization, has is_dissolved true; $a isa article; (article: $a, mentioned: $o) isa mentions; $a has date $a_date; sort $a_date desc; fetch { ""organization"": $o.name, ""article"": $a.title, ""date"": $a.date };"
445,List the board members of organizations in the 'Healthcare' industry.,"MATCH (o:Organization)-[:HAS_CATEGORY]->(c:IndustryCategory {name: 'Healthcare'})
MATCH (o)-[:HAS_BOARD_MEMBER]->(p:Person)
RETURN o.name AS organization, p.name AS board_member","match
  $o isa organization;
  $c isa industry_category, has industry_category_name ""Healthcare"";
  (organization: $o, category: $c) isa in_category;
  $p isa person;
  (organization: $o, member: $p) isa board_member_of;
fetch { ""organization"": $o.name, ""board_member"": $p.name };"
446,Which countries have the most cities with public organizations?,"MATCH (c:Country)<-[:IN_COUNTRY]-(city:City)<-[:IN_CITY]-(o:Organization)
WHERE o.isPublic IS NOT NULL AND o.isPublic = true
WITH c, count(city) AS numCities
RETURN c.name AS country, numCities
ORDER BY numCities DESC
LIMIT 10","match
  $c isa country;
  $city isa city;
  $o isa organization;
  (child: $city, parent: $c) isa location-contains;
  $o has is_public $o_is_public;
  $o has is_public true;
  (organization: $o, city: $city) isa located_in;
reduce $numCities = count($city) groupby $c;
sort $numCities desc;
limit 10;
fetch { ""country"": $c.country_name, ""numCities"": $numCities };"
447,List the articles that mention organizations headquartered in 'Seattle'.,"MATCH (a:Article)-[:MENTIONS]->(o:Organization)-[:IN_CITY]->(:City {name: 'Seattle'}) RETURN a.title, a.summary, a.date, o.name","match
  $a isa article;
  $o isa organization;
  $c isa city, has city_name ""Seattle"";
  mentions (article: $a, mentioned: $o);
  located_in (organization: $o, city: $c);
fetch { ""title"": $a.title, ""summary"": $a.article_summary, ""date"": $a.date, ""organization"": $o.name };"
448,"Which organizations are based in a city with a population less than 100,000?","MATCH (o:Organization)-[:IN_CITY]->(c:City)
WHERE c.population < 100000
RETURN o.name AS organization, c.name AS city","match
$o isa organization;
$c isa city, has population $pop;
$pop < 100000;
located_in (organization: $o, city: $c);
fetch { ""organization"": $o.name, ""city"": $c.city_name };"
449,Name the industry categories for organizations that have been mentioned in articles about environmental issues.,MATCH (article:Article)-[:HAS_CHUNK]->(chunk:Chunk) WHERE toLower(chunk.text) CONTAINS 'environment' ... RETURN DISTINCT category.name,"match $article isa article; $chunk isa chunk; (article: $article, chunk: $chunk) isa has_chunk; $org isa organization; $category isa industry_category; (article: $article, mentioned: $org) isa mentions; fetch { ""industry_category_name"": $category.industry_category_name };"
450,Which organizations have a CEO who is also an investor in other organizations?,"MATCH (ceo:Person)<-[:HAS_CEO]-(org:Organization)-[:HAS_INVESTOR]->(investedOrg:Organization) WHERE (ceo)-[:HAS_INVESTOR]->(investedOrg) RETURN org.name AS organization, ceo.name AS ceo, investedOrg.name AS investedOrganization","match $ceo isa person; $org isa organization; $investedOrg isa organization; (organization: $org, ceo: $ceo) isa ceo_of; (organization: $org, investor: $ceo) isa invested_in; fetch { ""organization"": $org.name, ""ceo"": $ceo.name, ""investedOrganization"": $investedOrg.name };"
451,List the organizations that have both a high revenue and a high number of employees.,"MATCH (o:Organization) WHERE o.revenue > 1E8 AND o.nbrEmployees > 1000 ... ORDER BY o.revenue DESC, o.nbrEmployees DESC","match $o isa organization; $o has revenue $o_revenue; $o has nbr_employees $o_nbr_employees; $o_revenue > 100000000; $o_nbr_employees > 1000; sort $o_revenue desc; fetch { ""organization"": $o.name, ""revenue"": $o.revenue, ""employees"": $o.nbr_employees };"
452,Which organizations have CEOs who have been in their position for less than 3 years?,"MATCH (o:Organization)-[:HAS_CEO]->(p:Person)
WHERE p.startDate IS NOT NULL AND duration.between(p.startDate, date()).years < 3
RETURN o.name AS organization, p.name AS ceo","match
$o isa organization;
$p isa person;
$rel isa ceo_of (organization: $o, ceo: $p);
$rel has start-date $sd;
$sd > 2023-01-22T00:00:00;
fetch { ""organization"": $o.name, ""ceo"": $p.name };"
453,Name the organizations with the most board members who are also CEOs of other organizations.,"MATCH (o:Organization)<-[:HAS_BOARD_MEMBER]-(boardMember:Person)
WHERE EXISTS {
  (boardMember)-[:HAS_CEO]->(:Organization)
}
WITH o, count(boardMember) AS boardMemberCEOCount
RETURN o.name AS organization, boardMemberCEOCount
ORDER BY boardMemberCEOCount DESC
LIMIT 10","match
  $o isa organization;
  $bm isa person;
  $other isa organization;
  board_member_of (organization: $o, member: $bm);
  ceo_of (organization: $other, ceo: $bm);
  not { $o is $other; };
reduce $count = count($bm) groupby $o;
sort $count desc;
limit 10;
fetch { ""organization"": $o.name, ""boardMemberCEOCount"": $count };"
454,List the top 5 cities by number of public organizations.,"MATCH (c:City)<-[:IN_CITY]-(o:Organization)
WHERE o.isPublic = true
WITH c, count(o) as orgCount
ORDER BY orgCount DESC
LIMIT 5
RETURN c.name as city, orgCount as numberOfPublicOrganizations","match
  $o isa organization, has is_public true;
  located_in (organization: $o, city: $c);
reduce $count = count($o) groupby $c;
sort $count desc;
limit 5;
fetch { ""city"": $c.city_name, ""numberOfPublicOrganizations"": $count };"
455,Which organizations have been mentioned in articles with a sentiment score lower than 0.5?,"MATCH (a:Article)-[:MENTIONS]->(o:Organization)
WHERE a.sentiment < 0.5
RETURN DISTINCT o","match
  $a isa article;
  $o isa organization;
  (article: $a, mentioned: $o) isa mentions;
  $a has sentiment $a_sentiment;
  $a_sentiment < 0.5;
fetch { ""o"": $o };"
456,List the organizations that have more than one category associated with them.,"MATCH (o:Organization)-[:HAS_CATEGORY]->(c:IndustryCategory)
WITH o, count(c) AS categoryCount
WHERE categoryCount > 1
RETURN o.name AS organization, categoryCount","match
  $o isa organization;
  $c isa industry_category;
  (organization: $o, category: $c) isa in_category;
reduce $categoryCount = count($c) groupby $o;
match $categoryCount > 1;
fetch { ""organization"": $o.name, ""categoryCount"": $categoryCount };"
457,Which organizations are based in the same city as 'Accenture'?,MATCH (accenture:Organization {name: 'Accenture'})-[:IN_CITY]->(city:City)<-[:IN_CITY]-(other:Organization) WHERE other <> accenture RETURN other.name AS organization,"match $accenture isa organization, has name ""Accenture""; $city isa city; $other isa organization; (organization: $accenture, city: $city) isa located_in; fetch { ""organization"": $other.name };"
458,Identify the organizations that are both public and have more than 1000 employees.,"MATCH (o:Organization)
WHERE o.isPublic = true AND o.nbrEmployees > 1000
RETURN o.name AS organization, o.nbrEmployees AS numberOfEmployees","match
  $o isa organization;
  $o has is_public true;
  $o has nbr_employees $o_nbr_employees;
  $o_nbr_employees > 1000;
fetch { ""organization"": $o.name, ""numberOfEmployees"": $o.nbr_employees };"
459,List the articles that mention organizations with the most employees.,"MATCH (a:Article)-[:MENTIONS]->(o:Organization)
WHERE o.nbrEmployees IS NOT NULL
WITH a, o
ORDER BY o.nbrEmployees DESC
RETURN a.title AS article, o.name AS organization, o.nbrEmployees AS employees
LIMIT 10","match
  $a isa article;
  $o isa organization;
  (article: $a, mentioned: $o) isa mentions;
  $o has nbr_employees $o_nbr_employees;
sort $o_nbr_employees desc;
limit 10;
fetch { ""article"": $a.title, ""organization"": $o.name, ""employees"": $o.nbr_employees };"
460,Which organizations have a board member who is a CEO of a competitor organization?,"MATCH (o1:Organization)-[:HAS_BOARD_MEMBER]->(p:Person)<-[:HAS_CEO]-(o2:Organization), (o1)-[:HAS_COMPETITOR]->(o2) RETURN ...","match $o1 isa organization; $p isa person; $o2 isa organization; (organization: $o1, member: $p) isa board_member_of; (competitor: $o1, competitor: $o2) isa competes_with; (organization: $o1, ceo: $p) isa ceo_of; fetch { ""Organization"": $o1.name, ""BoardMember"": $p.name, ""CompetitorWithBoardMemberAsCEO"": $o2.name };"
461,Name the top 3 organizations by revenue in the 'Technology' category.,"MATCH (o:Organization)-[:HAS_CATEGORY]->(c:IndustryCategory {name: 'Technology'})
WHERE o.revenue IS NOT NULL
RETURN o.name AS organization, o.revenue AS revenue
ORDER BY o.revenue DESC
LIMIT 3","match
  $o isa organization;
  $c isa industry_category, has industry_category_name ""Technology"";
  (organization: $o, category: $c) isa in_category;
  $o has revenue $o_revenue;
sort $o_revenue desc;
limit 3;
fetch { ""organization"": $o.name, ""revenue"": $o.revenue };"
462,List the organizations that have the most negative sentiment articles mentioning them.,"MATCH (o:Organization)<-[:MENTIONS]-(a:Article) WITH o, avg(a.sentiment) AS avgSentiment ORDER BY avgSentiment ASC LIMIT 10 RETURN o.name AS organization, avgSentiment","match
  $o isa organization;
  $a isa article, has sentiment $s;
  mentions (article: $a, mentioned: $o);
reduce $avg_sentiment = mean($s) groupby $o;
sort $avg_sentiment asc;
limit 10;
fetch { ""organization"": $o.name, ""avg_sentiment"": $avg_sentiment };"
463,Identify the organizations that have been mentioned in articles about innovation.,"MATCH (a:Article)-[:HAS_CHUNK]->(c:Chunk)
WHERE c.text CONTAINS 'innovation'
WITH a
MATCH (a)-[:MENTIONS]->(o:Organization)
RETURN DISTINCT o","match
  $a isa article;
  $c isa chunk;
  (article: $a, chunk: $c) isa has_chunk;
  $o isa organization;
  (article: $a, mentioned: $o) isa mentions;
  $c has text $c_text;
  $c_text contains ""innovation"";
fetch { ""o"": $o };"
464,List the organizations that have a CEO named 'Julie Spellman Sweet'.,"MATCH (o:Organization)-[:HAS_CEO]->(p:Person {name: 'Julie Spellman Sweet'})
RETURN o.name AS organization","match
  $o isa organization;
  $p isa person, has name ""Julie Spellman Sweet"";
  (organization: $o, ceo: $p) isa ceo_of;
fetch { ""organization"": $o.name };"
465,Which organizations are based in a country other than their CEO's nationality?,"MATCH (o:Organization)-[:HAS_CEO]->(ceo:Person),
      (o)-[:IN_CITY]->(:City)-[:IN_COUNTRY]->(country:Country),
      (ceo)-[:HAS_PARENT*0..]->(parent:Person)
WHERE parent.name IS NOT NULL
  AND NOT EXISTS {
    (parent)-[:HAS_PARENT*0..]->(:Person)-[:HAS_CHILD*0..]->(ceoNationality:Person)
    WHERE (ceoNationality)-[:IN_CITY]->(:City)-[:IN_COUNTRY]->(country)
  }
RETURN o.name AS organization, ceo.name AS ceo, country.name AS country","match
  $o isa organization;
  $ceo isa person;
  $country isa country;
  $parent isa person;
  (organization: $o, ceo: $ceo) isa ceo_of;
  $city isa city; (organization: $o, city: $city) isa located_in;
(child: $city, parent: $country) isa location-contains; (parent: $ceo, child: $parent) isa parent_of; fetch { ""organization"": $o.name, ""ceo"": $ceo.name, ""country"": $country.country_name };"
466,Name the organizations that have made the most investments in startups.,"MATCH (investor:Organization)-[r:HAS_INVESTOR]->(company:Organization)
WITH investor, count(r) AS num_investments
ORDER BY num_investments DESC
LIMIT 10
RETURN investor.name AS investor, num_investments","match
$investor isa organization;
$startup isa organization, has nbr_employees $emp;
$emp < 100;
invested_in (investor: $investor, organization: $startup);
reduce $count = count($startup) groupby $investor;
sort $count desc;
limit 10;
fetch { ""investor"": $investor.name, ""investments"": $count };"
467,List the cities where the most CEOs of large organizations reside.,"MATCH (c:City)<-[:IN_CITY]-(o:Organization)-[:HAS_CEO]->(p:Person) WHERE o.nbrEmployees > 1000 RETURN c.name AS city, count(p) AS ceoCount ORDER BY ceoCount DESC LIMIT 10","match
$c isa city;
$o isa organization, has nbr_employees $e;
$e > 1000;
$p isa person;
(organization: $o, city: $c) isa located_in;
(organization: $o, ceo: $p) isa ceo_of;
reduce $ceoCount = count($p) groupby $c;
sort $ceoCount desc;
limit 10;
fetch {
  ""city"": $c.city_name,
  ""ceoCount"": $ceoCount
};"
468,Which organizations have the most positive sentiment articles mentioning them?,"MATCH (o:Organization)<-[:MENTIONS]-(a:Article) WITH o, avg(a.sentiment) AS avgSentiment ORDER BY avgSentiment DESC LIMIT 10 RETURN o.name AS organization, avgSentiment","match
  $o isa organization, has name $name;
  $a isa article, has sentiment $s;
  mentions (article: $a, mentioned: $o);
reduce $avgSentiment = mean($s) groupby $o, $name;
sort $avgSentiment desc;
limit 10;
fetch {
  ""organization"": $name,
  ""avgSentiment"": $avgSentiment
};"
469,Name the organizations that have been mentioned in articles about financial fraud.,"MATCH (a:Article)-[:HAS_CHUNK]->(c:Chunk), (a)-[:MENTIONS]->(o:Organization)
WHERE c.text CONTAINS 'financial fraud'
RETURN DISTINCT o.name","match
$a isa article;
$c isa chunk, has text $t;
$t like "".*financial fraud.*"";
has_chunk (article: $a, chunk: $c);
$o isa organization, has name $n;
mentions (article: $a, mentioned: $o);
select $n;
distinct;
fetch { ""name"": $n };"
470,List the organizations that have a subsidiary and a supplier in the same country.,"MATCH (o:Organization)-[:HAS_SUBSIDIARY]->(sub:Organization), (o)-[:HAS_SUPPLIER]->(sup:Organization), (sub)-[:IN_CITY]->(:City)-[:IN_COUNTRY]->(c:Country), (sup)-[:IN_CITY]->(:City)-[:IN_COUNTRY]->(c) RETURN o.name AS organization, c.name AS country","match $o isa organization; $sub isa organization; $sup isa organization; $c isa country; (parent: $o, subsidiary: $sub) isa subsidiary_of; (customer: $o, supplier: $sup) isa supplies; $city isa city; (organization: $o, city: $city) isa located_in; (child: $city, parent: $c) isa location-contains; fetch { ""organization"": $o.name, ""country"": $c.country_name };"
471,Identify the organizations that have been mentioned in the most articles about technology.,"MATCH (o:Organization)<-[:MENTIONS]-(a:Article) WHERE (o)-[:HAS_CATEGORY]->(:IndustryCategory {name: 'Technology'}) WITH o, count(a) as mentionCount ORDER BY mentionCount DESC RETURN o.name as organization, mentionCount LIMIT 10","match $o isa organization; $a isa article; (article: $a, mentioned: $o) isa mentions; $ic isa industry_category, has industry_category_name ""Technology""; (organization: $o, category: $ic) isa in_category; reduce $mentionCount = count($a) groupby $o; sort $mentionCount desc; limit 10; fetch { ""organization"": $o.name, ""mentionCount"": $mentionCount };"
472,List the organizations that are mentioned in articles with a sentiment score of exactly 0.5.,"MATCH (a:Article)-[:MENTIONS]->(o:Organization)
WHERE a.sentiment = 0.5
RETURN DISTINCT o","match
  $a isa article, has sentiment 0.5;
  $o isa organization;
  mentions (article: $a, mentioned: $o);
select $o;
distinct;
fetch { ""organization"": $o.name };"
473,List the top 5 organizations by number of articles mentioning them.,"MATCH (o:Organization)<-[:MENTIONS]-(a:Article) RETURN o.name AS organization, count(a) AS mentions ORDER BY mentions DESC LIMIT 5","match $o isa organization, has name $n; $a isa article; (article: $a, mentioned: $o) isa mentions; reduce $mentions = count($a) groupby $o; match $o has name $n; sort $mentions desc; limit 5; fetch { ""organization"": $n, ""mentions"": $mentions };"
474,Which organizations have been mentioned in articles about corporate social responsibility?,"MATCH (a:Article)-[:HAS_CHUNK]->(c:Chunk), (a)-[:MENTIONS]->(o:Organization)
WHERE c.text CONTAINS 'corporate social responsibility'
RETURN DISTINCT o.name AS organization","match
  $a isa article;
  $c isa chunk;
  $o isa organization;
  (article: $a, chunk: $c) isa has_chunk;
  (article: $a, mentioned: $o) isa mentions;
  $c has text $c_text;
  $c_text contains ""corporate social responsibility"";
fetch { ""organization"": $o.name };"
475,What are the names of the first 3 organizations that have been dissolved?,"MATCH (o:Organization)
WHERE o.isDissolved IS NOT NULL AND o.isDissolved = true
RETURN o.name
LIMIT 3","match $o isa organization, has is_dissolved true;
limit 3;
fetch { ""name"": $o.name };"
476,List the top 5 organizations with the highest revenue.,"MATCH (o:Organization)
WHERE o.revenue IS NOT NULL
RETURN o.name AS organization, o.revenue AS revenue
ORDER BY o.revenue DESC
LIMIT 5","match
$o isa organization, has revenue $r;
sort $r desc;
limit 5;
fetch { ""organization"": $o.name, ""revenue"": $r };"
477,Which organizations are located in Seattle?,"MATCH (o:Organization)-[:IN_CITY]->(c:City {name: 'Seattle'})
RETURN o.name AS organization","match
  $o isa organization;
  $c isa city, has city_name ""Seattle"";
  located_in (organization: $o, city: $c);
fetch { ""organization"": $o.name };"
478,Who are the CEOs of the top 3 public organizations by number of employees?,"MATCH (o:Organization)-[:HAS_CEO]->(ceo:Person)
WHERE o.isPublic = true AND o.nbrEmployees IS NOT NULL
WITH o, ceo
ORDER BY o.nbrEmployees DESC
LIMIT 3
RETURN o.name AS organization, ceo.name AS ceo","match
  $o isa organization;
  $ceo isa person;
  (organization: $o, ceo: $ceo) isa ceo_of;
  $o has is_public true;
  $o has nbr_employees $o_nbr_employees;
sort $o_nbr_employees desc;
limit 3;
fetch { ""organization"": $o.name, ""ceo"": $ceo.name };"
479,Identify the first 3 industries mentioned in articles written by David Correa.,MATCH (a:Article {author: 'David Correa'})-[:HAS_CHUNK]->(c:Chunk) MATCH (a)-[:MENTIONS]->(o:Organization)-[:HAS_CATEGORY]->(ic:IndustryCategory) RETURN ic.name AS industry ORDER BY a.date DESC LIMIT 3,"match
  $a isa article, has author ""David Correa"";
  $o isa organization;
  $ic isa industry_category, has industry_category_name $icn;
  (article: $a, mentioned: $o) isa mentions;
  (organization: $o, category: $ic) isa in_category;
  $a has date $d;
sort $d desc;
limit 3;
fetch { ""industry"": $icn };"
480,What are the names of the first 3 organizations that have a motto?,"MATCH (o:Organization)
WHERE o.motto IS NOT NULL
RETURN o.name
LIMIT 3","match
  $o isa organization, has motto $m, has name $name;
limit 3;
fetch { ""name"": $name };"
481,Identify the first 3 cities where organizations with more than 1000 employees are located.,"MATCH (o:Organization)-[:IN_CITY]->(c:City)
WHERE o.nbrEmployees > 1000
RETURN c.name AS city
ORDER BY c.name
LIMIT 3","match
  $o isa organization, has nbr_employees $e;
  $e > 1000;
  $c isa city, has city_name $name;
  located_in (organization: $o, city: $c);
sort $name asc;
limit 3;
fetch { ""city"": $name };"
482,What are the names of the first 5 people who are board members of more than one organization?,"MATCH (p:Person)-[:HAS_BOARD_MEMBER]->(:Organization) WITH p, count(p) AS num_orgs WHERE num_orgs > 1 RETURN p.name LIMIT 5","match
  $p isa person;
  $o isa organization;
  board_member_of (organization: $o, member: $p);
reduce $count = count($o) groupby $p;
match $count > 1;
limit 5;
fetch { ""name"": $p.name };"
483,Who are the top 3 investors in the tech industry?,"MATCH (i:Person)-[:HAS_INVESTOR]->(o:Organization)-[:HAS_CATEGORY]->(c:IndustryCategory)
WHERE c.name CONTAINS 'Tech'
WITH i, count(o) as investments
ORDER BY investments DESC
LIMIT 3
RETURN i.name as investor, investments","match
  $i isa person;
  $o isa organization;
  $c isa industry_category;
  (investor: $i, organization: $o) isa invested_in;
  $c has industry_category_name $c_industry_category_name;
  $c_industry_category_name contains ""Tech"";
  (organization: $o, category: $c) isa in_category;
reduce $investments = count($o) groupby $i;
sort $investments desc;
limit 3;
fetch { ""investor"": $i.name, ""investments"": $investments };"
484,Which organizations have SAP as a competitor?,"MATCH (o:Organization)-[:HAS_COMPETITOR]->(c:Organization {name: 'SAP'})
RETURN o.name AS organization","match
  $o isa organization;
  $c isa organization, has name ""SAP"";
  (competitor: $o, competitor: $c) isa competes_with;
fetch { ""organization"": $o.name };"
485,List the first 3 organizations categorized under 'Electronic Products Manufacturers'.,"MATCH (o:Organization)-[:HAS_CATEGORY]->(c:IndustryCategory {name: 'Electronic Products Manufacturers'})
RETURN o.name AS organization
LIMIT 3","match
  $o isa organization;
  $c isa industry_category, has industry_category_name ""Electronic Products Manufacturers"";
  (organization: $o, category: $c) isa in_category;
limit 3;
fetch { ""organization"": $o.name };"
486,What are the first 5 articles that mention organizations based in the United States?,"MATCH (a:Article)-[:MENTIONS]->(o:Organization)-[:IN_CITY]->(:City)-[:IN_COUNTRY]->(c:Country {name: 'United States of America'}) RETURN a.title AS article, o.name AS organization ORDER BY a.date DESC LIMIT 5","match $a isa article; $o isa organization; $co isa country, has country_name ""United States of America""; $city isa city; (organization: $o, city: $city) isa located_in; (child: $city, parent: $co) isa location-contains; (article: $a, mentioned: $o) isa mentions; $a has date $a_date; sort $a_date desc; limit 5; fetch { ""article"": $a.title, ""organization"": $o.name };"
487,What are the names of the first 3 organizations that have subsidiaries?,MATCH (o:Organization)-[:HAS_SUBSIDIARY]->(:Organization) RETURN o.name LIMIT 3,"match
  $o isa organization;
  $subsidiary isa organization;
  (parent: $o, subsidiary: $subsidiary) isa subsidiary_of;
limit 3;
fetch { ""organization"": $o.name };"
488,Which organizations are suppliers to New Energy Group?,"MATCH (o:Organization {name: ""New Energy Group""})<-[:HAS_SUPPLIER]-(supplier:Organization) RETURN supplier","match
$o isa organization, has name ""New Energy Group"";
$supplier isa organization;
supplies (customer: $o, supplier: $supplier);
fetch { ""supplier"": $supplier };"
489,Who are the first 3 people with children also working in the same organization?,"MATCH (p:Person)-[:HAS_CHILD]->(c:Person), (p)-[:HAS_CEO|HAS_BOARD_MEMBER]->(:Organization)<-[:HAS_CEO|HAS_BOARD_MEMBER]-(c) RETURN p.name AS parent, c.name AS child LIMIT 3","match
$p isa person;
$c isa person;
$org isa organization;
parent_of (parent: $p, child: $c);
{ ceo_of (ceo: $p, organization: $org); } or { board_member_of (member: $p, organization: $org); };
{ ceo_of (ceo: $c, organization: $org); } or { board_member_of (member: $c, organization: $org); };
limit 3;
fetch { ""parent"": $p.name, ""child"": $c.name };"
490,What are the names of the first 3 organizations that have ceased operations but are still mentioned in recent articles?,"MATCH (o:Organization)-[:MENTIONS]-(a:Article)
WHERE o.isDissolved = true
WITH o, a
ORDER BY a.date DESC
RETURN o.name
LIMIT 3","match
  $o isa organization, has name $on;
  $a isa article, has date $d;
  (article: $a, mentioned: $o) isa mentions;
  $o has is_dissolved true;
sort $d desc;
limit 3;
fetch { ""organization"": $on };"
491,List the top 5 organizations by number of employees that are located in a country with 'America' in its name.,"MATCH (o:Organization)-[:IN_CITY]->(:City)-[:IN_COUNTRY]->(c:Country) WHERE c.name CONTAINS 'America' RETURN o.name AS organization, o.nbrEmployees AS numberOfEmployees ORDER BY o.nbrEmployees DESC LIMIT 5","match $o isa organization; $co isa country; $city isa city; (organization: $o, city: $city) isa located_in; (child: $city, parent: $co) isa location-contains; $co has country_name $c_country_name; $c_country_name contains ""America""; $o has nbr_employees $o_nbr_employees; sort $o_nbr_employees desc; limit 5; fetch { ""organization"": $o.name, ""numberOfEmployees"": $o.nbr_employees };"
492,Which organizations have a revenue greater than 1 billion and are public?,MATCH (o:Organization) WHERE o.revenue > 1e9 AND o.isPublic = true RETURN o,"match
  $o isa organization, has revenue $r, has is_public true;
  $r > 1000000000;
fetch { ""organization"": $o };"
493,What are the names of the first 3 persons who are investors in more than one organization?,"MATCH (p:Person)-[:HAS_INVESTOR]->(o:Organization)
WITH p, count(o) as num_orgs
WHERE num_orgs > 1
RETURN p.name
LIMIT 3","match
  $p isa person;
  $o isa organization;
  (investor: $p, organization: $o) isa invested_in;
reduce $num_orgs = count($o) groupby $p;
match $num_orgs > 1;
limit 3;
fetch { ""name"": $p.name };"
494,What are the names of the first 3 organizations with the least number of employees?,"MATCH (o:Organization)
WHERE o.nbrEmployees IS NOT NULL
RETURN o.name AS organization, o.nbrEmployees AS numberOfEmployees
ORDER BY o.nbrEmployees
LIMIT 3","match
  $o isa organization, has nbr_employees $n;
sort $n asc;
limit 3;
fetch { ""organization"": $o.name, ""numberOfEmployees"": $n };"
495,Which organizations have been mentioned in articles with a sentiment score above 0.9?,"MATCH (a:Article)-[:MENTIONS]->(o:Organization)
WHERE a.sentiment > 0.9
RETURN DISTINCT o.name AS organization","match
  $a isa article;
  $o isa organization;
  (article: $a, mentioned: $o) isa mentions;
  $a has sentiment $a_sentiment;
  $a_sentiment > 0.9;
fetch { ""organization"": $o.name };"
496,Who are the first 3 CEOs of organizations that have been invested in by another organization?,"MATCH (investor:Organization)-[:HAS_INVESTOR]->(company:Organization)-[:HAS_CEO]->(ceo:Person)
RETURN ceo.name AS ceoName, company.name AS companyName, investor.name AS investorName
LIMIT 3","match
$investor isa organization;
$o isa organization;
$ceo isa person;
invested_in (organization: $o, investor: $investor);
ceo_of (organization: $o, ceo: $ceo);
limit 3;
fetch { ""ceo"": $ceo.name };"
497,List the top 5 organizations that have more than one supplier.,"MATCH (o:Organization)-[:HAS_SUPPLIER]->(s:Organization)
WITH o, count(s) as supplierCount
WHERE supplierCount > 1
RETURN o.name as organization, supplierCount
ORDER BY supplierCount DESC
LIMIT 5","match
  $o isa organization;
  supplies (customer: $o, supplier: $s);
reduce $supplierCount = count($s) groupby $o;
match $supplierCount > 1;
sort $supplierCount desc;
limit 5;
fetch { ""organization"": $o.name, ""supplierCount"": $supplierCount };"
498,What are the names of the first 3 organizations mentioned in articles published on MrWeb?,"MATCH (article:Article {siteName: 'MrWeb'})-[:MENTIONS]->(org:Organization)
RETURN org.name
LIMIT 3","match
  $article isa article, has site_name ""MrWeb"";
  $org isa organization;
  (article: $article, mentioned: $org) isa mentions;
limit 3;
fetch { ""name"": $org.name };"
499,Which organizations are based in a city that is also a county seat?,"MATCH (o:Organization)-[:IN_CITY]->(c:City)
WHERE c.summary CONTAINS 'county seat'
RETURN o.name AS organization, c.name AS city","match
  $o isa organization;
  $c isa city;
  (organization: $o, city: $c) isa located_in;
  $c has city_summary $c_city_summary;
  $c_city_summary contains ""county seat"";
fetch { ""organization"": $o.name, ""city"": $c.city_name };"
500,Identify the first 3 organizations that have a public status and are mentioned in articles with a negative sentiment.,"MATCH (o:Organization {isPublic: true})<-[:MENTIONS]-(a:Article)
WHERE a.sentiment < 0
RETURN o.name
LIMIT 3","match
  $o isa organization, has is_public true;
  $a isa article, has sentiment $s;
  $s < 0;
  mentions (article: $a, mentioned: $o);
limit 3;
fetch { ""name"": $o.name };"
501,List the first 3 countries where organizations with over 500 employees are based.,MATCH (o:Organization)-[:IN_CITY]->(:City)-[:IN_COUNTRY]->(c:Country) WHERE o.nbrEmployees > 500 RETURN DISTINCT c.name LIMIT 3,"match
  $o isa organization, has nbr_employees $e;
  $e > 500;
  $c isa city;
  $co isa country;
  located_in (organization: $o, city: $c);
  location-contains (parent: $co, child: $c);
select $co;
distinct;
limit 3;
fetch { ""country"": $co.country_name };"
502,What are the names of the first 3 organizations that have a CEO named Julie Spellman Sweet?,"MATCH (o:Organization)-[:HAS_CEO]->(p:Person {name: 'Julie Spellman Sweet'})
RETURN o.name
LIMIT 3","match
  $o isa organization;
  $p isa person, has name ""Julie Spellman Sweet"";
  (organization: $o, ceo: $p) isa ceo_of;
limit 3;
fetch { ""name"": $o.name };"
503,Who are the first 3 board members of organizations that have a revenue of over 1 million?,"MATCH (o:Organization)-[:HAS_BOARD_MEMBER]->(p:Person) WHERE o.revenue > 1e6 RETURN p.name AS boardMember, o.name AS organization LIMIT 3","match
  $o isa organization;
  $p isa person;
  (organization: $o, member: $p) isa board_member_of;
  $o has revenue $o_revenue;
  $o_revenue > 1000000;
limit 3;
fetch { ""boardMember"": $p.name, ""organization"": $o.name };"
504,Which organizations are mentioned in the most recent 5 articles by date?,"MATCH (a:Article)-[:MENTIONS]->(o:Organization)
WITH o, max(a.date) AS maxDate
ORDER BY maxDate DESC
LIMIT 5
RETURN o.name AS organization, maxDate AS latestMentionDate","match
  $a isa article, has date $d;
  $o isa organization, has name $on;
  (article: $a, mentioned: $o) isa mentions;
sort $d desc;
limit 5;
fetch { ""organization"": $on, ""latestMentionDate"": $d };"
505,List the first 3 organizations that have subsidiaries in more than one country.,"MATCH (o:Organization)-[:HAS_SUBSIDIARY]->(sub:Organization)-[:IN_CITY]->(:City)-[:IN_COUNTRY]->(c:Country) WITH o, count(DISTINCT c) AS numCountries WHERE numCountries > 1 RETURN o.name AS organization, numCountries ORDER BY numCountries DESC LIMIT 3","match $o isa organization; $sub isa organization; $c isa country; (parent: $o, subsidiary: $sub) isa subsidiary_of; $city isa city; (organization: $o, city: $city) isa located_in; (child: $city, parent: $c) isa location-contains; limit 3; fetch { ""organization"": $o.name };"
506,Which organizations are headquartered in a city that is not the capital of its country?,"MATCH (o:Organization)-[:IN_CITY]->(c:City)-[:IN_COUNTRY]->(country:Country) WHERE c.name <> country.name RETURN o.name AS organization, c.name AS city, country.name AS country","match $o isa organization; $c isa city; $country isa country; (organization: $o, city: $c) isa located_in; (child: $c, parent: $country) isa location-contains; fetch { ""organization"": $o.name, ""city"": $c.city_name, ""country"": $country.country_name };"
507,Identify the first 3 organizations that have both a subsidiary and a supplier.,"MATCH (o:Organization)-[:HAS_SUBSIDIARY]->(:Organization)
WHERE EXISTS {(o)-[:HAS_SUPPLIER]->(:Organization)}
RETURN o.name
LIMIT 3","match
  $o isa organization; $subsidiary isa organization; (parent: $o, subsidiary: $subsidiary) isa subsidiary_of;
  (customer: $o, supplier: $subsidiary) isa supplies;
limit 3;
fetch { ""name"": $o.name };"
508,What are the names of the first 3 CEOs of organizations that are not public?,"MATCH (o:Organization {isPublic: false})-[:HAS_CEO]->(ceo:Person)
RETURN ceo.name
LIMIT 3","match
  $o isa organization, has is_public false;
  $ceo isa person;
  (organization: $o, ceo: $ceo) isa ceo_of;
limit 3;
fetch { ""name"": $ceo.name };"
509,List the first 3 countries mentioned in articles related to consumer behavior.,MATCH (article:Article)-[:HAS_CHUNK]->(chunk:Chunk) WHERE toLower(article.summary) CONTAINS 'consumer behavior' ... RETURN DISTINCT country.name LIMIT 3,"match $article isa article; $chunk isa chunk; (article: $article, chunk: $chunk) isa has_chunk; $country isa country; limit 3; fetch { ""country_name"": $country.country_name };"
510,What are the names of the first 3 'Electronic Products Manufacturers' with a revenue of over 500 million?,MATCH (o:Organization)-[:HAS_CATEGORY]->(c:IndustryCategory {name: 'Electronic Products Manufacturers'}) WHERE o.revenue > 5e8 RETURN o.name LIMIT 3,"match $o isa organization; $c isa industry_category, has industry_category_name ""Electronic Products Manufacturers""; (organization: $o, category: $c) isa in_category; $o has revenue $o_revenue; $o_revenue > 500000000; limit 3; fetch { ""name"": $o.name };"
511,Who are the first 3 people who have both parent and child relationships in the database?,MATCH (p:Person) WHERE EXISTS {(p)-[:HAS_PARENT]->(:Person)} AND EXISTS {(p)-[:HAS_CHILD]->(:Person)} RETURN p.name LIMIT 3,"match $p isa person; $parent isa person; $child isa person; (parent: $parent, child: $p) isa parent_of; (parent: $p, child: $child) isa parent_of; limit 3; fetch { ""name"": $p.name };"
512,Which organizations are located in Seattle?,"MATCH (o:Organization)-[:IN_CITY]->(c:City {name: 'Seattle'})
RETURN o.name AS organization","match
  $o isa organization;
  $c isa city, has city_name ""Seattle"";
  (organization: $o, city: $c) isa located_in;
fetch { ""organization"": $o.name };"
513,What are the first 3 articles that mention the organization 'Accenture'?,"MATCH (o:Organization {name: 'Accenture'})<-[:MENTIONS]-(a:Article)
RETURN a.title, a.summary, a.date
ORDER BY a.date DESC
LIMIT 3","match
  $o isa organization, has name ""Accenture"";
  $a isa article, has date $d;
  mentions (mentioned: $o, article: $a);
sort $d desc;
limit 3;
fetch { ""title"": $a.title, ""summary"": $a.article_summary, ""date"": $d };"
514,List top 5 organizations that have a revenue greater than 100 million.,"MATCH (o:Organization)
WHERE o.revenue > 1E8
RETURN o.name AS organization, o.revenue AS revenue
ORDER BY o.revenue DESC
LIMIT 5","match
  $o isa organization, has revenue $r;
  $r > 100000000;
sort $r desc;
limit 5;
fetch { ""organization"": $o.name, ""revenue"": $r };"
515,Who are the CEOs of the first 3 organizations in the database?,"MATCH (o:Organization)-[:HAS_CEO]->(ceo:Person)
RETURN o.name AS organization, ceo.name AS ceo
ORDER BY o.name
LIMIT 3","match
  $o isa organization;
  $p isa person;
  (organization: $o, ceo: $p) isa ceo_of;
$o has name $on;
sort $on asc;
limit 3;
fetch { ""organization"": $o.name, ""ceo"": $p.name };"
516,What are the first 3 cities located in the United States of America?,"MATCH (c:City)-[:IN_COUNTRY]->(co:Country {name: 'United States of America'})
RETURN c.name AS city
LIMIT 3","match
  $c isa city;
  $co isa country, has country_name ""United States of America"";
  (child: $c, parent: $co) isa location-contains;
limit 3;
fetch { ""city"": $c.city_name };"
517,Which organizations have more than 100 employees?,"MATCH (o:Organization)
WHERE o.nbrEmployees > 100
RETURN o.name AS organization, o.nbrEmployees AS numberOfEmployees","match
  $o isa organization, has nbr_employees $ne;
  $ne > 100;
fetch { ""organization"": $o.name };"
518,List the first 5 industry categories mentioned in the database.,"MATCH (c:IndustryCategory)
RETURN c.name
LIMIT 5","match
  $c isa industry_category;
limit 5;
fetch { ""industry_category_name"": $c.industry_category_name };"
519,What are the names of the first 3 articles authored by 'James Blackman'?,"MATCH (a:Article {author: 'James Blackman'})
RETURN a.title
LIMIT 3","match
  $a isa article, has author ""James Blackman"", has title $title;
limit 3;
fetch { ""title"": $title };"
520,Can you provide the first 3 organizations that have been dissolved?,"MATCH (o:Organization)
WHERE o.isDissolved IS NOT NULL AND o.isDissolved = true
RETURN o.name AS organization
LIMIT 3","match
  $o isa organization, has is_dissolved true;
limit 3;
fetch { ""organization"": $o.name };"
521,Who are the board members of 'New Energy Group'?,"MATCH (o:Organization {name: 'New Energy Group'})-[:HAS_BOARD_MEMBER]->(p:Person)
RETURN p.name AS boardMember","match
  $o isa organization, has name ""New Energy Group"";
  $p isa person;
  (organization: $o, member: $p) isa board_member_of;
fetch { ""boardMember"": $p.name };"
522,Which organizations are public companies?,"MATCH (o:Organization)
WHERE o.isPublic IS NOT NULL AND o.isPublic = true
RETURN o","match
  $o isa organization;
  $o has is_public $o_is_public;
  $o has is_public true;
fetch { ""o"": $o };"
523,What are the sentiment scores of the first 3 articles mentioning 'Deja vu Security'?,"MATCH (o:Organization {name: 'Deja vu Security'})<-[:MENTIONS]-(a:Article)
RETURN a.title, a.sentiment
ORDER BY a.date DESC
LIMIT 3","match
  $o isa organization, has name ""Deja vu Security"";
  $a isa article;
  (article: $a, mentioned: $o) isa mentions;
  $a has date $a_date;
sort $a_date desc;
limit 3;
fetch { ""title"": $a.title, ""sentiment"": $a.sentiment };"
524,List the first 3 parent companies of 'Accenture'.,MATCH (o:Organization {name: 'Accenture'})<-[:HAS_SUBSIDIARY*1..3]-(parent:Organization) RETURN parent.name LIMIT 3,"match $o isa organization, has name ""Accenture""; $parent isa organization; (parent: $o, subsidiary: $parent) isa subsidiary_of; limit 3; fetch { ""name"": $parent.name };"
525,What are the names of the first 3 subsidiaries of 'Accenture'?,"MATCH (accenture:Organization {name: 'Accenture'})-[:HAS_SUBSIDIARY]->(subsidiary:Organization)
RETURN subsidiary.name
LIMIT 3","match
  $o isa organization, has name ""Accenture"";
  $subsidiary isa organization;
  (parent: $o, subsidiary: $subsidiary) isa subsidiary_of;
limit 3;
fetch { ""subsidiary"": $subsidiary.name };"
526,Which organizations does 'New Energy Group' supply?,MATCH (o:Organization {name: 'New Energy Group'})-[:HAS_SUPPLIER]->(supplied:Organization) RETURN supplied,"match $o isa organization, has name ""New Energy Group""; $supplied isa organization; (supplier: $o, customer: $supplied) isa supplies; fetch { ""supplied"": $supplied };"
527,List the first 5 cities that have organizations with more than 300 employees.,"MATCH (c:City)<-[:IN_CITY]-(o:Organization)
WHERE o.nbrEmployees > 300
RETURN c.name AS city
LIMIT 5","match
$c isa city;
$o isa organization, has nbr_employees $e;
$e > 300;
located_in (city: $c, organization: $o);
limit 5;
fetch { ""city"": $c.city_name };"
528,What are the first 3 industry categories for organizations in Rome?,MATCH (o:Organization)-[:IN_CITY]->(:City {name: 'Rome'}) MATCH (o)-[:HAS_CATEGORY]->(c:IndustryCategory) RETURN c.name AS category LIMIT 3,"match $o isa organization; $city isa city, has city_name ""Rome""; (organization: $o, city: $city) isa located_in; $c isa industry_category; (organization: $o, category: $c) isa in_category; limit 3; fetch { ""category"": $c.industry_category_name };"
529,Can you provide the names of top 5 articles published before 2020?,"MATCH (a:Article) WHERE a.date < date(""2020-01-01"") RETURN a.title ORDER BY a.date DESC LIMIT 5","match $a isa article; $a has date $a_date; $a_date < 2020-01-01T00:00:00; sort $a_date desc; limit 5; fetch { ""title"": $a.title };"
530,Who are the investors of the first 3 organizations in the list?,"MATCH (o:Organization)
WITH o
ORDER BY o.name
LIMIT 3
MATCH (o)<-[:HAS_INVESTOR]-(investor)
RETURN o.name AS organization, investor.name AS investor","match
  $o isa organization, has name $on;
  $inv isa person;
  invested_in (organization: $o, investor: $inv);
sort $on asc;
limit 3;
fetch { ""organization"": $on, ""investor"": $inv.name };"
531,Which organizations are competitors of 'Deja vu Security'?,"MATCH (o:Organization {name: 'Deja vu Security'})-[:HAS_COMPETITOR]->(competitor:Organization)
RETURN competitor.name AS CompetitorName, competitor.summary AS CompetitorSummary","match
  $o isa organization, has name ""Deja vu Security"";
  $competitor isa organization;
  (competitor: $o, competitor: $competitor) isa competes_with;
fetch { ""CompetitorName"": $competitor.name, ""CompetitorSummary"": $competitor.summary };"
532,What are the first 3 articles that have a sentiment score above 0.5?,"MATCH (a:Article)
WHERE a.sentiment > 0.5
RETURN a
ORDER BY a.date DESC
LIMIT 3","match
  $a isa article, has sentiment $s, has title $title;
  $s > 0.5;
sort $s desc;
limit 3;
fetch { ""title"": $title, ""sentiment"": $s };"
533,List the first 3 countries mentioned in the database.,"MATCH (c:Country)
RETURN c.name
LIMIT 3","match
  $c isa country;
limit 3;
fetch { ""country_name"": $c.country_name };"
534,Which organizations are involved in the industry category 'Electronic Products Manufacturers'?,"MATCH (o:Organization)-[:HAS_CATEGORY]->(c:IndustryCategory {name: 'Electronic Products Manufacturers'})
RETURN o.name AS organization","match
  $o isa organization;
  $c isa industry_category, has industry_category_name ""Electronic Products Manufacturers"";
  (organization: $o, category: $c) isa in_category;
fetch { ""organization"": $o.name };"
535,What are the first 3 children of the person named 'Julie Spellman Sweet'?,MATCH (p:Person {name: 'Julie Spellman Sweet'})-[:HAS_CHILD]->(child:Person) RETURN child.name LIMIT 3,"match $p isa person, has name ""Julie Spellman Sweet""; $child isa person; (parent: $p, child: $child) isa parent_of; limit 3; fetch { ""name"": $child.name };"
536,Who are the first 3 parents of 'Julie Spellman Sweet'?,MATCH (p:Person {name: 'Julie Spellman Sweet'})-[:HAS_PARENT*1..3]->(parent:Person) RETURN parent.name LIMIT 3,"match $p isa person, has name ""Julie Spellman Sweet""; $parent isa person; (parent: $parent, child: $p) isa parent_of; limit 3; fetch { ""name"": $parent.name };"
537,What is the summary of the person with ID 'Eaf0bpz6NNoqLVUCqNZPAew'?,"MATCH (p:Person {id: 'Eaf0bpz6NNoqLVUCqNZPAew'})
RETURN p.summary","match
  $o isa organization;
  $a isa article;
  (article: $a, mentioned: $o) isa mentions;
reduce $mentionCount = count($a) groupby $o;
sort $mentionCount desc;
limit 3;
fetch { ""organization"": $o.name, ""mentionCount"": $mentionCount };"
538,What are the top 5 highest revenue organizations in the database?,"MATCH (o:Organization)
WHERE o.revenue IS NOT NULL
RETURN o.name AS organization, o.revenue AS revenue
ORDER BY o.revenue DESC
LIMIT 5","match
  $o isa organization, has revenue $r, has name $n;
sort $r desc;
limit 5;
fetch {
  ""organization"": $n,
  ""revenue"": $r
};"
539,Which organizations have a motto?,"MATCH (o:Organization)
WHERE o.motto IS NOT NULL
RETURN o.name AS organization, o.motto AS motto","match
  $o1 isa organization;
  $p isa person;
  $o2 isa organization;
  (organization: $o1, ceo: $p) isa ceo_of;
(organization: $o1, member: $p) isa board_member_of; fetch { ""org1"": $o1.name, ""ceo_board_member"": $p.name, ""org2"": $o2.name };"
540,What are the summaries of the first 3 cities in the database?,"MATCH (c:City)
RETURN c.summary
LIMIT 3","match
  $c isa city;
limit 3;
fetch { ""city_summary"": $c.city_summary };"
541,Provide the names and IDs of the first 3 persons who are CEOs of public companies.,"MATCH (p:Person)-[:HAS_CEO]-(o:Organization)
WHERE o.isPublic = true
RETURN p.name AS name, p.id AS id
LIMIT 3","match
  $p isa person, has name $pn, has person_id $pid;
  $o isa organization;
  (organization: $o, ceo: $p) isa ceo_of;
  $o has is_public true;
limit 3;
fetch { ""name"": $pn, ""id"": $pid };"
542,Which person has the ID 'Eaf0bpz6NNoqLVUCqNZPAew'?,"MATCH (p:Person {id: 'Eaf0bpz6NNoqLVUCqNZPAew'})
RETURN p.name","match
  $p isa person, has person_id ""Eaf0bpz6NNoqLVUCqNZPAew"";
fetch { ""name"": $p.name };"
543,What are the first 3 organizations mentioned in the article titled 'Funds for Consumer Behavior Specialist Infinite An'?,"MATCH (a:Article {title: 'Funds for Consumer Behavior Specialist Infinite An'})-[:MENTIONS]->(o:Organization)
RETURN o.name
LIMIT 3","match
  $a isa article, has title ""Funds for Consumer Behavior Specialist Infinite An"";
  $o isa organization;
  (article: $a, mentioned: $o) isa mentions;
limit 3;
fetch { ""name"": $o.name };"
544,List the first 5 organizations that have a CEO named 'Julie Spellman Sweet'.,"MATCH (o:Organization)-[:HAS_CEO]->(p:Person {name: 'Julie Spellman Sweet'})
RETURN o.name AS organization
LIMIT 5","match
  $o isa organization;
  $p isa person, has name ""Julie Spellman Sweet"";
  (organization: $o, ceo: $p) isa ceo_of;
limit 5;
fetch { ""organization"": $o.name };"
545,Which organizations have subsidiaries within the same city?,"MATCH (o:Organization)-[:HAS_SUBSIDIARY]->(sub:Organization), (o)-[:IN_CITY]->(c:City)<-[:IN_CITY]-(sub) RETURN o.name AS organization, sub.name AS subsidiary, c.name AS city","match $o isa organization; $sub isa organization; $c isa city; (parent: $o, subsidiary: $sub) isa subsidiary_of; (organization: $o, city: $c) isa located_in; fetch { ""organization"": $o.name, ""subsidiary"": $sub.name, ""city"": $c.city_name };"
546,Name the first 3 organizations that have been mentioned in an article from 'MrWeb'.,"MATCH (article:Article {siteName: 'MrWeb'})-[:MENTIONS]->(org:Organization)
RETURN org.name
LIMIT 3","match
  $a isa article, has site_name ""MrWeb"";
  $o isa organization;
  mentions (article: $a, mentioned: $o);
limit 3;
fetch { ""organization"": $o.name };"
547,What are the names of the first 3 CEOs who work at organizations with a revenue greater than 10 million?,"MATCH (p:Person)<-[:HAS_CEO]-(o:Organization)
WHERE o.revenue > 10000000
RETURN p.name
LIMIT 3","match
  $p isa person;
  $o isa organization;
  (organization: $o, ceo: $p) isa ceo_of;
  $o has revenue $o_revenue;
  $o_revenue > 10000000;
limit 3;
fetch { ""name"": $p.name };"
548,Who are the investors of 'Deja vu Security'?,"MATCH (o:Organization {name: 'Deja vu Security'})<-[:HAS_INVESTOR]-(investor)
RETURN investor","match
  $o isa organization, has name ""Deja vu Security"";
  $investor isa person, has name $in;
  (organization: $o, investor: $investor) isa invested_in;
fetch { ""investor"": $in };"
549,List the first 3 organizations that have an investor who is a person.,"MATCH (o:Organization)<-[:HAS_INVESTOR]-(p:Person)
RETURN o.name AS organization, p.name AS investor
LIMIT 3","match
  $o isa organization;
  $p isa person;
  (investor: $p, organization: $o) isa invested_in;
limit 3;
fetch { ""organization"": $o.name, ""investor"": $p.name };"
550,What are the summaries of the first 3 organizations that have more than 200 employees?,"MATCH (o:Organization)
WHERE o.nbrEmployees > 200
RETURN o.summary
LIMIT 3","match
  $o isa organization;
  $o has nbr_employees $o_nbr_employees;
  $o_nbr_employees > 200;
limit 3;
fetch { ""summary"": $o.summary };"
551,Provide the names of the first 5 organizations that have at least one subsidiary.,MATCH (o:Organization)-[:HAS_SUBSIDIARY]->(:Organization) RETURN o.name LIMIT 5,"match $o isa organization; $subsidiary isa organization; (parent: $o, subsidiary: $subsidiary) isa subsidiary_of; limit 5; fetch { ""name"": $o.name };"
552,Which organizations are headquartered in a city with a summary containing 'capital'?,"MATCH (o:Organization)-[:IN_CITY]->(c:City)
WHERE c.summary CONTAINS 'capital'
RETURN o.name AS organization, c.name AS city","match
  $o isa organization;
  $c isa city;
  (organization: $o, city: $c) isa located_in;
  $c has city_summary $c_city_summary;
  $c_city_summary contains ""capital"";
fetch { ""organization"": $o.name, ""city"": $c.city_name };"
553,List the first 3 articles that mention an organization with a revenue less than 5 million.,"MATCH (a:Article)-[:MENTIONS]->(o:Organization)
WHERE o.revenue < 5000000
RETURN a.title, a.summary, a.date
LIMIT 3","match
  $a isa article;
  $o isa organization;
  (article: $a, mentioned: $o) isa mentions;
  $o has revenue $o_revenue;
  $o_revenue < 5000000;
limit 3;
fetch { ""title"": $a.title, ""article_summary"": $a.article_summary, ""date"": $a.date };"
554,Who are the board members of the first 3 public organizations?,"MATCH (o:Organization) WHERE o.isPublic = true ... MATCH (o)-[:HAS_BOARD_MEMBER]->(p:Person) RETURN o.name AS organization, collect(p.name) AS board_members","match $o isa organization; $p isa person; (organization: $o, member: $p) isa board_member_of; $o has is_public $o_is_public; $o has is_public true; $o has name $o_name; sort $o_name asc; limit 3; fetch { ""organization"": $o.name };"
555,What are the first 3 organizations that have the industry category 'Software company'?,"MATCH (o:Organization)-[:HAS_CATEGORY]->(c:IndustryCategory {name: 'Software company'})
RETURN o.name
LIMIT 3","match
  $o isa organization;
  $c isa industry_category, has industry_category_name ""Software company"";
  (organization: $o, category: $c) isa in_category;
limit 3;
fetch { ""name"": $o.name };"
556,Name the first 3 organizations that have a supplier named 'New Energy Group'.,"MATCH (o:Organization)-[:HAS_SUPPLIER]->(s:Organization {name: 'New Energy Group'})
RETURN o.name
LIMIT 3","match
  $o isa organization;
  $s isa organization;
  (customer: $o, supplier: $s) isa supplies;
  $ic isa industry_category, has industry_category_name ""Technology""; (organization: $o, category: $ic) isa in_category;
limit 3;
fetch { ""name"": $s.name };"
557,List the first 3 organizations that are competitors within the same industry category.,"MATCH (o1:Organization)-[:HAS_CATEGORY]->(c:IndustryCategory)<-[:HAS_CATEGORY]-(o2:Organization) WHERE (o1)-[:HAS_COMPETITOR]->(o2) RETURN o1.name AS Org1, o2.name AS Org2, c.name AS Category LIMIT 3","match $o1 isa organization; $c isa industry_category; $o2 isa organization; (organization: $o1, category: $c) isa in_category; (competitor: $o1, competitor: $o2) isa competes_with; limit 3; fetch { ""Org1"": $o1.name, ""Org2"": $o2.name, ""Category"": $c.industry_category_name };"
558,"What are the first 3 articles with a date after January 1, 2021?","MATCH (a:Article) WHERE a.date > date(""2021-01-01"") RETURN a ORDER BY a.date LIMIT 3","match $a isa article; $a has date $a_date; $a_date > 2021-01-01T00:00:00; sort $a_date asc; limit 3; fetch { ""a"": $a };"
559,Which organizations have a parent organization within the same city?,"MATCH (o:Organization)-[:HAS_SUBSIDIARY]->(sub:Organization) WHERE (o)-[:IN_CITY]->(:City)<-[:IN_CITY]-(sub) RETURN o.name AS parent_org, sub.name AS subsidiary_org","match $o isa organization; $sub isa organization; (parent: $o, subsidiary: $sub) isa subsidiary_of; $city isa city; (organization: $o, city: $city) isa located_in; fetch { ""parent_org"": $o.name, ""subsidiary_org"": $sub.name };"
560,Who are the first 3 CEOs of organizations that have been dissolved?,"MATCH (o:Organization)-[:HAS_CEO]->(p:Person)
WHERE o.isDissolved = true
RETURN p.name AS ceoName, o.name AS orgName
LIMIT 3","match
  $o isa organization;
  $p isa person;
  (organization: $o, ceo: $p) isa ceo_of;
  $o has is_dissolved true;
limit 3;
fetch { ""ceoName"": $p.name, ""orgName"": $o.name };"
561,List the first 5 organizations that have a motto containing 'world'.,"MATCH (o:Organization)
WHERE o.motto CONTAINS 'world'
RETURN o.name, o.motto
LIMIT 5","match
  $o isa organization, has motto $m;
  $m like "".*world.*"";
limit 5;
fetch { ""name"": $o.name, ""motto"": $m };"
562,What are the first 3 organizations that have been mentioned in articles by 'David Correa'?,"MATCH (a:Article {author: 'David Correa'})-[:MENTIONS]->(o:Organization)
RETURN o.name
LIMIT 3","match
  $a isa article, has author ""David Correa"";
  $o isa organization, has name $n;
  mentions (article: $a, mentioned: $o);
limit 3;
fetch { ""name"": $n };"
563,Who are the first 3 persons mentioned as investors in organizations?,"MATCH (p:Person)<-[:HAS_INVESTOR]-(o:Organization)
RETURN p.name AS investor
LIMIT 3","match
  $p isa person, has name $pn;
  $o isa organization;
  (organization: $o, investor: $p) isa invested_in;
limit 3;
fetch { ""investor"": $pn };"
564,What are the top 5 organizations by number of employees?,"MATCH (o:Organization)
WHERE o.nbrEmployees IS NOT NULL
RETURN o.name AS organization, o.nbrEmployees AS numberOfEmployees
ORDER BY o.nbrEmployees DESC
LIMIT 5","match $o isa organization, has name $n; $a isa article; (article: $a, mentioned: $o) isa mentions; reduce $mentions = count($a) groupby $o; match $o has name $n; sort $mentions desc; limit 5; fetch { ""organization"": $n, ""mentions"": $mentions };"
565,List the first 3 organizations that have a subsidiary and an investor.,MATCH (o:Organization)-[:HAS_SUBSIDIARY]->(:Organization) WHERE EXISTS {(o)<-[:HAS_INVESTOR]-(:Organization)} RETURN o.name LIMIT 3,"match
  $o isa organization;
  subsidiary_of (parent: $o, subsidiary: $sub);
  invested_in (organization: $o, investor: $inv);
limit 3;
fetch { ""name"": $o.name };"
566,Which cities have more than three organizations located within them?,"MATCH (c:City)<-[:IN_CITY]-(o:Organization)
WITH c, count(o) AS orgCount
WHERE orgCount > 3
RETURN c.name AS city, orgCount","match
  $c isa city;
  $o isa organization;
  (organization: $o, city: $c) isa located_in;
reduce $orgCount = count($o) groupby $c;
match $orgCount > 3;
fetch { ""city"": $c.city_name, ""orgCount"": $orgCount };"
567,Name the first 3 organizations that have their CEOs with a summary containing 'CEO at'.,"MATCH (o:Organization)-[:HAS_CEO]->(p:Person)
WHERE p.summary CONTAINS 'CEO at'
RETURN o.name AS organization
LIMIT 3","match
  $o isa organization, has name $on;
  $p isa person, has summary $ps;
  (organization: $o, ceo: $p) isa ceo_of;
  $ps like "".*CEO at.*"";
limit 3;
fetch { ""organization"": $on };"
568,What are the first 3 organizations that have a CEO and a board member with the same name?,"MATCH (o:Organization)-[:HAS_CEO]->(ceo:Person), (o)-[:HAS_BOARD_MEMBER]->(board:Person) WHERE ceo.name = board.name RETURN o.name AS organization, ceo.name AS name LIMIT 3","match $o isa organization; $ceo isa person; $board isa person; (organization: $o, ceo: $ceo) isa ceo_of; (organization: $o, member: $board) isa board_member_of; limit 3; fetch { ""organization"": $o.name, ""name"": $ceo.name };"
569,List the first 5 organizations that have a CEO with a summary mentioning 'Accenture'.,"MATCH (o:Organization)-[:HAS_CEO]->(p:Person)
WHERE p.summary CONTAINS 'Accenture'
RETURN o.name AS organization
LIMIT 5","match
$o isa organization;
$p isa person, has summary $s;
$s like "".*Accenture.*"";
ceo_of (organization: $o, ceo: $p);
limit 5;
fetch { ""organization"": $o.name };"
570,Which organization has the highest revenue in Seattle?,"MATCH (o:Organization)-[:IN_CITY]->(:City {name: 'Seattle'}) WHERE o.revenue IS NOT NULL RETURN o.name AS organization, o.revenue AS revenue ORDER BY o.revenue DESC LIMIT 1","match $o isa organization; $city isa city, has city_name ""Seattle""; (organization: $o, city: $city) isa located_in; $o has revenue $o_revenue; sort $o_revenue desc; limit 1; fetch { ""organization"": $o.name, ""revenue"": $o.revenue };"
571,Who are the CEOs of the first 3 organizations that have a category 'Electronic Products Manufacturers'?,"MATCH (o:Organization)-[:HAS_CATEGORY]->(c:IndustryCategory {name: 'Electronic Products Manufacturers'})
WITH o
ORDER BY o.name
LIMIT 3
MATCH (o)-[:HAS_CEO]->(ceo:Person)
RETURN o.name AS organization, ceo.name AS ceo","match
  $o isa organization;
  $c isa industry_category, has industry_category_name ""Electronic Products Manufacturers"";
  (organization: $o, category: $c) isa in_category;
  $ceo isa person;
  (organization: $o, ceo: $ceo) isa ceo_of;
  $o has name $o_name;
sort $o_name asc;
limit 3;
fetch { ""organization"": $o.name, ""ceo"": $ceo.name };"
572,What are the first 3 organizations that have a public status and more than 500 employees?,"MATCH (o:Organization)
WHERE o.isPublic = true AND o.nbrEmployees > 500
RETURN o.name AS organization, o.nbrEmployees AS employeeCount
ORDER BY o.nbrEmployees DESC
LIMIT 3","match
  $o isa organization;
  $o has is_public true;
  $o has nbr_employees $o_nbr_employees;
  $o_nbr_employees > 500;
sort $o_nbr_employees desc;
limit 3;
fetch { ""organization"": $o.name, ""employeeCount"": $o.nbr_employees };"
573,Which organizations have a CEO named within the first 5 chunks of an article?,"MATCH (article:Article)-[:HAS_CHUNK]->(chunk:Chunk), ... WHERE chunk.text CONTAINS ceo.name AND chunk.text IN [...first 5 chunks]","match $article isa article; $chunk isa chunk; $org isa organization; $ceo isa person; (article: $article, chunk: $chunk) isa has_chunk; (article: $article, mentioned: $org) isa mentions; (organization: $org, ceo: $ceo) isa ceo_of; fetch { ""organization"": $org.name, ""ceo"": $ceo.name };"
574,List the first 3 organizations that have been competitors for more than 5 years.,"MATCH (o1:Organization)-[c:HAS_COMPETITOR]->(o2:Organization) WHERE c.since < date() - duration('P5Y') RETURN o1, o2 LIMIT 3","match $o1 isa organization; $o2 isa organization; (competitor: $o1, competitor: $o2) isa competes_with; limit 3; fetch { ""o1"": $o1, ""o2"": $o2 };"
575,What are the names of the first 3 organizations that have a CEO with a name starting with 'J'?,"MATCH (o:Organization)-[:HAS_CEO]->(p:Person)
WHERE p.name STARTS WITH 'J'
RETURN o.name
LIMIT 3","match
  $o isa organization;
  $p isa person;
  (organization: $o, ceo: $p) isa ceo_of;
  $p has name $p_name;
  $p_name like ""^J.*"";
limit 3;
fetch { ""name"": $o.name };"
576,Which organizations have a category and are located in a city with a name containing 'Rome'?,"MATCH (o:Organization)-[:HAS_CATEGORY]->(:IndustryCategory)
WHERE (o)-[:IN_CITY]->(:City {name: 'Rome'})
RETURN o","match
  $o isa organization;
  $city isa city, has city_name ""Rome""; (organization: $o, city: $city) isa located_in;
  $ic isa industry_category; (organization: $o, category: $ic) isa in_category;
fetch { ""o"": $o };"
577,List the first 5 organizations that have a supplier and are public companies.,MATCH (o:Organization)-[:HAS_SUPPLIER]->(:Organization) WHERE o.isPublic = true RETURN o.name LIMIT 5,"match $o isa organization; $o has is_public true; $supplier isa organization; (customer: $o, supplier: $supplier) isa supplies; limit 5; fetch { ""name"": $o.name };"
578,What are the first 3 organizations with a CEO who has written an article?,"MATCH (o:Organization)-[:HAS_CEO]->(ceo:Person) WHERE EXISTS { (ceo)-[:HAS_CHUNK]->(:Chunk)<-[:HAS_CHUNK]-(:Article) } RETURN o.name AS organization, ceo.name AS ceo LIMIT 3","match $o isa organization; $ceo isa person; (organization: $o, ceo: $ceo) isa ceo_of; limit 3; fetch { ""organization"": $o.name, ""ceo"": $ceo.name };"
579,Who are the investors of the first 3 organizations with a revenue above 50 million?,"MATCH (o:Organization)
WHERE o.revenue > 50000000
WITH o
ORDER BY o.revenue DESC
LIMIT 3
MATCH (o)<-[:HAS_INVESTOR]-(investor)
RETURN o.name AS organization, investor.name AS investor","match
  $o isa organization;
  (investor: $investor, organization: $o) isa invested_in;
  $o has revenue $o_revenue;
  $o_revenue > 50000000;
sort $o_revenue desc;
limit 3;
fetch { ""organization"": $o.name, ""investor"": $investor.name };"
580,Which organizations have been mentioned in articles with a sentiment score lower than 0.5?,"MATCH (a:Article)-[:MENTIONS]->(o:Organization)
WHERE a.sentiment < 0.5
RETURN DISTINCT o","match
  $a isa article;
  $o isa organization;
  (article: $a, mentioned: $o) isa mentions;
  $a has sentiment $a_sentiment;
  $a_sentiment < 0.5;
fetch { ""o"": $o };"
581,Name the first 3 organizations that have a CEO and a board member with different nationalities.,"MATCH ... (ceo)-[:HAS_NATIONALITY]->(ceoCountry:Country), (board)-[:HAS_NATIONALITY]->(boardCountry:Country) WHERE ceoCountry <> boardCountry","match $o isa organization; $ceo isa person; $board isa person; $ceoCountry isa country; $boardCountry isa country; (organization: $o, ceo: $ceo) isa ceo_of; (organization: $o, member: $board) isa board_member_of; limit 3; fetch { ""organization"": $o.name, ""ceo"": $ceo.name, ""ceoCountry"": $ceoCountry.country_name };"
582,List the first 5 organizations that have more than one category.,"MATCH (o:Organization)-[:HAS_CATEGORY]->(c:IndustryCategory)
WITH o, count(c) AS categoryCount
WHERE categoryCount > 1
RETURN o.name AS organization, categoryCount
ORDER BY categoryCount DESC
LIMIT 5","match
  $o isa organization;
  $c isa industry_category;
  (organization: $o, category: $c) isa in_category;
reduce $categoryCount = count($c) groupby $o;
match $categoryCount > 1;
sort $categoryCount desc;
limit 5;
fetch { ""organization"": $o.name, ""categoryCount"": $categoryCount };"
583,What are the first 3 articles mentioning an organization with more than 1000 employees?,"MATCH (a:Article)-[:MENTIONS]->(o:Organization)
WHERE o.nbrEmployees > 1000
RETURN a.title, a.summary, a.date
ORDER BY a.date DESC
LIMIT 3","match
  $a isa article;
  $o isa organization;
  (article: $a, mentioned: $o) isa mentions;
  $o has nbr_employees $o_nbr_employees;
  $o_nbr_employees > 1000;
  $a has date $a_date;
sort $a_date desc;
limit 3;
fetch { ""title"": $a.title, ""article_summary"": $a.article_summary, ""date"": $a.date };"
584,Which organization in Seattle has the most employees?,"MATCH (o:Organization)-[:IN_CITY]->(:City {name: 'Seattle'}) WHERE o.nbrEmployees IS NOT NULL RETURN o.name AS organization, o.nbrEmployees AS numberOfEmployees ORDER BY o.nbrEmployees DESC LIMIT 1","match $o isa organization; $city isa city, has city_name ""Seattle""; (organization: $o, city: $city) isa located_in; $o has nbr_employees $o_nbr_employees; sort $o_nbr_employees desc; limit 1; fetch { ""organization"": $o.name, ""numberOfEmployees"": $o.nbr_employees };"
585,Name the first 3 CEOs of organizations that are headquartered in a city starting with 'S'.,"MATCH (o:Organization)-[:HAS_CEO]->(ceo:Person), (o)-[:IN_CITY]->(city:City)
WHERE city.name STARTS WITH 'S'
RETURN ceo.name
LIMIT 3","match
  $o isa organization;
  $p isa person;
  $c isa city, has city_name $cn;
  $cn like ""S.*"";
  ceo_of (organization: $o, ceo: $p);
  located_in (organization: $o, city: $c);
limit 3;
fetch { ""ceo"": $p.name };"
586,List the names of the first 3 organizations that have both a CEO and a board member named in their summary.,MATCH (o:Organization) WHERE EXISTS {(o)-[:HAS_CEO]->(:Person)} AND EXISTS {(o)-[:HAS_BOARD_MEMBER]->(:Person)} AND o.summary IS NOT NULL RETURN o.name LIMIT 3,"match
  $o isa organization, has name $name, has summary $s;
  ceo_of (organization: $o, ceo: $p1);
  board_member_of (organization: $o, member: $p2);
limit 3;
fetch { ""name"": $name };"
587,What are the first 3 organizations with a CEO who has a summary mentioning 'Technology'?,"MATCH (o:Organization)-[:HAS_CEO]->(p:Person)
WHERE p.summary CONTAINS 'Technology'
RETURN o.name AS organization
LIMIT 3","match
  $o isa organization;
  $p isa person;
  (organization: $o, ceo: $p) isa ceo_of;
  $p has summary $p_summary;
  $p_summary contains ""Technology"";
limit 3;
fetch { ""organization"": $o.name };"
588,Which organizations have a CEO and are headquartered in a country other than the USA?,"MATCH (o:Organization)-[:HAS_CEO]->(:Person) WHERE EXISTS { (o)-[:IN_CITY]->(:City)-[:IN_COUNTRY]->(c:Country) WHERE c.name <> 'United States of America' } RETURN o.name AS organization, o.summary AS summary","match
$o isa organization;
$ceo isa person;
ceo_of (organization: $o, ceo: $ceo);
$city isa city;
located_in (organization: $o, city: $city);
$country isa country, has country_name $cn;
location-contains (parent: $country, child: $city);
not { $cn == ""United States of America""; };
fetch { ""organization"": $o.name, ""summary"": $o.summary };"
589,List the first 5 organizations that have a category named 'Technology'.,"MATCH (o:Organization)-[:HAS_CATEGORY]->(c:IndustryCategory {name: 'Technology'})
RETURN o.name AS organization
LIMIT 5","match
  $o isa organization;
  $c isa industry_category, has industry_category_name ""Technology"";
  (organization: $o, category: $c) isa in_category;
limit 5;
fetch { ""organization"": $o.name };"
590,What are the first 3 organizations with a CEO whose name ends with 'Sweet'?,MATCH (o:Organization)-[:HAS_CEO]->(p:Person) WHERE p.name ENDS WITH 'Sweet' RETURN o.name LIMIT 3,"match $o isa organization; $p isa person; (organization: $o, ceo: $p) isa ceo_of; limit 3; fetch { ""name"": $o.name };"
591,Which organizations have been mentioned in articles authored by women?,MATCH (article:Article {author: 'David Correa'})-[:MENTIONS]->(org:Organization) RETURN DISTINCT org,"match $article isa article, has author ""David Correa""; $org isa organization; (article: $article, mentioned: $org) isa mentions; fetch { ""org"": $org };"
592,Name the first 3 organizations that have a CEO with a name containing 'Julie'.,"MATCH (o:Organization)-[:HAS_CEO]->(p:Person)
WHERE p.name CONTAINS 'Julie'
RETURN o.name
LIMIT 3","match
  $o isa organization;
  $p isa person;
  (organization: $o, ceo: $p) isa ceo_of;
  $p has name $p_name;
  $p_name contains ""Julie"";
limit 3;
fetch { ""name"": $o.name };"
593,List the first 3 organizations that have a competitor and a supplier in the same city.,"MATCH (o:Organization)-[:HAS_COMPETITOR]->(c:Organization),
      (o)-[:HAS_SUPPLIER]->(s:Organization),
      (o)-[:IN_CITY]->(city:City),
      (c)-[:IN_CITY]->(city),
      (s)-[:IN_CITY]->(city)
RETURN o.name AS organization, c.name AS competitor, s.name AS supplier, city.name AS city
LIMIT 3","match
  $o isa organization;
  $c isa organization;
  $s isa organization;
  $city isa city;
  (competitor: $o, competitor: $c) isa competes_with;
  (customer: $o, supplier: $s) isa supplies;
  (organization: $o, city: $city) isa located_in;
  (organization: $c, city: $city) isa located_in;
  (organization: $s, city: $city) isa located_in;
limit 3;
fetch { ""organization"": $o.name, ""competitor"": $c.name, ""supplier"": $s.name, ""city"": $city.city_name };"
594,Which organizations have a CEO who was mentioned in an article on 'RCR Wireless News'?,"MATCH (o:Organization)-[:HAS_CEO]->(ceo:Person)<-[:MENTIONS]-(a:Article {siteName: 'RCR Wireless News'}) RETURN o.name AS organization, ceo.name AS ceo","match $o isa organization; $ceo isa person; $a isa article, has site_name ""RCR Wireless News""; (organization: $o, ceo: $ceo) isa ceo_of; (article: $a, mentioned: $o) isa mentions; fetch { ""organization"": $o.name, ""ceo"": $ceo.name };"
595,List the first 5 organizations that have a CEO with a summary mentioning 'Leader'.,"MATCH (o:Organization)-[:HAS_CEO]->(p:Person)
WHERE p.summary CONTAINS 'Leader'
RETURN o.name AS organization, p.name AS ceo
LIMIT 5","match
  $o isa organization;
  $p isa person;
  (organization: $o, ceo: $p) isa ceo_of;
  $p has summary $p_summary;
  $p_summary contains ""Leader"";
limit 5;
fetch { ""organization"": $o.name, ""ceo"": $p.name };"
596,What are the first 3 organizations that have a category and a CEO named 'Julie Spellman Sweet'?,MATCH (o:Organization)-[:HAS_CATEGORY]->(:IndustryCategory) MATCH (o)-[:HAS_CEO]->(ceo:Person {name: 'Julie Spellman Sweet'}) RETURN o.name AS organization LIMIT 3,"match $o isa organization; $ceo isa person, has name ""Julie Spellman Sweet""; (organization: $o, ceo: $ceo) isa ceo_of; $ic isa industry_category; (organization: $o, category: $ic) isa in_category; limit 3; fetch { ""organization"": $o.name };"
597,Which organizations are mentioned in articles authored by 'David Correa'?,"MATCH (a:Article {author: 'David Correa'})-[:MENTIONS]->(o:Organization)
RETURN DISTINCT o.name AS organization","match
  $o isa organization;
  $a isa article, has author ""David Correa"";
  mentions (article: $a, mentioned: $o);
fetch { ""organization"": $o.name };"
598,List the top 5 organizations that have more than 100 employees and are not dissolved.,"MATCH (o:Organization) WHERE o.nbrEmployees > 100 AND o.isDissolved IS NOT NULL AND NOT o.isDissolved RETURN o.name AS organization, o.nbrEmployees AS numberOfEmployees ORDER BY o.nbrEmployees DESC LIMIT 5","match
  $o isa organization, has nbr_employees $n, has is_dissolved false;
  $n > 100;
sort $n desc;
limit 5;
fetch { ""organization"": $o.name, ""numberOfEmployees"": $n };"
599,What are the names of the organizations that have a public status and revenue greater than 100000000?,"MATCH (o:Organization)
WHERE o.isPublic = true AND o.revenue > 100000000
RETURN o.name","match $o isa organization, has is_public true, has revenue $r; $r > 100000000; fetch { ""name"": $o.name };"
600,Name 3 organizations that are suppliers to 'New Energy Group'.,MATCH (o:Organization {name: 'New Energy Group'})<-[:HAS_SUPPLIER]-(supplier:Organization) RETURN supplier.name LIMIT 3,"match
  $o isa organization, has name ""New Energy Group"";
  $s isa organization;
  supplies (customer: $o, supplier: $s);
limit 3;
fetch { ""supplier"": $s.name };"
601,Which cities are home to organizations with more than 300 employees?,"MATCH (o:Organization)-[:IN_CITY]->(c:City)
WHERE o.nbrEmployees > 300
RETURN c.name AS city","match
  $o isa organization, has nbr_employees $ne;
  $ne > 300;
  $c isa city;
  located_in (organization: $o, city: $c);
fetch { ""city"": $c.city_name };"
602,Identify the top 5 articles with a positive sentiment greater than 0.8.,"MATCH (a:Article)
WHERE a.sentiment > 0.8
RETURN a.title, a.sentiment, a.siteName, a.date
ORDER BY a.sentiment DESC
LIMIT 5","match
  $a isa article;
  $a has sentiment $a_sentiment;
  $a_sentiment > 0.8;
sort $a_sentiment desc;
limit 5;
fetch { ""title"": $a.title, ""sentiment"": $a.sentiment, ""site_name"": $a.site_name, ""date"": $a.date };"
603,What are the names of the organizations that are subsidiaries of 'Accenture'?,"MATCH (accenture:Organization {name: 'Accenture'})-[:HAS_SUBSIDIARY]->(subsidiary:Organization)
RETURN subsidiary.name","match
  $o isa organization, has name ""Accenture"";
  $subsidiary isa organization;
  (parent: $o, subsidiary: $subsidiary) isa subsidiary_of;
fetch { ""subsidiary"": $subsidiary.name };"
604,Which organizations have 'Julie Spellman Sweet' as a CEO?,"MATCH (p:Person {name: 'Julie Spellman Sweet'})<-[:HAS_CEO]-(o:Organization)
RETURN o","match
  $p isa person, has name ""Julie Spellman Sweet"";
  $o isa organization;
  (organization: $o, ceo: $p) isa ceo_of;
fetch { ""organization"": $o.name, ""ceo"": $p.name };"
605,List the industry categories for organizations located in 'Seattle'.,MATCH (o:Organization)-[:IN_CITY]->(:City {name: 'Seattle'}) MATCH (o)-[:HAS_CATEGORY]->(c:IndustryCategory) RETURN DISTINCT c.name,"match $o isa organization; $city isa city, has city_name ""Seattle""; (organization: $o, city: $city) isa located_in; $c isa industry_category; (organization: $o, category: $c) isa in_category; fetch { ""industry_category_name"": $c.industry_category_name };"
606,Which organizations are competitors of 'Deis'?,"MATCH (o:Organization {name: 'Deis'})-[:HAS_COMPETITOR]->(competitor:Organization)
RETURN competitor.name AS competitor","match
  $o isa organization, has name ""Deis"";
  $competitor isa organization;
  (competitor: $o, competitor: $competitor) isa competes_with;
fetch { ""competitor"": $competitor.name };"
607,Who are the board members of organizations with revenue over 50000000?,"MATCH (o:Organization)-[:HAS_BOARD_MEMBER]->(p:Person)
WHERE o.revenue > 50000000
RETURN o.name AS organization, p.name AS board_member","match
  $o isa organization;
  $p isa person;
  (organization: $o, member: $p) isa board_member_of;
  $o has revenue $o_revenue;
  $o_revenue > 50000000;
fetch { ""organization"": $o.name, ""board_member"": $p.name };"
608,Which organizations have a summary mentioning 'software' and are located in a city with a population summary mentioning 'capital'?,"MATCH (o:Organization)-[:IN_CITY]->(c:City) WHERE toLower(o.summary) CONTAINS 'software' AND toLower(c.summary) CONTAINS 'capital' RETURN o.name AS organization, c.name AS city","match
  $o isa organization, has summary $os;
  $os like "".*software.*"";
  $c isa city;
  (organization: $o, city: $c) isa located_in;
fetch { ""organization"": $o.name, ""city"": $c.city_name };"
609,Who are the children of 'Julie Spellman Sweet' listed in the database?,MATCH (p:Person {name: 'Julie Spellman Sweet'})-[:HAS_CHILD]->(child:Person) RETURN child.name AS child,"match $p isa person, has name ""Julie Spellman Sweet""; $child isa person; (parent: $p, child: $child) isa parent_of; fetch { ""child"": $child.name };"
610,List the countries where organizations with a revenue of over 50000000 are located.,MATCH (o:Organization)-[:IN_CITY]->(:City)-[:IN_COUNTRY]->(c:Country) WHERE o.revenue > 50000000 RETURN DISTINCT c.name,"match
  $o isa organization, has revenue $r;
  $r > 50000000;
  located_in (organization: $o, city: $city);
  location-contains (parent: $c, child: $city);
  $c isa country, has country_name $name;
select $name;
distinct;
fetch { ""name"": $name };"
611,Identify articles mentioning organizations based in 'Rome'.,"MATCH (a:Article)-[:MENTIONS]->(o:Organization)-[:IN_CITY]->(:City {name: 'Rome'}) RETURN a.title AS article, o.name AS organization","match $a isa article; $o isa organization; $city isa city, has city_name ""Rome""; (organization: $o, city: $city) isa located_in; (article: $a, mentioned: $o) isa mentions; fetch { ""article"": $a.title, ""organization"": $o.name };"
612,Which organizations have an investor named 'Accenture'?,"MATCH (o:Organization)<-[:HAS_INVESTOR]-(investor:Organization {name: 'Accenture'})
RETURN o.name AS organization","match
$o isa organization;
$investor isa organization, has name ""Accenture"";
invested_in (organization: $o, investor: $investor);
fetch { ""organization"": $o.name };"
613,Name 3 people who are board members for organizations with a motto.,"MATCH (p:Person)<-[:HAS_BOARD_MEMBER]-(o:Organization)
WHERE o.motto IS NOT NULL
RETURN p.name
LIMIT 3","match
  $p isa person, has name $pn;
  $o isa organization;
  (organization: $o, member: $p) isa board_member_of;
  $o has motto $m;
limit 3;
fetch { ""name"": $pn };"
614,What are the top 3 latest articles mentioning any organization?,"MATCH (a:Article)-[:MENTIONS]->(o:Organization)
RETURN a.title AS article, a.date AS published, o.name AS organization
ORDER BY a.date DESC
LIMIT 3","match
  $a isa article, has date $d;
  mentions (article: $a, mentioned: $o);
  $o isa organization;
sort $d desc;
limit 3;
fetch { ""article"": $a.title, ""published"": $d, ""organization"": $o.name };"
615,Which organizations are located in cities within 'United States of America'?,"MATCH (o:Organization)-[:IN_CITY]->(c:City)-[:IN_COUNTRY]->(country:Country {name: 'United States of America'})
RETURN o.name AS organization, c.name AS city","match
  $o isa organization;
  $c isa city;
  $country isa country, has country_name ""United States of America"";
  (organization: $o, city: $c) isa located_in;
(child: $c, parent: $country) isa location-contains; fetch { ""organization"": $o.name, ""city"": $c.city_name };"
616,Who are the investors in 'New Energy Group'?,"MATCH (o:Organization {name: 'New Energy Group'})<-[:HAS_INVESTOR]-(investor)
WHERE investor:Person OR investor:Organization
RETURN investor","match
  $o isa organization, has name ""New Energy Group"";
  $investor isa person, has name $in;
  (organization: $o, investor: $investor) isa invested_in;
fetch { ""investor"": $in };"
617,List the organizations that have a category named 'Electronic Products Manufacturers'.,"MATCH (o:Organization)-[:HAS_CATEGORY]->(c:IndustryCategory {name: 'Electronic Products Manufacturers'})
RETURN o.name AS organization","match
  $o isa organization;
  $c isa industry_category, has industry_category_name ""Electronic Products Manufacturers"";
  (organization: $o, category: $c) isa in_category;
fetch { ""organization"": $o.name };"
618,Which cities have organizations with a public status?,"MATCH (o:Organization)-[:IN_CITY]->(c:City)
WHERE o.isPublic IS NOT NULL AND o.isPublic = true
RETURN DISTINCT c.name","match
  $o isa organization, has is_public true;
  located_in (organization: $o, city: $c);
select $c;
distinct;
fetch { ""city_name"": $c.city_name };"
619,Name the children and parents of persons who are CEOs of organizations with more than 50 employees.,"MATCH (p:Person)<-[:HAS_CEO]-(o:Organization) WHERE o.nbrEmployees > 50 OPTIONAL MATCH (p)-[:HAS_CHILD]->(child:Person) OPTIONAL MATCH (p)-[:HAS_PARENT]->(parent:Person) RETURN p.name AS ceo, collect(child.name) AS children, collect(parent.name) AS parents","match
  $p isa person;
  $o isa organization, has nbr_employees $emp;
  $emp > 50;
  ceo_of (organization: $o, ceo: $p);
  try { parent_of (parent: $p, child: $child); $child isa person; };
  try { parent_of (child: $p, parent: $parent); $parent isa person; };
fetch {
  ""ceo"": $p.name,
  ""children"": [ $child.name ],
  ""parents"": [ $parent.name ]
};"
620,Which articles mention organizations that have been dissolved?,"MATCH (a:Article)-[:MENTIONS]->(o:Organization)
WHERE o.isDissolved IS NOT NULL AND o.isDissolved = true
RETURN a, o","match
  $a isa article;
  $o isa organization;
  (article: $a, mentioned: $o) isa mentions;
  $o has is_dissolved $o_is_dissolved;
  $o has is_dissolved true;
fetch { ""a"": $a, ""o"": $o };"
621,List the CEOs of organizations that have a category in 'Electronic Products Manufacturers'.,"MATCH (o:Organization)-[:HAS_CEO]->(ceo:Person) WHERE (o)-[:HAS_CATEGORY]->(:IndustryCategory {name: 'Electronic Products Manufacturers'}) RETURN o.name AS company, ceo.name AS ceo","match $o isa organization; $ceo isa person; (organization: $o, ceo: $ceo) isa ceo_of; $ic isa industry_category, has industry_category_name ""Electronic Products Manufacturers""; (organization: $o, category: $ic) isa in_category; fetch { ""company"": $o.name, ""ceo"": $ceo.name };"
622,Which organization has the highest number of employees and is located in a capital city?,"MATCH (o:Organization)-[:IN_CITY]->(c:City)-[:IN_COUNTRY]->(country:Country)
WHERE c.name = country.name
RETURN o.name AS organization, o.nbrEmployees AS numberOfEmployees
ORDER BY o.nbrEmployees DESC
LIMIT 1","match
  $o isa organization, has name $on;
  $c isa city;
  (organization: $o, city: $c) isa located_in;
  $o has nbr_employees $ne;
sort $ne desc;
limit 1;
fetch { ""organization"": $on, ""numberOfEmployees"": $ne };"
623,What are the top 5 articles with the highest sentiment scores?,"MATCH (a:Article)
RETURN a.title AS title, a.sentiment AS sentiment
ORDER BY a.sentiment DESC
LIMIT 5","match
  $a isa article;
  $a has sentiment $a_sentiment;
sort $a_sentiment desc;
limit 5;
fetch { ""title"": $a.title, ""sentiment"": $a.sentiment };"
624,List all organizations that have a supplier named 'Accenture'.,"MATCH (o:Organization)-[:HAS_SUPPLIER]->(s:Organization {name: 'Accenture'})
RETURN o.name AS organization","match
  $o isa organization;
  $s isa organization, has name ""Accenture"";
  (customer: $o, supplier: $s) isa supplies;
fetch { ""organization"": $o.name };"
625,Which organizations have a CEO and are also public companies?,MATCH (o:Organization) WHERE o.isPublic = true AND EXISTS { (o)-[:HAS_CEO]->(:Person) } RETURN o.name AS organization,"match $o isa organization; $o has is_public true; $ceo isa person; (organization: $o, ceo: $ceo) isa ceo_of; fetch { ""organization"": $o.name };"
626,Name the organizations with competitors that have more than 300 employees.,"MATCH (o:Organization)-[:HAS_COMPETITOR]->(c:Organization)
WHERE c.nbrEmployees > 300
RETURN o.name AS organization, c.name AS competitor","match
  $o isa organization;
  $c isa organization;
  (competitor: $o, competitor: $c) isa competes_with;
  $c has nbr_employees $c_nbr_employees;
  $c_nbr_employees > 300;
fetch { ""organization"": $o.name, ""competitor"": $c.name };"
627,List 3 organizations that have their headquarters in a city that is also a capital.,"MATCH (o:Organization)-[:IN_CITY]->(c:City)-[:IN_COUNTRY]->(country:Country) WHERE c.name = country.name RETURN o.name AS organization, c.name AS city LIMIT 3","match $o isa organization; $c isa city; $country isa country; (organization: $o, city: $c) isa located_in; (child: $c, parent: $country) isa location-contains; limit 3; fetch { ""organization"": $o.name, ""city"": $c.city_name };"
628,Which articles have chunks containing the text 'consumer behavior analyses'?,"MATCH (a:Article)-[:HAS_CHUNK]->(c:Chunk)
WHERE c.text CONTAINS 'consumer behavior analyses'
RETURN a","match
  $a isa article;
  $c isa chunk, has text $t;
  $t like "".*consumer behavior analyses.*"";
  has_chunk (article: $a, chunk: $c);
fetch { ""article"": $a.title };"
629,Identify the organizations that have been mentioned in articles published after 2021-01-01.,"MATCH (a:Article)-[:MENTIONS]->(o:Organization) WHERE a.date > date(""2021-01-01"") RETURN DISTINCT o","match $a isa article, has date $a_date; $o isa organization; (article: $a, mentioned: $o) isa mentions; $a_date > 2021-01-01T00:00:00; fetch { ""o"": $o };"
630,What are the summaries of organizations that have a CEO named 'Julie Spellman Sweet'?,"MATCH (p:Person {name: 'Julie Spellman Sweet'})<-[:HAS_CEO]-(o:Organization)
RETURN o.summary","match
  $p isa person, has name ""Julie Spellman Sweet"";
  $o isa organization;
  (organization: $o, ceo: $p) isa ceo_of;
fetch { ""summary"": $o.summary };"
631,Who are the children of people working in organizations in 'Seattle'?,"MATCH (p:Person)-[:HAS_CHILD]->(child:Person) WHERE EXISTS { (p)-[:HAS_BOARD_MEMBER|HAS_CEO]->(:Organization)-[:IN_CITY]->(:City {name: 'Seattle'}) } RETURN p.name AS parent, child.name AS child","match
  $p isa person;
  $child isa person;
  parent_of (parent: $p, child: $child);
  $org isa organization;
  $city isa city, has city_name ""Seattle"";
  located_in (organization: $org, city: $city);
  { ceo_of (ceo: $p, organization: $org); } or { board_member_of (member: $p, organization: $org); };
fetch { ""parent"": $p.name, ""child"": $child.name };"
632,List the organizations that have 'Julie Spellman Sweet' as an investor.,"MATCH (p:Person {name: 'Julie Spellman Sweet'})<-[:HAS_INVESTOR]-(o:Organization)
RETURN o","match
  $p isa person, has name ""Julie Spellman Sweet"";
  $o isa organization, has name $on;
  (organization: $o, investor: $p) isa invested_in;
fetch { ""organization"": $on };"
633,Which organizations in 'United States of America' have more than 200 employees?,"MATCH (o:Organization)-[:IN_CITY]->(:City)-[:IN_COUNTRY]->(c:Country {name: 'United States of America'}) WHERE o.nbrEmployees > 200 RETURN o.name AS organization, o.nbrEmployees AS numberOfEmployees","match $o isa organization; $co isa country, has country_name ""United States of America""; $city isa city; (organization: $o, city: $city) isa located_in; (child: $city, parent: $co) isa location-contains; $o has nbr_employees $o_nbr_employees; $o_nbr_employees > 200; fetch { ""organization"": $o.name, ""numberOfEmployees"": $o.nbr_employees };"
634,What is the sentiment of articles authored by 'David Correa' regarding organizations in the tech industry?,"MATCH (a:Article {author: 'David Correa'})-[:MENTIONS]->(o:Organization)-[:HAS_CATEGORY]->(c:IndustryCategory) WHERE c.name CONTAINS 'Tech' RETURN a.title, a.sentiment","match
  $a isa article, has author ""David Correa"", has title $title, has sentiment $sentiment;
  $o isa organization;
  $c isa industry_category, has industry_category_name $cat_name;
  mentions (article: $a, mentioned: $o);
  in_category (organization: $o, category: $c);
  $cat_name like "".*Tech.*"";
fetch { ""title"": $title, ""sentiment"": $sentiment };"
635,Name the organizations that have subsidiaries and are located in cities with a summary mentioning 'county seat'.,MATCH (o:Organization)-[:HAS_SUBSIDIARY]->(:Organization) MATCH (o)-[:IN_CITY]->(c:City) WHERE c.summary CONTAINS 'county seat' RETURN o.name AS organization,"match $o isa organization; $subsidiary isa organization; (parent: $o, subsidiary: $subsidiary) isa subsidiary_of; $c isa city; (organization: $o, city: $c) isa located_in; $c has city_summary $c_city_summary; $c_city_summary contains ""county seat""; fetch { ""organization"": $o.name };"
636,Which organizations have board members who are also CEOs of other organizations?,"MATCH (o1:Organization)-[:HAS_BOARD_MEMBER]->(p:Person)<-[:HAS_CEO]-(o2:Organization) WHERE o1 <> o2 RETURN o1.name AS BoardMemberOrg, p.name AS BoardMemberName, o2.name AS CEOOrg","match $o1 isa organization; $p isa person; $o2 isa organization; (organization: $o1, member: $p) isa board_member_of; (organization: $o1, ceo: $p) isa ceo_of; fetch { ""BoardMemberOrg"": $o1.name, ""BoardMemberName"": $p.name, ""CEOOrg"": $o2.name };"
637,List the articles that mention organizations headquartered in 'Rome'.,MATCH (a:Article)-[:MENTIONS]->(o:Organization)-[:IN_CITY]->(:City {name: 'Rome'}) RETURN ...,"match $a isa article; $o isa organization; $city isa city, has city_name ""Rome""; (organization: $o, city: $city) isa located_in; (article: $a, mentioned: $o) isa mentions; fetch { ""article_id"": $a.article_id, ""title"": $a.title, ""author"": $a.author, ""site_name"": $a.site_name, ""date"": $a.date, ""article_summary"": $a.article_summary };"
638,What are the titles of articles that report negative sentiments and mention organizations?,"MATCH (a:Article)-[:MENTIONS]->(o:Organization)
WHERE a.sentiment < 0
RETURN a.title","match
  $a isa article;
  $o isa organization;
  (article: $a, mentioned: $o) isa mentions;
  $a has sentiment $a_sentiment;
  $a_sentiment < 0;
fetch { ""title"": $a.title };"
639,Identify the organizations that have an investor with more than 50 employees.,"MATCH (o:Organization)-[:HAS_INVESTOR]->(i:Organization)
WHERE i.nbrEmployees > 50
RETURN o.name AS organization, i.name AS investor, i.nbrEmployees AS employeeCount","match
$o isa organization;
$investor isa organization, has nbr_employees $emp;
$emp > 50;
invested_in (organization: $o, investor: $investor);
fetch { ""organization"": $o.name, ""investor"": $investor.name };"
640,Which organizations are public and have been mentioned in articles with a positive sentiment?,"MATCH (o:Organization {isPublic: true})<-[:MENTIONS]-(a:Article)
WHERE a.sentiment > 0.5
RETURN DISTINCT o.name AS organization, a.title AS article, a.sentiment AS sentiment","match
  $o isa organization, has is_public true;
  $a isa article;
  (article: $a, mentioned: $o) isa mentions;
  $a has sentiment $a_sentiment;
  $a_sentiment > 0.5;
fetch { ""organization"": $o.name, ""article"": $a.title, ""sentiment"": $a.sentiment };"
641,List the industry categories of organizations that have a revenue above 100000000.,"MATCH (o:Organization)-[:HAS_CATEGORY]->(c:IndustryCategory)
WHERE o.revenue > 100000000
RETURN DISTINCT c.name","match
  $o isa organization;
  $c isa industry_category;
  (organization: $o, category: $c) isa in_category;
  $o has revenue $o_revenue;
  $o_revenue > 100000000;
fetch { ""industry_category_name"": $c.industry_category_name };"
642,What are the relationships of 'Julie Spellman Sweet' within the context of the organization she is associated with?,"MATCH (p:Person {name: 'Julie Spellman Sweet'})-[r]-(o:Organization)
WHERE p.name IS NOT NULL AND o.name IS NOT NULL
RETURN p, r, o","match
  $c isa city;
  $o isa organization;
  $ic isa industry_category;
  (organization: $o, city: $c) isa located_in;
  $ic has industry_category_name $ic_industry_category_name;
  $ic_industry_category_name contains ""Environmental"";
  (organization: $o, category: $ic) isa in_category;
reduce $orgCount = count($o) groupby $c;
sort $orgCount desc;
limit 3;
fetch { ""city"": $c.city_name, ""orgCount"": $orgCount };"
643,Which organizations have subsidiaries and are located in the same city?,"MATCH (o:Organization)-[:HAS_SUBSIDIARY]->(sub:Organization), (o)-[:IN_CITY]->(city:City)<-[:IN_CITY]-(sub) RETURN o.name AS organization, sub.name AS subsidiary, city.name AS city","match $o isa organization; $sub isa organization; $city isa city; (parent: $o, subsidiary: $sub) isa subsidiary_of; (organization: $o, city: $city) isa located_in; fetch { ""organization"": $o.name, ""subsidiary"": $sub.name, ""city"": $city.city_name };"
644,Who are the CEOs of organizations that have a competitor named 'New Energy Group'?,"MATCH (o:Organization)-[:HAS_COMPETITOR]->(c:Organization {name: 'New Energy Group'})
MATCH (o)-[:HAS_CEO]->(ceo:Person)
RETURN ceo.name AS ceoName, o.name AS orgName","match
  $o isa organization;
  $c isa organization, has name ""New Energy Group"";
  (competitor: $o, competitor: $c) isa competes_with;
  $ceo isa person;
  (organization: $o, ceo: $ceo) isa ceo_of;
fetch { ""ceoName"": $ceo.name, ""orgName"": $o.name };"
645,What are the organizations mentioned in articles with a sentiment score below 0.5?,"MATCH (a:Article)-[:MENTIONS]->(o:Organization)
WHERE a.sentiment < 0.5
RETURN DISTINCT o","match
  $a isa article;
  $o isa organization;
  (article: $a, mentioned: $o) isa mentions;
  $a has sentiment $a_sentiment;
  $a_sentiment < 0.5;
fetch { ""o"": $o };"
646,List the cities where organizations with a summary mentioning 'financial services' are based.,"MATCH (o:Organization)-[:IN_CITY]->(c:City)
WHERE o.summary CONTAINS 'financial services'
RETURN DISTINCT c.name","match
  $c isa city;
  $o isa organization;
  $ic isa industry_category;
  (organization: $o, city: $c) isa located_in;
  $ic has industry_category_name $ic_industry_category_name;
  $ic_industry_category_name contains ""Food"";
  (organization: $o, category: $ic) isa in_category;
reduce $orgCount = count($o) groupby $c;
sort $orgCount desc;
limit 3;
fetch { ""city"": $c.city_name, ""orgCount"": $orgCount };"
647,Identify the organizations that are suppliers to public companies.,"MATCH (supplier:Organization)-[:HAS_SUPPLIER]->(company:Organization) WHERE company.isPublic = true RETURN supplier, company","match $supplier isa organization; $company isa organization; (supplier: $supplier, customer: $company) isa supplies; $company has is_public true; fetch { ""supplier"": $supplier, ""company"": $company };"
648,Which organizations have more than two categories and are located in 'United States of America'?,"MATCH (o:Organization)-[:HAS_CATEGORY]->(c:IndustryCategory), (o)-[:IN_CITY]->(:City)-[:IN_COUNTRY]->(country:Country {name: 'United States of America'}) WITH o, count(c) AS categoryCount WHERE categoryCount > 2 RETURN o.name AS organization, categoryCount","match
  $o isa organization;
  $c isa city;
  $country isa country, has country_name ""United States of America"";
  located_in (organization: $o, city: $c);
  location-contains (parent: $country, child: $c);
  $ic isa industry_category;
  in_category (organization: $o, category: $ic);
reduce $categoryCount = count($ic) groupby $o;
match $categoryCount > 2;
fetch { ""organization"": $o.name, ""categoryCount"": $categoryCount };"
649,Which organizations have a CEO who is also a board member of another organization?,"MATCH (o1:Organization)-[:HAS_CEO]->(ceo:Person),
      (ceo)-[:HAS_BOARD_MEMBER]->(o2:Organization)
WHERE o1 <> o2
RETURN o1.name AS org1, ceo.name AS ceo_name, o2.name AS org2","match
  $o1 isa organization, has name $on1;
  $ceo isa person, has name $ceon;
  $o2 isa organization, has name $on2;
  (organization: $o1, ceo: $ceo) isa ceo_of;
  (organization: $o2, member: $ceo) isa board_member_of;
  $o1 has organization_id $id1;
  $o2 has organization_id $id2;
  $id1 != $id2;
fetch { ""org1"": $on1, ""ceo_name"": $ceon, ""org2"": $on2 };"
650,List the top 3 organizations by revenue that are located in a city with a summary mentioning 'metropolitan'.,"MATCH (o:Organization)-[:IN_CITY]->(c:City)
WHERE c.summary CONTAINS 'metropolitan'
RETURN o.name AS organization, o.revenue AS revenue
ORDER BY o.revenue DESC
LIMIT 3","match
  $o isa organization;
  $c isa city;
  (organization: $o, city: $c) isa located_in;
  $c has city_summary $c_city_summary;
  $c_city_summary contains ""metropolitan"";
  $o has revenue $o_revenue;
sort $o_revenue desc;
limit 3;
fetch { ""organization"": $o.name, ""revenue"": $o.revenue };"
651,What are the top 5 articles that mention organizations based in 'United States of America'?,"MATCH (a:Article)-[:MENTIONS]->(o:Organization)-[:IN_CITY]->(:City)-[:IN_COUNTRY]->(c:Country {name: 'United States of America'}) RETURN a.title AS article, a.date AS publishedDate ORDER BY a.date DESC LIMIT 5","match $a isa article; $o isa organization; $co isa country, has country_name ""United States of America""; $city isa city; (organization: $o, city: $city) isa located_in; (child: $city, parent: $co) isa location-contains; (article: $a, mentioned: $o) isa mentions; $a has date $a_date; sort $a_date desc; limit 5; fetch { ""article"": $a.title, ""publishedDate"": $a.date };"
652,Which organizations have a summary that includes 'based in San Francisco' and are not dissolved?,MATCH (o:Organization) WHERE o.summary CONTAINS 'based in San Francisco' AND o.isDissolved IS NOT NULL AND NOT o.isDissolved RETURN o,"match
  $o isa organization, has summary $s, has is_dissolved false;
  $s like "".*based in San Francisco.*"";
fetch { ""organization"": $o.name };"
653,Name the organizations that have investors named 'Julie Spellman Sweet'.,"MATCH (p:Person {name: 'Julie Spellman Sweet'})-[:HAS_INVESTOR]->(o:Organization)
RETURN o.name AS organization","match
  $p isa person, has name ""Julie Spellman Sweet"";
  $o isa organization;
  (investor: $p, organization: $o) isa invested_in;
fetch { ""organization"": $o.name };"
654,List the cities that are home to organizations with a revenue exceeding 50000000.,"MATCH (o:Organization)-[:IN_CITY]->(c:City)
WHERE o.revenue > 50000000
RETURN DISTINCT c.name","match
  $o isa organization;
  $c isa city;
  (organization: $o, city: $c) isa located_in;
  $o has revenue $o_revenue;
  $o_revenue > 50000000;
fetch { ""city_name"": $c.city_name };"
655,What are the top 3 articles mentioning organizations with a public status?,"MATCH (a:Article)-[:MENTIONS]->(o:Organization {isPublic: true})
RETURN a.title AS article, a.date AS publishedDate, o.name AS organization
ORDER BY a.date DESC
LIMIT 3","match
  $a isa article, has title $title, has date $date;
  $o isa organization, has is_public true, has name $org_name;
  mentions (article: $a, mentioned: $o);
sort $date desc;
limit 3;
fetch {
  ""article"": $title,
  ""publishedDate"": $date,
  ""organization"": $org_name
};"
656,Identify the organizations that have CEOs who are also investors in other companies.,"MATCH (o:Organization)-[:HAS_CEO]->(ceo:Person) WHERE EXISTS { (ceo)-[:HAS_INVESTOR]->(:Organization) } RETURN o.name AS organization, ceo.name AS ceo","match $o isa organization; $ceo isa person; (organization: $o, ceo: $ceo) isa ceo_of; (organization: $o, investor: $ceo) isa invested_in; fetch { ""organization"": $o.name, ""ceo"": $ceo.name };"
657,List the industry categories of organizations that have a CEO with a summary mentioning 'executive'.,"MATCH (o:Organization)-[:HAS_CEO]->(p:Person)
WHERE p.summary CONTAINS 'executive'
WITH o
MATCH (o)-[:HAS_CATEGORY]->(c:IndustryCategory) 
RETURN DISTINCT c.name","match
  $o isa organization;
  $p isa person;
  (organization: $o, ceo: $p) isa ceo_of;
  $c isa industry_category;
  (organization: $o, category: $c) isa in_category;
  $p has summary $p_summary;
  $p_summary contains ""executive"";
fetch { ""industry_category_name"": $c.industry_category_name };"
658,What are the names of organizations with a CEO named 'Julie Spellman Sweet' and are located in a city named 'Seattle'?,MATCH (o:Organization)-[:HAS_CEO]->(p:Person {name: 'Julie Spellman Sweet'}) WHERE (o)-[:IN_CITY]->(:City {name: 'Seattle'}) RETURN o.name,"match
  $p isa person, has name ""Julie Spellman Sweet"";
  $o isa organization;
  (organization: $o, ceo: $p) isa ceo_of;
  $city isa city, has city_name ""Seattle"";
  (organization: $o, city: $city) isa located_in;
fetch { ""organization"": $o.name, ""ceo"": $p.name };"
659,Which organizations have investors who are also board members?,"MATCH (o:Organization)<-[:HAS_INVESTOR]-(p:Person)-[:HAS_BOARD_MEMBER]->(o) RETURN o.name AS organization, p.name AS investor_board_member","match $o isa organization; $p isa person; (investor: $p, organization: $o) isa invested_in; (organization: $o, member: $p) isa board_member_of; fetch { ""organization"": $o.name, ""investor_board_member"": $p.name };"
660,Name the top 3 countries where organizations with a revenue of over 100000000 are based.,"MATCH (o:Organization)-[:IN_CITY]->(:City)-[:IN_COUNTRY]->(c:Country) WHERE o.revenue > 100000000 RETURN c.name AS country, count(*) AS orgCount ORDER BY orgCount DESC LIMIT 3","match
$o isa organization, has revenue $rev;
$rev > 100000000;
$city isa city;
$co isa country, has country_name $country_name;
located_in (organization: $o, city: $city);
location-contains (parent: $co, child: $city);
reduce $orgCount = count($o) groupby $co, $country_name;
sort $orgCount desc;
limit 3;
fetch { ""country"": $country_name };"
661,What are the articles mentioning organizations that have a CEO with a name containing 'Sweet'?,"MATCH (article:Article)-[:MENTIONS]->(org:Organization)-[:HAS_CEO]->(ceo:Person) WHERE ceo.name CONTAINS 'Sweet' RETURN article, org, ceo","match
  $article isa article, has title $t;
  $org isa organization, has name $on;
  $ceo isa person, has name $ceon;
  (article: $article, mentioned: $org) isa mentions;
  (organization: $org, ceo: $ceo) isa ceo_of;
  $ceon like "".*Sweet.*"";
fetch { ""article"": $t, ""organization"": $on, ""ceo"": $ceon };"
662,List the organizations that have a subsidiary and also have a supplier named 'Accenture'.,"MATCH (o:Organization)-[:HAS_SUBSIDIARY]->(:Organization)
WHERE EXISTS {(o)-[:HAS_SUPPLIER]->(:Organization {name: 'Accenture'})}
RETURN o","match
  $o isa organization, has name ""Accenture""; $subsidiary isa organization; (parent: $o, subsidiary: $subsidiary) isa subsidiary_of;
  (customer: $o, supplier: $subsidiary) isa supplies;
fetch { ""o"": $o };"
663,Which organizations have a board member named 'Julie Spellman Sweet'?,"MATCH (p:Person {name: 'Julie Spellman Sweet'})<-[:HAS_BOARD_MEMBER]-(o:Organization)
RETURN o","match
  $p isa person, has name ""Julie Spellman Sweet"";
  $o isa organization;
  (organization: $o, member: $p) isa board_member_of;
fetch { ""o"": $o };"
664,Name the organizations that are public and have a category in 'Electronic Products Manufacturers'.,"MATCH (o:Organization)-[:HAS_CATEGORY]->(c:IndustryCategory {name: 'Electronic Products Manufacturers'})
WHERE o.isPublic = true
RETURN o.name AS organization","match
  $o isa organization, has is_public true, has name $name;
  $c isa industry_category, has industry_category_name ""Electronic Products Manufacturers"";
  in_category (organization: $o, category: $c);
fetch { ""organization"": $name };"
665,List the organizations located in cities that have been mentioned in articles with a high sentiment score.,"MATCH (o:Organization)-[:IN_CITY]->(c:City)<-[:MENTIONS]-(a:Article) WHERE a.sentiment > 0.8 RETURN o.name AS organization, c.name AS city, a.title AS article, a.sentiment AS sentiment","match $o isa organization; $c isa city; $a isa article; (organization: $o, city: $c) isa located_in; $a has sentiment $a_sentiment; $a_sentiment > 0.8; (article: $a, mentioned: $o) isa mentions; fetch { ""organization"": $o.name, ""city"": $c.city_name, ""article"": $a.title, ""sentiment"": $a.sentiment };"
666,Identify the articles that mention organizations with a CEO named 'Julie Spellman Sweet' and a revenue over 100000000.,MATCH (article:Article)-[:MENTIONS]->(org:Organization) WHERE org.revenue > 100000000 AND (org)-[:HAS_CEO]->(:Person {name: 'Julie Spellman Sweet'}) RETURN article,"match
  $p isa person, has name ""Julie Spellman Sweet"";
  (organization: $o, ceo: $p) isa ceo_of;
  $o has revenue $r; $r > 100000000;
  (article: $a, mentioned: $o) isa mentions;
fetch { ""article"": $a.article_id };"
667,Who are the investors in organizations that have subsidiaries in 'United States of America'?,"MATCH (investor)-[:HAS_INVESTOR]->(org)-[:HAS_SUBSIDIARY*]->(sub)-[:IN_CITY]->(:City)-[:IN_COUNTRY]->(c:Country {name: 'United States of America'})
WHERE investor:Person OR investor:Organization
RETURN DISTINCT investor","match
$parent isa organization;
$sub isa organization;
$investor isa! organization;
$c isa city;
$usa isa country, has country_name ""United States of America"";
subsidiary_of (parent: $parent, subsidiary: $sub);
located_in (organization: $sub, city: $c);
location-contains (parent: $usa, child: $c);
invested_in (organization: $parent, investor: $investor);
fetch { ""investor"": $investor.name };"
668,List the organizations that have competitors and a public status.,MATCH (o:Organization) WHERE o.isPublic = true AND EXISTS { (o)-[:HAS_COMPETITOR]->(:Organization) } RETURN o.name AS organization,"match
  $o isa organization, has is_public true;
  competes_with (competitor: $o);
fetch { ""organization"": $o.name };"
669,Which organizations have a CEO and a motto that includes 'innovation'?,MATCH (o:Organization) WHERE (o)-[:HAS_CEO]->(:Person) AND o.motto IS NOT NULL AND toLower(o.motto) CONTAINS 'innovation' RETURN o,"match
  $o isa organization;
  $p isa person;
  (organization: $o, ceo: $p) isa ceo_of;
$o has motto $m; $m like "".*innovation.*"";
fetch { ""organization"": $o.name, ""ceo"": $p.name };"
670,Name the organizations headquartered in 'Rome' that have a public status.,MATCH (o:Organization)-[:IN_CITY]->(:City {name: 'Rome'}) WHERE o.isPublic = true RETURN o.name,"match
  $o isa organization, has is_public true;
  $c isa city, has city_name ""Rome"";
  located_in (organization: $o, city: $c);
fetch { ""name"": $o.name };"
671,List the children of CEOs who are mentioned as investors in the database.,"MATCH (ceo:Person)<-[:HAS_CEO]-(company:Organization)
MATCH (child:Person)<-[:HAS_CHILD]-(ceo)
WHERE EXISTS {
  (company)-[:HAS_INVESTOR]->(ceo)
}
RETURN ceo.name AS CEO, child.name AS Child, company.name AS Company","match
  $ceo isa person;
  $company isa organization;
  (organization: $company, ceo: $ceo) isa ceo_of;
  $child isa person;
(organization: $company, investor: $ceo) isa invested_in; (parent: $ceo, child: $child) isa parent_of; fetch { ""CEO"": $ceo.name, ""Child"": $child.name, ""Company"": $company.name };"
672,What are the summaries of organizations that have a supplier named 'Accenture'?,"MATCH (o:Organization)-[:HAS_SUPPLIER]->(s:Organization {name: 'Accenture'})
RETURN o.summary AS organization_summary","match
  $o isa organization;
  $s isa organization, has name ""Accenture"";
  supplies (customer: $o, supplier: $s);
fetch { ""organization_summary"": $o.summary };"
673,Identify the organizations that have a CEO with a summary including 'executive' and are located in a country named 'United States of America'.,"MATCH (o:Organization)-[:HAS_CEO]->(ceo:Person) WHERE ceo.summary CONTAINS 'executive' AND (o)-[:IN_CITY]->(:City)-[:IN_COUNTRY]->(:Country {name: 'United States of America'}) RETURN o, ceo","match $o isa organization; $ceo isa person; (organization: $o, ceo: $ceo) isa ceo_of; $ceo has summary $ceo_summary; $ceo_summary contains ""executive""; $city isa city; (organization: $o, city: $city) isa located_in; $country isa country, has country_name ""United States of America""; (child: $city, parent: $country) isa location-contains; fetch { ""o"": $o, ""ceo"": $ceo };"
674,Which organizations have a CEO named 'Julie Spellman Sweet' and have a revenue exceeding 50000000?,"MATCH (o:Organization)-[:HAS_CEO]->(p:Person {name: 'Julie Spellman Sweet'})
WHERE o.revenue > 50000000
RETURN o","match
  $o isa organization;
  $p isa person, has name ""Julie Spellman Sweet"";
  (organization: $o, ceo: $p) isa ceo_of;
  $o has revenue $o_revenue;
  $o_revenue > 50000000;
fetch { ""o"": $o };"
675,List the organizations that have a public status and a summary mentioning 'software'.,"MATCH (o:Organization) WHERE o.isPublic = true AND toLower(o.summary) CONTAINS 'software' RETURN o.name AS organization, o.summary AS summary","match $o isa organization; $o has is_public true; $o has summary $os; $os like "".*software.*"";
fetch { ""organization"": $o.name, ""summary"": $o.summary };"
676,What are the top 3 articles mentioning organizations with more than 200 employees?,"MATCH (a:Article)-[:MENTIONS]->(o:Organization)
WHERE o.nbrEmployees > 200
WITH a, o
ORDER BY a.sentiment DESC
LIMIT 3
RETURN a.title AS article, o.name AS organization","match
  $a isa article;
  $o isa organization, has nbr_employees $e;
  $e > 200;
  mentions (article: $a, mentioned: $o);
  $a has sentiment $s;
sort $s desc;
limit 3;
fetch { ""article"": $a.title, ""organization"": $o.name };"
677,Identify organizations that have both a CEO and an investor named 'Julie Spellman Sweet'.,MATCH (o:Organization) WHERE (o)-[:HAS_CEO]->(:Person {name: 'Julie Spellman Sweet'}) AND (o)-[:HAS_INVESTOR]->(:Person {name: 'Julie Spellman Sweet'}) RETURN o,"match
  $p isa person, has name ""Julie Spellman Sweet"";
  $o isa organization;
  ceo_of (organization: $o, ceo: $p);
  invested_in (organization: $o, investor: $p);
fetch { ""organization"": $o.name };"
678,What are the top 5 organizations with the highest revenue?,"MATCH (o:Organization)
WHERE o.revenue IS NOT NULL
RETURN o.name AS organization, o.revenue AS revenue
ORDER BY o.revenue DESC
LIMIT 5","match
  $o isa organization, has revenue $r;
sort $r desc;
limit 5;
fetch { ""organization"": $o.name, ""revenue"": $r };"
679,Which 3 cities have organizations that are not dissolved?,MATCH (c:City)<-[:IN_CITY]-(o:Organization) WHERE o.isDissolved IS NOT NULL AND NOT o.isDissolved RETURN c.name AS city LIMIT 3,"match $c isa city; $o isa organization; (organization: $o, city: $c) isa located_in; $o has is_dissolved false; limit 3; fetch { ""city"": $c.city_name };"
680,List the top 3 organizations with the most employees.,"MATCH (o:Organization)
WHERE o.nbrEmployees IS NOT NULL
RETURN o.name AS organization, o.nbrEmployees AS numberOfEmployees
ORDER BY o.nbrEmployees DESC
LIMIT 3","match
  $o isa organization;
  $o has nbr_employees $o_nbr_employees;
sort $o_nbr_employees desc;
limit 3;
fetch { ""organization"": $o.name, ""numberOfEmployees"": $o.nbr_employees };"
681,Name 5 organizations that have been marked as public.,"MATCH (o:Organization)
WHERE o.isPublic = true
RETURN o.name
LIMIT 5","match
$o isa organization, has is_public true;
limit 5;
fetch { ""name"": $o.name };"
682,Which 3 industries are most commonly associated with organizations in Seattle?,"MATCH (o:Organization)-[:IN_CITY]->(:City {name: 'Seattle'}) MATCH (o)-[:HAS_CATEGORY]->(c:IndustryCategory) RETURN c.name AS category, count(*) AS num_orgs ORDER BY num_orgs DESC LIMIT 3","match
  $c isa city, has city_name ""Seattle"";
  located_in (organization: $o, city: $c);
  in_category (organization: $o, category: $cat);
reduce $count = count($o) groupby $cat;
sort $count desc;
limit 3;
fetch { ""category"": $cat.industry_category_name, ""num_orgs"": $count };"
683,What are the 5 latest articles mentioning the organization 'New Energy Group'?,"MATCH (o:Organization {name: 'New Energy Group'})<-[:MENTIONS]-(a:Article)
WITH a
ORDER BY a.date DESC
LIMIT 5
RETURN a.title AS title, a.date AS date, a.author AS author, a.siteName AS siteName, a.summary AS summary","match
  $o isa organization, has name ""New Energy Group"";
  $a isa article;
  (article: $a, mentioned: $o) isa mentions;
  $a has date $a_date;
sort $a_date desc;
limit 5;
fetch { ""title"": $a.title, ""date"": $a.date, ""author"": $a.author, ""siteName"": $a.site_name, ""summary"": $a.article_summary };"
684,Can you name 3 organizations that have subsidiaries?,MATCH (o:Organization)-[:HAS_SUBSIDIARY]->(:Organization) RETURN o.name AS organization LIMIT 3,"match
  $o isa organization;
  $subsidiary isa organization;
  (parent: $o, subsidiary: $subsidiary) isa subsidiary_of;
limit 3;
fetch { ""organization"": $o.name };"
685,Which 3 organizations have a CEO named 'Julie Spellman Sweet'?,"MATCH (o:Organization)-[:HAS_CEO]->(p:Person {name: 'Julie Spellman Sweet'})
RETURN o.name AS organization
LIMIT 3","match
  $o isa organization;
  $p isa person, has name ""Julie Spellman Sweet"";
  (organization: $o, ceo: $p) isa ceo_of;
limit 3;
fetch { ""organization"": $o.name };"
686,List the top 5 articles by positive sentiment.,"MATCH (a:Article) WHERE a.sentiment IS NOT NULL RETURN a.title AS title, a.sentiment AS sentiment ORDER BY sentiment DESC LIMIT 5","match
  $a isa article, has sentiment $a_sentiment;
sort $a_sentiment desc;
limit 5;
fetch { ""title"": $a.title, ""sentiment"": $a.sentiment };"
687,Who are the board members of the top 3 organizations by revenue?,"MATCH (o:Organization)
WITH o
ORDER BY o.revenue DESC
LIMIT 3
MATCH (o)-[:HAS_BOARD_MEMBER]->(p:Person)
RETURN o.name AS organization, p.name AS board_member","match
  $o isa organization;
  $p isa person;
  (organization: $o, member: $p) isa board_member_of;
  $o has revenue $o_revenue;
sort $o_revenue desc;
limit 3;
fetch { ""boardMember"": $p.name, ""organization"": $o.name };"
688,Name 3 organizations that have suppliers.,MATCH (o:Organization)-[:HAS_SUPPLIER]->(:Organization) RETURN o.name LIMIT 3,"match $o isa organization; $supplier isa organization; (customer: $o, supplier: $supplier) isa supplies; limit 3; fetch { ""name"": $o.name };"
689,What are the top 5 cities by number of organizations located in them?,"MATCH (c:City)<-[:IN_CITY]-(o:Organization)
WITH c, count(o) AS orgCount
ORDER BY orgCount DESC
LIMIT 5
RETURN c.name AS city, orgCount","match
  $c isa city;
  $o isa organization;
  (organization: $o, city: $c) isa located_in;
reduce $orgCount = count($o) groupby $c;
sort $orgCount desc;
limit 5;
fetch { ""city"": $c.city_name, ""orgCount"": $orgCount };"
690,Name 3 countries hosting organizations with revenue over 100 million.,MATCH (o:Organization)-[:IN_CITY]->(:City)-[:IN_COUNTRY]->(c:Country) WHERE o.revenue > 1E8 RETURN DISTINCT c.name LIMIT 3,"match
  $o isa organization;
  $c isa country, has country_name $cn;
  $city isa city;
  (organization: $o, city: $city) isa located_in;
  (child: $city, parent: $c) isa location-contains;
  $o has revenue $r;
  $r > 100000000;
limit 3;
fetch { ""country"": $cn };"
691,List 3 organizations that have a competitor in the same industry.,"MATCH (o1:Organization)-[:HAS_COMPETITOR]->(o2:Organization), (o1)-[:HAS_CATEGORY]->(c:IndustryCategory)<-[:HAS_CATEGORY]-(o2) RETURN o1.name AS org1, o2.name AS org2, c.name AS industry LIMIT 3","match $o1 isa organization; $o2 isa organization; $c isa industry_category; (competitor: $o1, competitor: $o2) isa competes_with; (organization: $o1, category: $c) isa in_category; limit 3; fetch { ""org1"": $o1.name, ""org2"": $o2.name, ""industry"": $c.industry_category_name };"
692,Who are the investors in the top 3 organizations by revenue?,"MATCH (o:Organization)
WITH o
ORDER BY o.revenue DESC
LIMIT 3
MATCH (o)<-[:HAS_INVESTOR]-(investor)
WHERE investor:Person OR investor:Organization
RETURN o.name AS organization, investor.name AS investor","match
  $o isa organization;
  $investor isa person;
  (organization: $o, investor: $investor) isa invested_in;
$o has revenue $r;
sort $r desc;
limit 3;
fetch { ""investor"": $investor.name, ""organization"": $o.name };"
693,What are the top 5 cities mentioned in recent articles?,"MATCH (a:Article)-[:HAS_CHUNK]->(c:Chunk), (a)-[:MENTIONS]->(o:Organization)-[:IN_CITY]->(city:City)
WHERE a.date >= datetime() - duration('P30D')
RETURN city.name AS city, count(*) AS mentions
ORDER BY mentions DESC
LIMIT 5","match
  $a isa article;
  $o isa organization;
  $city isa city, has city_name $cn;
  (article: $a, mentioned: $o) isa mentions;
  (organization: $o, city: $city) isa located_in;
reduce $mentions = count($a) groupby $city, $cn;
sort $mentions desc;
limit 5;
fetch { ""city"": $cn, ""mentions"": $mentions };"
694,Name 3 organizations that are listed as dissolved.,"MATCH (o:Organization)
WHERE o.isDissolved IS NOT NULL AND o.isDissolved = true
RETURN o.name
LIMIT 3","match
  $o isa organization;
  $o has is_dissolved $o_is_dissolved;
  $o has is_dissolved true;
limit 3;
fetch { ""name"": $o.name };"
695,Which 3 organizations have the oldest founding dates?,"MATCH (o:Organization)
WHERE o.foundingDate IS NOT NULL
RETURN o.name, o.foundingDate
ORDER BY o.foundingDate
LIMIT 3","match
$o isa organization, has founding-date $fd, has name $n;
sort $fd asc;
limit 3;
fetch { ""name"": $n, ""founded"": $fd };"
696,List the 5 most recent articles that mention organizations in the technology sector.,"MATCH (a:Article)-[:MENTIONS]->(o:Organization)-[:HAS_CATEGORY]->(c:IndustryCategory) WHERE c.name CONTAINS 'Technology' RETURN a.title AS article, a.date AS published ORDER BY a.date DESC LIMIT 5","match
  $a isa article, has date $d;
  $o isa organization;
  $c isa industry_category, has industry_category_name $cn;
  $cn like "".*Technology.*"";
  mentions (article: $a, mentioned: $o);
  in_category (organization: $o, category: $c);
sort $d desc;
limit 5;
fetch { ""article"": $a.title, ""published"": $d };"
697,Who are the top 3 CEOs of tech companies by number of articles mentioning them?,"MATCH (p:Person)<-[:HAS_CEO]-(o:Organization)-[:HAS_CATEGORY]->(c:IndustryCategory)
WHERE c.name CONTAINS 'Technology'
WITH p, count(p) as mentions
ORDER BY mentions DESC
LIMIT 3
RETURN p.name as name, p.summary as summary, mentions","match
  $p isa person;
  $o isa organization;
  $c isa industry_category;
  (organization: $o, ceo: $p) isa ceo_of;
  $c has industry_category_name $c_industry_category_name;
  $c_industry_category_name contains ""Technology"";
  (organization: $o, category: $c) isa in_category;
reduce $mentions = count($p) groupby $p;
sort $mentions desc;
limit 3;
fetch { ""name"": $p.name, ""summary"": $p.summary, ""mentions"": $mentions };"
698,Which 3 organizations have changed their CEOs in the last year?,"MATCH (o:Organization)-[:HAS_CEO]->(p:Person)
WHERE p.name IS NOT NULL
WITH o
ORDER BY o.name
LIMIT 3
MATCH (o)-[:MENTIONED_IN]->(a:Article)
WHERE a.date >= datetime() - duration('P1Y') 
RETURN DISTINCT o.name AS organization, a.title AS article_title","match
  $o isa organization;
  $p isa person;
  (organization: $o, ceo: $p) isa ceo_of;
  $a isa article;
  $p has name $p_name;
  $o has name $o_name;
sort $o_name asc;
limit 3;
fetch { ""organization"": $o.name, ""article_title"": $a.title };"
699,Name the top 5 industries by number of organizations associated with them.,"MATCH (ic:IndustryCategory)<-[:HAS_CATEGORY]-(o:Organization) RETURN ic.name AS industry, count(o) AS numOrganizations ORDER BY numOrganizations DESC LIMIT 5","match $ic isa industry_category, has industry_category_name $name; $o isa organization; (organization: $o, category: $ic) isa in_category; reduce $numOrganizations = count($o) groupby $ic; match $ic has industry_category_name $name; sort $numOrganizations desc; limit 5; fetch { ""industry"": $name, ""numOrganizations"": $numOrganizations };"
700,What are the 3 latest investments made by organizations in the software industry?,"MATCH (investor:Organization)-[:HAS_CATEGORY]->(:IndustryCategory {name: 'Software'})-[:HAS_INVESTOR]->(company:Organization)
MATCH (article:Article)-[:MENTIONS]->(company)
WHERE article.date IS NOT NULL
RETURN investor.name AS Investor, company.name AS Company, article.title AS Article, article.date AS Date
ORDER BY article.date DESC
LIMIT 3","match
$investor isa organization, has name $investor_name;
in_category (organization: $investor, category: $cat);
$cat isa industry_category, has industry_category_name ""Software"";
invested_in (investor: $investor, organization: $company);
$company isa organization, has name $company_name;
mentions (article: $article, mentioned: $company);
$article isa article, has date $date;
sort $date desc;
limit 3;
fetch { ""investor"": $investor_name, ""company"": $company_name, ""date"": $date };"
701,List 5 organizations that have acquired other organizations in the past year.,"MATCH (o:Organization)-[:HAS_SUBSIDIARY]->(s:Organization)
WHERE exists {
  (o)-[:MENTIONS]-(:Article)-[:HAS_CHUNK]->(c:Chunk)
  WHERE c.text CONTAINS 'acquired' AND c.text CONTAINS 'past year'
}
RETURN o.name AS organization, collect(s.name) AS subsidiaries
LIMIT 5","match
  $o isa organization;
  $s isa organization;
  (parent: $o, subsidiary: $s) isa subsidiary_of;
  $c has text $c_text;
  $c_text contains ""acquired"";
  $c_text contains ""past year"";
limit 5;
fetch { ""organization"": $o.name };"
702,Name 3 organizations that have been involved in legal disputes according to recent articles.,"MATCH (a:Article)-[:MENTIONS]->(o:Organization)
WHERE a.summary CONTAINS 'legal' OR a.summary CONTAINS 'lawsuit' OR a.summary CONTAINS 'dispute'
WITH o, count(a) AS num_articles
ORDER BY num_articles DESC
LIMIT 3
RETURN o.name AS organization","match
  $a isa article;
  $o isa organization;
  (article: $a, mentioned: $o) isa mentions;
  $a has article_summary $a_article_summary;
  $a_article_summary contains ""legal"";
reduce $num_articles = count($a) groupby $o;
sort $num_articles desc;
limit 3;
fetch { ""organization"": $o.name };"
703,List the top 3 cities where tech organizations are based.,"MATCH (c:City)<-[:IN_CITY]-(o:Organization)-[:HAS_CATEGORY]->(ic:IndustryCategory) WHERE ic.name CONTAINS 'Technology' RETURN c.name AS city, count(o) AS count ORDER BY count DESC LIMIT 3","match
$c isa city, has city_name $city_name;
$o isa organization;
$ic isa industry_category, has industry_category_name $ic_name;
$ic_name contains ""Technology"";
located_in (organization: $o, city: $c);
in_category (organization: $o, category: $ic);
reduce $count = count($o) groupby $city_name;
sort $count desc;
limit 3;
fetch { ""city"": $city_name, ""count"": $count };"
704,What are the 5 most recent articles about organizations in 'Seattle'?,"MATCH (c:City {name: 'Seattle'})<-[:IN_CITY]-(o:Organization)<-[:MENTIONS]-(a:Article) RETURN a.title AS title, a.date AS date, o.name AS organization ORDER BY a.date DESC LIMIT 5","match $c isa city, has city_name ""Seattle""; $o isa organization; $a isa article; (organization: $o, city: $c) isa located_in; $a has date $a_date; (article: $a, mentioned: $o) isa mentions; sort $a_date desc; limit 5; fetch { ""title"": $a.title, ""date"": $a.date, ""organization"": $o.name };"
705,Who are the 3 most recently appointed CEOs in the tech industry?,"MATCH (o:Organization)-[:HAS_CATEGORY]->(c:IndustryCategory)
WHERE c.name CONTAINS 'Technology'
WITH o
MATCH (o)-[:HAS_CEO]->(ceo:Person)
RETURN ceo.name AS CEO, o.name AS Company
ORDER BY ceo.id DESC
LIMIT 3","match
  $o isa organization;
  $c isa industry_category;
  (organization: $o, category: $c) isa in_category;
  $ceo isa person;
  (organization: $o, ceo: $ceo) isa ceo_of;
  $c has industry_category_name $c_industry_category_name;
  $c_industry_category_name contains ""Technology"";
  $ceo has person_id $ceo_person_id;
sort $ceo_person_id desc;
limit 3;
fetch { ""CEO"": $ceo.name, ""Company"": $o.name };"
706,Which 3 organizations have the most negative sentiment in recent articles?,"MATCH (a:Article)-[:MENTIONS]->(o:Organization) WHERE a.sentiment < 0 WITH o, avg(a.sentiment) AS avgSentiment ORDER BY avgSentiment LIMIT 3 RETURN o.name AS organization, avgSentiment","match
  $o isa organization;
  $a isa article, has sentiment $s;
  $s < 0;
  mentions (article: $a, mentioned: $o);
reduce $avg = mean($s) groupby $o;
sort $avg asc;
limit 3;
fetch { ""organization"": $o.name, ""avgSentiment"": $avg };"
707,List the 5 organizations with the most diverse industry categories.,"MATCH (o:Organization)-[:HAS_CATEGORY]->(c:IndustryCategory) WITH o, count(distinct c) as categoryCount ORDER BY categoryCount DESC LIMIT 5 RETURN o.name as organization, categoryCount","match
$o isa organization;
$c isa industry_category;
in_category (organization: $o, category: $c);
reduce $count = count($c) groupby $o;
sort $count desc;
limit 5;
fetch {
  ""organization"": $o.name,
  ""categoryCount"": $count
};"
708,Which 3 organizations have the most detailed organizational summaries?,"MATCH (o:Organization)
WHERE o.summary IS NOT NULL
RETURN o.name AS organization, o.summary AS summary
ORDER BY size(o.summary) DESC
LIMIT 3","match
$o isa organization, has summary $s;
not { $s == """"; };
let $len = len($s);
sort $len desc;
limit 3;
fetch {
  ""organization"": $o.name,
  ""summary"": $s
};"
709,Name the top 5 organizations by number of articles mentioning them.,"MATCH (o:Organization)<-[:MENTIONS]-(a:Article) RETURN o.name AS organization, count(a) AS mentions ORDER BY mentions DESC LIMIT 5","match $o isa organization, has name $n; $a isa article; (article: $a, mentioned: $o) isa mentions; reduce $mentions = count($a) groupby $o; match $o has name $n; sort $mentions desc; limit 5; fetch { ""organization"": $n, ""mentions"": $mentions };"
710,Who are the top 5 CEOs of organizations based in Seattle?,"MATCH (o:Organization)-[:IN_CITY]->(:City {name: 'Seattle'}) MATCH (o)-[:HAS_CEO]->(ceo:Person) RETURN ceo.name AS ceoName, o.name AS orgName ORDER BY o.revenue DESC LIMIT 5","match $o isa organization; $city isa city, has city_name ""Seattle""; (organization: $o, city: $city) isa located_in; $ceo isa person; (organization: $o, ceo: $ceo) isa ceo_of; $o has revenue $o_revenue; sort $o_revenue desc; limit 5; fetch { ""ceoName"": $ceo.name, ""orgName"": $o.name };"
711,List the first 3 organizations mentioned in articles published by 'Silicon UK'.,"MATCH (article:Article)-[:MENTIONS]->(org:Organization)
WHERE article.siteName = 'Silicon UK'
RETURN org.name
LIMIT 3","match
  $article isa article;
  $org isa organization;
  (article: $article, mentioned: $org) isa mentions;
  $article has site_name ""Silicon UK"";
limit 3;
fetch { ""name"": $org.name };"
712,Which organizations in the city of Chicago have more than 300 employees?,"MATCH (o:Organization)-[:IN_CITY]->(:City {name: 'Chicago'}) WHERE o.nbrEmployees > 300 RETURN o.name AS organization, o.nbrEmployees AS numberOfEmployees","match
  $o isa organization;
  $o has nbr_employees $emp;
  $emp > 300;
  $c isa city, has city_name ""Chicago"";
  located_in (organization: $o, city: $c);
fetch { ""organization"": $o.name, ""numberOfEmployees"": $emp };"
713,Find the top 5 organizations with revenue over 100 million that have subsidiaries.,"MATCH (o:Organization)
WHERE o.revenue > 1E8 AND EXISTS {
  (o)-[:HAS_SUBSIDIARY]->(:Organization)
}
RETURN o.name AS organization, o.revenue AS revenue
ORDER BY o.revenue DESC
LIMIT 5","match
  $o isa organization; $subsidiary isa organization; (parent: $o, subsidiary: $subsidiary) isa subsidiary_of;
  $o has revenue $o_revenue;
  $o_revenue > 100000000;
sort $o_revenue desc;
limit 5;
fetch { ""organization"": $o.name, ""revenue"": $o.revenue };"
714,Who are the board members of the first 3 public organizations?,"MATCH (o:Organization)
WHERE o.isPublic IS NOT NULL AND o.isPublic = true
WITH o
ORDER BY o.name
LIMIT 3
MATCH (o)-[:HAS_BOARD_MEMBER]->(p:Person)
RETURN o.name AS organization, collect(p.name) AS board_members","match
  $o isa organization;
  $p isa person;
  (organization: $o, member: $p) isa board_member_of;
  $o has is_public $o_is_public;
  $o has is_public true;
  $o has name $o_name;
sort $o_name asc;
limit 3;
fetch { ""organization"": $o.name };"
715,What are the names of the top 5 organizations that have been dissolved?,"MATCH (o:Organization)
WHERE o.isDissolved = true
RETURN o.name
ORDER BY o.revenue DESC
LIMIT 5","match
  $o isa organization, has is_dissolved true, has revenue $r;
sort $r desc;
limit 5;
fetch { ""name"": $o.name };"
716,List the first 3 cities where 'Accenture' has subsidiaries.,MATCH (accenture:Organization {name: 'Accenture'})-[:HAS_SUBSIDIARY]->(sub:Organization)-[:IN_CITY]->(city:City) RETURN city.name LIMIT 3,"match $accenture isa organization, has name ""Accenture""; $sub isa organization; $city isa city; (parent: $accenture, subsidiary: $sub) isa subsidiary_of; (organization: $accenture, city: $city) isa located_in; limit 3; fetch { ""city_name"": $city.city_name };"
717,What are the top 5 highest revenue organizations that are not public?,"MATCH (o:Organization)
WHERE o.isPublic = false AND o.revenue IS NOT NULL
RETURN o.name AS organization, o.revenue AS revenue
ORDER BY o.revenue DESC
LIMIT 5","match
  $o isa organization;
  $o has is_public false;
  $o has revenue $o_revenue;
sort $o_revenue desc;
limit 5;
fetch { ""organization"": $o.name, ""revenue"": $o.revenue };"
718,"Which organizations in New York City have the most employees, list the top 3.","MATCH (o:Organization)-[:IN_CITY]->(:City {name: 'New York'}) WHERE o.nbrEmployees IS NOT NULL RETURN o.name AS organization, o.nbrEmployees AS numberOfEmployees ORDER BY o.nbrEmployees DESC LIMIT 3","match $o isa organization; $city isa city, has city_name ""New York""; (organization: $o, city: $city) isa located_in; $o has nbr_employees $o_nbr_employees; sort $o_nbr_employees desc; limit 3; fetch { ""organization"": $o.name, ""numberOfEmployees"": $o.nbr_employees };"
719,List the first 3 organizations in the 'Software' industry category.,"MATCH (o:Organization)-[:HAS_CATEGORY]->(c:IndustryCategory {name: 'Software'})
RETURN o.name
LIMIT 3","match
  $o isa organization;
  $c isa industry_category, has industry_category_name ""Software"";
  (organization: $o, category: $c) isa in_category;
limit 3;
fetch { ""name"": $o.name };"
720,Who are the top 3 investors of 'New Energy Group'?,"MATCH (o:Organization {name: 'New Energy Group'})<-[:HAS_INVESTOR]-(investor)
RETURN investor.name AS investor, investor.summary AS summary
ORDER BY investor.name
LIMIT 3","match
  $o isa organization, has name ""New Energy Group"";
  (investor: $investor, organization: $o) isa invested_in;
  $investor has name $investor_name;
sort $investor_name asc;
limit 3;
fetch { ""investor"": $investor.name, ""summary"": $investor.summary };"
721,List the first 3 organizations that have 'Accenture' as a supplier.,"MATCH (o:Organization)-[:HAS_SUPPLIER]->(a:Organization {name: 'Accenture'})
RETURN o.name
LIMIT 3","match
  $o isa organization;
  $accenture isa organization, has name ""Accenture"";
  supplies (supplier: $accenture, customer: $o);
limit 3;
fetch { ""name"": $o.name };"
722,"Which organizations have more than 2 competitors, list the top 3.","MATCH (o:Organization)-[:HAS_COMPETITOR]->(c:Organization)
WITH o, count(c) AS numCompetitors
WHERE numCompetitors > 2
RETURN o.name AS organization, numCompetitors
ORDER BY numCompetitors DESC
LIMIT 3","match
  $o isa organization;
  $c isa organization;
  (competitor: $o, competitor: $c) isa competes_with;
reduce $numCompetitors = count($c) groupby $o;
match $numCompetitors > 2;
sort $numCompetitors desc;
limit 3;
fetch { ""organization"": $o.name, ""numCompetitors"": $numCompetitors };"
723,What are the top 3 articles mentioning organizations in the 'Financial Services' industry?,"MATCH (a:Article)-[:MENTIONS]->(o:Organization)-[:HAS_CATEGORY]->(c:IndustryCategory {name: 'Financial Services'})
RETURN a.title AS article, a.date AS publishedDate
ORDER BY a.date DESC
LIMIT 3","match
  $a isa article;
  $o isa organization;
  $c isa industry_category, has industry_category_name ""Financial Services"";
  (article: $a, mentioned: $o) isa mentions;
  $a has date $a_date;
  (organization: $o, category: $c) isa in_category;
sort $a_date desc;
limit 3;
fetch { ""article"": $a.title, ""publishedDate"": $a.date };"
724,"Which cities are linked to more than 5 organizations, list the first 3.","MATCH (c:City)<-[:IN_CITY]-(o:Organization)
WITH c, count(o) AS orgCount
WHERE orgCount > 5
RETURN c.name AS city, orgCount
ORDER BY orgCount DESC
LIMIT 3","match
  $c isa city;
  $o isa organization;
  located_in (organization: $o, city: $c);
reduce $count = count($o) groupby $c;
match $count > 5;
sort $count desc;
limit 3;
fetch { ""city"": $c.city_name, ""org_count"": $count };"
725,"Who are the children of 'Julie Spellman Sweet', list the first 3.",MATCH (p:Person {name: 'Julie Spellman Sweet'})-[:HAS_CHILD]->(child:Person) RETURN child.name LIMIT 3,"match
  $p isa person, has name ""Julie Spellman Sweet"";
  parent_of (parent: $p, child: $child);
limit 3;
fetch { ""name"": $child.name };"
726,List the top 5 organizations that are competitors of 'Accenture'.,"MATCH (a:Organization {name: 'Accenture'})-[:HAS_COMPETITOR]->(c:Organization) RETURN c.name AS competitor, c.revenue AS revenue ORDER BY revenue DESC LIMIT 5","match $a isa organization, has name ""Accenture""; $c isa organization; (competitor: $a, competitor: $c) isa competes_with; $c has revenue $rev;
sort $rev desc;
limit 5; fetch { ""competitor"": $c.name, ""revenue"": $c.revenue };"
727,What are the first 3 industries mentioned in articles with a positive sentiment over 0.8?,"MATCH (a:Article)-[:HAS_CHUNK]->(c:Chunk), (a)-[:MENTIONS]->(o:Organization)-[:HAS_CATEGORY]->(i:IndustryCategory) WHERE a.sentiment > 0.8 RETURN DISTINCT i.name LIMIT 3","match $a isa article; $c isa chunk; $o isa organization; $i isa industry_category; (article: $a, chunk: $c) isa has_chunk; (article: $a, mentioned: $o) isa mentions; $a has sentiment $a_sentiment; $a_sentiment > 0.8; (organization: $o, category: $i) isa in_category; limit 3; fetch { ""industry_category_name"": $i.industry_category_name };"
728,List the top 5 countries by number of cities mentioned in the database.,"MATCH (c:Country)<-[:IN_COUNTRY]-(city:City)
WITH c, count(city) AS cityCount
ORDER BY cityCount DESC
LIMIT 5
RETURN c.name AS country, cityCount","match
  $c isa country;
  $city isa city;
  (child: $city, parent: $c) isa location-contains;
reduce $cityCount = count($city) groupby $c;
sort $cityCount desc;
limit 5;
fetch { ""country"": $c.country_name, ""cityCount"": $cityCount };"
729,Which organizations are mentioned in articles authored by 'David Correa'?,"MATCH (a:Article {author: 'David Correa'})-[:MENTIONS]->(o:Organization)
RETURN DISTINCT o.name AS organization","match
  $a isa article, has author ""David Correa"";
  $o isa organization;
  (article: $a, mentioned: $o) isa mentions;
fetch { ""organization"": $o.name };"
730,List the first 3 organizations with the highest number of employees that are public.,"MATCH (o:Organization)
WHERE o.isPublic = true AND o.nbrEmployees IS NOT NULL
RETURN o.name AS organization, o.nbrEmployees AS numberOfEmployees
ORDER BY o.nbrEmployees DESC
LIMIT 3","match
  $o isa organization, has is_public true, has nbr_employees $n;
sort $n desc;
limit 3;
fetch { ""organization"": $o.name, ""numberOfEmployees"": $n };"
731,What are the top 3 cities where the software companies are based?,"MATCH (o:Organization)-[:HAS_CATEGORY]->(c:IndustryCategory {name: 'Software'})-[:IN_CITY]->(city:City) RETURN city.name, count(*) as count ORDER BY count DESC LIMIT 3","match
$o isa organization;
$c isa industry_category, has industry_category_name ""Software"";
in_category (organization: $o, category: $c);
located_in (organization: $o, city: $city);
reduce $count = count($o) groupby $city;
sort $count desc;
limit 3;
fetch { ""city"": $city.city_name, ""count"": $count };"
732,Find the first 3 organizations that have been investors in more than 3 other organizations.,"MATCH (o:Organization)-[:HAS_INVESTOR]->(i:Organization)
WITH i, count(o) as num_investments
WHERE num_investments > 3
RETURN i.name as investor, num_investments
ORDER BY num_investments DESC
LIMIT 3","match
$investor isa organization;
invested_in (investor: $investor, organization: $o);
reduce $count = count($o) groupby $investor;
match $count > 3;
sort $count desc;
limit 3;
fetch { ""investor"": $investor.name, ""investments"": $count };"
733,Who are the top 3 suppliers of 'New Energy Group'?,"MATCH (o:Organization {name: 'New Energy Group'})<-[:HAS_SUPPLIER]-(supplier:Organization) RETURN supplier.name AS supplier, supplier.summary AS summary ORDER BY supplier.revenue DESC LIMIT 3","match
  $o isa organization, has name ""New Energy Group"";
  $supplier isa organization, has name $name, has summary $summary, has revenue $rev;
  supplies (supplier: $supplier, customer: $o);
sort $rev desc;
limit 3;
fetch { ""supplier"": $name, ""summary"": $summary };"
734,List the top 5 CEOs of organizations with revenue greater than 50 million.,"MATCH (o:Organization)-[:HAS_CEO]->(ceo:Person) WHERE o.revenue > 5e7 RETURN ceo.name AS ceoName, o.name AS orgName, o.revenue AS revenue ORDER BY o.revenue DESC LIMIT 5","match $o isa organization; $ceo isa person; (organization: $o, ceo: $ceo) isa ceo_of; $o has revenue $o_revenue; $o_revenue > 50000000; sort $o_revenue desc; limit 5; fetch { ""ceoName"": $ceo.name, ""orgName"": $o.name, ""revenue"": $o.revenue };"
735,"Which industries have more than 5 organizations associated with them, list the top 3.","MATCH (ic:IndustryCategory)<-[:HAS_CATEGORY]-(o:Organization)
WITH ic, count(o) AS orgCount
WHERE orgCount > 5
RETURN ic.name AS industry, orgCount
ORDER BY orgCount DESC
LIMIT 3","match
  $ic isa industry_category;
  $o isa organization;
  (organization: $o, category: $ic) isa in_category;
reduce $orgCount = count($o) groupby $ic;
match $orgCount > 5;
sort $orgCount desc;
limit 3;
fetch { ""industry"": $ic.industry_category_name, ""orgCount"": $orgCount };"
736,What are the first 3 articles mentioning organizations based in the United States?,"MATCH (a:Article)-[:MENTIONS]->(o:Organization)-[:IN_CITY]->(:City)-[:IN_COUNTRY]->(c:Country {name: 'United States of America'})
RETURN a.title AS article, o.name AS organization
ORDER BY a.date DESC
LIMIT 3","match
  $a isa article, has title $t, has date $d;
  $o isa organization, has name $on;
  $c isa country, has country_name ""United States of America"";
  $city isa city;
  (article: $a, mentioned: $o) isa mentions;
  (organization: $o, city: $city) isa located_in;
  (child: $city, parent: $c) isa location-contains;
sort $d desc;
limit 3;
fetch { ""article"": $t, ""organization"": $on };"
737,List the first 3 organizations that have 'Google' as a competitor.,MATCH (o:Organization)-[:HAS_COMPETITOR]->(:Organization {name: 'Google'}) RETURN o.name AS organization LIMIT 3,"match
  $o isa organization, has name ""Google"";
  $competitor isa organization;
  (competitor: $o, competitor: $competitor) isa competes_with;
limit 3;
fetch { ""competitor"": $competitor.name };"
738,What are the top 5 organizations that are mentioned the most in articles with a sentiment below 0.5?,"MATCH (a:Article)-[:MENTIONS]->(o:Organization) WHERE a.sentiment < 0.5 WITH o, count(*) as mentions RETURN o.name as organization, mentions ORDER BY mentions DESC LIMIT 5","match
$a isa article, has sentiment $s;
$s < 0.5;
$o isa organization;
mentions (article: $a, mentioned: $o);
reduce $count = count($a) groupby $o;
sort $count desc;
limit 5;
fetch { ""organization"": $o.name, ""mentions"": $count };"
739,Who are the board members of the first 3 organizations in the 'Technology' industry?,"MATCH (o:Organization)-[:HAS_CATEGORY]->(c:IndustryCategory {name: 'Technology'})
WITH o
ORDER BY o.name
LIMIT 3
MATCH (o)-[:HAS_BOARD_MEMBER]->(p:Person)
RETURN o.name AS organization, collect(p.name) AS board_members","match
  $o isa organization, has name $on;
  $c isa industry_category, has industry_category_name ""Technology"";
  $p isa person, has name $pn;
  (organization: $o, category: $c) isa in_category;
  (organization: $o, member: $p) isa board_member_of;
sort $on asc;
limit 3;
fetch { ""organization"": $on, ""board_member"": $pn };"
740,List the top 5 organizations that have the most suppliers.,"MATCH (o:Organization)-[:HAS_SUPPLIER]->(s:Organization)
RETURN o.name AS organization, count(s) AS supplierCount
ORDER BY supplierCount DESC
LIMIT 5","match
  $o isa organization, has name $on;
  $s isa organization;
  supplies (customer: $o, supplier: $s);
reduce $count = count($s) groupby $o, $on;
sort $count desc;
limit 5;
fetch { ""organization"": $on, ""supplierCount"": $count };"
741,Which organizations have a CEO named 'Julie Spellman Sweet'?,"MATCH (o:Organization)-[:HAS_CEO]->(p:Person {name: 'Julie Spellman Sweet'})
RETURN o","match
  $o isa organization;
  $p isa person, has name ""Julie Spellman Sweet"";
  (organization: $o, ceo: $p) isa ceo_of;
fetch { ""o"": $o };"
742,List the first 3 organizations with the lowest revenue that are not dissolved.,"MATCH (o:Organization)
WHERE o.isDissolved = false AND o.revenue IS NOT NULL
RETURN o.name, o.revenue
ORDER BY o.revenue
LIMIT 3","match
$o isa organization, has is_dissolved false, has revenue $r;
sort $r asc;
limit 3;
fetch { ""name"": $o.name, ""revenue"": $r };"
743,What are the top 5 articles with the highest sentiment scores mentioning organizations in 'Seattle'?,"MATCH (a:Article)-[:MENTIONS]->(o:Organization)-[:IN_CITY]->(:City {name: 'Seattle'}) RETURN a.title AS article, a.sentiment AS sentiment ORDER BY sentiment DESC LIMIT 5","match $a isa article; $o isa organization; $city isa city, has city_name ""Seattle""; (organization: $o, city: $city) isa located_in; (article: $a, mentioned: $o) isa mentions; $a has sentiment $s;
sort $s desc;
limit 5; fetch { ""article"": $a.title, ""sentiment"": $a.sentiment };"
744,Who are the top 3 parents of 'Julie Spellman Sweet'?,MATCH (p:Person {name: 'Julie Spellman Sweet'})<-[:HAS_CHILD]-(parent:Person) RETURN parent.name LIMIT 3,"match $p isa person, has name ""Julie Spellman Sweet""; $parent isa person; (parent: $p, child: $parent) isa parent_of; limit 3; fetch { ""name"": $parent.name };"
745,List the top 5 cities with the most organizations in the 'Healthcare' industry.,"MATCH (c:City)<-[:IN_CITY]-(o:Organization)-[:HAS_CATEGORY]->(ic:IndustryCategory {name: 'Healthcare'}) WITH c, count(o) as orgCount ORDER BY orgCount DESC LIMIT 5 RETURN c.name as city, orgCount as numberOfHealthcareOrgs","match
  $c isa city, has city_name $cn;
  $o isa organization;
  $ic isa industry_category, has industry_category_name ""Healthcare"";
  located_in (organization: $o, city: $c);
  in_category (organization: $o, category: $ic);
reduce $count = count($o) groupby $c, $cn;
sort $count desc;
limit 5;
fetch { ""city"": $cn, ""numberOfHealthcareOrgs"": $count };"
746,"Which organizations have a motto related to 'security', list the top 3.","MATCH (o:Organization)
WHERE o.motto CONTAINS 'security'
RETURN o.name AS organization, o.motto AS motto
ORDER BY o.name
LIMIT 3","match
  $o isa organization, has motto $m, has name $on;
  $m like "".*security.*"";
sort $on asc;
limit 3;
fetch { ""organization"": $on, ""motto"": $m };"
747,List the first 3 countries with organizations that have more than 100 employees.,"MATCH (c:Country)<-[:IN_COUNTRY]-(city:City)<-[:IN_CITY]-(o:Organization) WHERE o.nbrEmployees > 100 RETURN c.name AS country, count(o) AS numOrganizations ORDER BY numOrganizations DESC LIMIT 3","match $c isa country; $city isa city; $o isa organization; (child: $city, parent: $c) isa location-contains; $o has nbr_employees $o_nbr_employees; $o_nbr_employees > 100; (organization: $o, city: $city) isa located_in; limit 3; reduce $numOrganizations = count($o);"
748,What are the top 3 articles mentioning 'New Energy Group'?,"MATCH (a:Article)-[:MENTIONS]->(o:Organization {name: 'New Energy Group'})
RETURN a.title AS title, a.siteName AS siteName, a.date AS date
ORDER BY a.date DESC
LIMIT 3","match
  $a isa article;
  $o isa organization, has name ""New Energy Group"";
  (article: $a, mentioned: $o) isa mentions;
  $a has date $a_date;
sort $a_date desc;
limit 3;
fetch { ""title"": $a.title, ""siteName"": $a.site_name, ""date"": $a.date };"
749,List the top 5 organizations that are public and have a revenue less than 10 million.,"MATCH (o:Organization) WHERE o.isPublic = true AND o.revenue < 1E7 RETURN o.name AS organization, o.revenue AS revenue ORDER BY o.revenue DESC LIMIT 5","match
$o isa organization, has is_public true, has revenue $r;
$r < 10000000;
sort $r desc;
limit 5;
fetch { ""organization"": $o.name, ""revenue"": $r };"
750,"Which organizations in Rome have a 'Software' category, list the top 3.","MATCH (o:Organization)-[:IN_CITY]->(:City {name: 'Rome'})
WHERE (o)-[:HAS_CATEGORY]->(:IndustryCategory {name: 'Software'})
RETURN o.name
LIMIT 3","match
  $o isa organization;
  $city isa city, has city_name ""Rome""; (organization: $o, city: $city) isa located_in;
  $ic isa industry_category, has industry_category_name ""Software""; (organization: $o, category: $ic) isa in_category;
limit 3;
fetch { ""name"": $o.name };"
751,List the first 3 industries that have the most organizations with a CEO named 'Julie Spellman Sweet'.,"MATCH (i:IndustryCategory)<-[:HAS_CATEGORY]-(o:Organization)-[:HAS_CEO]->(p:Person {name: 'Julie Spellman Sweet'}) RETURN i.name AS industry, count(o) AS orgCount ORDER BY orgCount DESC LIMIT 3","match
$i isa industry_category;
$o isa organization;
$p isa person, has name ""Julie Spellman Sweet"";
(organization: $o, category: $i) isa in_category;
(organization: $o, ceo: $p) isa ceo_of;
reduce $orgCount = count($o) groupby $i;
sort $orgCount desc;
limit 3;
fetch {
  ""industry"": $i.industry_category_name,
  ""orgCount"": $orgCount
};"
752,What are the top 5 articles with the earliest publication dates mentioning 'Accenture'?,"MATCH (a:Article)-[:MENTIONS]->(o:Organization {name: 'Accenture'})
RETURN a.title AS title, a.date AS publicationDate, a.siteName AS siteName, a.author AS author
ORDER BY a.date
LIMIT 5","match
  $a isa article;
  $o isa organization, has name ""Accenture"";
  (article: $a, mentioned: $o) isa mentions;
  $a has date $a_date;
sort $a_date asc;
limit 5;
fetch { ""title"": $a.title, ""publicationDate"": $a.date, ""siteName"": $a.site_name, ""author"": $a.author };"
753,"Which organizations have been mentioned in articles with a sentiment greater than 0.7, list the top 3.","MATCH (a:Article)-[:MENTIONS]->(o:Organization)
WHERE a.sentiment > 0.7
RETURN o.name AS organization, a.title AS article, a.sentiment AS sentiment
ORDER BY sentiment DESC
LIMIT 3","match
  $a isa article;
  $o isa organization;
  (article: $a, mentioned: $o) isa mentions;
  $a has sentiment $a_sentiment;
  $a_sentiment > 0.7;
limit 3;
fetch { ""organization"": $o.name, ""article"": $a.title, ""sentiment"": $a.sentiment };"
754,Who are the top 3 CEOs of dissolved organizations?,"MATCH (p:Person)<-[:HAS_CEO]-(o:Organization)
WHERE o.isDissolved = true
RETURN p.name AS ceoName, o.name AS orgName
ORDER BY o.revenue DESC
LIMIT 3","match
  $p isa person;
  $o isa organization;
  (organization: $o, ceo: $p) isa ceo_of;
  $o has is_dissolved true;
  $o has revenue $o_revenue;
sort $o_revenue desc;
limit 3;
fetch { ""ceoName"": $p.name, ""orgName"": $o.name };"
755,List the top 5 cities where the electronic products manufacturers are based.,"MATCH (c:City)<-[:IN_CITY]-(o:Organization)-[:HAS_CATEGORY]->(ic:IndustryCategory {name: 'Electronic Products Manufacturers'}) RETURN c.name AS city, count(o) AS company_count ORDER BY company_count DESC LIMIT 5","match
$c isa city;
$o isa organization;
$ic isa industry_category, has industry_category_name ""Electronic Products Manufacturers"";
located_in (organization: $o, city: $c);
in_category (organization: $o, category: $ic);
reduce $company_count = count($o) groupby $c;
sort $company_count desc;
limit 5;
fetch {
  ""city"": $c.city_name
};"
756,"Which organizations have 'Apple' as a competitor, list the top 3.","MATCH (o:Organization)-[:HAS_COMPETITOR]->(c:Organization {name: 'Apple'})
RETURN o.name AS organization
ORDER BY o.name
LIMIT 3","match
  $o isa organization;
  $c isa organization, has name ""Apple"";
  (competitor: $o, competitor: $c) isa competes_with;
  $o has name $o_name;
sort $o_name desc;
limit 3;
fetch { ""organization"": $o.name };"
757,List the first 3 CEOs of organizations with less than 50 employees.,"MATCH (o:Organization)-[:HAS_CEO]->(p:Person)
WHERE o.nbrEmployees < 50
RETURN p.name AS CEO, o.name AS Organization
LIMIT 3","match
  $o isa organization;
  $p isa person;
  (organization: $o, ceo: $p) isa ceo_of;
limit 3;
fetch { ""organization"": $o.name, ""ceo"": $p.name, ""numEmployees"": $o.nbr_employees };"
758,What are the top 5 organizations in the 'Transportation' industry with the most revenue?,"MATCH (o:Organization)-[:HAS_CATEGORY]->(c:IndustryCategory {name: 'Transportation'})
WHERE o.revenue IS NOT NULL
RETURN o.name AS organization, o.revenue AS revenue
ORDER BY o.revenue DESC
LIMIT 5","match
  $o isa organization;
  $c isa industry_category, has industry_category_name ""Transportation"";
  (organization: $o, category: $c) isa in_category;
  $o has revenue $o_revenue;
sort $o_revenue desc;
limit 5;
fetch { ""organization"": $o.name, ""revenue"": $o.revenue };"
759,List the top 3 articles mentioning organizations with a summary containing 'financial services'.,"MATCH (a:Article)-[:MENTIONS]->(o:Organization)
WHERE o.summary CONTAINS 'financial services'
RETURN a.title AS article, a.siteName AS site, a.date AS published
ORDER BY a.date DESC
LIMIT 3","match
  $a isa article;
  $o isa organization;
  (article: $a, mentioned: $o) isa mentions;
  $o has summary $o_summary;
  $o_summary contains ""financial services"";
  $a has date $a_date;
sort $a_date desc;
limit 3;
fetch { ""article"": $a.title, ""site"": $a.site_name, ""published"": $a.date };"
760,"Which organizations have a board member named 'Julie Spellman Sweet', list the top 3.","MATCH (p:Person {name: 'Julie Spellman Sweet'})<-[:HAS_BOARD_MEMBER]-(o:Organization)
RETURN o.name AS organization
LIMIT 3","match
  $p isa person, has name ""Julie Spellman Sweet"";
  $o isa organization;
  (organization: $o, member: $p) isa board_member_of;
limit 3;
fetch { ""organization"": $o.name };"
761,List the top 5 organizations that have an investor named 'Julie Spellman Sweet'.,"MATCH (p:Person {name: 'Julie Spellman Sweet'})-[:HAS_INVESTOR]->(o:Organization)
RETURN o.name AS organization, o.summary AS summary
LIMIT 5","match
  $p isa person, has name ""Julie Spellman Sweet"";
  $o isa organization;
  (investor: $p, organization: $o) isa invested_in;
limit 5;
fetch { ""organization"": $o.name, ""summary"": $o.summary };"
762,Who are the top 3 suppliers of organizations in 'New York City'?,"MATCH (o:Organization)-[:IN_CITY]->(:City {name: 'New York City'})
MATCH (o)<-[:HAS_SUPPLIER]-(supplier:Organization)
RETURN supplier.name, count(*) as supplierCount
ORDER BY supplierCount DESC
LIMIT 3","match
  $o isa organization;
  $city isa city, has city_name ""New York City"";
  $supplier isa organization, has name $sn;
  (organization: $o, city: $city) isa located_in;
  (customer: $o, supplier: $supplier) isa supplies;
reduce $count = count($o) groupby $supplier, $sn;
sort $count desc;
limit 3;
fetch { ""supplier"": $sn, ""supplierCount"": $count };"
763,List the first 3 organizations in 'Chicago' that have been mentioned in articles with a sentiment below 0.6.,MATCH (o:Organization)-[:IN_CITY]->(:City {name: 'Chicago'}) WHERE EXISTS { ... (a:Article) WHERE a.sentiment < 0.6 } RETURN o.name LIMIT 3,"match $o isa organization; $city isa city, has city_name ""Chicago""; (organization: $o, city: $city) isa located_in; $a has sentiment $a_sentiment; $a_sentiment < 0.6; limit 3; fetch { ""name"": $o.name };"
764,Which organizations are mentioned in articles authored by David Correa?,"MATCH (a:Article {author: 'David Correa'})-[:MENTIONS]->(o:Organization)
RETURN DISTINCT o","match
  $a isa article;
  $o isa organization;
  $c isa industry_category, has industry_category_name ""Software"";
  $ch isa chunk;
  $city isa city;
  (article: $a, mentioned: $o) isa mentions;
  (article: $a, chunk: $ch) isa has_chunk;
  (organization: $o, city: $city) isa located_in;
  (organization: $o, category: $c) isa in_category;
fetch { ""city_name"": $city.city_name };"
765,List all organizations that have a revenue greater than $1 billion.,"MATCH (o:Organization) WHERE o.revenue > 1.0E9 RETURN o.name AS organization, o.revenue AS revenue","match $o isa organization; $o has revenue $o_revenue; $o_revenue > 1000000000; fetch { ""organization"": $o.name, ""revenue"": $o.revenue };"
766,What are the names of organizations dissolved and were public?,"MATCH (o:Organization)
WHERE o.isDissolved = true AND o.isPublic = true
RETURN o.name","match $o isa organization, has is_dissolved true, has is_public true; fetch { ""name"": $o.name };"
767,Who are the CEOs of organizations located in Seattle?,"MATCH (o:Organization)-[:IN_CITY]->(:City {name: 'Seattle'}) MATCH (o)-[:HAS_CEO]->(ceo:Person) RETURN o.name AS organization, ceo.name AS ceo","match $o isa organization; $city isa city, has city_name ""Seattle""; (organization: $o, city: $city) isa located_in; $ceo isa person; (organization: $o, ceo: $ceo) isa ceo_of; fetch { ""organization"": $o.name, ""ceo"": $ceo.name };"
768,Which organizations are competitors of Deja vu Security?,"MATCH (o:Organization {name: 'Deja vu Security'})-[:HAS_COMPETITOR]->(competitor:Organization)
RETURN competitor","match
  $o isa organization, has name ""Deja vu Security"";
  $competitor isa organization;
  (competitor: $o, competitor: $competitor) isa competes_with;
fetch { ""competitor"": $competitor };"
769,"Which organizations have more than 1,000 employees and are not public?","MATCH (o:Organization)
WHERE o.nbrEmployees > 1000 AND o.isPublic = false
RETURN o.name AS organization, o.nbrEmployees AS numberOfEmployees","match
  $o isa organization;
  $o has nbr_employees $o_nbr_employees;
  $o_nbr_employees > 1000;
  $o has is_public false;
fetch { ""organization"": $o.name, ""numberOfEmployees"": $o.nbr_employees };"
770,What are the names of organizations that have 'Accenture' as an investor?,"MATCH (o:Organization)<-[:HAS_INVESTOR]-(investor:Organization {name: 'Accenture'})
RETURN o.name AS organization","match
$o isa organization;
$investor isa organization, has name ""Accenture"";
invested_in (organization: $o, investor: $investor);
fetch { ""organization"": $o.name };"
771,Which organizations are suppliers to Accenture?,"MATCH (supplier:Organization)-[:HAS_SUPPLIER]->(accenture:Organization {name: 'Accenture'})
RETURN supplier","match
  $supplier isa organization;
  $accenture isa organization, has name ""Accenture"";
  (customer: $supplier, supplier: $accenture) isa supplies;
fetch { ""supplier"": $supplier };"
772,What are the top 5 organizations with the highest revenue?,"MATCH (o:Organization)
WHERE o.revenue IS NOT NULL
RETURN o.name AS organization, o.revenue AS revenue
ORDER BY o.revenue DESC
LIMIT 5","match
  $o isa organization, has revenue $r;
sort $r desc;
limit 5;
fetch { ""organization"": $o.name, ""revenue"": $r };"
773,Which industry categories does New Energy Group belong to?,"MATCH (o:Organization {name: 'New Energy Group'})-[:HAS_CATEGORY]->(c:IndustryCategory)
RETURN c.name","match
  $o isa organization, has name ""New Energy Group"";
  $c isa industry_category;
  (organization: $o, category: $c) isa in_category;
fetch { ""industry_category_name"": $c.industry_category_name };"
774,List all people who are board members of organizations in Houston.,"MATCH (p:Person)-[:HAS_BOARD_MEMBER]-(o:Organization)-[:IN_CITY]->(:City {name: 'Houston'})
RETURN p.name AS person, o.name AS organization","match
  $p isa person, has name $pn;
  $o isa organization, has name $on;
  $city isa city, has city_name ""Houston"";
  (organization: $o, member: $p) isa board_member_of;
  (organization: $o, city: $city) isa located_in;
fetch { ""person"": $pn, ""organization"": $on };"
775,Which cities host organizations with more than 100 employees?,"MATCH (o:Organization)-[:IN_CITY]->(c:City)
WHERE o.nbrEmployees > 100
RETURN DISTINCT c.name AS city","match
$o isa organization, has nbr_employees $e;
$e > 100;
located_in (organization: $o, city: $c);
$c has city_name $name;
select $name;
distinct;
fetch { ""city"": $name };"
776,List the articles that mention the organization 'New Energy Group'.,"MATCH (a:Article)-[:MENTIONS]->(o:Organization {name: 'New Energy Group'})
RETURN a","match
  $a isa article;
  $o isa organization, has name ""New Energy Group"";
  (article: $a, mentioned: $o) isa mentions;
fetch { ""a"": $a };"
777,What are the names of the children of Julie Spellman Sweet?,"MATCH (p:Person {name: ""Julie Spellman Sweet""})-[:HAS_CHILD]->(child:Person)
RETURN child.name","match
  $p isa person, has name ""Julie Spellman Sweet"";
  $child isa person;
(parent: $p, child: $child) isa parent_of; fetch { ""name"": $child.name };"
778,Which countries have cities that are mentioned in articles with a positive sentiment (>0.5)?,MATCH (article:Article)-[:HAS_CHUNK]->(:Chunk) WHERE article.sentiment > 0.5 WITH article MATCH (article)-[:MENTIONS]->(:Organization)-[:IN_CITY]->(:City)-[:IN_COUNTRY]->(country:Country) RETURN DISTINCT country.name,"match $article isa article; $country isa country; $article has sentiment $article_sentiment; $article_sentiment > 0.5; $city isa city; (organization: $o, city: $city) isa located_in; (child: $city, parent: $country) isa location-contains; fetch { ""country_name"": $country.country_name };"
779,Which organizations are headquartered in cities within the United States of America?,"MATCH (o:Organization)-[:IN_CITY]->(c:City)-[:IN_COUNTRY]->(country:Country {name: 'United States of America'})
RETURN o.name AS organization, c.name AS city","match
  $o isa organization;
  $c isa city;
  $country isa country, has country_name ""United States of America"";
  (organization: $o, city: $c) isa located_in;
(child: $c, parent: $country) isa location-contains; fetch { ""organization"": $o.name, ""city"": $c.city_name };"
780,Who are the board members of organizations with more than $500 million in revenue?,"MATCH (o:Organization)-[:HAS_BOARD_MEMBER]->(p:Person) WHERE o.revenue > 5e8 RETURN o.name AS organization, p.name AS board_member","match $o isa organization; $p isa person; (organization: $o, member: $p) isa board_member_of; $o has revenue $o_revenue; $o_revenue > 500000000; fetch { ""organization"": $o.name, ""board_member"": $p.name };"
781,What are the names of organizations that are subsidiaries of Accenture?,"MATCH (accenture:Organization {name: 'Accenture'})-[:HAS_SUBSIDIARY]->(subsidiary:Organization)
RETURN subsidiary.name","match
  $o isa organization, has name ""Accenture"";
  $subsidiary isa organization;
  (parent: $o, subsidiary: $subsidiary) isa subsidiary_of;
fetch { ""subsidiary"": $subsidiary.name };"
782,List all organizations that are public and have no employees listed.,MATCH (o:Organization) WHERE o.isPublic = true AND o.nbrEmployees IS NULL RETURN o,"match $o isa organization; $o has is_public true; fetch { ""o"": $o };"
784,List the organizations that have a sentiment score above 0.8 in their latest article mention.,"MATCH (o:Organization)<-[:MENTIONS]-(a:Article)
WITH o, max(a.date) AS latestDate
MATCH (o)<-[:MENTIONS]-(article:Article {date: latestDate})
WHERE article.sentiment > 0.8
RETURN o.name AS organization, article.title AS latestArticle, article.sentiment AS sentiment","with fun latest_article_date($org: organization) -> datetime:
  match
    $a isa article, has date $d;
    mentions (article: $a, mentioned: $org);
  return max($d);
match
  $o isa organization;
  $a isa article, has date $d, has sentiment $s;
  mentions (article: $a, mentioned: $o);
  $d == latest_article_date($o);
  $s > 0.8;
fetch { ""organization"": $o.name, ""latestArticle"": $a.title, ""sentiment"": $s };"
785,What is the summary of the city where New Energy Group is located?,"MATCH (o:Organization {name: 'New Energy Group'})-[:IN_CITY]->(c:City)
RETURN c.summary","match
  $o isa organization, has name ""New Energy Group"";
  $c isa city;
  (organization: $o, city: $c) isa located_in;
fetch { ""city_summary"": $c.city_summary };"
786,Which organizations have a motto that includes the word 'technology'?,"MATCH (o:Organization) WHERE o.motto IS NOT NULL AND toLower(o.motto) CONTAINS 'technology' RETURN o.name AS organization, o.motto AS motto","match $o isa organization; $o has motto $o_motto; fetch { ""organization"": $o.name, ""motto"": $o.motto };"
787,List the authors who have mentioned more than three different organizations in their articles.,"MATCH (a:Article)-[:MENTIONS]->(o:Organization) 
WITH a.author AS author, count(DISTINCT o) AS org_count
WHERE org_count > 3
RETURN author","match
  $a isa article, has author $auth;
  $o1 isa organization;
  $o2 isa organization;
  $o3 isa organization;
  $o4 isa organization;
  (article: $a, mentioned: $o1) isa mentions;
  (article: $a, mentioned: $o2) isa mentions;
  (article: $a, mentioned: $o3) isa mentions;
  (article: $a, mentioned: $o4) isa mentions;
  $o1 has organization_id $id1;
  $o2 has organization_id $id2;
  $o3 has organization_id $id3;
  $o4 has organization_id $id4;
  $id1 != $id2;
  $id1 != $id3;
  $id1 != $id4;
  $id2 != $id3;
  $id2 != $id4;
  $id3 != $id4;
fetch { ""author"": $auth };"
788,Which organizations are mentioned in articles posted on MrWeb?,"MATCH (article:Article {siteName: 'MrWeb'})-[:MENTIONS]->(org:Organization)
RETURN DISTINCT org.name AS organization","match
  $article isa article, has site_name ""MrWeb"";
  $org isa organization;
  (article: $article, mentioned: $org) isa mentions;
fetch { ""organization"": $org.name };"
789,List all organizations that are not public but have subsidiaries.,MATCH (o:Organization) WHERE o.isPublic IS NOT NULL AND NOT o.isPublic AND EXISTS { (o)-[:HAS_SUBSIDIARY]->(:Organization) } RETURN o,"match $o isa organization; $subsidiary isa organization; (parent: $o, subsidiary: $subsidiary) isa subsidiary_of; $o has is_public $o_is_public; fetch { ""o"": $o };"
790,Who are the investors in the organization 'Accenture' who are also people?,"MATCH (p:Person)-[:HAS_INVESTOR]->(o:Organization {name: 'Accenture'})
RETURN p.name AS investor","match
  $p isa person;
  $o isa organization, has name ""Accenture"";
  (investor: $p, organization: $o) isa invested_in;
fetch { ""investor"": $p.name };"
791,What is the revenue and employee number for organizations headquartered in Rome?,"MATCH (o:Organization)-[:IN_CITY]->(:City {name: 'Rome'}) WHERE o.revenue IS NOT NULL AND o.nbrEmployees IS NOT NULL RETURN o.name AS organization, o.revenue AS revenue, o.nbrEmployees AS employees","match
$o isa organization, has revenue $r, has nbr_employees $e;
$c isa city, has city_name ""Rome"";
located_in (organization: $o, city: $c);
fetch {
  ""organization"": $o.name,
  ""revenue"": $r,
  ""employees"": $e
};"
792,"Which organizations have more than 10,000 employees and are located in a city that is not the capital of a country?","MATCH (o:Organization)-[:IN_CITY]->(c:City)-[:IN_COUNTRY]->(country:Country) WHERE o.nbrEmployees > 10000 AND NOT EXISTS {(c)<-[:CAPITAL_OF]-(country)} RETURN o.name AS organization, c.name AS city, country.name AS country","match $o isa organization; $c isa city; $country isa country; (organization: $o, city: $c) isa located_in; $o has nbr_employees $o_nbr_employees; $o_nbr_employees > 10000; (child: $c, parent: $country) isa location-contains; fetch { ""organization"": $o.name, ""city"": $c.city_name, ""country"": $country.country_name };"
793,List the articles that have a sentiment score below 0.3.,"MATCH (a:Article)
WHERE a.sentiment < 0.3
RETURN a","match
  $a isa article;
  $a has sentiment $a_sentiment;
  $a_sentiment < 0.3;
fetch { ""a"": $a };"
794,Which organizations have a CEO named 'Julie Spellman Sweet'?,"MATCH (o:Organization)-[:HAS_CEO]->(p:Person {name: 'Julie Spellman Sweet'})
RETURN o","match
  $o isa organization;
  $p isa person, has name ""Julie Spellman Sweet"";
  (organization: $o, ceo: $p) isa ceo_of;
fetch { ""o"": $o };"
795,What are the names of the top 5 organizations in terms of number of employees?,"MATCH (o:Organization)
WHERE o.nbrEmployees IS NOT NULL
RETURN o.name AS organization, o.nbrEmployees AS numberOfEmployees
ORDER BY o.nbrEmployees DESC
LIMIT 5","match
  $o isa organization, has nbr_employees $ne;
sort $ne desc;
limit 5;
fetch { ""organization"": $o.name, ""nbr_employees"": $ne };"
796,Which organizations are mentioned in articles about cybersecurity?,"MATCH (a:Article)-[:HAS_CHUNK]->(c:Chunk), (a)-[:MENTIONS]->(o:Organization)
WHERE c.text CONTAINS 'cybersecurity'
RETURN DISTINCT o.name AS organization","match
  $a isa article;
  $c isa chunk;
  $o isa organization;
  (article: $a, chunk: $c) isa has_chunk;
  (article: $a, mentioned: $o) isa mentions;
  $c has text $c_text;
  $c_text contains ""cybersecurity"";
fetch { ""organization"": $o.name };"
797,Which organizations have a parent organization with a revenue of more than $100 million?,"MATCH (o:Organization)-[:HAS_SUBSIDIARY]->(sub:Organization)
WHERE o.revenue > 1E8
RETURN sub.name AS Subsidiary, o.name AS Parent","match
  $o isa organization;
  $sub isa organization;
  (parent: $o, subsidiary: $sub) isa subsidiary_of;
  $o has revenue $o_revenue;
  $o_revenue > 100000000;
fetch { ""Subsidiary"": $sub.name, ""Parent"": $o.name };"
798,List the cities where organizations with a public status are located.,"MATCH (o:Organization)-[:IN_CITY]->(c:City)
WHERE o.isPublic IS NOT NULL AND o.isPublic = true
RETURN DISTINCT c.name","match
  $o isa organization;
  $c isa city;
  (organization: $o, city: $c) isa located_in;
  $o has is_public $o_is_public;
  $o has is_public true;
fetch { ""city_name"": $c.city_name };"
799,What are the industry categories for organizations headquartered in Chattanooga?,MATCH (o:Organization)-[:IN_CITY]->(:City {name: 'Chattanooga'}) MATCH (o)-[:HAS_CATEGORY]->(c:IndustryCategory) RETURN DISTINCT c.name,"match $o isa organization; $city isa city, has city_name ""Chattanooga""; (organization: $o, city: $city) isa located_in; $c isa industry_category; (organization: $o, category: $c) isa in_category; fetch { ""industry_category_name"": $c.industry_category_name };"
800,Which organizations have a summary that mentions the word 'software'?,MATCH (o:Organization) WHERE o.summary IS NOT NULL AND toLower(o.summary) CONTAINS 'software' RETURN o,"match $o isa organization; $o has summary $o_summary; fetch { ""o"": $o };"
801,List the countries that have organizations with a motto.,MATCH (c:Country)<-[:IN_COUNTRY]-(city:City)<-[:IN_CITY]-(o:Organization) WHERE o.motto IS NOT NULL RETURN DISTINCT c.name,"match
  $o isa organization, has motto $m;
  $c isa city;
  $country isa country, has country_name $cn;
  (organization: $o, city: $c) isa located_in;
  (parent: $country, child: $c) isa location-contains;
select $cn;
distinct;
fetch { ""country_name"": $cn };
"
802,Which organizations are mentioned in articles from the year 2022?,MATCH (a:Article)-[:MENTIONS]->(o:Organization) WHERE a.date.year = 2022 RETURN DISTINCT o,"match $a isa article; $o isa organization; (article: $a, mentioned: $o) isa mentions; fetch { ""o"": $o };"
803,Which cities have more than three organizations based in them?,"MATCH (c:City)<-[:IN_CITY]-(o:Organization)
WITH c, count(o) AS orgCount
WHERE orgCount > 3
RETURN c.name AS city, orgCount","match
  $c isa city, has city_name $cn;
  $o isa organization;
  (organization: $o, city: $c) isa located_in;
reduce $org_count = count($o) groupby $c, $cn;
match $org_count > 3;
fetch { ""city"": $cn, ""org_count"": $org_count };"
804,What are the summaries of articles mentioning organizations in the electronics industry?,MATCH (a:Article)-[:MENTIONS]->(o:Organization)-[:HAS_CATEGORY]->(c:IndustryCategory) WHERE c.name CONTAINS 'Electronic' RETURN a.summary,"match $a isa article; $o isa organization; $c isa industry_category; (article: $a, mentioned: $o) isa mentions; $c has industry_category_name $c_industry_category_name; $c_industry_category_name contains ""Electronic""; (organization: $o, category: $c) isa in_category; fetch { ""article_summary"": $a.article_summary };"
805,Which countries are associated with cities that host major software companies?,"MATCH (c:Country)<-[:IN_COUNTRY]-(city:City)<-[:IN_CITY]-(o:Organization)
WHERE (o)-[:HAS_CATEGORY]->(:IndustryCategory {name: 'Software'})
RETURN DISTINCT c.name AS country","match
  $c isa country;
  $city isa city;
  $o isa organization;
  (child: $city, parent: $c) isa location-contains;
  (organization: $o, city: $city) isa located_in;
  $ic isa industry_category, has industry_category_name ""Software""; (organization: $o, category: $ic) isa in_category;
fetch { ""country"": $c.country_name };"
806,List all organizations that have subsidiaries and are not dissolved.,MATCH (o:Organization) WHERE EXISTS {(o)-[:HAS_SUBSIDIARY]->(:Organization)} AND o.isDissolved IS NOT NULL AND NOT o.isDissolved RETURN o,"match $o isa organization; $subsidiary isa organization; (parent: $o, subsidiary: $subsidiary) isa subsidiary_of; $o has is_dissolved false; fetch { ""o"": $o };"
807,Who are the children of persons named in the organization board member directories?,"MATCH (p:Person)<-[:HAS_BOARD_MEMBER]-(o:Organization) WITH p MATCH (p)-[:HAS_CHILD]->(child:Person) RETURN p.name AS boardMember, child.name AS childName","match $p isa person; $o isa organization; (organization: $o, member: $p) isa board_member_of; $child isa person; (parent: $p, child: $child) isa parent_of; fetch { ""boardMember"": $p.name, ""childName"": $child.name };"
808,List the top 3 organizations with the highest sentiment score in their mentioned articles.,"MATCH (o:Organization)<-[:MENTIONS]-(a:Article) WITH o, avg(a.sentiment) AS avgSentiment WHERE avgSentiment IS NOT NULL RETURN o.name AS organization, avgSentiment ORDER BY avgSentiment DESC LIMIT 3","match $o isa organization, has name $n; $a isa article, has sentiment $s; (article: $a, mentioned: $o) isa mentions; reduce $avg_sentiment = mean($s) groupby $o; match $o has name $n; sort $avg_sentiment desc; limit 3; fetch { ""organization"": $n, ""avgSentiment"": $avg_sentiment };"
809,Which organizations have industry categories that include 'Electronic Products Manufacturers'?,"MATCH (o:Organization)-[:HAS_CATEGORY]->(c:IndustryCategory)
WHERE c.name = 'Electronic Products Manufacturers'
RETURN o.name AS organization","match
  $o isa organization;
  $c isa industry_category;
  (organization: $o, category: $c) isa in_category;
  $c has industry_category_name ""Electronic Products Manufacturers"";
fetch { ""organization"": $o.name };"
810,Who are the current CEOs of public organizations?,"MATCH (o:Organization {isPublic: true})-[:HAS_CEO]->(p:Person) WHERE o.isDissolved IS NOT NULL AND NOT o.isDissolved RETURN o.name AS organization, p.name AS ceo","match
  $o isa organization;
  $p isa person;
  (organization: $o, ceo: $p) isa ceo_of;
  $o has is_public true;
fetch { ""organization"": $o.name, ""ceo"": $p.name };"
811,What are the challenges faced by organizations headquartered in non-capital cities?,"MATCH (o:Organization)-[:IN_CITY]->(c:City)
WHERE c.name <> c.summary AND c.summary CONTAINS ""capital""
WITH o, c
OPTIONAL MATCH (o)-[:HAS_CATEGORY]->(cat:IndustryCategory)
OPTIONAL MATCH (o)<-[:MENTIONS]-(a:Article)
RETURN o.name AS organization, o.summary AS org_summary, c.name AS city, 
       c.summary AS city_summary, cat.name AS industry, 
       a.title AS article_title, a.summary AS article_summary
ORDER BY o.name","match
  $o isa organization;
  $c isa city;
  located_in (organization: $o, city: $c);
try { $ic isa industry_category; in_category (organization: $o, category: $ic); };
try { $a isa article; mentions (article: $a, mentioned: $o); };
fetch { ""organization"": $o.name, ""org_summary"": $o.summary, ""city"": $c.city_name };"
812,List the countries where organizations with a revenue less than $10 million are located.,MATCH (o:Organization)-[:IN_CITY]->(:City)-[:IN_COUNTRY]->(c:Country) WHERE o.revenue < 10000000 RETURN DISTINCT c.name,"match
  $o isa organization;
  $c isa country, has country_name $cn;
  $city isa city;
  (organization: $o, city: $city) isa located_in;
  (child: $city, parent: $c) isa location-contains;
  $o has revenue $r;
  $r < 10000000;
fetch { ""country"": $cn };"
813,Which organizations have a CEO and also have a subsidiary?,MATCH (o:Organization)-[:HAS_CEO]->(:Person) WHERE EXISTS {(o)-[:HAS_SUBSIDIARY]->(:Organization)} RETURN o,"match $o isa organization; $subsidiary isa organization; (parent: $o, subsidiary: $subsidiary) isa subsidiary_of; $ceo isa person; (organization: $o, ceo: $ceo) isa ceo_of; fetch { ""o"": $o };"
814,List all articles that mention organizations headquartered in the United States of America.,"MATCH (a:Article)-[:MENTIONS]->(o:Organization)-[:IN_CITY]->(:City)-[:IN_COUNTRY]->(c:Country {name: 'United States of America'}) RETURN a, o","match
$a isa article;
$o isa organization;
$city isa city;
$country isa country, has country_name ""United States of America"";
mentions (article: $a, mentioned: $o);
located_in (organization: $o, city: $city);
location-contains (parent: $country, child: $city);
fetch {
  ""article"": $a.title,
  ""organization"": $o.name
};"
815,Which organizations are suppliers to companies in the energy sector?,"MATCH (supplier:Organization)-[:HAS_SUPPLIER]->(company:Organization) WHERE (company)-[:HAS_CATEGORY]->(:IndustryCategory {name: 'Energy'}) RETURN supplier, company","match $supplier isa organization; $company isa organization; (customer: $supplier, supplier: $company) isa supplies; $ic isa industry_category, has industry_category_name ""Energy""; (organization: $supplier, category: $ic) isa in_category; fetch { ""supplier"": $supplier, ""company"": $company };"
816,What are the cities where organizations with the highest number of suppliers are located?,"MATCH (o:Organization)-[:HAS_SUPPLIER]->(s:Organization)
WITH o, count(s) AS supplierCount
ORDER BY supplierCount DESC
LIMIT 1
MATCH (o)-[:IN_CITY]->(c:City)
RETURN c.name AS city","match
  $o isa organization;
  $c isa city, has city_name $cn;
  supplies (customer: $o, supplier: $s);
  located_in (organization: $o, city: $c);
reduce $count = count($s) groupby $o, $c, $cn;
sort $count desc;
limit 1;
fetch { ""city"": $cn };"
817,List the industries that have organizations with CEOs named 'Julie Spellman Sweet'.,MATCH (p:Person {name: 'Julie Spellman Sweet'})<-[:HAS_CEO]-(o:Organization)-[:HAS_CATEGORY]->(ic:IndustryCategory) RETURN DISTINCT ic.name,"match $p isa person, has name ""Julie Spellman Sweet""; $o isa organization; $ic isa industry_category; (organization: $o, ceo: $p) isa ceo_of; (organization: $o, category: $ic) isa in_category; fetch { ""industry_category_name"": $ic.industry_category_name };"
818,Which organizations have more than 500 employees and have been dissolved?,"MATCH (o:Organization)
WHERE o.nbrEmployees > 500 AND o.isDissolved = true
RETURN o","match
  $o isa organization;
  $o has nbr_employees $o_nbr_employees;
  $o_nbr_employees > 500;
  $o has is_dissolved true;
fetch { ""o"": $o };"
819,Who are the board members of the top 5 organizations by revenue?,"MATCH (o:Organization)
WITH o
ORDER BY o.revenue DESC
LIMIT 5
MATCH (o)-[:HAS_BOARD_MEMBER]->(p:Person)
RETURN o.name AS organization, p.name AS board_member","match
  $o isa organization;
  $p isa person;
  (organization: $o, member: $p) isa board_member_of;
  $o has revenue $o_revenue;
sort $o_revenue desc;
limit 5;
fetch { ""organization"": $o.name, ""board_member"": $p.name };"
820,What are the names of organizations that are suppliers to more than three other organizations?,"MATCH (o:Organization)-[:HAS_SUPPLIER]->(supplier:Organization)
WITH supplier, count(o) as num_orgs_supplied
WHERE num_orgs_supplied > 3
RETURN supplier.name as supplier_name","match
  $o isa organization;
  $supplier isa organization;
  (customer: $o, supplier: $supplier) isa supplies;
reduce $num_orgs_supplied = count($o) groupby $supplier;
match $num_orgs_supplied > 3;
fetch { ""supplier_name"": $supplier.name };"
821,Which organizations have a parent company named 'Accenture'?,"MATCH (o:Organization)-[:HAS_SUBSIDIARY]->(sub:Organization)
WHERE o.name = 'Accenture'
RETURN sub","match
  $o isa organization;
  $sub isa organization;
  (parent: $o, subsidiary: $sub) isa subsidiary_of;
  $o has name ""Accenture"";
fetch { ""sub"": $sub };"
822,List all organizations that have been mentioned in articles with a negative sentiment.,"MATCH (a:Article)-[:MENTIONS]->(o:Organization)
WHERE a.sentiment < 0
RETURN DISTINCT o","match
  $o isa organization;
  $a isa article, has sentiment $s;
  $s < 0;
  mentions (article: $a, mentioned: $o);
select $o;
distinct;
fetch { ""organization"": $o.name };"
823,Which organizations have a CEO who has authored articles?,"MATCH (o:Organization)-[:HAS_CEO]->(ceo:Person)<-[:AUTHOR]-(a:Article) RETURN o.name AS organization, ceo.name AS ceo, a.title AS article","match $o isa organization; $ceo isa person; $a isa article; (organization: $o, ceo: $ceo) isa ceo_of; fetch { ""organization"": $o.name, ""ceo"": $ceo.name, ""article"": $a.title };"
824,What are the organizations that are headquartered in cities that are also mentioned in articles with a positive sentiment?,"MATCH (o:Organization)-[:IN_CITY]->(c:City)<-[:MENTIONS]-(a:Article) WHERE a.sentiment > 0 RETURN DISTINCT o.name AS organization, c.name AS city","match $o isa organization; $c isa city; $a isa article; (organization: $o, city: $c) isa located_in; $a has sentiment $a_sentiment; $a_sentiment > 0; (article: $a, mentioned: $o) isa mentions; fetch { ""organization"": $o.name, ""city"": $c.city_name };"
825,Which organizations have CEOs that are also board members of other organizations?,"MATCH (o1:Organization)-[:HAS_CEO]->(p:Person) WHERE EXISTS { (p)-[:HAS_BOARD_MEMBER]->(o2:Organization) WHERE o1 <> o2 } RETURN o1.name AS organization, p.name AS ceo_and_board_member","match $o1 isa organization; $p isa person; (organization: $o1, ceo: $p) isa ceo_of; (organization: $o1, member: $p) isa board_member_of; fetch { ""organization"": $o1.name, ""ceo_and_board_member"": $p.name };"
826,Who are the investors of organizations with a revenue exceeding $500 million?,"MATCH (o:Organization)-[:HAS_INVESTOR]->(investor)
WHERE o.revenue > 5e8
RETURN o.name AS organization, investor.name AS investor","match
  $o isa organization, has name $on;
  $investor isa person, has name $in;
  (organization: $o, investor: $investor) isa invested_in;
  $o has revenue $r;
  $r > 500000000;
fetch { ""organization"": $on, ""investor"": $in };"
827,What are the names of the top 3 organizations in terms of revenue in the electronics industry?,"MATCH (o:Organization)-[:HAS_CATEGORY]->(c:IndustryCategory {name: 'Electronic Products Manufacturers'})
WHERE o.revenue IS NOT NULL
RETURN o.name AS organization, o.revenue AS revenue
ORDER BY o.revenue DESC
LIMIT 3","match
  $o isa organization;
  $c isa industry_category, has industry_category_name ""Electronic Products Manufacturers"";
  (organization: $o, category: $c) isa in_category;
  $o has revenue $o_revenue;
sort $o_revenue desc;
limit 3;
fetch { ""organization"": $o.name, ""revenue"": $o.revenue };"
828,Which organizations have more than one industry category?,"MATCH (o:Organization)-[:HAS_CATEGORY]->(c:IndustryCategory)
WITH o, count(c) as categoryCount
WHERE categoryCount > 1
RETURN o.name as organization, categoryCount","match
  $o isa organization;
  $c isa industry_category;
  (organization: $o, category: $c) isa in_category;
reduce $categoryCount = count($c) groupby $o;
match $categoryCount > 1;
fetch { ""organization"": $o.name, ""categoryCount"": $categoryCount };"
829,List articles that mention organizations based in countries not in North America.,"MATCH (a:Article)-[:MENTIONS]->(o:Organization)-[:IN_CITY]->(:City)-[:IN_COUNTRY]->(c:Country) WHERE c.name <> 'United States of America' AND c.name <> 'Canada' AND c.name <> 'Mexico' RETURN a.title, a.siteName, a.date, o.name, c.name","match
  $a isa article;
  $o isa organization;
  $city isa city;
  $c isa country, has country_name $cn;
  mentions (article: $a, mentioned: $o);
  located_in (organization: $o, city: $city);
  location-contains (parent: $c, child: $city);
  not { $cn == ""United States of America""; };
  not { $cn == ""Canada""; };
  not { $cn == ""Mexico""; };
fetch {
  ""title"": $a.title,
  ""siteName"": $a.site_name,
  ""date"": $a.date,
  ""organization"": $o.name,
  ""country"": $cn
};
"
830,What are the names of organizations that have a motto mentioning 'innovation'?,"MATCH (o:Organization)
WHERE o.motto CONTAINS 'innovation'
RETURN o.name","match
  $o isa organization;
  $ceo isa person;
  $country isa country;
  $parent isa person;
  (organization: $o, ceo: $ceo) isa ceo_of;
  $city isa city; (organization: $o, city: $city) isa located_in;
(child: $city, parent: $country) isa location-contains; (parent: $ceo, child: $parent) isa parent_of; fetch { ""organization"": $o.name, ""ceo"": $ceo.name, ""country"": $country.country_name };"
831,Which organizations are headquartered in cities named 'Rome' across different countries?,"MATCH (o:Organization)-[:IN_CITY]->(c:City {name: 'Rome'})-[:IN_COUNTRY]->(country:Country)
RETURN o.name AS organization, country.name AS country","match
  $o isa organization;
  $c isa city, has city_name ""Rome"";
  $country isa country;
  (organization: $o, city: $c) isa located_in;
(child: $c, parent: $country) isa location-contains; fetch { ""organization"": $o.name, ""country"": $country.country_name };"
832,Who are the children of CEOs of organizations with a revenue over $1 billion?,"MATCH (o:Organization)-[:HAS_CEO]->(ceo:Person) WHERE o.revenue > 1.0E9 WITH ceo MATCH (ceo)-[:HAS_CHILD]->(child:Person) RETURN ceo.name AS ceo_name, child.name AS child_name","match $o isa organization; $ceo isa person; (organization: $o, ceo: $ceo) isa ceo_of; $child isa person; $o has revenue $o_revenue; $o_revenue > 1000000000; (parent: $ceo, child: $child) isa parent_of; fetch { ""ceo_name"": $ceo.name, ""child_name"": $child.name };"
833,List the cities where organizations with more than 500 employees are headquartered.,"MATCH (o:Organization)-[:IN_CITY]->(c:City)
WHERE o.nbrEmployees > 500
RETURN DISTINCT c.name","match
  $o isa organization;
  $c isa city;
  (organization: $o, city: $c) isa located_in;
  $o has nbr_employees $o_nbr_employees;
  $o_nbr_employees > 500;
fetch { ""city_name"": $c.city_name };"
834,Which organizations have subsidiaries in more than three different countries?,"MATCH (o:Organization)-[:HAS_SUBSIDIARY]->(sub:Organization)-[:IN_CITY]->(:City)-[:IN_COUNTRY]->(c:Country)
WITH o, count(DISTINCT c) AS numCountries
WHERE numCountries > 3
RETURN o.name AS organization, numCountries","match
  $o isa organization;
  $sub isa organization;
  $c isa country;
  (parent: $o, subsidiary: $sub) isa subsidiary_of;
  $city isa city; (organization: $o, city: $city) isa located_in;
(child: $city, parent: $c) isa location-contains; fetch { ""organization"": $o.name };"
835,What are the names of organizations that have been dissolved but still have a CEO listed?,"MATCH (o:Organization)-[:HAS_CEO]->(p:Person)
WHERE o.isDissolved IS NOT NULL AND o.isDissolved = true
RETURN o.name AS organization_name","match
  $o isa organization;
  $p isa person;
  (organization: $o, ceo: $p) isa ceo_of;
  $o has is_dissolved $o_is_dissolved;
  $o has is_dissolved true;
fetch { ""organization_name"": $o.name };"
836,Which organizations have a board member named 'Julie Spellman Sweet'?,"MATCH (p:Person {name: 'Julie Spellman Sweet'})<-[:HAS_BOARD_MEMBER]-(o:Organization)
RETURN o","match
  $p isa person, has name ""Julie Spellman Sweet"";
  $o isa organization;
  (organization: $o, member: $p) isa board_member_of;
fetch { ""o"": $o };"
837,Who are the parents of CEOs of organizations that are public?,"MATCH (ceo:Person)<-[:HAS_CEO]-(org:Organization {isPublic: true})<-[:HAS_CHILD]-(parent:Person)
RETURN ceo.name AS CEO, org.name AS Organization, parent.name AS Parent","match
  $ceo isa person;
  $org isa organization, has is_public true;
  $parent isa person;
  (organization: $org, ceo: $ceo) isa ceo_of;
(parent: $ceo, child: $parent) isa parent_of; fetch { ""CEO"": $ceo.name, ""Organization"": $org.name, ""Parent"": $parent.name };"
838,List the organizations that have been mentioned in articles with a sentiment score of exactly 0.5.,"MATCH (a:Article)-[:MENTIONS]->(o:Organization)
WHERE a.sentiment = 0.5
RETURN DISTINCT o","match
  $a isa article;
  $o isa organization;
  (article: $a, mentioned: $o) isa mentions;
  $a has sentiment $a_sentiment;
  $a_sentiment == 0.5;
fetch { ""o"": $o };"
839,Which organizations have a summary that mentions 'consumer behavior'?,"MATCH (o:Organization)
WHERE o.summary CONTAINS 'consumer behavior'
RETURN o","match $o isa organization; $sub isa organization; $sup isa organization; $c isa country; (parent: $o, subsidiary: $sub) isa subsidiary_of; (customer: $o, supplier: $sup) isa supplies; $city isa city; (organization: $o, city: $city) isa located_in; (child: $city, parent: $c) isa location-contains; fetch { ""organization"": $o.name, ""country"": $c.country_name };"
840,What are the countries where organizations with a public status are headquartered?,"MATCH (o:Organization)-[:IN_CITY]->(:City)-[:IN_COUNTRY]->(c:Country)
WHERE o.isPublic IS NOT NULL AND o.isPublic = true
RETURN DISTINCT c.name","match
  $o isa organization;
  $c isa country;
  $o has is_public $o_is_public;
  $o has is_public true;
  $city isa city; (organization: $o, city: $city) isa located_in;
(child: $city, parent: $c) isa location-contains; fetch { ""country_name"": $c.country_name };"
841,Which organizations are mentioned in articles with titles containing the word 'security'?,"MATCH (article:Article)-[:MENTIONS]->(org:Organization)
WHERE article.title CONTAINS 'security'
RETURN DISTINCT org.name AS organization","match
  $article isa article;
  $org isa organization;
  (article: $article, mentioned: $org) isa mentions;
  $article has title $article_title;
  $article_title contains ""security"";
fetch { ""organization"": $org.name };"
842,List the organizations that have more than five categories listed in their industry classification.,"MATCH (o:Organization)-[:HAS_CATEGORY]->(c:IndustryCategory)
WITH o, count(c) AS categoryCount
WHERE categoryCount > 5
RETURN o.name AS organization, categoryCount","match
  $o isa organization;
  $c isa industry_category;
  (organization: $o, category: $c) isa in_category;
reduce $categoryCount = count($c) groupby $o;
match $categoryCount > 5;
fetch { ""organization"": $o.name, ""categoryCount"": $categoryCount };"
844,List the organizations that have a CEO with the name 'David Correa'.,"MATCH (o:Organization)-[:HAS_CEO]->(p:Person {name: 'David Correa'})
RETURN o","match
  $p isa person, has name ""David Correa"";
  $o isa organization;
  (organization: $o, ceo: $p) isa ceo_of;
fetch { ""organization"": $o.name, ""ceo"": $p.name };"
845,What are the names of organizations that are suppliers to those in the telecommunications industry?,"MATCH (supplier:Organization)-[:HAS_SUPPLIER]->(org:Organization)-[:HAS_CATEGORY]->(cat:IndustryCategory {name: 'Telecommunications'})
RETURN supplier.name AS supplier_name","match
  $supplier isa organization;
  $org isa organization;
  $cat isa industry_category, has industry_category_name ""Telecommunications"";
  (customer: $supplier, supplier: $org) isa supplies;
  (organization: $supplier, category: $cat) isa in_category;
fetch { ""supplier_name"": $supplier.name };"
846,Which organizations have a city location with a summary mentioning 'county seat'?,"MATCH (o:Organization)-[:IN_CITY]->(c:City)
WHERE c.summary CONTAINS 'county seat'
RETURN o.name AS organization, c.name AS city","match
  $o isa organization;
  $c isa city;
  (organization: $o, city: $c) isa located_in;
  $c has city_summary $c_city_summary;
  $c_city_summary contains ""county seat"";
fetch { ""organization"": $o.name, ""city"": $c.city_name };"
847,"List the articles mentioning organizations with revenues under $500,000.","MATCH (a:Article)-[:MENTIONS]->(o:Organization)
WHERE o.revenue < 500000
RETURN a.title, a.summary, a.siteName, a.date, o.name, o.revenue","match
  $a isa article;
  $o isa organization;
  (article: $a, mentioned: $o) isa mentions;
  $o has revenue $o_revenue;
  $o_revenue < 500000;
fetch { ""title"": $a.title, ""article_summary"": $a.article_summary, ""site_name"": $a.site_name, ""date"": $a.date, ""name"": $o.name, ""revenue"": $o.revenue };"
848,Who are the parents of the board members of organizations with revenues over $1 million?,"MATCH (o:Organization)-[:HAS_BOARD_MEMBER]->(p:Person)-[:HAS_PARENT]->(parent:Person)
WHERE o.revenue > 1e6
RETURN p.name AS board_member, parent.name AS parent","match
  $o isa organization;
  $p isa person;
  $parent isa person;
  (organization: $o, member: $p) isa board_member_of;
  $o has revenue $o_revenue;
  $o_revenue > 1000000;
(parent: $parent, child: $p) isa parent_of; fetch { ""board_member"": $p.name, ""parent"": $parent.name };"
849,Which organizations have the most articles mentioning them in 2022?,"MATCH (o:Organization)<-[:MENTIONS]-(a:Article)
WHERE a.date.year = 2022
WITH o, count(a) as numMentions
RETURN o.name as organization, numMentions
ORDER BY numMentions DESC
LIMIT 10","match
  $o isa organization;
  $a isa article, has date $d;
  mentions (article: $a, mentioned: $o);
  $d >= 2022-01-01T00:00:00;
  $d < 2023-01-01T00:00:00;
reduce $count = count($a) groupby $o;
sort $count desc;
limit 10;
fetch { ""organization"": $o.name, ""numMentions"": $count };"
850,Who are the investors of organizations mentioned in articles with a positive sentiment?,"MATCH (article:Article)-[:MENTIONS]->(org:Organization)<-[:HAS_INVESTOR]-(investor)
WHERE article.sentiment > 0
RETURN DISTINCT investor, org, article","match
  $o isa organization;
  $investor isa person;
  (organization: $o, investor: $investor) isa invested_in;
  $article isa article;
  (article: $article, mentioned: $o) isa mentions;
  $article has sentiment $article_sentiment;
  $article_sentiment > 0;
fetch { ""investor"": $investor.name, ""organization"": $o.name };"
851,Which organizations have a revenue greater than 100 million and are not dissolved?,"MATCH (o:Organization)
WHERE o.revenue > 1E8 AND o.isDissolved IS NOT NULL AND NOT o.isDissolved
RETURN o","match
  $o isa organization;
  $o has revenue $o_revenue;
  $o_revenue > 100000000;
  $o has is_dissolved false;
fetch { ""o"": $o };"
852,"List the first 5 organizations that have been mentioned in articles published after January 1st, 2020.","MATCH (a:Article)-[:MENTIONS]->(o:Organization)
WHERE a.date > date(""2020-01-01"")
RETURN o.name
LIMIT 5","match
  $a isa article, has date $a_date;
  $o isa organization;
  (article: $a, mentioned: $o) isa mentions;
$a_date > 2020-01-01T00:00:00; limit 5;
fetch { ""name"": $o.name };"
853,Find the top 3 cities where organizations with more than 500 employees are located.,"MATCH (o:Organization)-[:IN_CITY]->(c:City)
WHERE o.nbrEmployees > 500
RETURN c.name AS city, count(o) AS numOrganizations
ORDER BY numOrganizations DESC
LIMIT 3","match
  $o isa organization, has nbr_employees $emp;
  $emp > 500;
  $c isa city;
  located_in (organization: $o, city: $c);
reduce $count = count($o) groupby $c;
sort $count desc;
limit 3;
fetch { ""city"": $c.city_name, ""numOrganizations"": $count };"
854,What are the names of the industry categories that have at least three organizations associated with them?,"MATCH (ic:IndustryCategory)<-[:HAS_CATEGORY]-(o:Organization)
WITH ic, count(o) AS orgCount
WHERE orgCount >= 3
RETURN ic.name","match
  $ic isa industry_category;
  $o isa organization;
  (organization: $o, category: $ic) isa in_category;
reduce $orgCount = count($o) groupby $ic;
match $orgCount >= 3;
fetch { ""industry_category_name"": $ic.industry_category_name };"
855,Identify the first 5 people who are CEOs of public companies.,"MATCH (p:Person)<-[:HAS_CEO]-(o:Organization)
WHERE o.isPublic = true
RETURN p.name AS name, o.name AS company
LIMIT 5","match
  $p isa person;
  $o isa organization;
  (organization: $o, ceo: $p) isa ceo_of;
  $o has is_public true;
limit 5;
fetch { ""name"": $p.name, ""company"": $o.name };"
856,Which organizations have a subsidiary with fewer than 50 employees?,"MATCH (o:Organization)-[:HAS_SUBSIDIARY]->(sub:Organization)
WHERE sub.nbrEmployees < 50
RETURN o.name AS organization, sub.name AS subsidiary, sub.nbrEmployees AS subsidiary_employees","match
  $o isa organization;
  $sub isa organization;
  (parent: $o, subsidiary: $sub) isa subsidiary_of;
  $sub has nbr_employees $sub_nbr_employees;
  $sub_nbr_employees < 50;
fetch { ""organization"": $o.name, ""subsidiary"": $sub.name, ""subsidiary_employees"": $sub.nbr_employees };"
857,List the first 3 countries that are home to more than one city mentioned in the schema.,"MATCH (co:Country)<-[:IN_COUNTRY]-(c:City)
WITH co, count(c) AS numCities
WHERE numCities > 1
RETURN co.name AS country, numCities
ORDER BY numCities DESC
LIMIT 3","match
  $co isa country;
  $c isa city;
  (child: $c, parent: $co) isa location-contains;
reduce $numCities = count($c) groupby $co;
match $numCities > 1;
sort $numCities desc;
limit 3;
fetch { ""country"": $co.country_name, ""numCities"": $numCities };"
858,What are the names of the people who have both a parent and a child listed in the schema?,"MATCH (p:Person)-[:HAS_PARENT]->(parent:Person)
WHERE EXISTS {(p)-[:HAS_CHILD]->(:Person)}
RETURN p.name","match
  $p isa person;
  parent_of (parent: $parent, child: $p);
  parent_of (parent: $p, child: $child);
fetch { ""name"": $p.name };"
859,List the first 5 organizations that are competitors and are both public companies.,"MATCH (o1:Organization)-[:HAS_COMPETITOR]->(o2:Organization)
WHERE o1.isPublic = true AND o2.isPublic = true
RETURN o1.name AS Org1, o2.name AS Org2
LIMIT 5","match
  $o1 isa organization;
  $o2 isa organization;
  (competitor: $o1, competitor: $o2) isa competes_with;
  $o1 has is_public true;
  $o2 has is_public true;
limit 5;
fetch { ""Org1"": $o1.name, ""Org2"": $o2.name };"
860,Which organizations have a CEO named 'Julie Spellman Sweet'?,"MATCH (o:Organization)-[:HAS_CEO]->(p:Person {name: 'Julie Spellman Sweet'})
RETURN o.name AS organization","match
  $o isa organization;
  $p isa person, has name ""Julie Spellman Sweet"";
  (organization: $o, ceo: $p) isa ceo_of;
fetch { ""organization"": $o.name };"
861,Find the top 3 organizations that have been invested in by more than one person.,"MATCH (o:Organization)<-[:HAS_INVESTOR]-(p:Person)
WITH o, count(p) AS num_investors
WHERE num_investors > 1
RETURN o.name AS organization, num_investors
ORDER BY num_investors DESC
LIMIT 3","match
  $o isa organization;
  $p isa person;
  (investor: $p, organization: $o) isa invested_in;
reduce $num_investors = count($p) groupby $o;
match $num_investors > 1;
sort $num_investors desc;
limit 3;
fetch { ""organization"": $o.name, ""num_investors"": $num_investors };"
862,What are the names of the organizations that are headquartered in cities with a summary stating they are a county seat?,"MATCH (o:Organization)-[:IN_CITY]->(c:City)
WHERE c.summary CONTAINS 'county seat'
RETURN o.name","match
  $o isa organization;
  $c isa city, has city_summary $summary;
  $summary like "".*county seat.*"";
  located_in (organization: $o, city: $c);
fetch { ""name"": $o.name };"
863,Identify the first 5 articles that mention organizations headquartered in the United States of America.,"MATCH (a:Article)-[:MENTIONS]->(o:Organization)-[:IN_CITY]->(:City)-[:IN_COUNTRY]->(c:Country {name: 'United States of America'})
RETURN a.title, a.siteName, a.date
LIMIT 5","match
  $a isa article;
  $o isa organization;
  $c isa country, has country_name ""United States of America"";
  (article: $a, mentioned: $o) isa mentions;
  $city isa city; (organization: $o, city: $city) isa located_in;
(child: $city, parent: $c) isa location-contains; limit 5;
fetch { ""title"": $a.title, ""site_name"": $a.site_name, ""date"": $a.date };"
864,Which organizations have a board member who is also a CEO of another organization?,"MATCH (o1:Organization)-[:HAS_BOARD_MEMBER]->(p:Person)<-[:HAS_CEO]-(o2:Organization)
WHERE o1 <> o2
RETURN o1.name AS BoardMemberOrg, p.name AS Person, o2.name AS CEOOrg","match
  $o1 isa organization;
  $p isa person;
  $o2 isa organization;
  board_member_of (organization: $o1, member: $p);
  ceo_of (organization: $o2, ceo: $p);
  not { $o1 is $o2; };
fetch {
  ""BoardMemberOrg"": $o1.name,
  ""Person"": $p.name,
  ""CEOOrg"": $o2.name
};"
865,List the first 3 organizations with the highest revenue that are also dissolved.,"MATCH (o:Organization)
WHERE o.isDissolved = true AND o.revenue IS NOT NULL
RETURN o.name AS organization, o.revenue AS revenue
ORDER BY o.revenue DESC
LIMIT 3","match
$o isa organization, has is_dissolved true, has revenue $r, has name $n;
sort $r desc;
limit 3;
fetch { ""organization"": $n, ""revenue"": $r };"
866,What are the names of the people who are board members of at least two different organizations?,"MATCH (p:Person)-[:HAS_BOARD_MEMBER]->(o:Organization)
WITH p, count(o) as num_orgs
WHERE num_orgs >= 2
RETURN p.name","match
  $p isa person, has name $pn;
  $o1 isa organization;
  $o2 isa organization;
  (organization: $o1, member: $p) isa board_member_of;
  (organization: $o2, member: $p) isa board_member_of;
  $o1 has organization_id $id1;
  $o2 has organization_id $id2;
  $id1 != $id2;
fetch { ""name"": $pn };"
867,Identify the top 3 cities where organizations with a revenue less than 10 million are located.,"MATCH (o:Organization)-[:IN_CITY]->(c:City)
WHERE o.revenue < 10000000
RETURN c.name AS city, count(o) AS orgCount
ORDER BY orgCount DESC
LIMIT 3","match
  $o isa organization, has revenue $r;
  $r < 10000000;
  $c isa city;
  located_in (organization: $o, city: $c);
reduce $count = count($o) groupby $c;
sort $count desc;
limit 3;
fetch { ""city"": $c.city_name, ""count"": $count };"
868,List the first 5 organizations that have a motto including the word 'security'.,"MATCH (o:Organization)
WHERE o.motto CONTAINS 'security'
RETURN o.name, o.motto
LIMIT 5","match
$o isa organization, has motto $m;
$m like "".*security.*"";
limit 5;
fetch {
  ""name"": $o.name,
  ""motto"": $m
};"
869,Which organizations are headquartered in a city that is not the capital of its country?,"MATCH (o:Organization)-[:IN_CITY]->(c:City)-[:IN_COUNTRY]->(country:Country)
WHERE c.name <> country.name
RETURN o.name AS organization, c.name AS city, country.name AS country","match
  $o isa organization;
  $c isa city;
  $country isa country;
  (organization: $o, city: $c) isa located_in;
(child: $c, parent: $country) isa location-contains; fetch { ""organization"": $o.name, ""city"": $c.city_name, ""country"": $country.country_name };"
870,What are the names of the organizations that have an industry category named 'Electronic Products Manufacturers'?,"MATCH (o:Organization)-[:HAS_CATEGORY]->(c:IndustryCategory {name: 'Electronic Products Manufacturers'})
RETURN o.name","match
  $o isa organization;
  $c isa industry_category, has industry_category_name ""Electronic Products Manufacturers"";
  (organization: $o, category: $c) isa in_category;
limit 3;
fetch { ""organization"": $o.name };"
871,Find the top 3 articles with the highest sentiment scores mentioning organizations with over 1000 employees.,"MATCH (a:Article)-[:MENTIONS]->(o:Organization)
WHERE o.nbrEmployees > 1000
WITH a
ORDER BY a.sentiment DESC
LIMIT 3
RETURN a.title AS article, a.sentiment AS sentiment","match
  $a isa article;
  $o isa organization;
  (article: $a, mentioned: $o) isa mentions;
  $o has nbr_employees $o_nbr_employees;
  $o_nbr_employees > 1000;
  $a has sentiment $a_sentiment;
sort $a_sentiment desc;
limit 3;
fetch { ""article"": $a.title, ""sentiment"": $a.sentiment };"
872,List the first 5 people who are investors in more than one organization.,"MATCH (p:Person)-[:HAS_INVESTOR]->(o:Organization)
WITH p, count(o) as num_orgs_invested
WHERE num_orgs_invested > 1
RETURN p.name as person, num_orgs_invested as number_of_organizations
ORDER BY num_orgs_invested DESC
LIMIT 5","match
  $p isa person;
  $o isa organization;
  (investor: $p, organization: $o) isa invested_in;
reduce $num_orgs_invested = count($o) groupby $p;
match $num_orgs_invested > 1;
sort $num_orgs_invested desc;
limit 5;
fetch { ""person"": $p.name, ""number_of_organizations"": $num_orgs_invested };"
873,Which organizations have a summary mentioning 'software' and are public companies?,"MATCH (o:Organization)
WHERE o.summary CONTAINS 'software' AND o.isPublic = true
RETURN o","match
  $o isa organization, has summary $s, has is_public true;
  $s like "".*software.*"";
fetch {
  ""organization"": $o
};"
874,Identify the top 3 organizations that have been dissolved but still have a CEO listed.,"MATCH (o:Organization)-[:HAS_CEO]->(p:Person)
WHERE o.isDissolved = true
RETURN o.name AS organization, p.name AS ceo
ORDER BY o.name
LIMIT 3","match
  $o isa organization;
  $p isa person;
  (organization: $o, ceo: $p) isa ceo_of;
  $o has is_dissolved true;
limit 3;
fetch { ""organization"": $o.name, ""ceo"": $p.name };"
875,List the first 5 organizations with the most number of employees that have a subsidiary.,"MATCH (o:Organization)-[:HAS_SUBSIDIARY]->(:Organization)
WHERE o.nbrEmployees IS NOT NULL
RETURN o.name AS organization, o.nbrEmployees AS numberOfEmployees
ORDER BY o.nbrEmployees DESC
LIMIT 5","match
  $o isa organization, has nbr_employees $ne;
  $sub isa organization;
  subsidiary_of (parent: $o, subsidiary: $sub);
sort $ne desc;
limit 5;
fetch { ""organization"": $o.name, ""nbr_employees"": $ne };"
876,What are the names of the organizations that have a subsidiary named 'Accenture'?,"MATCH (parent:Organization)-[:HAS_SUBSIDIARY]->(sub:Organization {name: 'Accenture'})
RETURN parent.name","match
  $parent isa organization;
  $sub isa organization, has name ""Accenture"";
  (parent: $parent, subsidiary: $sub) isa subsidiary_of;
fetch { ""name"": $parent.name };"
877,Find the top 3 countries mentioned in articles that have the lowest sentiment scores.,"MATCH (article:Article)-[:HAS_CHUNK]->(chunk:Chunk)
WHERE article.sentiment IS NOT NULL
WITH article
ORDER BY article.sentiment ASC
LIMIT 3
MATCH (article)-[:MENTIONS]->(:Organization)-[:IN_CITY]->(:City)-[:IN_COUNTRY]->(country:Country)
RETURN country.name AS country, count(*) AS mentions
ORDER BY mentions DESC","match
  $article isa article, has sentiment $s;
  $o isa organization;
  $city isa city;
  $country isa country;
  mentions (article: $article, mentioned: $o);
  located_in (organization: $o, city: $city);
  location-contains (parent: $country, child: $city);
select $article, $s;
distinct;
sort $s asc;
limit 3;
match
  $country2 isa country;
  mentions (article: $article, mentioned: $o2);
  located_in (organization: $o2, city: $city2);
  location-contains (parent: $country2, child: $city2);
reduce $count = count groupby $country2;
sort $count desc;
limit 3;
fetch { ""country"": $country2.country_name, ""mentions"": $count };"
878,List the first 5 organizations that have a CEO who has authored an article.,"MATCH (o:Organization)-[:HAS_CEO]->(ceo:Person)<-[:AUTHORED]-(a:Article)
RETURN o.name AS organization, ceo.name AS ceo, a.title AS article
LIMIT 5","match
  $o isa organization;
  $ceo isa person;
  $a isa article;
  (organization: $o, ceo: $ceo) isa ceo_of;
limit 5;
fetch { ""organization"": $o.name, ""ceo"": $ceo.name, ""article"": $a.title };"
879,Which organizations have a city with a summary mentioning 'county seat' as their location?,"MATCH (o:Organization)-[:IN_CITY]->(c:City)
WHERE c.summary CONTAINS 'county seat'
RETURN o.name AS organization, c.name AS city","match
  $o isa organization;
  $c isa city, has city_summary $summary;
  $summary like "".*county seat.*"";
  located_in (organization: $o, city: $c);
fetch {
  ""organization"": $o.name,
  ""city"": $c.city_name
};
"
880,Identify the top 3 organizations with the smallest number of employees that are public.,"MATCH (o:Organization)
WHERE o.isPublic = true AND o.nbrEmployees IS NOT NULL
RETURN o.name AS organization, o.nbrEmployees AS numberOfEmployees
ORDER BY o.nbrEmployees
LIMIT 3","match
  $o isa organization,
    has is_public true,
    has nbr_employees $employees;
sort $employees asc;
limit 3;
fetch {
  ""organization"": $o.name,
  ""numberOfEmployees"": $employees
};
"
881,List the first 5 organizations with a revenue greater than 50 million that have a competitor.,"MATCH (o:Organization)
WHERE o.revenue > 5e7 AND EXISTS {
  (o)-[:HAS_COMPETITOR]->(:Organization)
}
RETURN o.name AS organization, o.revenue AS revenue
LIMIT 5","match
  $o1 isa organization;
  $o2 isa organization;
  (competitor: $o1, competitor: $o2) isa competes_with;
limit 5;
fetch { ""org1"": $o1.name, ""org2"": $o2.name };"
882,What are the names of the organizations that have a CEO with a summary mentioning 'CEO at Accenture'?,"MATCH (o:Organization)-[:HAS_CEO]->(p:Person)
WHERE p.summary CONTAINS 'CEO at Accenture'
RETURN o.name","match
  $o isa organization;
  $p isa person;
  (organization: $o, ceo: $p) isa ceo_of;
  $p has summary $p_summary;
  $p_summary contains ""CEO at Accenture"";
fetch { ""name"": $o.name };"
883,Find the top 3 articles that mention organizations based in Rome.,"MATCH (a:Article)-[:MENTIONS]->(o:Organization)-[:IN_CITY]->(:City {name: 'Rome'})
RETURN a.title AS article, a.date AS publishedDate
ORDER BY a.date DESC
LIMIT 3","match
  $a isa article;
  $o isa organization;
  (article: $a, mentioned: $o) isa mentions;
  $a has date $a_date;
  $city isa city, has city_name ""Rome""; (organization: $o, city: $city) isa located_in;
sort $a_date desc;
limit 3;
fetch { ""article"": $a.title, ""publishedDate"": $a.date };"
884,List the first 5 industry categories that have organizations with a summary mentioning 'technology'.,"MATCH (ic:IndustryCategory)<-[:HAS_CATEGORY]-(o:Organization)
WHERE o.summary CONTAINS 'technology'
RETURN ic.name AS category
LIMIT 5","match
  $ic isa industry_category;
  $o isa organization;
  (organization: $o, category: $ic) isa in_category;
  $o has summary $o_summary;
  $o_summary contains ""technology"";
limit 5;
fetch { ""category"": $ic.industry_category_name };"
885,Which organizations are mentioned in articles with a sentiment score greater than 0.8?,"MATCH (a:Article)-[:MENTIONS]->(o:Organization)
WHERE a.sentiment > 0.8
RETURN DISTINCT o","match
  $a isa article;
  $o isa organization;
  (article: $a, mentioned: $o) isa mentions;
  $a has sentiment $a_sentiment;
  $a_sentiment > 0.8;
fetch { ""o"": $o };"
886,List the first 5 organizations that have a CEO who is also a board member of another organization.,"MATCH (o:Organization)-[:HAS_CEO]->(ceo:Person)
WHERE EXISTS {(ceo)-[:HAS_BOARD_MEMBER]-(:Organization)}
RETURN o.name AS organization, ceo.name AS ceo
LIMIT 5","match
  $o isa organization;
  $ceo isa person;
  (organization: $o, ceo: $ceo) isa ceo_of;
(organization: $o, member: $ceo) isa board_member_of; limit 5;
fetch { ""organization"": $o.name, ""ceo"": $ceo.name };"
887,What are the names of the organizations that have a supplier with a revenue less than 5 million?,"MATCH (o:Organization)-[:HAS_SUPPLIER]->(s:Organization)
WHERE s.revenue < 5e6
RETURN o.name","match
  $o isa organization;
  $s isa organization;
  (customer: $o, supplier: $s) isa supplies;
  $s has revenue $s_revenue;
  $s_revenue < 5000000;
fetch { ""name"": $o.name };"
888,Find the top 3 organizations that are public and have been mentioned in the most articles.,"MATCH (o:Organization)<-[:MENTIONS]-(a:Article)
WHERE o.isPublic IS NOT NULL AND o.isPublic = true
WITH o, count(a) AS mentionCount
ORDER BY mentionCount DESC
LIMIT 3
RETURN o.name AS organization, mentionCount","match
  $o isa organization;
  $a isa article;
  (article: $a, mentioned: $o) isa mentions;
  $o has is_public $o_is_public;
  $o has is_public true;
reduce $mentionCount = count($a) groupby $o;
sort $mentionCount desc;
limit 3;
fetch { ""organization"": $o.name, ""mentionCount"": $mentionCount };"
889,List the first 5 people who have children that are CEOs of an organization.,"MATCH (p:Person)-[:HAS_CHILD]->(child:Person)<-[:HAS_CEO]-(o:Organization)
RETURN p.name AS parent, child.name AS child, o.name AS organization
LIMIT 5","match
  $p isa person;
  $child isa person;
  $o isa organization;
(organization: $o, ceo: $p) isa ceo_of; (parent: $p, child: $child) isa parent_of; limit 5;
fetch { ""parent"": $p.name, ""child"": $child.name, ""organization"": $o.name };"
890,Which organizations have a CEO with the name 'Julie Spellman Sweet' and a revenue greater than 100 million?,"MATCH (o:Organization)-[:HAS_CEO]->(p:Person {name: 'Julie Spellman Sweet'})
WHERE o.revenue > 1E8
RETURN o","match
  $o isa organization, has revenue $r;
  $r > 100000000;
  $p isa person, has name ""Julie Spellman Sweet"";
  ceo_of (organization: $o, ceo: $p);
fetch { ""organization"": $o.name, ""revenue"": $r };"
891,Identify the top 3 organizations with the most articles mentioning them.,"MATCH (o:Organization)<-[:MENTIONS]-(a:Article)
RETURN o.name AS organization, count(a) AS mentionCount
ORDER BY mentionCount DESC
LIMIT 3","match
  $o isa organization, has name $on;
  $a isa article;
  mentions (article: $a, mentioned: $o);
reduce $count = count($a) groupby $o, $on;
sort $count desc;
limit 3;
fetch { ""organization"": $on, ""mentionCount"": $count };"
892,List the first 5 organizations that have a subsidiary with a summary mentioning 'Dublin'.,"MATCH (o:Organization)-[:HAS_SUBSIDIARY]->(s:Organization)
WHERE s.summary CONTAINS 'Dublin'
RETURN o.name AS organization, s.name AS subsidiary
LIMIT 5","match
  $o isa organization;
  $s isa organization;
  (parent: $o, subsidiary: $s) isa subsidiary_of;
  $s has summary $s_summary;
  $s_summary contains ""Dublin"";
limit 5;
fetch { ""organization"": $o.name, ""subsidiary"": $s.name };"
893,What are the names of the organizations that have a CEO with a summary mentioning 'Accenture'?,"MATCH (o:Organization)-[:HAS_CEO]->(p:Person)
WHERE p.summary CONTAINS 'Accenture'
RETURN o.name","match
  $o isa organization;
  $p isa person, has summary $ps;
  $ps like "".*Accenture.*"";
  (organization: $o, ceo: $p) isa ceo_of;
fetch { ""organization"": $o.name, ""ceo"": $p.name, ""summary"": $p.summary };"
894,Find the top 3 cities mentioned in articles with the highest sentiment scores.,"MATCH (a:Article)-[:HAS_CHUNK]->(c:Chunk), (a)-[:MENTIONS]->(:Organization)-[:IN_CITY]->(city:City)
WITH city, max(a.sentiment) AS maxSentiment
ORDER BY maxSentiment DESC
LIMIT 3
RETURN city.name AS cityName, maxSentiment","match
  $a isa article;
  $c isa chunk;
  $city isa city;
  (article: $a, chunk: $c) isa has_chunk;
limit 3;
fetch { ""cityName"": $city.city_name };"
895,List the first 5 organizations that have a CEO who is also a board member of a competitor.,"MATCH (o:Organization)-[:HAS_CEO]->(ceo:Person)
WHERE EXISTS {
  (o)-[:HAS_COMPETITOR]->(competitor:Organization)<-[:HAS_BOARD_MEMBER]-(ceo)
}
RETURN o.name AS organization, ceo.name AS ceo
LIMIT 5","match
  $o isa organization;
  $ceo isa person;
  $competitor isa organization;
  ceo_of (organization: $o, ceo: $ceo);
  competes_with (competitor: $o, competitor: $competitor);
  board_member_of (organization: $competitor, member: $ceo);
limit 5;
fetch { ""organization"": $o.name, ""ceo"": $ceo.name };"
896,Which organizations have a subsidiary in a city named 'Seattle'?,"MATCH (o:Organization)-[:HAS_SUBSIDIARY]->(sub:Organization)-[:IN_CITY]->(c:City {name: 'Seattle'})
RETURN o.name AS organization, sub.name AS subsidiary","match
  $o isa organization;
  $sub isa organization;
  $c isa city, has city_name ""Seattle"";
  (parent: $o, subsidiary: $sub) isa subsidiary_of;
  (organization: $o, city: $c) isa located_in;
fetch { ""organization"": $o.name, ""subsidiary"": $sub.name };"
897,Identify the top 3 organizations with the most board members.,"MATCH (o:Organization)<-[:HAS_BOARD_MEMBER]-(p:Person)
WITH o, count(p) AS boardMemberCount
ORDER BY boardMemberCount DESC
LIMIT 3
RETURN o.name AS organization, boardMemberCount","match
  $o isa organization, has name $on;
  board_member_of (organization: $o, member: $p);
reduce $count = count($p) groupby $o, $on;
sort $count desc;
limit 3;
fetch { ""organization"": $on, ""board_member_count"": $count };"
898,List the first 5 organizations that have a supplier with a revenue greater than 100 million.,"MATCH (o:Organization)-[:HAS_SUPPLIER]->(s:Organization)
WHERE s.revenue > 1E8
RETURN o.name AS organization, s.name AS supplier
LIMIT 5","match
  $o isa organization;
  $s isa organization;
  (customer: $o, supplier: $s) isa supplies;
  $s has revenue $s_revenue;
  $s_revenue > 100000000;
limit 5;
fetch { ""organization"": $o.name, ""supplier"": $s.name };"
899,What are the names of the organizations that have a CEO named after a person with a summary mentioning 'CEO at Accenture'?,"MATCH (p:Person)
WHERE p.summary IS NOT NULL AND p.summary CONTAINS 'CEO at Accenture'
WITH p
MATCH (o:Organization)-[:HAS_CEO]->(ceo:Person)
WHERE ceo.name IS NOT NULL AND ceo.name = p.name
RETURN o.name AS organization","match
  $p isa person;
  $o isa organization;
  $ceo isa person;
  (organization: $o, ceo: $ceo) isa ceo_of;
  $p has summary $p_summary;
  $p_summary contains ""CEO at Accenture"";
fetch { ""organization"": $o.name };"
900,Find the top 3 industry categories with the most organizations.,"MATCH (ic:IndustryCategory)<-[:HAS_CATEGORY]-(o:Organization)
WITH ic, count(o) AS orgCount
ORDER BY orgCount DESC
LIMIT 3
RETURN ic.name AS industryCategory, orgCount","match
  $ic isa industry_category;
  $o isa organization;
  (organization: $o, category: $ic) isa in_category;
reduce $orgCount = count($o) groupby $ic;
sort $orgCount desc;
limit 3;
fetch { ""industryCategory"": $ic.industry_category_name, ""orgCount"": $orgCount };"
901,List the first 5 organizations that have a board member with the same name as a CEO of another organization.,"MATCH (o1:Organization)-[:HAS_BOARD_MEMBER]->(p:Person),
      (o2:Organization)-[:HAS_CEO]->(p2:Person)
WHERE p.name = p2.name AND o1 <> o2
RETURN o1.name AS org_with_board_member, p.name AS person_name, o2.name AS org_with_same_name_ceo
LIMIT 5","match
  $o1 isa organization;
  $p isa person;
  $o2 isa organization;
  $p2 isa person;
  (organization: $o1, member: $p) isa board_member_of;
  (organization: $o2, ceo: $p2) isa ceo_of;
limit 5;
fetch { ""org_with_board_member"": $o1.name, ""person_name"": $p.name, ""org_with_same_name_ceo"": $o2.name };"
902,Which organizations have a supplier named 'Accenture'?,"MATCH (o:Organization)-[:HAS_SUPPLIER]->(s:Organization {name: 'Accenture'})
RETURN o.name AS organization","match
  $o isa organization;
  $s isa organization, has name ""Accenture"";
  (customer: $o, supplier: $s) isa supplies;
fetch { ""organization"": $o.name };"
903,What are the names of the organizations that have a board member named 'Julie Spellman Sweet'?,"MATCH (p:Person {name: 'Julie Spellman Sweet'})<-[:HAS_BOARD_MEMBER]-(o:Organization)
RETURN o.name","match
  $p isa person, has name ""Julie Spellman Sweet"";
  $o isa organization;
  (organization: $o, member: $p) isa board_member_of;
fetch { ""name"": $o.name };"
904,Find the top 3 countries with the most cities mentioned in the schema.,"MATCH (country:Country)<-[:IN_COUNTRY]-(city:City)
RETURN country.name AS country, count(city) AS numCities
ORDER BY numCities DESC
LIMIT 3","match
  $country isa country;
  $city isa city;
  location-contains (parent: $country, child: $city);
reduce $num_cities = count($city) groupby $country;
sort $num_cities desc;
limit 3;
fetch { ""country"": $country.country_name, ""num_cities"": $num_cities };"
905,List the first 5 organizations with a motto mentioning 'security' and more than 500 employees.,"MATCH (o:Organization)
WHERE o.motto CONTAINS 'security' AND o.nbrEmployees > 500
RETURN o.name AS organization, o.motto AS motto, o.nbrEmployees AS employees
LIMIT 5","match
  $o isa organization;
  $o has motto $o_motto;
  $o_motto contains ""security"";
  $o has nbr_employees $o_nbr_employees;
  $o_nbr_employees > 500;
limit 5;
fetch { ""organization"": $o.name, ""motto"": $o.motto, ""employees"": $o.nbr_employees };"
906,What are the names of the organizations that are competitors and have a CEO named 'Julie Spellman Sweet'?,"MATCH (o1:Organization)-[:HAS_COMPETITOR]->(o2:Organization)
WHERE (o1)-[:HAS_CEO]->(:Person {name: 'Julie Spellman Sweet'})
   OR (o2)-[:HAS_CEO]->(:Person {name: 'Julie Spellman Sweet'})
RETURN o1.name AS org1, o2.name AS org2","match
  $p isa person, has name ""Julie Spellman Sweet"";
  competes_with (competitor: $o1, competitor: $o2);
  { ceo_of (organization: $o1, ceo: $p); } or { ceo_of (organization: $o2, ceo: $p); };
fetch { ""org1"": $o1.name, ""org2"": $o2.name };"
907,Find the top 3 articles with the lowest sentiment scores mentioning organizations based in Chicago.,"MATCH (a:Article)-[:MENTIONS]->(o:Organization)-[:IN_CITY]->(:City {name: 'Chicago'})
WHERE a.sentiment IS NOT NULL
RETURN a.title AS article, a.sentiment AS sentiment
ORDER BY sentiment
LIMIT 3","match
  $a isa article, has sentiment $a_sentiment;
  $o isa organization;
  (article: $a, mentioned: $o) isa mentions;
  $city isa city, has city_name ""Chicago"";
  (organization: $o, city: $city) isa located_in;
sort $a_sentiment asc;
limit 3;
fetch { ""article"": $a.title, ""sentiment"": $a.sentiment };"
908,List the first 5 organizations that have a revenue greater than 10 million and are headquartered in a city named 'Seattle'.,"MATCH (o:Organization)-[:IN_CITY]->(c:City {name: 'Seattle'})
WHERE o.revenue > 10000000
RETURN o.name AS organization, o.revenue AS revenue
LIMIT 5","match
  $o isa organization;
  $c isa city, has city_name ""Seattle"";
  (organization: $o, city: $c) isa located_in;
  $o has revenue $o_revenue;
  $o_revenue > 10000000;
limit 5;
fetch { ""organization"": $o.name, ""revenue"": $o.revenue };"
909,Which organizations have a board member who has authored an article?,"MATCH (o:Organization)-[:HAS_BOARD_MEMBER]->(p:Person)<-[:AUTHORED]-(a:Article)
RETURN DISTINCT o.name AS organization, p.name AS board_member, a.title AS article_title","match
  $o isa organization;
  $p isa person;
  $a isa article;
  (organization: $o, member: $p) isa board_member_of;
fetch { ""organization"": $o.name, ""board_member"": $p.name, ""article_title"": $a.title };"
910,Identify the top 3 organizations with a CEO who has a summary mentioning 'Accenture'.,"MATCH (o:Organization)-[:HAS_CEO]->(ceo:Person)
WHERE ceo.summary CONTAINS 'Accenture'
RETURN o.name AS organization, ceo.name AS ceo
ORDER BY o.revenue DESC
LIMIT 3","match
  $o isa organization;
  $ceo isa person;
  (organization: $o, ceo: $ceo) isa ceo_of;
  $ceo has summary $ceo_summary;
  $ceo_summary contains ""Accenture"";
  $o has revenue $o_revenue;
sort $o_revenue desc;
limit 3;
fetch { ""organization"": $o.name, ""ceo"": $ceo.name };"
911,List the first 5 organizations that have a summary mentioning 'software company'.,"MATCH (o:Organization)
WHERE o.summary CONTAINS 'software company'
RETURN o.name, o.summary
LIMIT 5","match
  $o isa organization;
  $o has summary $o_summary;
  $o_summary contains ""software company"";
limit 5;
fetch { ""name"": $o.name, ""summary"": $o.summary };"
912,What are the names of the organizations that have a subsidiary with a revenue greater than 50 million?,"MATCH (o:Organization)-[:HAS_SUBSIDIARY]->(s:Organization)
WHERE s.revenue > 5e7
RETURN o.name","match
  $o isa organization;
  $s isa organization;
  (parent: $o, subsidiary: $s) isa subsidiary_of;
  $s has revenue $s_revenue;
  $s_revenue > 50000000;
fetch { ""name"": $o.name };"
913,Find the top 3 organizations with the most suppliers.,"MATCH (o:Organization)-[:HAS_SUPPLIER]->(s:Organization)
WITH o, count(s) AS supplierCount
ORDER BY supplierCount DESC
LIMIT 3
RETURN o.name AS organization, supplierCount","match
  $o isa organization;
  $s isa organization;
  (customer: $o, supplier: $s) isa supplies;
reduce $supplierCount = count($s) groupby $o;
sort $supplierCount desc;
limit 3;
fetch { ""organization"": $o.name, ""supplierCount"": $supplierCount };"
914,List the first 5 organizations that are public and have a CEO with a summary mentioning 'Accenture'.,"MATCH (o:Organization {isPublic: true})-[:HAS_CEO]->(ceo:Person)
WHERE ceo.summary CONTAINS 'Accenture'
RETURN o.name AS organization, ceo.name AS ceo
LIMIT 5","match
  $o isa organization;
  $p isa person, has summary $ps;
  $ps like "".*Accenture.*"";
  (organization: $o, ceo: $p) isa ceo_of;
  $o has is_public true;
limit 5;
fetch { ""organization"": $o.name, ""ceo"": $p.name, ""summary"": $p.summary };"
915,Which organizations have a CEO named 'Julie Spellman Sweet' and are headquartered in 'Seattle'?,"MATCH (o:Organization)-[:HAS_CEO]->(p:Person {name: 'Julie Spellman Sweet'})
WHERE (o)-[:IN_CITY]->(:City {name: 'Seattle'})
RETURN o","match
  $o isa organization;
  $p isa person, has name ""Julie Spellman Sweet"";
  (organization: $o, ceo: $p) isa ceo_of;
  $city isa city, has city_name ""Seattle""; (organization: $o, city: $city) isa located_in;
fetch { ""o"": $o };"
916,Identify the top 3 organizations with a CEO who has authored an article.,"MATCH (o:Organization)-[:HAS_CEO]->(ceo:Person)<-[:AUTHOR]-(a:Article)
RETURN o.name AS organization, ceo.name AS ceo, count(a) AS articleCount
ORDER BY articleCount DESC
LIMIT 3","match
  $o isa organization;
  $p isa person, has name $ceo_name;
  ceo_of (organization: $o, ceo: $p);
  $a isa article, has author $author_name;
  $ceo_name == $author_name;
reduce $articleCount = count($a) groupby $o, $p;
sort $articleCount desc;
limit 3;
fetch { ""organization"": $o.name, ""ceo"": $p.name, ""articleCount"": $articleCount };"
917,List the first 5 organizations with a subsidiary in a country named 'United States of America'.,"MATCH (o:Organization)-[:HAS_SUBSIDIARY]->(sub:Organization)-[:IN_CITY]->(:City)-[:IN_COUNTRY]->(c:Country {name: 'United States of America'})
RETURN o.name AS organization, sub.name AS subsidiary
LIMIT 5","match
  $o isa organization;
  $sub isa organization;
  $c isa country, has country_name ""United States of America"";
  (parent: $o, subsidiary: $sub) isa subsidiary_of;
  $city isa city; (organization: $o, city: $city) isa located_in;
(child: $city, parent: $c) isa location-contains; limit 5;
fetch { ""organization"": $o.name, ""subsidiary"": $sub.name };"
918,What are the names of the organizations that have a CEO with a name mentioned in an article with a sentiment score greater than 0.8?,"MATCH (article:Article)-[:HAS_CHUNK]->(chunk:Chunk),
      (article)-[:MENTIONS]->(org:Organization),
      (org)-[:HAS_CEO]->(ceo:Person)
WHERE article.sentiment > 0.8 AND ceo.name IS NOT NULL
RETURN DISTINCT org.name","match
  $a isa article, has sentiment $s;
  $s > 0.8;
  $o isa organization, has name $on;
  $p isa person, has name $pn;
  mentions (article: $a, mentioned: $o);
  ceo_of (organization: $o, ceo: $p);
select $on;
distinct;
fetch { ""organization"": $on };"
919,Find the top 3 organizations that have the most board members who are also CEOs of other organizations.,"MATCH (o:Organization)<-[:HAS_BOARD_MEMBER]-(p:Person)
WHERE EXISTS {(p)-[:HAS_CEO]->(:Organization)}
WITH o, count(p) AS ceo_board_members
RETURN o.name AS organization, ceo_board_members
ORDER BY ceo_board_members DESC
LIMIT 3","match
  $o isa organization, has name $on;
  $p isa person;
  $other isa organization;
  board_member_of (organization: $o, member: $p);
  ceo_of (organization: $other, ceo: $p);
  $o has organization_id $oid;
  $other has organization_id $otherid;
  $oid != $otherid;
reduce $count = count($p) groupby $o, $on;
sort $count desc;
limit 3;
fetch { ""organization"": $on, ""ceo_board_members"": $count };"
920,List the first 5 organizations that have a CEO with a summary mentioning 'software'.,"MATCH (o:Organization)-[:HAS_CEO]->(p:Person)
WHERE p.summary CONTAINS 'software'
RETURN o.name AS organization, p.name AS ceo
LIMIT 5","match
  $o isa organization;
  $p isa person;
  (organization: $o, ceo: $p) isa ceo_of;
  $p has summary $p_summary;
  $p_summary contains ""software"";
limit 5;
fetch { ""organization"": $o.name, ""ceo"": $p.name };"
921,Identify the top 3 organizations with the highest revenue that are headquartered in a country named 'United States of America'.,"MATCH (o:Organization)-[:IN_CITY]->(:City)-[:IN_COUNTRY]->(c:Country {name: 'United States of America'})
WHERE o.revenue IS NOT NULL
RETURN o.name AS organization, o.revenue AS revenue
ORDER BY o.revenue DESC
LIMIT 3","match
  $o isa organization, has name $on;
  $c isa country, has country_name ""United States of America"";
  $city isa city;
  (organization: $o, city: $city) isa located_in;
  (child: $city, parent: $c) isa location-contains;
  $o has revenue $r;
sort $r desc;
limit 3;
fetch { ""organization"": $on, ""revenue"": $r };"
922,What are the names of the organizations that have a board member named 'Julie Spellman Sweet' and a revenue greater than 100 million?,"MATCH (o:Organization)-[:HAS_BOARD_MEMBER]->(p:Person {name: 'Julie Spellman Sweet'})
WHERE o.revenue > 1E8
RETURN o.name","match
  $o isa organization;
  $p isa person, has name ""Julie Spellman Sweet"";
  (organization: $o, member: $p) isa board_member_of;
  $o has revenue $o_revenue;
  $o_revenue > 100000000;
fetch { ""name"": $o.name };"
923,Find the top 3 organizations that have a CEO with a summary mentioning 'Accenture' and a revenue greater than 50 million.,"MATCH (o:Organization)-[:HAS_CEO]->(p:Person)
WHERE p.summary CONTAINS 'Accenture' AND o.revenue > 5e7
RETURN o.name AS organization, p.name AS ceo
ORDER BY o.revenue DESC
LIMIT 3","match
  $o isa organization;
  $p isa person;
  (organization: $o, ceo: $p) isa ceo_of;
  $p has summary $p_summary;
  $p_summary contains ""Accenture"";
  $o has revenue $o_revenue;
  $o_revenue > 50000000;
sort $o_revenue desc;
limit 3;
fetch { ""organization"": $o.name, ""ceo"": $p.name };"
924,List the first 5 organizations that have a supplier headquartered in a city named 'Seattle'.,"MATCH (o:Organization)-[:HAS_SUPPLIER]->(s:Organization)-[:IN_CITY]->(c:City {name: 'Seattle'})
RETURN o.name AS organization, s.name AS supplier
LIMIT 5","match
  $o isa organization;
  $s isa organization;
  $c isa city, has city_name ""Seattle"";
  (customer: $o, supplier: $s) isa supplies;
  (organization: $o, city: $c) isa located_in;
limit 5;
fetch { ""organization"": $o.name, ""supplier"": $s.name };"
925,Which organizations have a CEO who has authored an article with a sentiment score greater than 0.5?,"MATCH (o:Organization)-[:HAS_CEO]->(ceo:Person)<-[:MENTIONS]-(a:Article)
WHERE a.sentiment > 0.5
RETURN o.name AS organization, ceo.name AS ceo, a.title AS article, a.sentiment AS sentiment","match
  $o isa organization;
  $ceo isa person;
  $a isa article;
  (organization: $o, ceo: $ceo) isa ceo_of;
  $a has sentiment $a_sentiment;
  $a_sentiment > 0.5;
(article: $a, mentioned: $o) isa mentions; fetch { ""organization"": $o.name, ""ceo"": $ceo.name, ""article"": $a.title, ""sentiment"": $a.sentiment };"
926,Identify the top 3 organizations that have a subsidiary with the largest number of employees.,"MATCH (o:Organization)-[:HAS_SUBSIDIARY]->(sub:Organization)
WHERE sub.nbrEmployees IS NOT NULL
WITH o, max(sub.nbrEmployees) AS maxEmployees
ORDER BY maxEmployees DESC
LIMIT 3
RETURN o.name AS organization, maxEmployees","match
  $o isa organization;
  $sub isa organization, has nbr_employees $sub_nbr_employees;
  (parent: $o, subsidiary: $sub) isa subsidiary_of;
sort $sub_nbr_employees desc;
limit 3;
fetch { ""organization"": $o.name };"
927,What are the names of the organizations that have a CEO with a summary mentioning 'Accenture' and a revenue greater than 100 million?,"MATCH (o:Organization)-[:HAS_CEO]->(p:Person)
WHERE p.summary CONTAINS 'Accenture' AND o.revenue > 1E8
RETURN o.name","match
  $o isa organization;
  $p isa person;
  (organization: $o, ceo: $p) isa ceo_of;
  $p has summary $p_summary;
  $p_summary contains ""Accenture"";
  $o has revenue $o_revenue;
  $o_revenue > 100000000;
fetch { ""name"": $o.name };"
928,Find the top 3 articles that mention organizations based in 'Seattle'.,"MATCH (a:Article)-[:MENTIONS]->(o:Organization)-[:IN_CITY]->(:City {name: 'Seattle'})
RETURN a.title AS article, a.siteName AS site, a.date AS published
ORDER BY a.date DESC
LIMIT 3","match
  $a isa article;
  $o isa organization;
  (article: $a, mentioned: $o) isa mentions;
  $a has date $a_date;
  $city isa city, has city_name ""Seattle""; (organization: $o, city: $city) isa located_in;
sort $a_date desc;
limit 3;
fetch { ""article"": $a.title, ""site"": $a.site_name, ""published"": $a.date };"
929,List the first 5 organizations that have a CEO with a name mentioned in at least two different articles and a revenue greater than 50 million.,"MATCH (o:Organization)-[:HAS_CEO]->(ceo:Person)
WHERE o.revenue > 5e7
WITH o, ceo
MATCH (article1:Article)-[:MENTIONS]->(ceo)
WITH o, ceo, count(article1) AS mentionCount
WHERE mentionCount >= 2
RETURN o.name AS organization, ceo.name AS ceo
LIMIT 5","match
  $o isa organization, has name $on;
  $ceo isa person, has name $ceon;
  $a1 isa article;
  $a2 isa article;
  (organization: $o, ceo: $ceo) isa ceo_of;
  (article: $a1, mentioned: $o) isa mentions;
  (article: $a2, mentioned: $o) isa mentions;
  $a1 has article_id $aid1;
  $a2 has article_id $aid2;
  $aid1 != $aid2;
  $o has revenue $r;
  $r > 50000000;
limit 5;
fetch { ""organization"": $on, ""ceo"": $ceon };"
930,Which organizations have a CEO named 'Julie Spellman Sweet' and a summary mentioning 'Accenture'?,"MATCH (o:Organization)
WHERE (o)-[:HAS_CEO]->(:Person {name: 'Julie Spellman Sweet'})
  AND o.summary CONTAINS 'Accenture'
RETURN o","match
  $p isa person, has name ""Julie Spellman Sweet"";
  $o has summary $os; $os like "".*Accenture.*"";
  $o isa organization;
  (organization: $o, ceo: $p) isa ceo_of;
fetch { ""organization"": $o.name, ""ceo"": $p.name, ""summary"": $o.summary };"
931,Identify the top 3 organizations with the most subsidiaries headquartered in a city named 'Seattle'.,"MATCH (o:Organization)-[:HAS_SUBSIDIARY*]->(sub:Organization)-[:IN_CITY]->(c:City {name: 'Seattle'})
WITH o, count(sub) AS numSubs
ORDER BY numSubs DESC
LIMIT 3
RETURN o.name AS organization, numSubs AS numberOfSubsidiaries","match
  $o isa organization, has name $on;
  $sub isa organization;
  $c isa city, has city_name ""Seattle"";
  subsidiary_of (parent: $o, subsidiary: $sub);
  located_in (organization: $sub, city: $c);
reduce $count = count($sub) groupby $o, $on;
sort $count desc;
limit 3;
fetch { ""organization"": $on, ""numberOfSubsidiaries"": $count };"
932,List the first 5 organizations that have a CEO with a name mentioned in more than one article and a revenue greater than 100 million.,"MATCH (o:Organization)-[:HAS_CEO]->(ceo:Person)
WHERE o.revenue > 1E8
WITH o, ceo
MATCH (article:Article)-[:MENTIONS]->(o)
WHERE article.title CONTAINS ceo.name
WITH o, ceo, count(article) AS mentionCount
WHERE mentionCount > 1
RETURN o.name AS organization, ceo.name AS ceo
LIMIT 5","match
  $o isa organization, has name $on;
  $ceo isa person, has name $ceon;
  $a1 isa article;
  $a2 isa article;
  (organization: $o, ceo: $ceo) isa ceo_of;
  (article: $a1, mentioned: $o) isa mentions;
  (article: $a2, mentioned: $o) isa mentions;
  $a1 has article_id $aid1;
  $a2 has article_id $aid2;
  $aid1 != $aid2;
  $o has revenue $r;
  $r > 100000000;
limit 5;
fetch { ""organization"": $on, ""ceo"": $ceon };"
