original_index,question,cypher,typeql
0,How many users are moderators for the stream 'itsbigchase'?,"MATCH (s:Stream {name: 'itsbigchase'})<-[:MODERATOR]-(u:User)
RETURN count(u) AS numberOfModerators","match
$s isa stream, has name ""itsbigchase"";
$u isa user;
moderation (moderated_channel: $s, moderating_user: $u);
reduce $count = count($u);"
1,"Which games are played by streams that have a total view count greater than 500,000?","MATCH (s:Stream)-[:PLAYS]->(g:Game)
WHERE s.total_view_count > 500000
RETURN DISTINCT g.name AS game_name","match
$s isa stream, has total_view_count $tvc;
$tvc > 500000;
game_play (streaming_channel: $s, played_game: $g);
$g has name $gn;
select $gn;
distinct;
fetch {
  ""game_name"": $gn
};"
2,Find streams that have both 'MODERATOR' and 'VIP' relationships.,"MATCH (s:Stream)-[:MODERATOR]->(:User), (s)-[:VIP]->(:User)
RETURN s","match
$s isa stream;
moderation (moderated_channel: $s, moderating_user: $u1);
vip_status (channel_with_vips: $s, vip_user: $u2);
fetch {
  ""name"": $s.name,
  ""stream_id"": $s.stream_id,
  ""description"": $s.description,
  ""url"": $s.url,
  ""followers"": $s.followers,
  ""total_view_count"": $s.total_view_count
};"
3,Which teams were formed in 2020?,"MATCH (t:Team)
WHERE t.createdAt >= date(""2020-01-01"") AND t.createdAt < date(""2021-01-01"")
RETURN t.name","match
$t isa team, has created_at $ca;
$ca >= 2020-01-01T00:00:00;
$ca < 2021-01-01T00:00:00;
fetch {
  ""name"": $t.name
};"
4,"What are the first 3 languages spoken in streams with more than 10,000 followers?","MATCH (s:Stream)-[:HAS_LANGUAGE]->(l:Language)
WHERE s.followers > 10000
RETURN DISTINCT l.name
ORDER BY l.name
LIMIT 3","match
$s isa stream, has followers $f;
$f > 10000;
language_usage (channel: $s, used_language: $l);
$l has name $n;
select $n;
distinct;
sort $n;
limit 3;
fetch { ""name"": $n };"
5,Which users have chatted with more than 5 different streams?,"MATCH (u:User)-[:CHATTER]->(s:Stream)
WITH u, COUNT(DISTINCT s) AS streamCount
WHERE streamCount > 5
RETURN u.name AS userName, streamCount","match
$u isa user, has name $userName;
$s isa stream;
chat_activity (chatting_user: $u, channel_with_chatters: $s);
reduce $streamCount = count($s) groupby $u, $userName;
match
$streamCount > 5;
fetch {
  ""userName"": $userName,
  ""streamCount"": $streamCount
};"
6,"Which streams were created between 2015 and 2020 and have more than 100,000 followers?","MATCH (s:Stream)
WHERE s.createdAt >= datetime('2015-01-01T00:00:00Z') AND s.createdAt <= datetime('2020-12-31T23:59:59Z')
  AND s.followers > 100000
RETURN s.id, s.name, s.createdAt, s.followers","match
$s isa stream, has stream_id $id, has name $n, has created_at $ca, has followers $f;
$ca >= 2015-01-01T00:00:00Z;
$ca <= 2020-12-31T23:59:59Z;
$f > 100000;
fetch {
  ""id"": $id,
  ""name"": $n,
  ""createdAt"": $ca,
  ""followers"": $f
};"
7,What are the follower and view count details for streams with more than 3 moderators?,"MATCH (s:Stream)-[:MODERATOR]->(u:User)
WITH s, COUNT(u) AS moderatorCount
WHERE moderatorCount > 3
RETURN s.name AS streamName, s.followers AS followerCount, s.total_view_count AS viewCount","match
$s isa stream;
$u isa user;
moderation (moderated_channel: $s, moderating_user: $u);
reduce $mod_count = count($u) groupby $s;
match $mod_count > 3;
fetch {
  ""streamName"": $s.name,
  ""followerCount"": $s.followers,
  ""viewCount"": $s.total_view_count
};"
8,What are the follower counts of streams that play 'Rust' and have 'en' as their language?,"MATCH (s:Stream)-[:PLAYS]->(g:Game {name: 'Rust'}),
      (s)-[:HAS_LANGUAGE]->(l:Language {name: 'en'})
RETURN s.name AS stream_name, s.followers AS follower_count","match
$s isa stream;
$g isa game, has name ""Rust"";
$l isa language, has name ""en"";
game_play (streaming_channel: $s, played_game: $g);
language_usage (channel: $s, used_language: $l);
fetch {
  ""stream_name"": $s.name,
  ""follower_count"": $s.followers
};"
9,Which users are VIPs for the stream with the highest follower count?,"MATCH (s:Stream)
WITH s
ORDER BY s.followers DESC
LIMIT 1
MATCH (s)-[:VIP]->(u:User)
RETURN u.name","match
$s isa stream, has followers $f;
reduce $max_f = max($f);
match
$s2 isa stream, has followers $f2;
$f2 == $max_f;
vip_status (channel_with_vips: $s2, vip_user: $u);
fetch { ""name"": $u.name };"
10,List the streams that have more than one moderator.,"MATCH (s:Stream)<-[:MODERATOR]-(u:User)
WITH s, COUNT(u) AS moderatorCount
WHERE moderatorCount > 1
RETURN s.name AS streamName, moderatorCount","match
$s isa stream;
$u isa user;
moderation (moderated_channel: $s, moderating_user: $u);
reduce $moderatorCount = count($u) groupby $s;
match $moderatorCount > 1;
fetch { ""streamName"": $s.name, ""moderatorCount"": $moderatorCount };"
11,What are the names of users who have moderated other users?,"MATCH (u1:User)-[:MODERATOR]->(u2:User)
RETURN DISTINCT u1.name AS moderator_name","match
$u1 isa user;
moderation (moderating_user: $u1, moderated_user: $u2);
$u2 isa user;
select $u1;
distinct;
fetch {
  ""moderator_name"": $u1.name
};"
12,Which streams have no team associations?,"MATCH (s:Stream)
WHERE NOT (s)-[:HAS_TEAM]->(:Team)
RETURN s.name AS streamName, s.url AS streamUrl","match
$s isa stream;
not { team_membership (member_stream: $s); };
fetch {
  ""streamName"": $s.name,
  ""streamUrl"": $s.url
};"
13,Find the descriptions of streams that have chatted with the user '9linda'.,"MATCH (u:User {name: '9linda'})-[:CHATTER]->(s:Stream)
RETURN s.description","match
$u isa user, has name ""9linda"";
$s isa stream;
chat_activity (chatting_user: $u, channel_with_chatters: $s);
fetch {
  ""description"": $s.description
};"
14,What are the URLs of the top 3 streams by total view count?,"MATCH (s:Stream)
RETURN s.url
ORDER BY s.total_view_count DESC
LIMIT 3","match
$s isa stream, has total_view_count $tvc;
sort $tvc desc;
limit 3;
fetch {
  ""url"": $s.url
};"
15,Identify streams that were created on or after 2018 and are part of teams.,"MATCH (s:Stream)-[:HAS_TEAM]->(t:Team)
WHERE s.createdAt >= datetime('2018-01-01T00:00:00Z')
RETURN s.id AS streamId, s.name AS streamName, s.createdAt AS creationDate, t.name AS teamName","match
$s isa stream, has stream_id $sid, has name $sn, has created_at $ca;
$t isa team, has name $tn;
team_membership (member_stream: $s, organization: $t);
$ca >= 2018-01-01T00:00:00;
fetch {
  ""streamId"": $sid,
  ""streamName"": $sn,
  ""creationDate"": $ca,
  ""teamName"": $tn
};"
16,Which streams are part of the 'ESO Stream Team'?,"MATCH (s:Stream)-[:HAS_TEAM]->(t:Team {name: 'ESO Stream Team'})
RETURN s.name AS stream_name, s.url AS stream_url","match
$s isa stream;
$t isa team, has name ""ESO Stream Team"";
team_membership (member_stream: $s, organization: $t);
fetch {
  ""stream_name"": $s.name,
  ""stream_url"": $s.url
};"
17,List the first 5 streams that have a team and a game that both have the letter 'E' in them.,"MATCH (s:Stream)-[:HAS_TEAM]->(t:Team), (s)-[:PLAYS]->(g:Game)
WHERE t.name CONTAINS 'E' AND g.name CONTAINS 'E'
RETURN s.name AS stream_name, t.name AS team_name, g.name AS game_name
LIMIT 5","match
  $s isa stream;
  $t isa team, has name $tn;
  $g isa game, has name $gn;
  team_membership (member_stream: $s, organization: $t);
  game_play (streaming_channel: $s, played_game: $g);
  $tn like "".*E.*"";
  $gn like "".*E.*"";
limit 5;
fetch {
  ""stream_name"": $s.name,
  ""team_name"": $tn,
  ""game_name"": $gn
};"
18,Which streams have 'en' as their language and more than 1 million total views?,"MATCH (s:Stream)-[:HAS_LANGUAGE]->(l:Language)
WHERE l.name = 'en' AND s.total_view_count > 1000000
RETURN s.name AS stream_name, s.url AS stream_url, s.total_view_count AS total_views","match
$s isa stream, has total_view_count $tvc;
$l isa language, has name ""en"";
language_usage (channel: $s, used_language: $l);
$tvc > 1000000;
fetch {
  ""stream_name"": $s.name,
  ""stream_url"": $s.url,
  ""total_views"": $tvc
};"
19,How many languages are associated with streams that have over 1 million total views?,"MATCH (s:Stream)-[:HAS_LANGUAGE]->(l:Language)
WHERE s.total_view_count > 1000000
RETURN COUNT(DISTINCT l.name) AS numberOfLanguages","match
$s isa stream, has total_view_count $v;
$v > 1000000;
language_usage (channel: $s, used_language: $l);
$l isa language, has name $n;
select $n;
distinct;
reduce $count = count;"
20,Name the first 3 users who are chatters in the most streams with different games.,"MATCH (u:User)-[:CHATTER]->(s:Stream)-[:PLAYS]->(g:Game)
WITH u, COUNT(DISTINCT s) AS streamCount, COUNT(DISTINCT g) AS gameCount
ORDER BY gameCount DESC, streamCount DESC
LIMIT 3
RETURN u.name AS userName, gameCount, streamCount","match
$u isa user;
chat_activity (chatting_user: $u, channel_with_chatters: $s);
game_play (streaming_channel: $s, played_game: $g);
select $u, $g;
distinct;
reduce $gameCount = count groupby $u;
sort $gameCount desc;
limit 3;
fetch { ""userName"": $u.name, ""gameCount"": $gameCount };"
21,What are the first 5 streams that have a moderator with the same name as the stream's user?,"MATCH (s:Stream)-[:MODERATOR]->(u:User)
WHERE s.name = u.name
RETURN s
ORDER BY s.createdAt
LIMIT 5","match
$s isa stream, has name $sn, has created_at $ca;
$u isa user, has name $un;
moderation (moderated_channel: $s, moderating_user: $u);
$sn == $un;
sort $ca;
limit 5;
fetch {
  ""s"": { $s.* }
};"
22,Who are the first 3 VIPs in streams with the most languages spoken?,"MATCH (s:Stream)-[:HAS_LANGUAGE]->(l:Language)
WITH s, count(l) as languageCount
ORDER BY languageCount DESC
LIMIT 1
MATCH (s)-[:VIP]->(u:User)
RETURN u.name
LIMIT 3","match
$s isa stream;
language_usage (channel: $s, used_language: $l);
reduce $lang_count = count($l) groupby $s;
sort $lang_count desc;
limit 1;
match
vip_status (channel_with_vips: $s, vip_user: $u);
$u has name $n;
limit 3;
fetch { ""name"": $n };"
23,List the first 3 games played by streams with the most moderators.,"MATCH (s:Stream)-[:MODERATOR]->(u:User)
WITH s, COUNT(u) AS moderatorCount
ORDER BY moderatorCount DESC
LIMIT 3
MATCH (s)-[:PLAYS]->(g:Game)
RETURN g.name AS gameName
LIMIT 3","match
$s isa stream;
moderation (moderated_channel: $s, moderating_user: $u);
reduce $mod_count = count($u) groupby $s;
sort $mod_count desc;
limit 3;
match
game_play (streaming_channel: $s, played_game: $g);
$g has name $gn;
limit 3;
fetch { ""gameName"": $gn };"
24,"Which streams have a follower count between 200,000 and 500,000, listing the first 5?","MATCH (s:Stream)
WHERE s.followers >= 200000 AND s.followers <= 500000
RETURN s.name, s.followers
ORDER BY s.followers DESC
LIMIT 5","match
$s isa stream, has name $name, has followers $f;
$f >= 200000;
$f <= 500000;
sort $f desc;
limit 5;
fetch {
  ""name"": $name,
  ""followers"": $f
};"
25,List the names of all teams created before 2015.,"MATCH (t:Team)
WHERE t.createdAt < datetime(""2015-01-01T00:00:00Z"")
RETURN t.name","match
$t isa team, has created_at $ca;
$ca < 2015-01-01T00:00:00;
fetch {
  ""name"": $t.name
};"
26,Who are the first 5 users who are chatters and VIPs in the same streams?,"MATCH (u:User)-[:CHATTER]->(s:Stream)<-[:VIP]-(u)
RETURN u.name AS userName
LIMIT 5","match
$u isa user;
$s isa stream;
chat_activity (chatting_user: $u, chatting_channel: $s);
vip_status (vip_user: $u, vip_channel: $s);
limit 5;
fetch { ""userName"": $u.name };"
27,Who are the first 5 users who have moderated streams with descriptions mentioning 'professional'?,"MATCH (u:User)-[:MODERATOR]->(s:Stream)
WHERE s.description CONTAINS 'professional'
RETURN u.name
ORDER BY s.createdAt
LIMIT 5","match
$u isa user, has name $name;
$s isa stream, has description $desc, has created_at $ca;
moderation (moderating_user: $u, moderated_channel: $s);
$desc like "".*professional.*"";
sort $ca;
limit 5;
fetch { ""name"": $name };"
28,List the first 5 streams where the user and moderator have the same name.,"MATCH (s:Stream)-[:MODERATOR]->(u:User)
WHERE s.name = u.name
RETURN s
ORDER BY s.createdAt
LIMIT 5","match
$s isa stream, has name $sn, has created_at $ca;
$u isa user, has name $un;
moderation (moderated_channel: $s, moderating_user: $u);
$sn == $un;
sort $ca;
limit 5;
fetch {
  ""name"": $s.name,
  ""created_at"": $s.created_at,
  ""stream_id"": $s.stream_id,
  ""description"": $s.description,
  ""url"": $s.url,
  ""followers"": $s.followers,
  ""total_view_count"": $s.total_view_count
};"
29,Which streams have a total view count of over 10 million?,"MATCH (s:Stream)
WHERE s.total_view_count > 10000000
RETURN s.name, s.total_view_count","match
$s isa stream, has total_view_count $tvc;
$tvc > 10000000;
fetch {
  ""name"": $s.name,
  ""total_view_count"": $tvc
};"
30,List the top 5 streams by follower count.,"MATCH (s:Stream)
RETURN s.name, s.followers
ORDER BY s.followers DESC
LIMIT 5","match
$s isa stream, has name $name, has followers $f;
sort $f desc;
limit 5;
fetch {
  ""name"": $name,
  ""followers"": $f
};"
31,"What are the names of games played by streams with more than 100,000 followers?","MATCH (s:Stream)-[:PLAYS]->(g:Game)
WHERE s.followers > 100000
RETURN DISTINCT g.name AS game_name","match
$s isa stream, has followers $f;
$f > 100000;
game_play (streaming_channel: $s, played_game: $g);
$g isa game;
select $g;
distinct;
fetch {
  ""game_name"": $g.name
};"
32,"Which users are moderators for streams with more than 500,000 total views?","MATCH (u:User)-[:MODERATOR]->(s:Stream)
WHERE s.total_view_count > 500000
RETURN u.name","match
$u isa user;
$s isa stream, has total_view_count $tvc;
$tvc > 500000;
moderation (moderating_user: $u, moderated_channel: $s);
fetch {
  ""name"": $u.name
};"
33,What are the descriptions of streams that play the game 'Rust'?,"MATCH (s:Stream)-[:PLAYS]->(g:Game {name: 'Rust'})
RETURN s.description","match
$s isa stream;
$g isa game, has name ""Rust"";
game_play (streaming_channel: $s, played_game: $g);
fetch {
  ""description"": $s.description
};"
34,List the first 3 streams that have a moderator with a name starting with 'G'.,"MATCH (s:Stream)-[:MODERATOR]->(u:User)
WHERE u.name STARTS WITH 'G'
RETURN s.name, s.id, s.url
ORDER BY s.createdAt
LIMIT 3","match
$s isa stream, has name $sn, has stream_id $sid, has url $surl, has created_at $ca;
$u isa user, has name $un;
$un like ""G.*"";
moderation (moderated_channel: $s, moderating_user: $u);
sort $ca;
limit 3;
fetch {
  ""name"": $sn,
  ""id"": $sid,
  ""url"": $surl
};"
35,List the games played by streams that have more than 5 VIP relationships.,"MATCH (s:Stream)-[:VIP]->(:User)
WITH s, COUNT(*) AS vipCount
WHERE vipCount > 5
MATCH (s)-[:PLAYS]->(g:Game)
RETURN DISTINCT g.name AS game","match
$s isa stream;
vip_status (channel_with_vips: $s, vip_user: $u);
reduce $vip_count = count($u) groupby $s;
match
$vip_count > 5;
game_play (streaming_channel: $s, played_game: $g);
$g has name $game;
select $game;
distinct;
fetch { ""game"": $game };"
36,Find 3 languages spoken in streams with the highest number of followers.,"MATCH (s:Stream)-[:HAS_LANGUAGE]->(l:Language)
WITH s, l
ORDER BY s.followers DESC
LIMIT 3
RETURN DISTINCT l.name AS language","match
$s isa stream, has followers $f;
language_usage (channel: $s, used_language: $l);
$l isa language;
sort $f desc;
limit 3;
select $l;
distinct;
fetch {
  ""language"": $l.name
};"
37,"Which streams have the user 'creightonolsen' as a chatter and have more than 100,000 views?","MATCH (u:User {name: 'creightonolsen'})-[:CHATTER]->(s:Stream)
WHERE s.total_view_count > 100000
RETURN s.name AS stream_name, s.url AS stream_url, s.total_view_count AS view_count","match
$u isa user, has name ""creightonolsen"";
$s isa stream, has total_view_count $tvc;
chat_activity (chatting_user: $u, channel_with_chatters: $s);
$tvc > 100000;
fetch {
  ""stream_name"": $s.name,
  ""stream_url"": $s.url,
  ""view_count"": $tvc
};"
38,What are the properties of the streams where '9linda' is a VIP?,"MATCH (u:User {name: '9linda'})-[:VIP]->(s:Stream)
RETURN s.id, s.name, s.description, s.url, s.createdAt, s.followers, s.total_view_count","match
$u isa user, has name ""9linda"";
vip_status (vip_user: $u, vip_channel: $s);
$s isa stream;
fetch {
  ""stream_id"": $s.stream_id,
  ""name"": $s.name,
  ""description"": $s.description,
  ""url"": $s.url,
  ""created_at"": $s.created_at,
  ""followers"": $s.followers,
  ""total_view_count"": $s.total_view_count
};"
39,What are the names of the top 5 streams with the highest follower counts?,"MATCH (s:Stream)
RETURN s.name
ORDER BY s.followers DESC
LIMIT 5","match
$s isa stream, has followers $f;
sort $f desc;
limit 5;
fetch {
  ""name"": $s.name
};"
40,Which games have been played by streams with more than 1 million total views?,"MATCH (s:Stream)-[:PLAYS]->(g:Game)
WHERE s.total_view_count > 1000000
RETURN DISTINCT g.name AS game_name","match
  $s isa stream, has total_view_count $v;
  $v > 1000000;
  game_play (streaming_channel: $s, played_game: $g);
  $g has name $name;
select $name;
distinct;
fetch {
  ""game_name"": $name
};"
41,List the names of 3 streams that are conducted in the English language.,"MATCH (s:Stream)-[:HAS_LANGUAGE]->(l:Language {name: ""en""})
RETURN s.name
LIMIT 3","match
$s isa stream;
$l isa language, has name ""en"";
language_usage (channel: $s, used_language: $l);
limit 3;
fetch {
  ""name"": $s.name
};"
42,Which streams have moderators who are also users?,"MATCH (s:Stream)-[:MODERATOR]->(u:User)
RETURN s.name AS stream_name, u.name AS moderator_name","match
$s isa stream;
$u isa user;
moderation (moderated_channel: $s, moderating_user: $u);
fetch {
  ""stream_name"": $s.name,
  ""moderator_name"": $u.name
};"
43,What are the names of the 3 newest teams in the database?,"MATCH (t:Team)
RETURN t.name
ORDER BY t.createdAt DESC
LIMIT 3","match
$t isa team, has created_at $ca;
sort $ca desc;
limit 3;
fetch {
  ""name"": $t.name
};"
44,How many streams are associated with the game 'Rust'?,"MATCH (s:Stream)-[:PLAYS]->(g:Game {name: 'Rust'})
RETURN count(s) AS numberOfStreams","match
$g isa game, has name ""Rust"";
$s isa stream;
game_play (streaming_channel: $s, played_game: $g);
reduce $numberOfStreams = count($s);"
45,What are the URLs of the top 3 streams by total view count?,"MATCH (s:Stream)
RETURN s.url
ORDER BY s.total_view_count DESC
LIMIT 3","match
$s isa stream, has total_view_count $tvc;
sort $tvc desc;
limit 3;
fetch {
  ""url"": $s.url
};"
46,Which users are moderators in more than one stream?,"MATCH (u:User)-[:MODERATOR]->(s:Stream)
WITH u, COUNT(s) AS streamCount
WHERE streamCount > 1
RETURN u.name AS moderatorName, streamCount","match
$u isa user, has name $n;
$s isa stream;
moderation (moderating_user: $u, moderated_channel: $s);
reduce $streamCount = count($s) groupby $u, $n;
match $streamCount > 1;
sort $streamCount desc;
fetch { ""moderatorName"": $n, ""streamCount"": $streamCount };"
47,List the streams that have more than 5 million followers.,"MATCH (s:Stream)
WHERE s.followers > 5000000
RETURN s.name AS stream_name, s.followers AS follower_count","match
$s isa stream, has followers $f;
$f > 5000000;
fetch {
  ""stream_name"": $s.name,
  ""follower_count"": $f
};"
48,What are the names of streams that play 'Grand Theft Auto V' and have English as their language?,"MATCH (s:Stream)-[:PLAYS]->(g:Game {name: 'Grand Theft Auto V'}),
      (s)-[:HAS_LANGUAGE]->(l:Language {name: 'en'})
RETURN s.name","match
$s isa stream;
$g isa game, has name ""Grand Theft Auto V"";
$l isa language, has name ""en"";
game_play (streaming_channel: $s, played_game: $g);
language_usage (channel: $s, used_language: $l);
fetch {
  ""name"": $s.name
};"
49,Which users are VIPs in the stream named 'itsbigchase'?,"MATCH (s:Stream {name: 'itsbigchase'})-[:VIP]->(u:User)
RETURN u.name AS vip_users","match
  $s isa stream, has name ""itsbigchase"";
  $u isa user, has name $vip_name;
  vip_status (channel_with_vips: $s, vip_user: $u);
fetch {
  ""vip_users"": $vip_name
};"
50,How many streams are part of the 'ESO Stream Team'?,"MATCH (t:Team {name: 'ESO Stream Team'})<-[:HAS_TEAM]-(s:Stream)
RETURN count(s) AS numberOfStreams","match
$t isa team, has name ""ESO Stream Team"";
team_membership (member_stream: $s, organization: $t);
reduce $count = count($s);"
51,Which games are played by the oldest streams in the database?,"MATCH (s:Stream)-[:PLAYS]->(g:Game)
WITH s, g
ORDER BY s.createdAt ASC
LIMIT 10
RETURN g.name AS game_name, s.createdAt AS stream_created_at","match
$s isa stream, has created_at $ca;
$g isa game;
game_play (streaming_channel: $s, played_game: $g);
sort $ca asc;
limit 10;
fetch {
  ""game_name"": $g.name,
  ""stream_created_at"": $ca
};"
52,What are the names of users who are both moderators and VIPs in any stream?,"MATCH (u:User)-[:MODERATOR]->(s:Stream), (u)-[:VIP]->(s)
RETURN DISTINCT u.name AS userName","match $u isa user; $s isa stream; moderation (moderated_channel: $s, moderating_user: $u); vip_status (channel_with_vips: $s, vip_user: $u); select $u; distinct; fetch { ""userName"": $u.name };"
53,List the top 5 streams based on their creation date.,"MATCH (s:Stream)
RETURN s.name, s.createdAt
ORDER BY s.createdAt DESC
LIMIT 5","match
$s isa stream, has created_at $ca;
sort $ca desc;
limit 5;
fetch {
  ""name"": $s.name,
  ""created_at"": $ca
};"
54,Which streams have the description mentioning 'enjoy' and list the first 3.,"MATCH (s:Stream)
WHERE s.description CONTAINS 'enjoy'
RETURN s.name, s.description
LIMIT 3","match
$s isa stream, has description $d;
$d like "".*enjoy.*"";
limit 3;
fetch {
  ""name"": $s.name,
  ""description"": $d
};"
55,Identify streams with more than 10 VIP relationships.,"MATCH (s:Stream)-[r:VIP]->(:User)
WITH s, COUNT(r) AS vipCount
WHERE vipCount > 10
RETURN s.name AS streamName, vipCount","match
$s isa stream;
$rel isa vip_status (channel_with_vips: $s, vip_user: $u);
reduce $vip_count = count($rel) groupby $s;
match
$vip_count > 10;
fetch {
  ""streamName"": $s.name,
  ""vipCount"": $vip_count
};"
56,What is the total view count of streams that are moderated by 'itsbigchase'?,"MATCH (u:User {name: 'itsbigchase'})-[:MODERATOR]->(s:Stream)
RETURN sum(s.total_view_count) AS total_view_count","match
$u isa user, has name ""itsbigchase"";
moderation (moderating_user: $u, moderated_channel: $s);
$s has total_view_count $v;
reduce $total = sum($v);"
57,What are the URLs of streams where 'itsbigchase' is a moderator?,"MATCH (u:User {name: 'itsbigchase'})-[:MODERATOR]->(s:Stream)
RETURN s.url","match
$u isa user, has name ""itsbigchase"";
moderation (moderating_user: $u, moderated_channel: $s);
$s isa stream;
fetch {
  ""url"": $s.url
};"
58,List all users who have chatted with the stream 'itsbigchase'.,"MATCH (s:Stream {name: 'itsbigchase'})<-[:CHATTER]-(u:User)
RETURN u.name","match
$s isa stream, has name ""itsbigchase"";
$u isa user, has name $n;
chat_activity (channel_with_chatters: $s, chatting_user: $u);
fetch {
  ""name"": $n
};"
59,List the streams where 'romandoduik' is a chatter.,"MATCH (u:User {name: 'romandoduik'})-[:CHATTER]->(s:Stream)
RETURN s.name AS stream_name, s.url AS stream_url, s.description AS stream_description","match
$u isa user, has name ""romandoduik"";
chat_activity (chatting_user: $u, channel_with_chatters: $s);
$s isa stream;
fetch {
  ""stream_name"": $s.name,
  ""stream_url"": $s.url,
  ""stream_description"": $s.description
};"
60,Which users are moderators in streams that play 'Rust'?,"MATCH (u:User)-[:MODERATOR]->(s:Stream)-[:PLAYS]->(g:Game {name: 'Rust'})
RETURN u.name AS ModeratorName","match
$u isa user;
$s isa stream;
$g isa game, has name ""Rust"";
moderation (moderating_user: $u, moderated_channel: $s);
game_play (streaming_channel: $s, played_game: $g);
fetch {
  ""ModeratorName"": $u.name
};"
61,How many streams has each team associated with them?,"MATCH (t:Team)<-[:HAS_TEAM]-(s:Stream)
RETURN t.name AS team_name, COUNT(s) AS stream_count
ORDER BY stream_count DESC","match
$t isa team;
$s isa stream;
team_membership (member_stream: $s, organization: $t);
reduce $stream_count = count($s) groupby $t;
sort $stream_count desc;
fetch { ""team_name"": $t.name, ""stream_count"": $stream_count };"
62,What are the properties of the stream with the highest number of followers?,"MATCH (s:Stream)
RETURN s
ORDER BY s.followers DESC
LIMIT 1","match
$s isa stream, has followers $f;
sort $f desc;
limit 1;
fetch {
  ""name"": $s.name,
  ""created_at"": $s.created_at,
  ""stream_id"": $s.stream_id,
  ""description"": $s.description,
  ""url"": $s.url,
  ""followers"": $s.followers,
  ""total_view_count"": $s.total_view_count
};"
63,List all games that have been played by streams associated with the 'ESO Stream Team'.,"MATCH (team:Team {name: 'ESO Stream Team'})<-[:HAS_TEAM]-(stream:Stream)-[:PLAYS]->(game:Game)
RETURN DISTINCT game.name AS game_name","match
$team isa team, has name ""ESO Stream Team"";
team_membership (member_stream: $stream, organization: $team);
game_play (streaming_channel: $stream, played_game: $game);
$game has name $game_name;
select $game_name;
distinct;
fetch { ""game_name"": $game_name };"
64,"Which language is most commonly associated with streams that have more than 500,000 followers?","MATCH (s:Stream)-[:HAS_LANGUAGE]->(l:Language)
WHERE s.followers > 500000
RETURN l.name AS language, COUNT(s) AS stream_count
ORDER BY stream_count DESC
LIMIT 1","match
$s isa stream, has followers $f;
$f > 500000;
$l isa language;
language_usage (channel: $s, used_language: $l);
reduce $count = count($s) groupby $l;
sort $count desc;
limit 1;
fetch { ""language"": $l.name, ""stream_count"": $count };"
65,Identify streams that have a creation date before 2010.,"MATCH (s:Stream)
WHERE s.createdAt < datetime(""2010-01-01T00:00:00Z"")
RETURN s.id, s.name, s.createdAt","match
$s isa stream, has stream_id $sid, has name $n, has created_at $ca;
$ca < 2010-01-01T00:00:00;
fetch {
  ""stream_id"": $sid,
  ""name"": $n,
  ""created_at"": $ca
};"
66,Which streams have users with the role of both VIP and moderator?,"MATCH (s:Stream)<-[:VIP]-(u:User)-[:MODERATOR]->(s)
RETURN s.name AS streamName, s.url AS streamUrl, u.name AS userName","match
$s isa stream;
$u isa user;
vip_status (vip_user: $u, vip_channel: $s);
moderation (moderating_user: $u, moderated_channel: $s);
fetch {
  ""streamName"": $s.name,
  ""streamUrl"": $s.url,
  ""userName"": $u.name
};"
67,List the top 5 users by the number of streams they moderate.,"MATCH (u:User)-[:MODERATOR]->(s:Stream)
WITH u, COUNT(s) AS moderated_streams
ORDER BY moderated_streams DESC
LIMIT 5
RETURN u.name AS user_name, moderated_streams","match
$u isa user, has name $n;
$s isa stream;
moderation (moderating_user: $u, moderated_channel: $s);
reduce $count = count($s) groupby $u, $n;
sort $count desc;
limit 5;
fetch { ""user_name"": $n, ""moderated_streams"": $count };"
68,What are the descriptions of the streams with the oldest creation dates?,"MATCH (s:Stream)
WITH s
ORDER BY s.createdAt ASC
LIMIT 1
RETURN s.description","match
$s isa stream, has created_at $ca;
sort $ca asc;
limit 1;
fetch {
  ""description"": $s.description
};"
69,Which games are played by streams that are part of teams created after 2017?,"MATCH (s:Stream)-[:PLAYS]->(g:Game),
      (s)-[:HAS_TEAM]->(t:Team)
WHERE t.createdAt > datetime(""2017-01-01T00:00:00Z"")
RETURN DISTINCT g.name AS game_name","match
$s isa stream;
$g isa game;
$t isa team, has created_at $ca;
$ca > 2017-01-01T00:00:00Z;
game_play (streaming_channel: $s, played_game: $g);
team_membership (member_stream: $s, organization: $t);
select $g;
distinct;
fetch {
  ""game_name"": $g.name
};"
70,How many streams are associated with each language?,"MATCH (s:Stream)-[:HAS_LANGUAGE]->(l:Language)
RETURN l.name AS language, COUNT(s) AS stream_count
ORDER BY stream_count DESC","match
$s isa stream;
$l isa language, has name $language;
language_usage (channel: $s, used_language: $l);
reduce $stream_count = count($s) groupby $language;
sort $stream_count desc;"
71,List the top 3 streams that have the most chatters.,"MATCH (s:Stream)<-[:CHATTER]-(u:User)
WITH s, COUNT(u) AS chatterCount
ORDER BY chatterCount DESC
LIMIT 3
RETURN s.name AS streamName, chatterCount","match
$s isa stream, has name $name;
$u isa user;
chat_activity (channel_with_chatters: $s, chatting_user: $u);
reduce $chatter_count = count($u) groupby $s, $name;
sort $chatter_count desc;
limit 3;
fetch { ""streamName"": $name, ""chatterCount"": $chatter_count };"
72,Which users have been VIPs in streams with a total view count over 5 million?,"MATCH (u:User)-[:VIP]->(s:Stream)
WHERE s.total_view_count > 5000000
RETURN u.name","match
$u isa user;
$s isa stream, has total_view_count $tvc;
$tvc > 5000000;
vip_status (vip_user: $u, vip_channel: $s);
fetch {
  ""name"": $u.name
};"
73,Find streams where 'itsbigchase' is a moderator.,"MATCH (u:User {name: 'itsbigchase'})-[:MODERATOR]->(s:Stream)
RETURN s.id, s.name, s.description, s.url, s.followers, s.total_view_count, s.createdAt","match
$u isa user, has name ""itsbigchase"";
$s isa stream, has stream_id $sid, has name $sn, has description $desc, has url $surl, has followers $sf, has total_view_count $stvc, has created_at $sca;
moderation (moderating_user: $u, moderated_channel: $s);
fetch {
  ""s.id"": $sid,
  ""s.name"": $sn,
  ""s.description"": $desc,
  ""s.url"": $surl,
  ""s.followers"": $sf,
  ""s.total_view_count"": $stvc,
  ""s.createdAt"": $sca
};"
74,What are the follower counts for streams that have 'ru' as their language?,"MATCH (s:Stream)-[:HAS_LANGUAGE]->(l:Language {name: 'ru'})
RETURN s.name AS stream_name, s.followers AS follower_count","match
$s isa stream;
$l isa language, has name ""ru"";
language_usage (channel: $s, used_language: $l);
fetch {
  ""stream_name"": $s.name,
  ""follower_count"": $s.followers
};"
75,Which streams have more than two team associations?,"MATCH (s:Stream)-[:HAS_TEAM]->(t:Team)
WITH s, COUNT(t) AS teamCount
WHERE teamCount > 2
RETURN s.name AS streamName, teamCount","match
$s isa stream;
team_membership (member_stream: $s, organization: $t);
reduce $teamCount = count($t) groupby $s;
match
$teamCount > 2;
$s has name $name;
sort $name;
fetch {
  ""streamName"": $name,
  ""teamCount"": $teamCount
};"
76,Which streams are connected to the game 'Rust' and have at least one VIP?,"MATCH (s:Stream)-[:PLAYS]->(g:Game {name: 'Rust'})
MATCH (s)-[:VIP]->(:User)
RETURN s.name AS stream_name, s.url AS stream_url","match
$s isa stream;
$g isa game, has name ""Rust"";
game_play (streaming_channel: $s, played_game: $g);
vip_status (channel_with_vips: $s, vip_user: $u);
$u isa user;
select $s;
distinct;
fetch {
  ""stream_name"": $s.name,
  ""stream_url"": $s.url
};"
77,List the first 5 streams that have been in the same language and game for over 5 years.,"MATCH (s:Stream)-[:PLAYS]->(g:Game), (s)-[:HAS_LANGUAGE]->(l:Language)
WHERE datetime() - s.createdAt > duration({years: 5})
WITH s, g, l
ORDER BY s.createdAt
LIMIT 5
RETURN s.name AS stream_name, g.name AS game_name, l.name AS language_name, s.createdAt AS stream_created_at","match
  $s isa stream, has name $sn, has created_at $ca;
  language_usage (channel: $s, used_language: $l);
  $l has name $ln;
  game_play (streaming_channel: $s, played_game: $g);
  $g has name $gn;
  $ca < 2016-01-01T00:00:00;
sort $ca asc;
limit 5;
fetch { ""stream"": $sn, ""language"": $ln, ""game"": $gn };"
78,"What are the descriptions of the first 3 streams with fewer than 100,000 followers?","MATCH (s:Stream)
WHERE s.followers < 100000
RETURN s.description
ORDER BY s.createdAt
LIMIT 3","match
$s isa stream, has followers $f, has created_at $ca;
$f < 100000;
sort $ca asc;
limit 3;
fetch {
  ""description"": $s.description
};"
79,What are the URLs of the first 3 streams with the most chatters?,"MATCH (s:Stream)<-[:CHATTER]-(u:User)
WITH s, COUNT(u) AS chatterCount
ORDER BY chatterCount DESC
LIMIT 3
RETURN s.url","match
$s isa stream;
$u isa user;
chat_activity (channel_with_chatters: $s, chatting_user: $u);
reduce $count = count($u) groupby $s;
sort $count desc;
limit 3;
fetch { ""url"": $s.url };"
80,"Which streams have a follower count between 10,000 and 50,000, listing the first 5?","MATCH (s:Stream)
WHERE s.followers >= 10000 AND s.followers <= 50000
RETURN s.name, s.followers
ORDER BY s.followers DESC
LIMIT 5","match
$s isa stream, has followers $f;
$f >= 10000;
$f <= 50000;
sort $f desc;
limit 5;
fetch {
  ""name"": $s.name,
  ""followers"": $f
};"
81,Name the top 3 users who are VIPs in the stream with the most followers.,"MATCH (s:Stream)
WITH s
ORDER BY s.followers DESC
LIMIT 1
MATCH (s)-[:VIP]->(u:User)
RETURN u.name
ORDER BY s.followers DESC
LIMIT 3","with fun max_followers() -> integer:
  match $s isa stream, has followers $f;
  return max($f);
match
$s isa stream, has followers $f;
let $max = max_followers();
$f == $max;
vip_status (vip_channel: $s, vip_user: $u);
$u isa user;
limit 3;
fetch {
  ""name"": $u.name
};"
82,"List the first 3 streams that have VIP relationships only with other streams, not users.","MATCH (s:Stream)-[:VIP]->(vipStream:Stream)
WHERE NOT EXISTS {
  MATCH (s)-[:VIP]->(:User)
}
RETURN s.name, s.url, s.createdAt
ORDER BY s.createdAt
LIMIT 3","match
$s isa stream, has created_at $ca;
vip_status (vip_channel: $s, channel_with_vips: $vip_stream);
$vip_stream isa stream;
not { $u isa user; vip_status ($s, vip_user: $u); };
sort $ca;
limit 3;
fetch {
  ""name"": $s.name,
  ""url"": $s.url,
  ""created_at"": $ca
};"
83,Who are the first 5 users chatting in streams labeled with the game 'Rust'?,"MATCH (s:Stream)-[:PLAYS]->(g:Game {name: 'Rust'})&lt;-[:CHATTER]-(u:User)
RETURN u.name
LIMIT 5","match
$g isa game, has name ""Rust"";
$s isa stream;
$u isa user, has name $n;
game_play (streaming_channel: $s, played_game: $g);
chat_activity (chatting_user: $u, chatting_channel: $s);
limit 5;
fetch { ""name"": $n };"
84,What are the first 3 streams that have a team with a creation date before 2015?,"MATCH (s:Stream)-[:HAS_TEAM]->(t:Team)
WHERE t.createdAt < datetime(""2015-01-01T00:00:00Z"")
RETURN s.name AS stream_name, s.url AS stream_url, t.name AS team_name, t.createdAt AS team_createdAt
ORDER BY t.createdAt ASC
LIMIT 3","match
$s isa stream;
$t isa team, has created_at $ca;
team_membership (member_stream: $s, organization: $t);
$ca < 2015-01-01T00:00:00;
sort $ca asc;
limit 3;
fetch {
  ""stream_name"": $s.name,
  ""stream_url"": $s.url,
  ""team_name"": $t.name,
  ""team_createdAt"": $ca
};"
85,"Which streams play 'VALORANT' and have over one million total views, listing the first 5?","MATCH (s:Stream)-[:PLAYS]->(g:Game)
WHERE g.name = 'VALORANT' AND s.total_view_count > 1000000
RETURN s.name, s.url, s.total_view_count
ORDER BY s.total_view_count DESC
LIMIT 5","match
$s isa stream, has name $sn, has url $u, has total_view_count $tvc;
$g isa game, has name ""VALORANT"";
game_play (streaming_channel: $s, played_game: $g);
$tvc > 1000000;
sort $tvc desc;
limit 5;
fetch {
  ""name"": $sn,
  ""url"": $u,
  ""total_view_count"": $tvc
};"
86,Who are the first 3 stream moderators who have been in that role since before 2015?,"MATCH (u:User)-[r:MODERATOR]->(s:Stream)
WHERE r.createdAt < datetime(""2015-01-01T00:00:00Z"")
RETURN u.name AS moderator_name, r.createdAt AS moderator_since
ORDER BY r.createdAt ASC
LIMIT 3","match
$u isa user, has name $n;
$s isa stream, has created_at $ca;
moderation (moderating_user: $u, moderated_channel: $s);
$ca < 2015-01-01T00:00:00;
sort $ca asc;
limit 3;
fetch {
  ""moderator_name"": $n,
  ""moderator_since"": $ca
};"
87,List the first 5 streams that have changed their primary game at least once.,"MATCH (s:Stream)-[:PLAYS]->(g:Game)
WITH s, COUNT(DISTINCT g) AS gameCount
WHERE gameCount > 1
RETURN s.name AS streamName, s.id AS streamId
ORDER BY s.createdAt
LIMIT 5","match
$s isa stream;
$g isa game;
game_play (streaming_channel: $s, played_game: $g);
select $s, $g;
distinct;
reduce $game_count = count($g) groupby $s;
match
$game_count > 1;
$s has created_at $ca;
sort $ca asc;
limit 5;
fetch {
  ""streamName"": $s.name,
  ""streamId"": $s.stream_id
};"
88,What are the names of the first 3 teams with streams playing 'Rust' and having over a million followers?,"MATCH (s:Stream)-[:PLAYS]->(g:Game {name: ""Rust""})
WHERE s.followers > 1000000
MATCH (s)-[:HAS_TEAM]->(t:Team)
RETURN t.name
ORDER BY s.createdAt
LIMIT 3","match
$s isa stream, has followers $f;
$f > 1000000;
$g isa game, has name ""Rust"";
game_play (streaming_channel: $s, played_game: $g);
team_membership (member_stream: $s, organization: $t);
$s has created_at $ca;
sort $ca;
limit 3;
fetch {
  ""name"": $t.name
};"
89,Which streams have the description mentioning 'professional' and list the first 3.,"MATCH (s:Stream)
WHERE s.description CONTAINS 'professional'
RETURN s.name, s.description
LIMIT 3","match
$s isa stream, has description $d;
$d like "".*professional.*"";
limit 3;
fetch {
  ""name"": $s.name,
  ""description"": $d
};"
90,What are the first 5 user names who are chatters in streams playing 'Dota 2'?,"MATCH (s:Stream)-[:PLAYS]->(g:Game {name: 'Dota 2'})
MATCH (u:User)-[:CHATTER]->(s)
RETURN u.name
LIMIT 5","match
$g isa game, has name ""Dota 2"";
$s isa stream;
game_play (streaming_channel: $s, played_game: $g);
$u isa user, has name $n;
chat_activity (chatting_user: $u, channel_with_chatters: $s);
limit 5;
fetch { ""name"": $n };"
91,"How many languages are used by streams with a total view count over 10 million, listing the first 3?","MATCH (s:Stream)-[:HAS_LANGUAGE]->(l:Language)
WHERE s.total_view_count > 10000000
RETURN l.name AS language, COUNT(*) AS count
ORDER BY count DESC
LIMIT 3","match
$s isa stream, has total_view_count $tvc;
$tvc > 10000000;
$l isa language;
language_usage (channel: $s, used_language: $l);
reduce $count = count groupby $l;
sort $count desc;
limit 3;
fetch {
  ""language"": $l.name,
  ""count"": $count
};"
93,List the first 3 games played by streams with a language 'ja'.,"MATCH (s:Stream)-[:PLAYS]->(g:Game), (s)-[:HAS_LANGUAGE]->(l:Language)
WHERE l.name = 'ja'
RETURN g.name
LIMIT 3","match
$s isa stream;
$g isa game;
$l isa language, has name ""ja"";
game_play (streaming_channel: $s, played_game: $g);
language_usage (channel: $s, used_language: $l);
$g has name $gn;
limit 3;
fetch { ""name"": $gn };"
94,Who are the first 3 users who are VIPs in the stream with the highest number of moderators?,"// Step 1: Find the stream with the highest number of moderators
MATCH (s:Stream)-[:MODERATOR]->(u:User)
WITH s, COUNT(u) AS moderatorCount
ORDER BY moderatorCount DESC
LIMIT 1

// Step 2: Find the first 3 users who are VIPs in that stream
MATCH (s)-[:VIP]->(vipUser:User)
RETURN vipUser.name
ORDER BY vipUser.name
LIMIT 3","match
$s isa stream;
moderation (moderated_channel: $s, moderating_user: $u);
reduce $mod_count = count($u) groupby $s;
sort $mod_count desc;
limit 1;
match
vip_status (vip_channel: $s, vip_user: $vip);
$vip has name $vip_name;
sort $vip_name asc;
limit 3;
fetch {
  ""name"": $vip_name
};"
95,"List the first 5 streams with a follower count exactly at 100,000.","MATCH (s:Stream)
WHERE s.followers = 100000
RETURN s
ORDER BY s.createdAt
LIMIT 5","match
$s isa stream, has followers $f, has created_at $ca;
$f == 100000;
sort $ca;
limit 5;
fetch {
  ""name"": $s.name,
  ""stream_id"": $s.stream_id,
  ""description"": $s.description,
  ""url"": $s.url,
  ""followers"": $f,
  ""total_view_count"": $s.total_view_count,
  ""created_at"": $ca
};"
96,What are the first 3 streams that have been in the same team since their creation and still active?,"MATCH (s:Stream)-[:HAS_TEAM]->(t:Team)
WHERE s.createdAt >= t.createdAt
RETURN s.name AS stream_name, s.url AS stream_url, s.createdAt AS stream_created_at
ORDER BY s.createdAt ASC
LIMIT 3","match
  $s isa stream;
  $t isa team;
  team_membership (member_stream: $s, organization: $t);
  $s has created_at $s_created;
  $t has created_at $t_created;
  $s_created >= $t_created;
sort $s_created asc;
limit 3;
fetch {
  ""stream_name"": $s.name,
  ""stream_url"": $s.url,
  ""stream_created_at"": $s_created
};"
97,What are the first 3 streams that have been played continuously since their creation date without changing the game?,"MATCH (s:Stream)-[:PLAYS]->(g:Game)
WITH s, g, COUNT(g) AS game_count
WHERE game_count = 1
RETURN s.name AS stream_name, s.createdAt AS creation_date, g.name AS game_name
ORDER BY s.createdAt ASC
LIMIT 3","match
$s isa stream, has created_at $ca;
game_play (streaming_channel: $s, played_game: $g);
reduce $game_count = count($g) groupby $s, $ca;
match
$game_count == 1;
$s has name $sn;
game_play (streaming_channel: $s, played_game: $g2);
$g2 has name $gn;
sort $ca asc;
limit 3;
fetch {
  ""stream_name"": $sn,
  ""creation_date"": $ca,
  ""game_name"": $gn
};"
98,"Name the first 5 users who have more than one role (VIP, moderator, or chatter) in the same stream.","MATCH (u:User)-[r1]->(s:Stream)<-[r2]-(u)
WHERE type(r1) IN ['VIP', 'MODERATOR', 'CHATTER'] AND type(r2) IN ['VIP', 'MODERATOR', 'CHATTER'] AND type(r1) <> type(r2)
WITH u, s, COLLECT(DISTINCT type(r1)) AS roles1, COLLECT(DISTINCT type(r2)) AS roles2
WITH u, s, roles1 + roles2 AS allRoles
WHERE SIZE(apoc.coll.toSet(allRoles)) > 1
RETURN DISTINCT u.name AS userName, s.name AS streamName, allRoles
LIMIT 5","match
$u isa user;
$s isa stream;
{
  vip_status (vip_user: $u, vip_channel: $s);
  moderation (moderating_user: $u, moderating_channel: $s);
} or {
  vip_status (vip_user: $u, vip_channel: $s);
  chat_activity (chatting_user: $u, chatting_channel: $s);
} or {
  moderation (moderating_user: $u, moderating_channel: $s);
  chat_activity (chatting_user: $u, chatting_channel: $s);
};
limit 5;
fetch {
  ""userName"": $u.name,
  ""streamName"": $s.name
};"
99,Which 3 teams were created most recently and have at least one stream associated with them?,"MATCH (t:Team)<-[:HAS_TEAM]-(s:Stream)
WITH t, MAX(s.createdAt) AS latestStreamDate
WHERE latestStreamDate IS NOT NULL
RETURN t.name, t.createdAt
ORDER BY t.createdAt DESC
LIMIT 3","match
$t isa team, has created_at $ca, has name $tn;
team_membership (member_stream: $s, organization: $t);
select $t, $ca, $tn;
distinct;
sort $ca desc;
limit 3;
fetch {
  ""name"": $tn,
  ""created_at"": $ca
};"
100,"Name the first 5 users who are chatters in streams with more than 500,000 followers.","MATCH (s:Stream)-[:CHATTER]->(u:User)
WHERE s.followers > 500000
RETURN DISTINCT u.name
LIMIT 5","match
$s isa stream, has followers $f;
$f > 500000;
$u isa user, has name $n;
chat_activity (channel_with_chatters: $s, chatting_user: $u);
select $n;
distinct;
limit 5;
fetch { ""name"": $n };"
101,Which 5 streams have the highest total view count?,"MATCH (s:Stream)
RETURN s.name, s.total_view_count
ORDER BY s.total_view_count DESC
LIMIT 5","match
$s isa stream, has total_view_count $tvc;
sort $tvc desc;
limit 5;
fetch {
  ""name"": $s.name,
  ""total_view_count"": $tvc
};"
102,Name the top 5 users who are moderators for more than one stream.,"MATCH (u:User)-[:MODERATOR]->(s:Stream)
WITH u, COUNT(s) AS streamCount
WHERE streamCount > 1
RETURN u.name AS userName, streamCount
ORDER BY streamCount DESC
LIMIT 5","match
$u isa user;
moderation (moderating_user: $u, moderated_channel: $s);
reduce $streamCount = count($s) groupby $u;
match $streamCount > 1;
sort $streamCount desc;
limit 5;
fetch { ""userName"": $u.name, ""streamCount"": $streamCount };"
103,What are the first 3 languages spoken by streams with over 1 million total views?,"MATCH (s:Stream)-[:HAS_LANGUAGE]->(l:Language)
WHERE s.total_view_count > 1000000
RETURN DISTINCT l.name
ORDER BY l.name
LIMIT 3","match
$s isa stream, has total_view_count $v;
$v > 1000000;
$l isa language, has name $name;
language_usage (channel: $s, used_language: $l);
select $name;
distinct;
sort $name;
limit 3;
fetch {
  ""language"": $name
};"
104,Which streams are part of a team created after 2015 and list the first 5.,"MATCH (s:Stream)-[:HAS_TEAM]->(t:Team)
WHERE t.createdAt > datetime('2015-01-01T00:00:00Z')
RETURN s.name AS stream_name, t.name AS team_name, t.createdAt AS team_created_at
ORDER BY t.createdAt
LIMIT 5","match
$s isa stream;
$t isa team;
team_membership (member_stream: $s, organization: $t);
$t has created_at $ca;
$ca > 2015-01-01T00:00:00;
sort $ca;
limit 5;
fetch {
  ""stream_name"": $s.name,
  ""team_name"": $t.name,
  ""team_created_at"": $ca
};"
105,What are the descriptions of the streams with the least followers?,"MATCH (s:Stream)
WITH s
ORDER BY s.followers ASC
LIMIT 1
RETURN s.description","match
$s isa stream, has followers $f;
sort $f asc;
limit 1;
fetch {
  ""description"": $s.description
};"
106,List the top 5 teams by the number of streams they have.,"MATCH (s:Stream)-[:HAS_TEAM]->(t:Team)
WITH t, count(s) AS stream_count
ORDER BY stream_count DESC
LIMIT 5
RETURN t.name AS team_name, stream_count","match
$s isa stream;
$t isa team;
team_membership (member_stream: $s, organization: $t);
reduce $stream_count = count($s) groupby $t;
sort $stream_count desc;
limit 5;
fetch {
  ""team_name"": $t.name,
  ""stream_count"": $stream_count
};"
107,Which users are VIPs for the first 5 streams with the most followers?,"MATCH (s:Stream)-[:VIP]->(u:User)
WITH s, u
ORDER BY s.followers DESC
LIMIT 5
RETURN s.name AS stream_name, u.name AS vip_user","match
$s isa stream, has name $sn, has followers $f;
$u isa user, has name $un;
vip_status (channel_with_vips: $s, vip_user: $u);
sort $f desc;
limit 5;
fetch {
  ""stream_name"": $sn,
  ""vip_user"": $un
};"
108,Identify the top 3 streams that have the language 'en'.,"MATCH (s:Stream)-[:HAS_LANGUAGE]->(l:Language {name: 'en'})
RETURN s.name, s.followers
ORDER BY s.followers DESC
LIMIT 3","match
$s isa stream, has followers $f;
$l isa language, has name ""en"";
language_usage (channel: $s, used_language: $l);
sort $f desc;
limit 3;
fetch {
  ""name"": $s.name,
  ""followers"": $f
};"
109,What are the top 5 streams by followers that play the game 'Dota 2'?,"MATCH (s:Stream)-[:PLAYS]->(g:Game {name: 'Dota 2'})
RETURN s.name AS stream_name, s.followers AS followers
ORDER BY s.followers DESC
LIMIT 5","match
$s isa stream;
$g isa game, has name ""Dota 2"";
game_play (streaming_channel: $s, played_game: $g);
$s has followers $f;
sort $f desc;
limit 5;
fetch {
  ""stream_name"": $s.name,
  ""followers"": $f
};"
110,"List all the games that have been played by streams with more than 5 million total views, showing the first 3.","MATCH (s:Stream)-[:PLAYS]->(g:Game)
WHERE s.total_view_count > 5000000
RETURN DISTINCT g.name
LIMIT 3","match
$s isa stream, has total_view_count $tvc;
$tvc > 5000000;
$g isa game;
game_play (streaming_channel: $s, played_game: $g);
select $g;
distinct;
limit 3;
fetch {
  ""name"": $g.name
};"
111,Who are the first 5 moderators for the stream with the highest total view count?,"MATCH (s:Stream)-[:MODERATOR]->(u:User)
WITH s, u
ORDER BY s.total_view_count DESC
LIMIT 1
MATCH (s)-[:MODERATOR]->(moderator:User)
RETURN moderator.name
LIMIT 5","with fun max_moderated_view_count() -> integer :
  match
  $s isa stream, has total_view_count $tvc;
  moderation (moderated_channel: $s, moderating_user: $u);
  return max($tvc);
match
$s isa stream, has total_view_count $tvc;
let $max = max_moderated_view_count();
$tvc == $max;
moderation (moderated_channel: $s, moderating_user: $m);
$m isa user;
limit 5;
fetch {
  ""name"": $m.name
};"
112,What are the URLs of the first 3 streams that have no chatters?,"MATCH (s:Stream)
WHERE NOT (s)<-[:CHATTER]-(:User)
RETURN s.url
ORDER BY s.createdAt
LIMIT 3","match
$s isa stream;
not { chat_activity (channel_with_chatters: $s, chatting_user: $u); $u isa user; };
$s has created_at $ca;
sort $ca;
limit 3;
fetch { ""url"": $s.url };"
113,Name the first 5 streams that have no moderators and no VIPs.,"MATCH (s:Stream)
WHERE NOT (s)-[:MODERATOR]->(:User) AND NOT (s)-[:VIP]->(:User)
RETURN s.name AS stream_name, s.url AS stream_url
ORDER BY s.createdAt
LIMIT 5","match
$s isa stream, has name $n, has url $u, has created_at $c;
not { moderation (moderated_channel: $s, moderating_user: $mod); $mod isa user; };
not { vip_status (channel_with_vips: $s, vip_user: $v); $v isa user; };
sort $c;
limit 5;
fetch {
  ""stream_name"": $n,
  ""stream_url"": $u
};"
114,"Which users have moderated the most streams, and list the top 3.","MATCH (u:User)-[:MODERATOR]->(s:Stream)
WITH u, COUNT(s) AS moderatedStreams
ORDER BY moderatedStreams DESC
LIMIT 3
RETURN u.name AS userName, moderatedStreams","match
$u isa user, has name $name;
$s isa stream;
moderation (moderating_user: $u, moderated_channel: $s);
reduce $count = count($s) groupby $u, $name;
sort $count desc;
limit 3;
fetch { ""userName"": $name, ""moderatedStreams"": $count };"
115,List the first 3 users who are both moderators and VIPs in different streams.,"MATCH (u:User)-[:MODERATOR]->(s1:Stream), (u)-[:VIP]->(s2:Stream)
WHERE s1 <> s2
RETURN u.name AS userName
LIMIT 3","match
$u isa user;
$s1 isa stream;
$s2 isa stream;
moderation (moderating_user: $u, moderating_channel: $s1);
vip_status (vip_user: $u, vip_channel: $s2);
not { $s1 is $s2; };
limit 3;
fetch {
  ""userName"": $u.name
};"
116,What are the first 5 streams that have a language not listed in 'en' or 'ja'?,"MATCH (s:Stream)-[:HAS_LANGUAGE]->(l:Language)
WHERE l.name <> 'en' AND l.name <> 'ja'
RETURN s
ORDER BY s.createdAt
LIMIT 5","match
$s isa stream;
language_usage (channel: $s, used_language: $l);
$l has name $ln;
$ln != ""en"";
$ln != ""ja"";
$s has created_at $ca;
sort $ca asc;
limit 5;
fetch {
  ""stream"": $s.name,
  ""created_at"": $ca
};"
117,"Which game has the fewest streams playing it, listing the first 3 streams?","MATCH (s:Stream)-[:PLAYS]->(g:Game)
WITH g, COUNT(s) AS streamCount
ORDER BY streamCount ASC
LIMIT 1
MATCH (s:Stream)-[:PLAYS]->(g)
RETURN g.name AS game, s.name AS stream_name, s.url AS stream_url
LIMIT 3","match
$s isa stream;
$g isa game;
game_play (streaming_channel: $s, played_game: $g);
reduce $count = count($s) groupby $g;
sort $count asc;
limit 1;
match
game_play (streaming_channel: $s2, played_game: $g);
$s2 isa stream;
limit 3;
fetch {
  ""game"": $g.name,
  ""stream_name"": $s2.name,
  ""stream_url"": $s2.url
};"
118,List the top 5 games by the number of languages they are streamed in.,"MATCH (s:Stream)-[:PLAYS]->(g:Game),
      (s)-[:HAS_LANGUAGE]->(l:Language)
WITH g.name AS gameName, COUNT(DISTINCT l.name) AS languageCount
RETURN gameName, languageCount
ORDER BY languageCount DESC
LIMIT 5","match
$s isa stream;
$g isa game;
$l isa language;
game_play (streaming_channel: $s, played_game: $g);
language_usage (channel: $s, used_language: $l);
select $l, $g;
distinct;
reduce $count = count groupby $g;
sort $count desc;
limit 5;
fetch { ""gameName"": $g.name, ""languageCount"": $count };"
119,Who are the first 5 moderators in streams that play 'VALORANT'?,"MATCH (s:Stream)-[:PLAYS]->(g:Game {name: 'VALORANT'})
MATCH (s)-[:MODERATOR]->(u:User)
RETURN u.name
ORDER BY s.createdAt
LIMIT 5","match
$s isa stream, has created_at $ca;
$g isa game, has name ""VALORANT"";
game_play (streaming_channel: $s, played_game: $g);
$u isa user, has name $un;
moderation (moderated_channel: $s, moderating_user: $u);
sort $ca;
limit 5;
fetch { ""name"": $un };"
120,Which 3 streams had the most chatters in the past month?,"MATCH (s:Stream)<-[:CHATTER]-(u:User)
WHERE s.createdAt >= datetime() - duration('P1M')
WITH s, COUNT(u) AS chatterCount
ORDER BY chatterCount DESC
LIMIT 3
RETURN s.name AS streamName, chatterCount","match
$s isa stream, has name $n, has created_at $ca;
chat_activity (channel_with_chatters: $s, chatting_user: $u);
$ca >= 2021-04-01T00:00:00;
reduce $count = count($u) groupby $s, $n;
sort $count desc;
limit 3;
fetch { ""stream"": $n, ""chatters"": $count };"
121,List the top 3 games played by streams with a description length over 50 characters.,"MATCH (s:Stream)-[:PLAYS]->(g:Game)
WHERE size(s.description) > 50
RETURN g.name, count(s) AS stream_count
ORDER BY stream_count DESC
LIMIT 3","match
$s isa stream, has description $desc;
game_play (streaming_channel: $s, played_game: $g);
$g isa game;
let $len = len($desc);
$len > 50;
reduce $stream_count = count($s) groupby $g;
sort $stream_count desc;
limit 3;
fetch { ""name"": $g.name, ""stream_count"": $stream_count };"
122,"Which users are chatters in the most streams, listing the first 5.","MATCH (u:User)-[:CHATTER]->(s:Stream)
WITH u, COUNT(s) AS streamCount
ORDER BY streamCount DESC
LIMIT 5
RETURN u.name AS userName, streamCount","match
$u isa user, has name $n;
$s isa stream;
chat_activity (chatting_user: $u, channel_with_chatters: $s);
reduce $count = count($s) groupby $u, $n;
sort $count desc;
limit 5;
fetch { ""userName"": $n, ""streamCount"": $count };"
123,Name the first 3 streams that have had the same game since creation and more than 5 million total views.,"MATCH (s:Stream)-[:PLAYS]->(g:Game)
WHERE s.total_view_count > 5000000
WITH s, g, s.createdAt AS creationDate
ORDER BY creationDate ASC
WITH s, g, collect(s) AS streams
WHERE size(streams) > 1
RETURN s.name AS streamName, g.name AS gameName, s.total_view_count AS totalViews
LIMIT 3","match
  $s isa stream, has total_view_count $tvc, has created_at $ca, has name $sn;
  $tvc > 5000000;
  $g isa game, has name $gn;
  game_play (streaming_channel: $s, played_game: $g);
sort $ca asc;
limit 3;
fetch {
  ""streamName"": $sn,
  ""gameName"": $gn,
  ""totalViews"": $tvc
};"
124,List the first 5 streams that have a description mentioning 'channel'.,"MATCH (s:Stream)
WHERE s.description CONTAINS 'channel'
RETURN s
ORDER BY s.createdAt
LIMIT 5","match
$s isa stream, has description $d, has created_at $ca;
$d like "".*channel.*"";
sort $ca;
limit 5;
fetch {
  ""name"": $s.name,
  ""description"": $d,
  ""url"": $s.url,
  ""created_at"": $ca
};"
125,Who are the first 5 users who are moderators in streams with over a million followers?,"MATCH (u:User)-[:MODERATOR]->(s:Stream)
WHERE s.followers > 1000000
RETURN u.name
LIMIT 5","match
$u isa user;
$s isa stream, has followers $f;
$f > 1000000;
moderation (moderating_user: $u, moderated_channel: $s);
limit 5;
fetch {
  ""name"": $u.name
};"
126,What are the top 3 streams that have changed their language at least once?,"MATCH (s:Stream)-[:HAS_LANGUAGE]->(l:Language)
WITH s, COUNT(l) AS language_count
WHERE language_count > 1
RETURN s.name AS stream_name, language_count
ORDER BY language_count DESC
LIMIT 3","match
$s isa stream;
language_usage (channel: $s, used_language: $l);
reduce $language_count = count($l) groupby $s;
match
$language_count > 1;
sort $language_count desc;
limit 3;
fetch {
  ""stream_name"": $s.name,
  ""language_count"": $language_count
};"
127,Which streams have no team associated and list the first 5.,"MATCH (s:Stream)
WHERE NOT (s)-[:HAS_TEAM]->(:Team)
RETURN s.name, s.url, s.followers, s.total_view_count
LIMIT 5","match
$s isa stream;
not { team_membership (member_stream: $s); };
limit 5;
fetch {
  ""name"": $s.name,
  ""url"": $s.url,
  ""followers"": $s.followers,
  ""total_view_count"": $s.total_view_count
};"
128,Who are the first 3 moderators for the oldest stream?,"MATCH (s:Stream)
WITH s
ORDER BY s.createdAt ASC
LIMIT 1
MATCH (s)-[:MODERATOR]->(u:User)
RETURN u.name
LIMIT 3","with fun oldest_stream_date() -> datetime:
  match $s isa stream, has created_at $d;
  return min($d);
match
  $s isa stream, has created_at $d;
  let $min_d = oldest_stream_date();
  $d == $min_d;
  moderation (moderated_channel: $s, moderating_user: $u);
  $u has name $n;
limit 3;
fetch { ""name"": $n };"
129,List the first 5 streams that have a game played by less than 10 other streams.,"// First, find games that are played by less than 10 streams
MATCH (g:Game)<-[:PLAYS]-(s:Stream)
WITH g, count(s) as streamCount
WHERE streamCount < 10

// Then, find the first 5 streams that play these games
MATCH (s:Stream)-[:PLAYS]->(g)
RETURN s.name AS streamName, g.name AS gameName
ORDER BY s.createdAt
LIMIT 5","match
$g isa game;
game_play (streaming_channel: $s, played_game: $g);
$s isa stream;
reduce $stream_count = count($s) groupby $g;
match
$stream_count < 10;
game_play (streaming_channel: $s2, played_game: $g);
$s2 isa stream, has name $sn, has created_at $ca;
$g has name $gn;
sort $ca asc;
limit 5;
fetch {
  ""streamName"": $sn,
  ""gameName"": $gn
};"
130,Name the first 5 users who are VIPs in streams with descriptions mentioning 'fun'.,"MATCH (s:Stream)-[:VIP]->(u:User)
WHERE s.description CONTAINS 'fun'
RETURN u.name
LIMIT 5","match
$s isa stream, has description $d;
$d like "".*fun.*"";
$u isa user;
vip_status (vip_channel: $s, vip_user: $u);
limit 5;
fetch {
  ""name"": $u.name
};"
132,List the first 5 streams where the game name and the stream name are the same.,"MATCH (s:Stream)-[:PLAYS]->(g:Game)
WHERE s.name = g.name
RETURN s
LIMIT 5","match
$s isa stream, has name $sn;
$g isa game, has name $gn;
game_play (streaming_channel: $s, played_game: $g);
$sn == $gn;
limit 5;
fetch {
  ""stream_name"": $s.name
};"
133,"Who are the first 5 users who have been VIPs in streams with fewer than 10,000 followers?","MATCH (u:User)-[:VIP]->(s:Stream)
WHERE s.followers < 10000
RETURN u.name
ORDER BY s.createdAt
LIMIT 5","match
$u isa user;
$s isa stream, has followers $f, has created_at $ca;
$f < 10000;
vip_status (vip_user: $u, vip_channel: $s);
sort $ca;
limit 5;
fetch { ""name"": $u.name };"
134,What are the first 3 streams that have a user chatter who also has a moderator role in another stream?,"MATCH (s1:Stream)<-[:CHATTER]-(u:User)-[:MODERATOR]->(s2:Stream)
WITH s1, u
ORDER BY s1.createdAt
LIMIT 3
RETURN s1.name AS stream_name, s1.url AS stream_url, u.name AS user_name","match
$s1 isa stream, has created_at $ca;
$u isa user;
chat_activity (chatting_user: $u, channel_with_chatters: $s1);
moderation (moderating_user: $u, moderated_channel: $s2);
$s2 isa stream;
sort $ca asc;
limit 3;
fetch {
  ""stream_name"": $s1.name,
  ""stream_url"": $s1.url,
  ""user_name"": $u.name
};"
135,List the first 5 streams that have the most languages associated with them.,"MATCH (s:Stream)-[:HAS_LANGUAGE]->(l:Language)
WITH s, COUNT(l) AS languageCount
ORDER BY languageCount DESC
LIMIT 5
RETURN s.name AS streamName, languageCount","match
$s isa stream;
$l isa language;
language_usage (channel: $s, used_language: $l);
reduce $languageCount = count($l) groupby $s;
sort $languageCount desc;
limit 5;
fetch {
  ""streamName"": $s.name,
  ""languageCount"": $languageCount
};"
136,"Which streams have been moderated by users with the most followers, listing the top 3?","// First, find the users with the most followers
MATCH (u:User)-[:MODERATOR]->(s:Stream)
WITH u, s
ORDER BY s.followers DESC
LIMIT 3

// Then, find the streams moderated by these top users
MATCH (u)-[:MODERATOR]->(moderatedStream:Stream)
RETURN moderatedStream.name AS StreamName, moderatedStream.url AS StreamURL, moderatedStream.followers AS Followers
ORDER BY moderatedStream.followers DESC
LIMIT 3","match
$u isa user, has followers $uf;
$s isa stream;
moderation (moderating_user: $u, moderated_channel: $s);
sort $uf desc;
limit 3;
fetch {
  ""stream_name"": $s.name,
  ""stream_url"": $s.url,
  ""stream_followers"": $s.followers
};"
137,"List the first 3 games that have been featured in streams with a team having over 1,000 followers.","MATCH (s:Stream)-[:PLAYS]->(g:Game)
MATCH (s)-[:HAS_TEAM]->(t:Team)
WHERE s.followers > 1000
RETURN DISTINCT g.name
LIMIT 3","match $s isa stream, has followers $f; $f > 1000; game_play (streaming_channel: $s, played_game: $g); team_membership (member_stream: $s, organization: $t); select $g; distinct; limit 3; fetch { ""name"": $g.name };"
138,List the first 3 teams with the most streams playing 'Dota 2'.,"MATCH (s:Stream)-[:PLAYS]->(g:Game {name: 'Dota 2'})
MATCH (s)-[:HAS_TEAM]->(t:Team)
WITH t, COUNT(s) AS stream_count
ORDER BY stream_count DESC
LIMIT 3
RETURN t.name AS team_name, stream_count","match
$s isa stream;
$g isa game, has name ""Dota 2"";
game_play (streaming_channel: $s, played_game: $g);
$t isa team;
team_membership (member_stream: $s, organization: $t);
reduce $count = count($s) groupby $t;
sort $count desc;
limit 3;
fetch {
  ""team_name"": $t.name,
  ""stream_count"": $count
};"
139,Who are the first 5 users who have been moderators in streams with a language other than 'en'?,"MATCH (u:User)-[:MODERATOR]->(s:Stream)-[:HAS_LANGUAGE]->(l:Language)
WHERE l.name <> 'en'
RETURN u.name
LIMIT 5","match
$u isa user, has name $n;
$s isa stream;
$l isa language, has name $ln;
moderation (moderating_user: $u, moderated_channel: $s);
language_usage (channel: $s, used_language: $l);
$ln != ""en"";
limit 5;
fetch {
  ""name"": $n
};"
140,Who are the first 5 moderators in streams that have changed games at least twice?,"MATCH (s:Stream)-[:PLAYS]->(g:Game)
WITH s, COUNT(g) AS gameCount
WHERE gameCount >= 3
MATCH (s)-[:MODERATOR]->(u:User)
RETURN u.name AS moderatorName
ORDER BY s.createdAt
LIMIT 5","match
$s isa stream;
game_play (streaming_channel: $s, played_game: $g);
reduce $game_count = count($g) groupby $s;
match
$game_count >= 3;
moderation (moderated_channel: $s, moderating_user: $u);
$u has name $moderator_name;
$s has created_at $ca;
sort $ca asc;
limit 5;
fetch { ""moderatorName"": $moderator_name };"
142,"Which streams are the first 3 that have a VIP user with over 500,000 followers?","MATCH (s:Stream)-[:VIP]->(u:User)
WHERE u.followers > 500000
RETURN s
ORDER BY s.createdAt
LIMIT 3","match
$s isa stream, has created_at $ca;
$u isa user, has followers $f;
vip_status (channel_with_vips: $s, vip_user: $u);
$f > 500000;
sort $ca asc;
limit 3;
fetch {
  ""stream"": $s.name
};"
143,What are the first 5 streams that have a user who is both a moderator and a VIP?,"MATCH (s:Stream)-[:MODERATOR]->(u:User)-[:VIP]->(s)
RETURN s
ORDER BY s.createdAt
LIMIT 5","match
$s isa stream, has created_at $ca;
$u isa user;
moderation (moderated_channel: $s, moderating_user: $u);
vip_status (channel_with_vips: $s, vip_user: $u);
sort $ca asc;
limit 5;
fetch {
  ""stream"": $s.name,
  ""created_at"": $ca
};"
144,Which game is streamed by the most teams and list the first 3 teams?,"MATCH (s:Stream)-[:PLAYS]->(g:Game),
      (s)-[:HAS_TEAM]->(t:Team)
WITH g, t, COUNT(DISTINCT t) AS teamCount
ORDER BY teamCount DESC
LIMIT 1
WITH g
MATCH (s:Stream)-[:PLAYS]->(g),
      (s)-[:HAS_TEAM]->(t:Team)
RETURN g.name AS game, COLLECT(t.name)[0..3] AS topTeams","match
$s isa stream;
game_play (streaming_channel: $s, played_game: $g);
team_membership (member_stream: $s, organization: $t);
select $g, $t;
distinct;
reduce $count = count($t) groupby $g;
sort $count desc;
limit 1;
match
$s2 isa stream;
game_play (streaming_channel: $s2, played_game: $g);
team_membership (member_stream: $s2, organization: $t2);
$t2 has name $tn;
select $g, $t2, $tn;
distinct;
sort $tn;
limit 3;
fetch { ""game"": $g.name, ""team"": $t2.name };"
145,What are the first 3 streams that have a team with more than 5 streams?,"MATCH (t:Team)<-[:HAS_TEAM]-(s:Stream)
WITH t, COUNT(s) AS streamCount
WHERE streamCount > 5
MATCH (t)<-[:HAS_TEAM]-(s:Stream)
RETURN s
ORDER BY s.createdAt ASC
LIMIT 3","match
$t isa team;
$s isa stream;
team_membership (member_stream: $s, organization: $t);
reduce $stream_count = count($s) groupby $t;
match
$stream_count > 5;
$s2 isa stream;
team_membership (member_stream: $s2, organization: $t);
$s2 has created_at $ca;
sort $ca asc;
limit 3;
fetch {
  ""stream"": $s2.name
};"
146,Who are the first 5 chatters in the stream with the highest follower count?,"MATCH (s:Stream)-[:CHATTER]->(u:User)
WITH s, u
ORDER BY s.followers DESC
LIMIT 1
MATCH (s)-[:CHATTER]->(first5Chatters:User)
RETURN first5Chatters.name
LIMIT 5","with fun max_followers() -> integer:
    match $s isa stream, has followers $f;
    chat_activity (channel_with_chatters: $s);
    return max($f);
match
$s isa stream, has followers $f;
let $max = max_followers();
$f == $max;
chat_activity (channel_with_chatters: $s, chatting_user: $u);
$u has name $n;
limit 5;
fetch { ""name"": $n };"
147,List the first 3 streams with the oldest teams associated with them.,"MATCH (s:Stream)-[:HAS_TEAM]->(t:Team)
WITH s, t
ORDER BY t.createdAt ASC
RETURN s.name AS stream_name, t.name AS team_name, t.createdAt AS team_createdAt
LIMIT 3","match
$s isa stream;
$t isa team, has created_at $ca;
team_membership (member_stream: $s, organization: $t);
sort $ca asc;
limit 3;
fetch {
  ""stream_name"": $s.name,
  ""team_name"": $t.name,
  ""team_createdAt"": $ca
};"
148,Which 3 users have chatted in the most streams and what are their names?,"MATCH (u:User)-[:CHATTER]->(s:Stream)
WITH u, COUNT(s) AS streamCount
ORDER BY streamCount DESC
LIMIT 3
RETURN u.name, streamCount","match
$u isa user, has name $n;
$s isa stream;
chat_activity (chatting_user: $u, channel_with_chatters: $s);
reduce $count = count($s) groupby $u, $n;
sort $count desc;
limit 3;
fetch { ""name"": $n, ""stream_count"": $count };"
149,Name the first 5 streams that are part of a team with no other streams.,"MATCH (s:Stream)-[:HAS_TEAM]->(t:Team)
WITH t, COUNT(s) AS streamCount, COLLECT(s) AS streams
WHERE streamCount = 1
UNWIND streams AS singleStream
RETURN singleStream.name AS streamName, singleStream.url AS streamUrl
ORDER BY singleStream.createdAt
LIMIT 5","match
$s isa stream;
$t isa team;
team_membership (member_stream: $s, organization: $t);
reduce $count = count($s) groupby $t;
match
$count == 1;
team_membership (member_stream: $s2, organization: $t);
$s2 has created_at $ca;
sort $ca asc;
limit 5;
fetch { ""streamName"": $s2.name, ""streamUrl"": $s2.url };"
150,What are the URLs of the first 3 streams with the most languages spoken?,"MATCH (s:Stream)-[:HAS_LANGUAGE]->(l:Language)
WITH s, COUNT(l) AS languageCount
ORDER BY languageCount DESC
LIMIT 3
RETURN s.url","match
$s isa stream;
$l isa language;
language_usage (channel: $s, used_language: $l);
reduce $count = count($l) groupby $s;
sort $count desc;
limit 3;
fetch { ""url"": $s.url };"
151,List the first 5 streams that have been moderated by the same user for over 5 years.,"MATCH (u:User)-[mod:MODERATOR]->(s:Stream)
WHERE datetime() - mod.since > duration('P5Y')
RETURN s.name AS stream_name, s.url AS stream_url, u.name AS moderator_name
ORDER BY mod.since
LIMIT 5","match
  $s isa stream, has name $sn, has created_at $sca;
  moderation (moderated_channel: $s, moderating_channel: $m);
  $m has name $mn, has created_at $mca;
  $mca < 2016-01-01T00:00:00;
sort $sca asc;
limit 5;
fetch { ""stream"": $sn, ""moderator"": $mn };"
152,Who are the first 3 VIPs in streams with a total view count exceeding 10 million?,"MATCH (s:Stream)-[:VIP]->(u:User)
WHERE s.total_view_count > 10000000
RETURN u.name AS VIP_Name, s.name AS Stream_Name
ORDER BY s.createdAt
LIMIT 3","match
$s isa stream, has total_view_count $tvc, has created_at $ca;
$tvc > 10000000;
$u isa user;
vip_status (vip_channel: $s, vip_user: $u);
sort $ca asc;
limit 3;
fetch {
  ""VIP_Name"": $u.name,
  ""Stream_Name"": $s.name
};"
153,"Which streams with a description mentioning 'streaming' have the most followers, listing the first 5?","MATCH (s:Stream)
WHERE s.description CONTAINS 'streaming'
RETURN s.name, s.followers
ORDER BY s.followers DESC
LIMIT 5","match
$s isa stream, has description $d;
$d like "".*streaming.*"";
$s has followers $f;
sort $f desc;
limit 5;
fetch {
  ""name"": $s.name,
  ""followers"": $f
};"
154,Name the first 5 streams with the lowest follower count and still active.,"MATCH (s:Stream)
WHERE s.followers IS NOT NULL
RETURN s.name, s.followers
ORDER BY s.followers ASC
LIMIT 5","match
$s isa stream, has name $name, has followers $f;
sort $f asc;
limit 5;
fetch {
  ""name"": $name,
  ""followers"": $f
};"
155,What are the first 3 streams that are part of a team with the most streams?,"// Step 1: Find the team with the most streams
MATCH (s:Stream)-[:HAS_TEAM]->(t:Team)
WITH t, COUNT(s) AS streamCount
ORDER BY streamCount DESC
LIMIT 1

// Step 2: Find the first 3 streams that are part of this team
MATCH (s:Stream)-[:HAS_TEAM]->(t)
RETURN s
ORDER BY s.createdAt ASC
LIMIT 3","match
$s isa stream;
team_membership (member_stream: $s, organization: $t);
reduce $count = count($s) groupby $t;
sort $count desc;
limit 1;
match
$s2 isa stream;
team_membership (member_stream: $s2, organization: $t);
$s2 has created_at $ca;
sort $ca asc;
limit 3;
fetch { ""stream"": $s2.name };"
156,List the first 5 games with streams that have been active for over 10 years.,"MATCH (s:Stream)-[:PLAYS]->(g:Game)
WHERE datetime().epochMillis - s.createdAt.epochMillis > 10 * 365 * 24 * 60 * 60 * 1000
RETURN DISTINCT g.name
LIMIT 5","match
  $g isa game, has name $gn;
  game_play (streaming_channel: $s, played_game: $g);
  $s has created_at $ca;
  $ca < 2011-01-01T00:00:00;
limit 5;
fetch { ""game"": $gn };"
157,Who are the first 3 users who have VIP status in streams playing 'Rust'?,"MATCH (s:Stream)-[:PLAYS]->(g:Game {name: 'Rust'})
MATCH (s)-[:VIP]->(u:User)
RETURN u.name
LIMIT 3","match
$s isa stream;
$g isa game, has name ""Rust"";
game_play (streaming_channel: $s, played_game: $g);
vip_status (channel_with_vips: $s, vip_user: $u);
limit 3;
fetch { ""name"": $u.name };"
158,Which are the first 5 streams that have more than one language associated with them?,"MATCH (s:Stream)-[:HAS_LANGUAGE]->(l:Language)
WITH s, COUNT(l) AS languageCount
WHERE languageCount > 1
RETURN s.name, s.id, s.createdAt
ORDER BY s.createdAt ASC
LIMIT 5","match
$s isa stream, has created_at $ca;
$l isa language;
language_usage (channel: $s, used_language: $l);
reduce $count = count($l) groupby $s, $ca;
match
$count > 1;
sort $ca asc;
limit 5;
fetch {
  ""name"": $s.name,
  ""id"": $s.stream_id,
  ""createdAt"": $ca
};"
159,What are the top 3 streams by total view count that also have a team associated with them?,"MATCH (s:Stream)-[:HAS_TEAM]->(:Team)
RETURN s.name AS stream_name, s.total_view_count AS view_count
ORDER BY s.total_view_count DESC
LIMIT 3","match
$s isa stream;
team_membership (member_stream: $s, organization: $t);
$s has total_view_count $vc;
sort $vc desc;
limit 3;
fetch {
  ""stream_name"": $s.name,
  ""view_count"": $vc
};"
160,Which teams were created before 2015?,"MATCH (t:Team)
WHERE t.createdAt < datetime('2015-01-01T00:00:00Z')
RETURN t.name","match
$t isa team, has created_at $ca;
$ca < 2015-01-01T00:00:00;
fetch {
  ""name"": $t.name
};"
161,Which streams have the most distinct moderators? List the top 5.,"MATCH (s:Stream)<-[:MODERATOR]-(u:User)
WITH s, COUNT(DISTINCT u) AS moderator_count
ORDER BY moderator_count DESC
LIMIT 5
RETURN s.name AS stream_name, moderator_count","match
$s isa stream;
$u isa user;
moderation (moderated_channel: $s, moderating_user: $u);
select $s, $u;
distinct;
reduce $count = count($u) groupby $s;
sort $count desc;
limit 5;
fetch { ""stream_name"": $s.name, ""moderator_count"": $count };"
162,List streams that have a total view count greater than 500 million.,"MATCH (s:Stream)
WHERE s.total_view_count > 500000000
RETURN s.name, s.url, s.total_view_count","match
$s isa stream, has total_view_count $tvc;
$tvc > 500000000;
fetch {
  ""name"": $s.name,
  ""url"": $s.url,
  ""total_view_count"": $tvc
};"
163,Show the streams that have the most distinct languages.,"MATCH (s:Stream)-[:HAS_LANGUAGE]->(l:Language)
WITH s, count(DISTINCT l) as languageCount
RETURN s.name, languageCount
ORDER BY languageCount DESC
LIMIT 10","match
$s isa stream;
$l isa language;
language_usage (channel: $s, used_language: $l);
select $s, $l;
distinct;
reduce $count = count groupby $s;
sort $count desc;
limit 10;
fetch {
  ""name"": $s.name,
  ""languageCount"": $count
};"
164,List the streams with the most distinct teams associated.,"MATCH (s:Stream)-[:HAS_TEAM]->(t:Team)
WITH s, count(DISTINCT t) as teamCount
RETURN s.name AS streamName, teamCount
ORDER BY teamCount DESC
LIMIT 10","match
$s isa stream, has name $sn;
$t isa team;
team_membership (member_stream: $s, organization: $t);
select $s, $sn, $t;
distinct;
reduce $teamCount = count($t) groupby $s, $sn;
sort $teamCount desc;
limit 10;
fetch { ""streamName"": $sn, ""teamCount"": $teamCount };"
165,What are the names of the top 5 streams with the highest follower counts?,"MATCH (s:Stream)
RETURN s.name
ORDER BY s.followers DESC
LIMIT 5","match
$s isa stream, has followers $f;
sort $f desc;
limit 5;
fetch {
  ""name"": $s.name
};"
166,Which streams have a total view count greater than 5 million but less than 10 million?,"MATCH (s:Stream)
WHERE s.total_view_count > 5000000 AND s.total_view_count < 10000000
RETURN s.name AS stream_name, s.total_view_count AS view_count","match
$s isa stream, has total_view_count $v;
$v > 5000000;
$v < 10000000;
fetch {
  ""stream_name"": $s.name,
  ""view_count"": $v
};"
167,"List the names of the top 3 games most frequently played by streams with over 500,000 followers.","MATCH (s:Stream)-[:PLAYS]->(g:Game)
WHERE s.followers > 500000
WITH g.name AS gameName, COUNT(s) AS streamCount
ORDER BY streamCount DESC
LIMIT 3
RETURN gameName","match
$s isa stream, has followers $f;
$f > 500000;
$g isa game;
game_play (streaming_channel: $s, played_game: $g);
reduce $count = count($s) groupby $g;
sort $count desc;
limit 3;
fetch {
  ""name"": $g.name
};"
168,Which languages are used by streams that have more than 1 million total views?,"MATCH (s:Stream)-[:HAS_LANGUAGE]->(l:Language)
WHERE s.total_view_count > 1000000
RETURN DISTINCT l.name AS language","match
$s isa stream, has total_view_count $tvc;
$tvc > 1000000;
language_usage (channel: $s, used_language: $l);
$l isa language;
select $l;
distinct;
fetch {
  ""language"": $l.name
};"
169,Name the top 3 users who are moderators for more than one stream.,"MATCH (u:User)-[:MODERATOR]->(s:Stream)
WITH u, COUNT(s) AS streamCount
WHERE streamCount > 1
RETURN u.name AS userName, streamCount
ORDER BY streamCount DESC
LIMIT 3","match
$u isa user;
$s isa stream;
moderation (moderating_user: $u, moderated_channel: $s);
reduce $streamCount = count($s) groupby $u;
match $streamCount > 1;
sort $streamCount desc;
limit 3;
fetch { ""userName"": $u.name, ""streamCount"": $streamCount };"
170,Which streams have the most distinct games played? List the top 5.,"MATCH (s:Stream)-[:PLAYS]->(g:Game)
WITH s, COUNT(DISTINCT g) AS distinctGames
ORDER BY distinctGames DESC
LIMIT 5
RETURN s.name AS streamName, distinctGames","match
$s isa stream;
$g isa game;
game_play (streaming_channel: $s, played_game: $g);
select $s, $g;
distinct;
reduce $count = count($g) groupby $s;
sort $count desc;
limit 5;
fetch { ""streamName"": $s.name, ""distinctGames"": $count };"
171,"What are the names of streams that play the game 'Rust' and have more than 100,000 followers?","MATCH (s:Stream)-[:PLAYS]->(g:Game {name: 'Rust'})
WHERE s.followers > 100000
RETURN s.name","match
$s isa stream, has followers $f;
$g isa game, has name ""Rust"";
game_play (streaming_channel: $s, played_game: $g);
$f > 100000;
fetch {
  ""name"": $s.name
};"
172,List the names of the top 5 users who are VIPs in the most number of different streams.,"MATCH (u:User)-[:VIP]->(s:Stream)
WITH u, COUNT(DISTINCT s) AS streamCount
ORDER BY streamCount DESC
LIMIT 5
RETURN u.name AS userName, streamCount","match
$u isa user, has name $name;
$s isa stream;
vip_status (vip_user: $u, vip_channel: $s);
reduce $count = count($s) groupby $u, $name;
sort $count desc;
limit 5;
fetch {
  ""userName"": $name,
  ""streamCount"": $count
};"
173,"What are the names of streams that have the language 'en' and more than 50,000 followers?","MATCH (s:Stream)-[:HAS_LANGUAGE]->(l:Language)
WHERE l.name = 'en' AND s.followers > 50000
RETURN s.name","match
  $s isa stream, has name $sn, has followers $f;
  $l isa language, has name ""en"";
  language_usage (channel: $s, used_language: $l);
  $f > 50000;
fetch {
  ""name"": $sn
};"
174,Which teams are associated with more than three different streams?,"MATCH (t:Team)<-[:HAS_TEAM]-(s:Stream)
WITH t, count(s) as streamCount
WHERE streamCount > 3
RETURN t.name","match
$t isa team;
$s isa stream;
team_membership (member_stream: $s, organization: $t);
reduce $streamCount = count($s) groupby $t;
match
$streamCount > 3;
$t has name $n;
fetch {
  ""name"": $n
};"
175,List the names of games played by streams that have chatters also listed as VIPs.,"MATCH (s:Stream)-[:PLAYS]->(g:Game),
      (s)-[:CHATTER]->(u:User),
      (s)-[:VIP]->(u)
RETURN DISTINCT g.name AS game_name","match
$s isa stream;
$g isa game, has name $gn;
$u isa user;
game_play (streaming_channel: $s, played_game: $g);
chat_activity (channel_with_chatters: $s, chatting_user: $u);
vip_status (channel_with_vips: $s, vip_user: $u);
select $gn;
distinct;
fetch { ""game_name"": $gn };"
176,What are the names of the top 5 users who are moderators in streams that have more than 1 million total views?,"MATCH (s:Stream)-[:MODERATOR]->(u:User)
WHERE s.total_view_count > 1000000
RETURN u.name AS moderator_name, COUNT(s) AS moderated_streams
ORDER BY moderated_streams DESC
LIMIT 5","match
$s isa stream, has total_view_count $tvc;
$tvc > 1000000;
$u isa user;
moderation (moderated_channel: $s, moderating_user: $u);
reduce $count = count($s) groupby $u;
sort $count desc;
limit 5;
fetch { ""moderator_name"": $u.name, ""moderated_streams"": $count };"
177,Which streams have a total view count of between 1 million and 2 million and are moderated by at least three different users?,"MATCH (s:Stream)-[:MODERATOR]->(u:User)
WHERE s.total_view_count >= 1000000 AND s.total_view_count <= 2000000
WITH s, COUNT(DISTINCT u) AS moderators
WHERE moderators >= 3
RETURN s.name AS stream_name, s.total_view_count AS view_count, moderators","match
$s isa stream, has total_view_count $tvc;
$tvc >= 1000000;
$tvc <= 2000000;
moderation (moderated_channel: $s, moderating_user: $u);
reduce $moderators = count($u) groupby $s;
match
$moderators >= 3;
fetch {
  ""stream_name"": $s.name,
  ""view_count"": $s.total_view_count,
  ""moderators"": $moderators
};"
178,List the names of the top 3 streams that have the most chatters.,"MATCH (s:Stream)<-[:CHATTER]-(u:User)
WITH s, COUNT(u) AS chatterCount
ORDER BY chatterCount DESC
LIMIT 3
RETURN s.name AS streamName, chatterCount","match
$s isa stream;
$u isa user;
chat_activity (channel_with_chatters: $s, chatting_user: $u);
reduce $count = count($u) groupby $s;
sort $count desc;
limit 3;
fetch { ""streamName"": $s.name, ""chatterCount"": $count };"
179,Which streams have been created after 2018 and are part of a team created before 2015?,"MATCH (s:Stream)-[:HAS_TEAM]->(t:Team)
WHERE s.createdAt > datetime('2018-01-01T00:00:00Z') AND t.createdAt < datetime('2015-01-01T00:00:00Z')
RETURN s.name AS stream_name, s.createdAt AS stream_created_at, t.name AS team_name, t.createdAt AS team_created_at","match
$s isa stream, has created_at $sc;
$t isa team, has created_at $tc;
team_membership (member_stream: $s, organization: $t);
$sc > 2018-01-01T00:00:00;
$tc < 2015-01-01T00:00:00;
fetch {
  ""stream_name"": $s.name,
  ""stream_created_at"": $sc,
  ""team_name"": $t.name,
  ""team_created_at"": $tc
};"
180,Find the streams with the most user chatters.,"MATCH (s:Stream)<-[:CHATTER]-(u:User)
WITH s, COUNT(u) AS chatterCount
ORDER BY chatterCount DESC
LIMIT 1
RETURN s.name AS streamName, chatterCount","match
$s isa stream, has name $name;
$u isa user;
chat_activity (channel_with_chatters: $s, chatting_user: $u);
reduce $chatter_count = count($u) groupby $s, $name;
sort $chatter_count desc;
limit 1;
fetch { ""streamName"": $name, ""chatterCount"": $chatter_count };"
181,List the top 5 streams by number of games played.,"MATCH (s:Stream)-[:PLAYS]->(g:Game)
WITH s, COUNT(g) AS gameCount
ORDER BY gameCount DESC
LIMIT 5
RETURN s.name AS streamName, gameCount","match
$s isa stream;
$g isa game;
game_play (streaming_channel: $s, played_game: $g);
reduce $gameCount = count($g) groupby $s;
sort $gameCount desc;
limit 5;
fetch {
  ""streamName"": $s.name,
  ""gameCount"": $gameCount
};"
182,Show the 3 newest teams associated with streams.,"MATCH (s:Stream)-[:HAS_TEAM]->(t:Team)
RETURN t.name, t.createdAt
ORDER BY t.createdAt DESC
LIMIT 3","match
$s isa stream;
$t isa team;
team_membership (member_stream: $s, organization: $t);
$t has created_at $ca;
sort $ca desc;
limit 3;
fetch {
  ""name"": $t.name,
  ""createdAt"": $ca
};"
183,List the 3 streams that have been followed by more than 1 million users.,"MATCH (s:Stream)
WHERE s.followers > 1000000
RETURN s.name, s.followers
ORDER BY s.followers DESC
LIMIT 3","match
$s isa stream, has followers $f;
$f > 1000000;
sort $f desc;
limit 3;
fetch {
  ""name"": $s.name,
  ""followers"": $f
};"
184,Identify the streams with the highest total view count that have a user moderator.,"MATCH (s:Stream)-[:MODERATOR]->(:User)
RETURN s.name, s.total_view_count
ORDER BY s.total_view_count DESC
LIMIT 1","match
$s isa stream, has total_view_count $tvc;
moderation (moderated_channel: $s, moderating_user: $u);
sort $tvc desc;
limit 1;
fetch {
  ""name"": $s.name,
  ""total_view_count"": $tvc
};"
185,Which streams have the most followers but fewer than 1 million total views?,"MATCH (s:Stream)
WHERE s.total_view_count < 1000000
RETURN s.name, s.followers, s.total_view_count
ORDER BY s.followers DESC
LIMIT 10","match
$s isa stream, has total_view_count $tvc, has followers $f;
$tvc < 1000000;
sort $f desc;
limit 10;
fetch {
  ""name"": $s.name,
  ""followers"": $f,
  ""total_view_count"": $tvc
};"
186,Show the 3 streams with the most users as chatters.,"MATCH (s:Stream)<-[:CHATTER]-(u:User)
WITH s, COUNT(u) AS chatterCount
ORDER BY chatterCount DESC
LIMIT 3
RETURN s.name AS streamName, chatterCount","match
$s isa stream;
$u isa user;
chat_activity (channel_with_chatters: $s, chatting_user: $u);
reduce $chatter_count = count($u) groupby $s;
sort $chatter_count desc;
limit 3;
fetch { ""streamName"": $s.name, ""chatterCount"": $chatter_count };"
187,List the top 5 streams that are part of the team with the newest creation date.,"// Step 1: Find the team with the newest creation date
MATCH (t:Team)
WITH t
ORDER BY t.createdAt DESC
LIMIT 1

// Step 2: Find the streams that are part of this team
MATCH (s:Stream)-[:HAS_TEAM]->(t)
WITH s
ORDER BY s.followers DESC
LIMIT 5

// Step 3: Return the top 5 streams based on followers
RETURN s.name AS stream_name, s.followers AS followers, s.url AS stream_url","match
$t isa team, has created_at $ca;
not { $t2 isa team, has created_at $ca2; $ca2 > $ca; };
team_membership (member_stream: $s, organization: $t);
$s has followers $f;
sort $f desc;
limit 5;
fetch {
  ""stream_name"": $s.name,
  ""followers"": $f,
  ""stream_url"": $s.url
};"
188,Find the 3 streams that have the most distinct games played.,"MATCH (s:Stream)-[:PLAYS]->(g:Game)
WITH s, COUNT(DISTINCT g) AS distinctGames
ORDER BY distinctGames DESC
LIMIT 3
RETURN s.name AS streamName, distinctGames","match
$s isa stream;
game_play (streaming_channel: $s, played_game: $g);
select $s, $g;
distinct;
reduce $count = count groupby $s;
sort $count desc;
limit 3;
fetch { ""streamName"": $s.name, ""distinctGames"": $count };"
189,Which streams have the highest number of user VIPs?,"MATCH (s:Stream)-[:VIP]->(u:User)
WITH s, COUNT(u) AS vip_count
RETURN s.name AS stream_name, vip_count
ORDER BY vip_count DESC
LIMIT 1","match
$s isa stream;
vip_status (channel_with_vips: $s, vip_user: $u);
reduce $vip_count = count($u) groupby $s;
sort $vip_count desc;
limit 1;
fetch {
  ""stream_name"": $s.name,
  ""vip_count"": $vip_count
};"
190,List the top 5 streams that have the most user moderators.,"MATCH (s:Stream)<-[:MODERATOR]-(u:User)
WITH s, COUNT(u) AS moderator_count
ORDER BY moderator_count DESC
LIMIT 5
RETURN s.name AS stream_name, moderator_count","match
$s isa stream;
$u isa user;
moderation (moderated_channel: $s, moderating_user: $u);
reduce $count = count($u) groupby $s;
sort $count desc;
limit 5;
fetch { ""stream_name"": $s.name, ""moderator_count"": $count };"
191,Identify the top 3 users who are chatters in the most streams.,"MATCH (u:User)-[:CHATTER]->(s:Stream)
WITH u, COUNT(s) AS streamCount
ORDER BY streamCount DESC
LIMIT 3
RETURN u.name AS userName, streamCount","match
$u isa user, has name $name;
$s isa stream;
chat_activity (chatting_user: $u, channel_with_chatters: $s);
reduce $count = count($s) groupby $u, $name;
sort $count desc;
limit 3;
fetch { ""userName"": $name, ""streamCount"": $count };"
192,Show the streams that have the most teams associated with them.,"MATCH (s:Stream)-[:HAS_TEAM]->(t:Team)
WITH s, COUNT(t) AS teamCount
ORDER BY teamCount DESC
RETURN s.name AS streamName, teamCount
LIMIT 10","match
$s isa stream;
$t isa team;
team_membership (member_stream: $s, organization: $t);
reduce $teamCount = count($t) groupby $s;
sort $teamCount desc;
limit 10;
fetch {
  ""streamName"": $s.name,
  ""teamCount"": $teamCount
};"
193,List the 3 streams with the most distinct teams associated.,"MATCH (s:Stream)-[:HAS_TEAM]->(t:Team)
WITH s, COUNT(DISTINCT t) AS teamCount
ORDER BY teamCount DESC
LIMIT 3
RETURN s.name AS streamName, teamCount","match
$s isa stream;
team_membership (member_stream: $s, organization: $t);
reduce $teamCount = count($t) groupby $s;
sort $teamCount desc;
limit 3;
fetch {
  ""streamName"": $s.name,
  ""teamCount"": $teamCount
};"
194,Find the streams that have a user named 'itsbigchase' as a chatter and a VIP.,"MATCH (u:User {name: 'itsbigchase'})
MATCH (s:Stream)-[:CHATTER]->(u)
MATCH (s)-[:VIP]->(u)
RETURN s","match
$u isa user, has name ""itsbigchase"";
$s isa stream;
chat_activity (channel_with_chatters: $s, chatting_user: $u);
vip_status (channel_with_vips: $s, vip_user: $u);
fetch {
  ""stream"": $s.name
};"
195,Which streams have the most languages? List the top 5.,"MATCH (s:Stream)-[:HAS_LANGUAGE]->(l:Language)
WITH s, COUNT(l) AS languageCount
ORDER BY languageCount DESC
LIMIT 5
RETURN s.name AS streamName, languageCount","match
$s isa stream;
$l isa language;
language_usage (channel: $s, used_language: $l);
reduce $count = count($l) groupby $s;
sort $count desc;
limit 5;
fetch {
  ""streamName"": $s.name,
  ""languageCount"": $count
};"
196,Show the streams with the most distinct moderators.,"MATCH (s:Stream)-[:MODERATOR]->(u:User)
WITH s, COUNT(DISTINCT u) AS moderator_count
RETURN s.name AS stream_name, moderator_count
ORDER BY moderator_count DESC
LIMIT 10","match
$s isa stream;
$u isa user;
moderation (moderated_channel: $s, moderating_user: $u);
select $s, $u;
distinct;
reduce $moderator_count = count groupby $s;
sort $moderator_count desc;
limit 10;
fetch { ""stream_name"": $s.name, ""moderator_count"": $moderator_count };"
197,List the 3 streams with the most distinct users as VIPs.,"MATCH (s:Stream)-[:VIP]->(u:User)
WITH s, COUNT(DISTINCT u) AS vip_count
ORDER BY vip_count DESC
LIMIT 3
RETURN s.name AS stream_name, vip_count","match
$s isa stream;
$u isa user;
vip_status (channel_with_vips: $s, vip_user: $u);
select $s, $u;
distinct;
reduce $vip_count = count($u) groupby $s;
sort $vip_count desc;
limit 3;
fetch {
  ""stream_name"": $s.name,
  ""vip_count"": $vip_count
};"
198,Identify the streams where 'itsbigchase' is both a moderator and VIP.,"MATCH (u:User {name: 'itsbigchase'})
MATCH (u)-[:MODERATOR]->(s:Stream)
MATCH (u)-[:VIP]->(s)
RETURN s.name AS stream_name, s.url AS stream_url","match
  $u isa user, has name ""itsbigchase"";
  $s isa stream;
  moderation (moderating_user: $u, moderated_channel: $s);
  vip_status (vip_user: $u, vip_channel: $s);
fetch {
  ""stream_name"": $s.name,
  ""stream_url"": $s.url
};"
199,Which streams have a team created before 2015?,"MATCH (s:Stream)-[:HAS_TEAM]->(t:Team)
WHERE t.createdAt < datetime('2015-01-01T00:00:00Z')
RETURN s.name AS stream_name, t.name AS team_name, t.createdAt AS team_created_at","match
$s isa stream;
$t isa team, has created_at $ca;
team_membership (member_stream: $s, organization: $t);
$ca < 2015-01-01T00:00:00;
fetch {
  ""stream_name"": $s.name,
  ""team_name"": $t.name,
  ""team_created_at"": $ca
};"
200,Name the streams that have a user named 'itsbigchase' as a moderator.,"MATCH (u:User {name: 'itsbigchase'})-[:MODERATOR]->(s:Stream)
RETURN s.name AS stream_name","match
$u isa user, has name ""itsbigchase"";
moderation (moderating_user: $u, moderated_channel: $s);
$s isa stream;
fetch {
  ""stream_name"": $s.name
};"
201,Which streams have chatters who are also moderators in other streams?,"MATCH (s1:Stream)<-[:CHATTER]-(u:User)-[:MODERATOR]->(s2:Stream)
RETURN DISTINCT s1.name AS StreamName","match
  $s1 isa stream, has name $n;
  $s2 isa stream;
  $u isa user;
  chat_activity (channel_with_chatters: $s1, chatting_user: $u);
  moderation (moderated_channel: $s2, moderating_user: $u);
select $n;
distinct;
fetch { ""StreamName"": $n };"
202,List the top 5 streams by total view count that have a team associated with them.,"MATCH (s:Stream)-[:HAS_TEAM]->(:Team)
RETURN s.name, s.total_view_count
ORDER BY s.total_view_count DESC
LIMIT 5","match
$s isa stream, has total_view_count $tvc;
team_membership (member_stream: $s, organization: $t);
sort $tvc desc;
limit 5;
fetch {
  ""name"": $s.name,
  ""total_view_count"": $tvc
};"
203,Which streams have VIP users and what are the names of these VIPs?,"MATCH (s:Stream)-[:VIP]->(u:User)
RETURN s.name AS stream_name, u.name AS vip_name","match
$s isa stream;
$u isa user;
vip_status (channel_with_vips: $s, vip_user: $u);
fetch {
  ""stream_name"": $s.name,
  ""vip_name"": $u.name
};"
204,Identify the top 5 teams by the number of associated streams they have.,"MATCH (t:Team)<-[:HAS_TEAM]-(s:Stream)
WITH t, COUNT(s) AS stream_count
ORDER BY stream_count DESC
LIMIT 5
RETURN t.name AS team_name, stream_count","match
$t isa team;
$s isa stream;
team_membership (member_stream: $s, organization: $t);
reduce $count = count($s) groupby $t;
sort $count desc;
limit 5;
fetch {
  ""team_name"": $t.name,
  ""stream_count"": $count
};"
205,List the first 3 users who are moderators for streams playing 'Rust'.,"MATCH (s:Stream)-[:PLAYS]->(g:Game {name: 'Rust'})
MATCH (u:User)-[:MODERATOR]->(s)
RETURN u.name
LIMIT 3","match
$s isa stream;
$g isa game, has name ""Rust"";
game_play (streaming_channel: $s, played_game: $g);
$u isa user;
moderation (moderating_user: $u, moderated_channel: $s);
limit 3;
fetch {
  ""name"": $u.name
};"
206,Which users are VIP in both 'itsbigchase' and another stream?,"MATCH (u:User)-[:VIP]->(s1:Stream {name: 'itsbigchase'}),
      (u)-[:VIP]->(s2:Stream)
WHERE s1 <> s2
RETURN u.name AS vipUser","match
$u isa user, has name $uname;
$s1 isa stream, has name ""itsbigchase"";
$s2 isa stream;
not { $s2 is $s1; };
vip_status (vip_user: $u, channel_with_vips: $s1);
vip_status (vip_user: $u, channel_with_vips: $s2);
fetch {
  ""vipUser"": $uname
};"
207,What are the top 3 streams with the least followers that still have moderators?,"MATCH (s:Stream)-[:MODERATOR]->(:User)
WITH s, COUNT(DISTINCT s) AS mod_count
WHERE mod_count > 0
RETURN s.name AS stream_name, s.followers AS follower_count
ORDER BY follower_count ASC
LIMIT 3","match
$s isa stream;
moderation (moderated_channel: $s, moderating_user: $u);
$s has followers $f;
select $s, $f;
distinct;
sort $f asc;
limit 3;
fetch {
  ""stream_name"": $s.name,
  ""follower_count"": $f
};"
208,Which games are played by streams that have both English and German-speaking users?,"MATCH (s:Stream)-[:PLAYS]->(g:Game),
      (s)-[:HAS_LANGUAGE]->(l1:Language {name: 'en'}),
      (s)-[:HAS_LANGUAGE]->(l2:Language {name: 'de'})
RETURN DISTINCT g.name AS game_name","match $s isa stream; $l1 isa language, has name ""en""; $l2 isa language, has name ""de""; language_usage (channel: $s, used_language: $l1); language_usage (channel: $s, used_language: $l2); game_play (streaming_channel: $s, played_game: $g); select $g; distinct; fetch { ""game_name"": $g.name };"
209,List the top 3 streams that have the most chatters.,"MATCH (s:Stream)<-[:CHATTER]-(u:User)
WITH s, COUNT(u) AS chatterCount
ORDER BY chatterCount DESC
LIMIT 3
RETURN s.name AS streamName, chatterCount","match
$s isa stream;
$u isa user;
chat_activity (channel_with_chatters: $s, chatting_user: $u);
reduce $count = count($u) groupby $s;
sort $count desc;
limit 3;
fetch { ""streamName"": $s.name, ""chatterCount"": $count };"
210,Which users are chatters in streams that have over 10000 total views?,"MATCH (s:Stream)-[:CHATTER]->(u:User)
WHERE s.total_view_count > 10000
RETURN DISTINCT u.name","match
$s isa stream, has total_view_count $tvc;
$tvc > 10000;
$u isa user, has name $n;
chat_activity (channel_with_chatters: $s, chatting_user: $u);
select $n;
distinct;
fetch { ""name"": $n };"
211,What are the names of the first 3 languages used by streams with a description containing 'strategy'?,"MATCH (s:Stream)-[:HAS_LANGUAGE]->(l:Language)
WHERE s.description CONTAINS 'strategy'
RETURN DISTINCT l.name
ORDER BY l.name
LIMIT 3","match
$s isa stream, has description $d;
$d like "".*strategy.*"";
$l isa language, has name $ln;
language_usage (channel: $s, used_language: $l);
select $ln;
distinct;
sort $ln;
limit 3;
fetch {
  ""name"": $ln
};"
212,Identify the first 3 streams that play 'DayZ' and their respective follower counts.,"MATCH (s:Stream)-[:PLAYS]->(g:Game {name: 'DayZ'})
RETURN s.name AS stream_name, s.followers AS follower_count
ORDER BY s.createdAt ASC
LIMIT 3","match
  $s isa stream, has created_at $ca;
  $g isa game, has name ""DayZ"";
  game_play (streaming_channel: $s, played_game: $g);
sort $ca asc;
limit 3;
fetch {
  ""stream_name"": $s.name,
  ""follower_count"": $s.followers
};"
213,What are the descriptions of streams that are moderated by users with names starting with 'c'?,"MATCH (u:User)-[:MODERATOR]->(s:Stream)
WHERE u.name STARTS WITH 'c'
RETURN s.description","match
$u isa user, has name $n;
$s isa stream;
moderation (moderating_user: $u, moderated_channel: $s);
$n like ""^c.*"";
fetch {
  ""description"": $s.description
};"
214,Which streams have users as VIPs and moderators and list those users' names?,"MATCH (s:Stream)-[:VIP]->(u:User)
MATCH (s)-[:MODERATOR]->(u)
RETURN s.name AS stream_name, collect(u.name) AS user_names","match
$s isa stream;
$u isa user;
vip_status (channel_with_vips: $s, vip_user: $u);
moderation (moderated_channel: $s, moderating_user: $u);
fetch {
  ""stream_name"": $s.name,
  ""user_names"": [ $u.name ]
};"
215,How many streams does each game have associated with it? List the top 5 games based on this count.,"MATCH (s:Stream)-[:PLAYS]->(g:Game)
WITH g.name AS gameName, COUNT(s) AS streamCount
ORDER BY streamCount DESC
LIMIT 5
RETURN gameName, streamCount","match
$s isa stream;
$g isa game;
game_play (streaming_channel: $s, played_game: $g);
reduce $count = count($s) groupby $g;
sort $count desc;
limit 5;
fetch {
  ""gameName"": $g.name,
  ""streamCount"": $count
};"
216,What are the first 3 streams that were created after 2019 and their total view count?,"MATCH (s:Stream)
WHERE s.createdAt > datetime(""2019-01-01T00:00:00Z"")
RETURN s.name, s.total_view_count
ORDER BY s.createdAt ASC
LIMIT 3","match
$s isa stream, has created_at $ca;
$ca > 2019-01-01T00:00:00;
sort $ca asc;
limit 3;
fetch {
  ""name"": $s.name,
  ""total_view_count"": $s.total_view_count
};"
217,Which streams are part of teams created after 2018 and what are the team names?,"MATCH (s:Stream)-[:HAS_TEAM]->(t:Team)
WHERE t.createdAt > datetime('2018-01-01T00:00:00Z')
RETURN s.name AS stream_name, t.name AS team_name","match
$s isa stream;
$t isa team, has created_at $ca;
team_membership (member_stream: $s, organization: $t);
$ca > 2018-01-01T00:00:00;
fetch {
  ""stream_name"": $s.name,
  ""team_name"": $t.name
};"
218,List the top 3 users who have moderated the most streams.,"MATCH (u:User)-[:MODERATOR]->(s:Stream)
WITH u, COUNT(s) AS moderatedStreams
ORDER BY moderatedStreams DESC
LIMIT 3
RETURN u.name AS userName, moderatedStreams","match
$u isa user, has name $n;
$s isa stream;
moderation (moderating_user: $u, moderated_channel: $s);
reduce $count = count($s) groupby $u, $n;
sort $count desc;
limit 3;
fetch { ""userName"": $n, ""moderatedStreams"": $count };"
219,List the top 3 games with the most streams playing them.,"MATCH (s:Stream)-[:PLAYS]->(g:Game)
WITH g.name AS gameName, COUNT(s) AS streamCount
ORDER BY streamCount DESC
LIMIT 3
RETURN gameName, streamCount","match
$s isa stream;
$g isa game;
game_play (streaming_channel: $s, played_game: $g);
reduce $count = count($s) groupby $g;
sort $count desc;
limit 3;
fetch { ""gameName"": $g.name, ""streamCount"": $count };"
220,What are the names and URLs of the first 3 streams that are part of a team created before 2015?,"MATCH (s:Stream)-[:HAS_TEAM]->(t:Team)
WHERE t.createdAt < datetime(""2015-01-01T00:00:00Z"")
RETURN s.name AS streamName, s.url AS streamURL
ORDER BY t.createdAt
LIMIT 3","match
$s isa stream;
$t isa team, has created_at $ca;
team_membership (member_stream: $s, organization: $t);
$ca < 2015-01-01T00:00:00;
sort $ca;
limit 3;
fetch {
  ""streamName"": $s.name,
  ""streamURL"": $s.url
};"
221,Show the top 5 games played by streams with the most language diversity.,"MATCH (s:Stream)-[:HAS_LANGUAGE]->(l:Language)
WITH s, count(DISTINCT l) AS language_count
ORDER BY language_count DESC
LIMIT 5
MATCH (s)-[:PLAYS]->(g:Game)
RETURN g.name AS game, count(s) AS stream_count
ORDER BY stream_count DESC
LIMIT 5","match
$s isa stream;
language_usage (channel: $s, used_language: $l);
reduce $lang_count = count($l) groupby $s;
sort $lang_count desc;
limit 5;
match
game_play (streaming_channel: $s, played_game: $g);
reduce $stream_count = count($s) groupby $g;
sort $stream_count desc;
limit 5;
fetch { ""game"": $g.name, ""stream_count"": $stream_count };"
222,List the top 3 users who chatter in more than one stream.,"MATCH (u:User)-[:CHATTER]->(s:Stream)
WITH u, COUNT(DISTINCT s) AS streamCount
WHERE streamCount > 1
RETURN u.name AS userName, streamCount
ORDER BY streamCount DESC
LIMIT 3","match
$u isa user, has name $name;
$s isa stream;
chat_activity (chatting_user: $u, channel_with_chatters: $s);
reduce $stream_count = count($s) groupby $u, $name;
match
$stream_count > 1;
sort $stream_count desc;
limit 3;
fetch {
  ""userName"": $name,
  ""streamCount"": $stream_count
};"
223,Identify the first 3 games played by streams that have at least 5000 followers.,"MATCH (s:Stream)-[:PLAYS]->(g:Game)
WHERE s.followers >= 5000
RETURN g.name AS game_name, s.name AS stream_name, s.followers
ORDER BY s.createdAt
LIMIT 3","match
$s isa stream, has followers $f, has created_at $ca;
$f >= 5000;
$g isa game;
game_play (streaming_channel: $s, played_game: $g);
sort $ca;
limit 3;
fetch {
  ""game_name"": $g.name,
  ""stream_name"": $s.name,
  ""followers"": $f
};"
224,Name the streams that are VIPs in the stream named 'itsbigchase'.,"MATCH (s:Stream {name: 'itsbigchase'})<-[:VIP]-(vipStream:Stream)
RETURN vipStream.name","match
$s isa stream, has name ""itsbigchase"";
$vip isa stream, has name $n;
vip_status (vip_channel: $vip, channel_with_vips: $s);
fetch {
  ""name"": $n
};"
225,"List the names of the top 3 teams associated with streams that have more than 500,000 total views.","MATCH (s:Stream)-[:HAS_TEAM]->(t:Team)
WHERE s.total_view_count > 500000
RETURN t.name, COUNT(s) AS stream_count
ORDER BY stream_count DESC
LIMIT 3","match
$s isa stream, has total_view_count $v;
$v > 500000;
$t isa team;
team_membership (member_stream: $s, organization: $t);
reduce $stream_count = count($s) groupby $t;
sort $stream_count desc;
limit 3;
fetch {
  ""name"": $t.name,
  ""stream_count"": $stream_count
};"
226,Which streams have users named 'gonsabellla' as a VIP?,"MATCH (u:User {name: 'gonsabellla'})-[:VIP]->(s:Stream)
RETURN s.name AS stream_name, s.url AS stream_url","match
$u isa user, has name ""gonsabellla"";
$s isa stream;
vip_status (vip_user: $u, channel_with_vips: $s);
fetch {
  ""stream_name"": $s.name,
  ""stream_url"": $s.url
};"
227,Name the top 3 games played by streams that also have chatters who are VIPs.,"MATCH (s:Stream)-[:PLAYS]->(g:Game),
      (s)-[:CHATTER]->(u:User)-[:VIP]->(s)
WITH g.name AS gameName, COUNT(s) AS streamCount
ORDER BY streamCount DESC
LIMIT 3
RETURN gameName, streamCount","match
$s isa stream;
$g isa game;
$u isa user;
game_play (streaming_channel: $s, played_game: $g);
chat_activity (channel_with_chatters: $s, chatting_user: $u);
vip_status (vip_user: $u, vip_channel: $s);
reduce $stream_count = count($s) groupby $g;
sort $stream_count desc;
limit 3;
fetch { ""gameName"": $g.name, ""streamCount"": $stream_count };"
228,"List the streams that have chatters with the name 'itsbigchase' and more than 100,000 total views.","MATCH (u:User {name: 'itsbigchase'})-[:CHATTER]->(s:Stream)
WHERE s.total_view_count > 100000
RETURN s.name AS stream_name, s.url AS stream_url, s.total_view_count AS total_views","match
$u isa user, has name ""itsbigchase"";
$s isa stream, has total_view_count $tvc;
$tvc > 100000;
chat_activity (chatting_user: $u, channel_with_chatters: $s);
fetch {
  ""stream_name"": $s.name,
  ""stream_url"": $s.url,
  ""total_views"": $tvc
};"
229,Which streams created in 2020 have users who are both moderators and VIPs?,"MATCH (s:Stream)-[:MODERATOR]->(u:User)-[:VIP]->(s)
WHERE s.createdAt >= date(""2020-01-01"") AND s.createdAt < date(""2021-01-01"")
RETURN s.name AS stream_name, s.createdAt AS creation_date, u.name AS user_name","match
$s isa stream, has name $sn, has created_at $ca;
$u isa user, has name $un;
moderation (moderated_channel: $s, moderating_user: $u);
vip_status (channel_with_vips: $s, vip_user: $u);
$ca >= 2020-01-01T00:00:00;
$ca < 2021-01-01T00:00:00;
fetch {
  ""stream_name"": $sn,
  ""creation_date"": $ca,
  ""user_name"": $un
};"
230,Name the top 5 users who have chatted in more than three streams.,"MATCH (u:User)-[:CHATTER]->(s:Stream)
WITH u, COUNT(DISTINCT s) AS streamCount
WHERE streamCount > 3
RETURN u.name AS userName, streamCount
ORDER BY streamCount DESC
LIMIT 5","match
$u isa user, has name $name;
$rel isa chat_activity (chatting_user: $u, channel_with_chatters: $s);
reduce $streamCount = count($s) groupby $u, $name;
match
$streamCount > 3;
sort $streamCount desc;
limit 5;
fetch { ""userName"": $name, ""streamCount"": $streamCount };"
231,List the streams that have the same game played by both itsbigchase and 9linda.,"MATCH (s1:Stream)-[:PLAYS]->(g:Game)<-[:PLAYS]-(s2:Stream)
MATCH (s1)-[:HAS_TEAM]->(t1:Team), (s2)-[:HAS_TEAM]->(t2:Team)
WHERE s1.name = 'itsbigchase' AND s2.name = '9linda'
RETURN DISTINCT s1.name AS Stream1, s2.name AS Stream2, g.name AS Game","match
$s1 isa stream, has name ""itsbigchase"";
$s2 isa stream, has name ""9linda"";
$g isa game, has name $gn;
game_play (streaming_channel: $s1, played_game: $g);
game_play (streaming_channel: $s2, played_game: $g);
fetch {
  ""Stream1"": $s1.name,
  ""Stream2"": $s2.name,
  ""Game"": $gn
};"
232,"Which streams have a user named 'tranth' as a VIP and have more than 10,000 followers?","MATCH (u:User {name: 'tranth'})-[:VIP]->(s:Stream)
WHERE s.followers > 10000
RETURN s.name, s.url, s.followers","match
$u isa user, has name ""tranth"";
$s isa stream, has followers $f;
vip_status (vip_user: $u, channel_with_vips: $s);
$f > 10000;
fetch {
  ""name"": $s.name,
  ""url"": $s.url,
  ""followers"": $f
};"
233,Name the top 3 users who are moderators in the stream with the highest follower count.,"MATCH (s:Stream)-[:MODERATOR]->(u:User)
WITH s, u
ORDER BY s.followers DESC
LIMIT 1
MATCH (s)-[:MODERATOR]->(u:User)
RETURN u.name AS moderator_name
ORDER BY s.followers DESC
LIMIT 3","match
$s isa stream, has followers $f;
reduce $max_f = max($f);
match
$s2 isa stream, has followers $f2;
$f2 == $max_f;
moderation (moderated_channel: $s2, moderating_user: $u);
$u has name $n;
limit 3;
fetch { ""moderator_name"": $n };"
234,List the names of teams that have been involved with streams that play 'Just Chatting' and have total views over 1 million.,"MATCH (s:Stream)-[:PLAYS]->(g:Game {name: 'Just Chatting'})
WHERE s.total_view_count > 1000000
MATCH (s)-[:HAS_TEAM]->(t:Team)
RETURN DISTINCT t.name","match
  $s isa stream, has total_view_count $tvc;
  $tvc > 1000000;
  $g isa game, has name ""Just Chatting"";
  game_play (streaming_channel: $s, played_game: $g);
  $t isa team, has name $tn;
  team_membership (member_stream: $s, organization: $t);
select $tn;
distinct;
fetch {
  ""team_name"": $tn
};"
235,Which streams are moderated by users who are also VIPs in the same stream?,"MATCH (s:Stream)<-[:MODERATOR]-(u:User)-[:VIP]->(s)
RETURN s.name AS stream_name, u.name AS moderator_vip_name","match
$s isa stream;
$u isa user;
moderation (moderating_user: $u, moderated_channel: $s);
vip_status (vip_user: $u, vip_channel: $s);
fetch {
  ""stream_name"": $s.name,
  ""moderator_vip_name"": $u.name
};"
236,What are the top 3 streams with the highest follower counts?,"MATCH (s:Stream)
RETURN s.name, s.followers
ORDER BY s.followers DESC
LIMIT 3","match
$s isa stream, has followers $f;
sort $f desc;
limit 3;
fetch {
  ""name"": $s.name,
  ""followers"": $f
};"
237,Which streams have a total view count greater than 1 million and what games are they playing?,"MATCH (s:Stream)-[:PLAYS]->(g:Game)
WHERE s.total_view_count > 1000000
RETURN s.name AS stream_name, g.name AS game_name","match
$s isa stream, has total_view_count $tvc;
$g isa game;
game_play (streaming_channel: $s, played_game: $g);
$tvc > 1000000;
fetch {
  ""stream_name"": $s.name,
  ""game_name"": $g.name
};"
238,"List the first 3 languages used by streams that have more than 10,000 followers.","MATCH (s:Stream)-[:HAS_LANGUAGE]->(l:Language)
WHERE s.followers > 10000
RETURN DISTINCT l.name
ORDER BY l.name
LIMIT 3","match
$s isa stream, has followers $f;
$f > 10000;
$l isa language, has name $n;
language_usage (channel: $s, used_language: $l);
select $n;
distinct;
sort $n;
limit 3;
fetch {
  ""language"": $n
};"
239,Which users are moderators for more than one stream?,"MATCH (u:User)-[:MODERATOR]->(s:Stream)
WITH u, COUNT(s) AS streamCount
WHERE streamCount > 1
RETURN u.name AS moderatorName, streamCount","match
$u isa user;
moderation (moderating_user: $u, moderated_channel: $s);
$s isa stream;
reduce $stream_count = count($s) groupby $u;
match
$stream_count > 1;
fetch {
  ""moderatorName"": $u.name,
  ""streamCount"": $stream_count
};"
240,What are the names of the top 5 most followed streams that have been created since 2018?,"MATCH (s:Stream)
WHERE s.createdAt >= datetime('2018-01-01T00:00:00Z')
RETURN s.name
ORDER BY s.followers DESC
LIMIT 5","match
$s isa stream, has created_at $ca, has followers $f;
$ca >= 2018-01-01T00:00:00;
sort $f desc;
limit 5;
fetch {
  ""name"": $s.name
};"
241,Which stream has the lowest total view count and what language is it using?,"MATCH (s:Stream)-[:HAS_LANGUAGE]->(l:Language)
WITH s, l
ORDER BY s.total_view_count ASC
LIMIT 1
RETURN s.name AS stream_name, s.total_view_count AS total_view_count, l.name AS language","match
$s isa stream, has total_view_count $tvc;
$l isa language;
language_usage (channel: $s, used_language: $l);
sort $tvc asc;
limit 1;
fetch {
  ""stream_name"": $s.name,
  ""total_view_count"": $tvc,
  ""language"": $l.name
};"
242,How many users are chatters in more than one stream?,"MATCH (u:User)-[:CHATTER]->(s:Stream)
WITH u, COUNT(DISTINCT s) AS streamCount
WHERE streamCount > 1
RETURN COUNT(u) AS userCount","match
$u isa user;
$s isa stream;
chat_activity (chatting_user: $u, channel_with_chatters: $s);
reduce $stream_count = count($s) groupby $u;
match $stream_count > 1;
reduce $user_count = count($u);"
243,Which streams have a user named 'itsbigchase' as a moderator and a chatter?,"MATCH (u:User {name: 'itsbigchase'})-[:MODERATOR]->(s:Stream)
MATCH (u)-[:CHATTER]->(s)
RETURN s.name AS stream_name, s.url AS stream_url","match
$u isa user, has name ""itsbigchase"";
$s isa stream;
moderation (moderating_user: $u, moderated_channel: $s);
chat_activity (chatting_user: $u, channel_with_chatters: $s);
fetch {
  ""stream_name"": $s.name,
  ""stream_url"": $s.url
};"
244,"List the streams that are moderated by users with more than 10,000 followers.","MATCH (u:User)-[:MODERATOR]->(s:Stream)
WHERE u.followers > 10000
RETURN s.name AS stream_name, s.url AS stream_url, s.followers AS stream_followers, s.total_view_count AS stream_total_view_count","match
$u isa user, has followers $f;
$f > 10000;
$s isa stream;
moderation (moderating_user: $u, moderated_channel: $s);
fetch {
  ""stream_name"": $s.name,
  ""stream_url"": $s.url,
  ""stream_followers"": $s.followers,
  ""stream_total_view_count"": $s.total_view_count
};"
245,List the games played by streams that have a description containing 'game play'.,"MATCH (s:Stream)-[:PLAYS]->(g:Game)
WHERE s.description CONTAINS 'game play'
RETURN DISTINCT g.name AS game_name","match
$s isa stream, has description $d;
$d like "".*game play.*"";
game_play (streaming_channel: $s, played_game: $g);
$g isa game;
select $g;
distinct;
fetch {
  ""game_name"": $g.name
};"
246,"Which streams have a language set to 'ru' and more than 20,000 followers?","MATCH (s:Stream)-[:HAS_LANGUAGE]->(l:Language)
WHERE l.name = 'ru' AND s.followers > 20000
RETURN s.name AS stream_name, s.followers AS followers_count","match
  $s isa stream, has name $sn, has followers $f;
  $l isa language, has name ""ru"";
  language_usage (channel: $s, used_language: $l);
  $f > 20000;
fetch {
  ""stream_name"": $sn,
  ""followers_count"": $f
};"
247,Identify 3 users who are VIPs for streams with a total view count over 1 million.,"MATCH (u:User)-[:VIP]->(s:Stream)
WHERE s.total_view_count > 1000000
RETURN u.name AS VIP_User, s.name AS Stream_Name, s.total_view_count AS Total_View_Count
LIMIT 3","match
$u isa user, has name $un;
$s isa stream, has name $sn, has total_view_count $tvc;
$tvc > 1000000;
vip_status (vip_user: $u, channel_with_vips: $s);
limit 3;
fetch {
  ""VIP_User"": $un,
  ""Stream_Name"": $sn,
  ""Total_View_Count"": $tvc
};"
248,Show the top 3 streams with the most moderators.,"MATCH (s:Stream)<-[:MODERATOR]-(u:User)
WITH s, COUNT(u) AS moderator_count
ORDER BY moderator_count DESC
LIMIT 3
RETURN s.name AS stream_name, moderator_count","match
$s isa stream;
$u isa user;
moderation (moderated_channel: $s, moderating_user: $u);
reduce $moderator_count = count($u) groupby $s;
sort $moderator_count desc;
limit 3;
fetch {
  ""stream_name"": $s.name,
  ""moderator_count"": $moderator_count
};"
249,Find out which 3 games are most frequently associated with streams having a 'VIP' relationship.,"MATCH (s:Stream)-[:VIP]->(:User)
MATCH (s)-[:PLAYS]->(g:Game)
RETURN g.name AS game, COUNT(s) AS stream_count
ORDER BY stream_count DESC
LIMIT 3","match
$s isa stream;
$g isa game;
vip_status (vip_channel: $s, vip_user: $u);
game_play (streaming_channel: $s, played_game: $g);
reduce $stream_count = count($s) groupby $g;
sort $stream_count desc;
limit 3;
fetch { ""game"": $g.name, ""stream_count"": $stream_count };"
250,Which streams have the most chatters? List the top 5.,"MATCH (s:Stream)<-[:CHATTER]-(u:User)
WITH s, COUNT(u) AS chatterCount
ORDER BY chatterCount DESC
LIMIT 5
RETURN s.name AS streamName, chatterCount","match
$s isa stream;
$u isa user;
chat_activity (channel_with_chatters: $s, chatting_user: $u);
reduce $count = count($u) groupby $s;
sort $count desc;
limit 5;
fetch {
  ""streamName"": $s.name,
  ""chatterCount"": $count
};"
251,Find 3 teams that have been associated with streams since before 2017.,"MATCH (t:Team)<-[:HAS_TEAM]-(s:Stream)
WHERE s.createdAt < datetime('2017-01-01T00:00:00Z')
RETURN DISTINCT t.name
LIMIT 3","match $s isa stream, has created_at $ca; $ca < 2017-01-01T00:00:00; team_membership (member_stream: $s, organization: $t); select $t; distinct; limit 3; fetch { ""name"": $t.name };"
252,What are the top 5 streams by total view count that also have a team?,"MATCH (s:Stream)-[:HAS_TEAM]->(:Team)
RETURN s.name AS stream_name, s.total_view_count AS view_count
ORDER BY s.total_view_count DESC
LIMIT 5","match
$s isa stream, has total_view_count $v;
team_membership (member_stream: $s, organization: $t);
sort $v desc;
limit 5;
fetch {
  ""stream_name"": $s.name,
  ""view_count"": $v
};"
253,Show the top 3 teams by the number of streams they are associated with.,"MATCH (s:Stream)-[:HAS_TEAM]->(t:Team)
WITH t, count(s) as streamCount
ORDER BY streamCount DESC
LIMIT 3
RETURN t.name as teamName, streamCount","match
$t isa team;
$s isa stream;
team_membership (member_stream: $s, organization: $t);
reduce $streamCount = count($s) groupby $t;
sort $streamCount desc;
limit 3;
fetch {
  ""teamName"": $t.name,
  ""streamCount"": $streamCount
};"
254,List the streams that have moderators who are also VIPs in other streams.,"MATCH (s1:Stream)-[:MODERATOR]->(u:User)-[:VIP]->(s2:Stream)
RETURN s1.name AS StreamName, s1.url AS StreamURL","match
$s1 isa stream;
$u isa user;
$s2 isa stream;
moderation (moderated_channel: $s1, moderating_user: $u);
vip_status (vip_user: $u, channel_with_vips: $s2);
fetch {
  ""StreamName"": $s1.name,
  ""StreamURL"": $s1.url
};"
255,Identify the 3 streams with the most user moderators.,"MATCH (s:Stream)<-[:MODERATOR]-(u:User)
WITH s, COUNT(u) AS moderator_count
ORDER BY moderator_count DESC
LIMIT 3
RETURN s.name AS stream_name, moderator_count","match
$s isa stream;
$u isa user;
moderation (moderated_channel: $s, moderating_user: $u);
reduce $count = count($u) groupby $s;
sort $count desc;
limit 3;
fetch { ""stream_name"": $s.name, ""moderator_count"": $count };"
256,Find the top 5 streams where the streamer plays 'Just Chatting'.,"MATCH (s:Stream)-[:PLAYS]->(g:Game {name: 'Just Chatting'})
RETURN s.name AS stream_name, s.followers AS followers
ORDER BY s.followers DESC
LIMIT 5","match
$s isa stream, has name $sn, has followers $f;
$g isa game, has name ""Just Chatting"";
game_play (streaming_channel: $s, played_game: $g);
sort $f desc;
limit 5;
fetch {
  ""stream_name"": $sn,
  ""followers"": $f
};"
257,Show streams that feature more than 3 games.,"MATCH (s:Stream)-[:PLAYS]->(g:Game)
WITH s, COUNT(g) AS gameCount
WHERE gameCount > 3
RETURN s.name AS streamName, gameCount","match
$s isa stream;
$g isa game;
game_play (streaming_channel: $s, played_game: $g);
reduce $gameCount = count($g) groupby $s;
match $gameCount > 3;
$s has name $streamName;
sort $streamName;
fetch {
  ""streamName"": $streamName,
  ""gameCount"": $gameCount
};"
258,Which users are VIPs for the stream with the highest follower count?,"MATCH (s:Stream)
WITH s
ORDER BY s.followers DESC
LIMIT 1
MATCH (s)-[:VIP]->(u:User)
RETURN u.name","with fun max_followers() -> integer:
  match $s isa stream, has followers $f;
  return max($f);
match
  $s isa stream, has followers $f;
  let $max = max_followers();
  $f == $max;
  vip_status (channel_with_vips: $s, vip_user: $u);
  $u has name $un;
fetch { ""name"": $un };"
259,List the 3 oldest teams based on creation date linked to streams.,"MATCH (t:Team)<-[:HAS_TEAM]-(s:Stream)
RETURN t.name, t.createdAt
ORDER BY t.createdAt ASC
LIMIT 3","match
$t isa team, has name $n, has created_at $ca;
team_membership (member_stream: $s, organization: $t);
sort $ca asc;
limit 3;
fetch {
  ""name"": $n,
  ""created_at"": $ca
};"
260,What are the top 5 games played by streams created before 2015?,"MATCH (s:Stream)-[:PLAYS]->(g:Game)
WHERE s.createdAt < datetime('2015-01-01T00:00:00Z')
RETURN g.name AS game, COUNT(s) AS stream_count
ORDER BY stream_count DESC
LIMIT 5","match
$s isa stream, has created_at $ca;
$ca < 2015-01-01T00:00:00;
$g isa game;
game_play (streaming_channel: $s, played_game: $g);
reduce $count = count($s) groupby $g;
sort $count desc;
limit 5;
fetch { ""game"": $g.name, ""stream_count"": $count };"
261,What are the names of the 3 users who chatter the most across different streams?,"MATCH (u:User)-[c:CHATTER]->(s:Stream)
WITH u, count(c) as chatterCount
ORDER BY chatterCount DESC
LIMIT 3
RETURN u.name","match
$u isa user;
$c isa chat_activity (chatting_user: $u, channel_with_chatters: $s);
reduce $chatter_count = count($c) groupby $u;
sort $chatter_count desc;
limit 3;
fetch { ""name"": $u.name };"
262,"List the streams that have VIP users with less than 10,000 followers.","MATCH (s:Stream)-[:VIP]->(u:User)
WHERE u.followers < 10000
RETURN s.name AS stream_name, s.url AS stream_url, u.name AS vip_user_name, u.followers AS vip_user_followers","match
$s isa stream;
$u isa user, has followers $f;
$f < 10000;
vip_status (channel_with_vips: $s, vip_user: $u);
fetch {
  ""stream_name"": $s.name,
  ""stream_url"": $s.url,
  ""vip_user_name"": $u.name,
  ""vip_user_followers"": $f
};"
263,Which streams are part of a team created after 2015?,"MATCH (s:Stream)-[:HAS_TEAM]->(t:Team)
WHERE t.createdAt > datetime('2015-01-01T00:00:00Z')
RETURN s.name AS stream_name, t.name AS team_name, t.createdAt AS team_created_at","match
$s isa stream;
$t isa team;
team_membership (member_stream: $s, organization: $t);
$t has created_at $ca;
$ca > 2015-01-01T00:00:00;
fetch {
  ""stream_name"": $s.name,
  ""team_name"": $t.name,
  ""team_created_at"": $ca
};"
264,Show 3 streams that were created before 2010.,"MATCH (s:Stream)
WHERE s.createdAt < datetime('2010-01-01T00:00:00Z')
RETURN s.name, s.createdAt, s.url
LIMIT 3","match
$s isa stream, has created_at $ca;
$ca < 2010-01-01T00:00:00;
limit 3;
fetch {
  ""name"": $s.name,
  ""created_at"": $ca,
  ""url"": $s.url
};"
265,What are the follower counts for streams named 'summit1g'?,"MATCH (s:Stream {name: 'summit1g'})
RETURN s.followers","match
$s isa stream, has name ""summit1g"";
fetch {
  ""followers"": $s.followers
};"
266,Find the streams by 'itsbigchase' and list their games.,"MATCH (u:User {name: 'itsbigchase'})-[:MODERATOR]->(s:Stream)
MATCH (s)-[:PLAYS]->(g:Game)
RETURN s.name AS stream_name, g.name AS game_name","match
$u isa user, has name ""itsbigchase"";
moderation (moderating_user: $u, moderated_channel: $s);
game_play (streaming_channel: $s, played_game: $g);
fetch {
  ""stream_name"": $s.name,
  ""game_name"": $g.name
};"
267,What are the total view counts for streams that have moderators?,"MATCH (s:Stream)-[:MODERATOR]->(:User)
RETURN s.name AS stream_name, s.total_view_count AS total_view_count","match
$s isa stream;
$u isa user;
moderation (moderated_channel: $s, moderating_user: $u);
fetch {
  ""stream_name"": $s.name,
  ""total_view_count"": $s.total_view_count
};"
268,List the names of users who are VIPs in more than 3 streams.,"MATCH (u:User)-[:VIP]->(s:Stream)
WITH u, COUNT(s) AS vipStreamCount
WHERE vipStreamCount > 3
RETURN u.name","match
$u isa user;
$s isa stream;
vip_status (vip_user: $u, channel_with_vips: $s);
reduce $count = count($s) groupby $u;
match $count > 3;
fetch { ""name"": $u.name };"
269,Which streams have chatters that are also streams?,"MATCH (s:Stream)-[:CHATTER]->(c:Stream)
RETURN s.name AS StreamName, c.name AS ChatterStreamName","match
$s isa stream, has name $sn;
$c isa stream, has name $cn;
chat_activity (chatting_channel: $c, channel_with_chatters: $s);
fetch {
  ""StreamName"": $sn,
  ""ChatterStreamName"": $cn
};"
270,Name the games played by streams that have a follower count over 2 million.,"MATCH (s:Stream)-[:PLAYS]->(g:Game)
WHERE s.followers > 2000000
RETURN DISTINCT g.name AS game_name","match $s isa stream, has followers $f; $f > 2000000; game_play (streaming_channel: $s, played_game: $g); select $g; distinct; fetch { ""game_name"": $g.name };"
271,List the top 3 teams by the number of associated streams.,"MATCH (s:Stream)-[:HAS_TEAM]->(t:Team)
WITH t, COUNT(s) AS stream_count
ORDER BY stream_count DESC
LIMIT 3
RETURN t.name AS team_name, stream_count","match
$t isa team;
team_membership (member_stream: $s, organization: $t);
reduce $stream_count = count($s) groupby $t;
sort $stream_count desc;
limit 3;
fetch {
  ""team_name"": $t.name,
  ""stream_count"": $stream_count
};"
272,"How many streams have the language 'de' and more than 10,000 followers?","MATCH (s:Stream)-[:HAS_LANGUAGE]->(l:Language)
WHERE l.name = 'de' AND s.followers > 10000
RETURN count(s) AS numberOfStreams","match
$s isa stream, has followers $f;
$f > 10000;
$l isa language, has name ""de"";
language_usage (channel: $s, used_language: $l);
reduce $count = count($s);"
273,What are the names of streams with the oldest creation dates and their associated games?,"MATCH (s:Stream)-[:PLAYS]->(g:Game)
WITH s, g
ORDER BY s.createdAt ASC
LIMIT 1
RETURN s.name AS stream_name, g.name AS game_name","match
$s isa stream, has created_at $ca;
$g isa game;
game_play (streaming_channel: $s, played_game: $g);
sort $ca asc;
limit 1;
fetch {
  ""stream_name"": $s.name,
  ""game_name"": $g.name
};"
274,List the top 5 streams with the highest follower count.,"MATCH (s:Stream)
RETURN s.name, s.followers
ORDER BY s.followers DESC
LIMIT 5","match
$s isa stream, has followers $f;
sort $f desc;
limit 5;
fetch {
  ""name"": $s.name,
  ""followers"": $f
};"
275,Which streams have a total view count greater than 10 million?,"MATCH (s:Stream)
WHERE s.total_view_count > 10000000
RETURN s.name, s.total_view_count","match
$s isa stream, has total_view_count $tvc;
$tvc > 10000000;
fetch {
  ""name"": $s.name,
  ""total_view_count"": $tvc
};"
276,"Identify 3 games most played by streams with more than 100,000 followers.","MATCH (s:Stream)-[:PLAYS]->(g:Game)
WHERE s.followers > 100000
RETURN g.name AS game, COUNT(s) AS stream_count
ORDER BY stream_count DESC
LIMIT 3","match
$s isa stream, has followers $f;
$f > 100000;
$g isa game;
game_play (streaming_channel: $s, played_game: $g);
reduce $count = count($s) groupby $g;
sort $count desc;
limit 3;
fetch { ""game"": $g.name, ""stream_count"": $count };"
277,What are the top 3 most common languages used by streams?,"MATCH (s:Stream)-[:HAS_LANGUAGE]->(l:Language)
WITH l.name AS language, COUNT(s) AS stream_count
ORDER BY stream_count DESC
LIMIT 3
RETURN language, stream_count","match
$s isa stream;
$l isa language, has name $lang_name;
language_usage (channel: $s, used_language: $l);
reduce $stream_count = count($s) groupby $lang_name;
sort $stream_count desc;
limit 3;
fetch { ""language"": $lang_name, ""stream_count"": $stream_count };"
278,"Find the streams that have 'en' as their language and more than 500,000 followers.","MATCH (s:Stream)-[:HAS_LANGUAGE]->(l:Language)
WHERE l.name = 'en' AND s.followers > 500000
RETURN s.name AS stream_name, s.url AS stream_url, s.followers AS followers","match
  $s isa stream, has name $sn, has url $su, has followers $f;
  $l isa language, has name ""en"";
  language_usage (channel: $s, used_language: $l);
  $f > 500000;
fetch {
  ""stream_name"": $sn,
  ""stream_url"": $su,
  ""followers"": $f
};"
279,Which users are moderators for more than one stream? List the top 3.,"MATCH (u:User)-[:MODERATOR]->(s:Stream)
WITH u, COUNT(s) AS streamCount
WHERE streamCount > 1
RETURN u.name AS userName, streamCount
ORDER BY streamCount DESC
LIMIT 3","match
$u isa user, has name $name;
$s isa stream;
moderation (moderating_user: $u, moderated_channel: $s);
reduce $count = count($s) groupby $u, $name;
match $count > 1;
sort $count desc;
limit 3;
fetch { ""userName"": $name, ""streamCount"": $count };"
280,Display the top 5 streams that play the game 'Rust'.,"MATCH (s:Stream)-[:PLAYS]->(g:Game {name: 'Rust'})
RETURN s.name, s.url, s.followers, s.total_view_count
ORDER BY s.followers DESC
LIMIT 5","match
$s isa stream;
$g isa game, has name ""Rust"";
game_play (streaming_channel: $s, played_game: $g);
$s has followers $f;
sort $f desc;
limit 5;
fetch {
  ""name"": $s.name,
  ""url"": $s.url,
  ""followers"": $f,
  ""total_view_count"": $s.total_view_count
};"
281,Identify streams with more than 5 million total views that play 'VALORANT'.,"MATCH (s:Stream)-[:PLAYS]->(g:Game)
WHERE g.name = 'VALORANT' AND s.total_view_count > 5000000
RETURN s.name AS stream_name, s.total_view_count AS total_views, s.url AS stream_url","match
$s isa stream, has total_view_count $tvc;
$g isa game, has name ""VALORANT"";
game_play (streaming_channel: $s, played_game: $g);
$tvc > 5000000;
fetch {
  ""stream_name"": $s.name,
  ""total_views"": $tvc,
  ""stream_url"": $s.url
};"
282,Show the 3 streams that have the longest descriptions.,"MATCH (s:Stream)
RETURN s.name, s.description
ORDER BY size(s.description) DESC
LIMIT 3","match
$s isa stream, has name $name, has description $desc;
let $len = len($desc);
sort $len desc;
limit 3;
fetch {
  ""name"": $name,
  ""description"": $desc
};"
283,List the URLs of the 3 newest streams in the database.,"MATCH (s:Stream)
RETURN s.url
ORDER BY s.createdAt DESC
LIMIT 3","match
$s isa stream, has created_at $ca;
sort $ca desc;
limit 3;
fetch {
  ""url"": $s.url
};"
284,Which streams are linked to a team named 'ESO Stream Team'?,"MATCH (s:Stream)-[:HAS_TEAM]->(t:Team {name: 'ESO Stream Team'})
RETURN s.name AS stream_name, s.url AS stream_url","match
$s isa stream;
$t isa team, has name ""ESO Stream Team"";
team_membership (member_stream: $s, organization: $t);
fetch {
  ""stream_name"": $s.name,
  ""stream_url"": $s.url
};"
285,Find streams where the user 'itsbigchase' is both a moderator and a chatter.,"MATCH (u:User {name: 'itsbigchase'})-[:MODERATOR]->(s:Stream)
MATCH (u)-[:CHATTER]->(s)
RETURN s.name AS streamName, s.url AS streamUrl, s.description AS streamDescription","match
  $u isa user, has name ""itsbigchase"";
  $s isa stream;
  moderation (moderating_user: $u, moderated_channel: $s);
  chat_activity (chatting_user: $u, channel_with_chatters: $s);
fetch {
  ""streamName"": $s.name,
  ""streamUrl"": $s.url,
  ""streamDescription"": $s.description
};"
286,Which streams have the highest number of unique games played?,"MATCH (s:Stream)-[:PLAYS]->(g:Game)
WITH s, COUNT(DISTINCT g) AS uniqueGames
ORDER BY uniqueGames DESC
LIMIT 1
RETURN s.name AS streamName, uniqueGames","match
$s isa stream;
game_play (streaming_channel: $s, played_game: $g);
select $s, $g;
distinct;
reduce $uniqueGames = count($g) groupby $s;
sort $uniqueGames desc;
limit 1;
fetch { ""streamName"": $s.name, ""uniqueGames"": $uniqueGames };"
287,Identify 5 streams where users are both VIPs and moderators.,"MATCH (s:Stream)<-[:VIP]-(u:User)-[:MODERATOR]->(s)
RETURN s.name AS stream_name, s.url AS stream_url, u.name AS user_name
LIMIT 5","match
  $s isa stream;
  $u isa user;
  vip_status (channel_with_vips: $s, vip_user: $u);
  moderation (moderated_channel: $s, moderating_user: $u);
limit 5;
fetch {
  ""stream_name"": $s.name,
  ""stream_url"": $s.url,
  ""user_name"": $u.name
};"
288,List the 3 streams where the streamer has the longest ongoing stream based on the creation date.,"MATCH (s:Stream)
RETURN s.name, s.createdAt
ORDER BY s.createdAt ASC
LIMIT 3","match
$s isa stream, has created_at $ca;
sort $ca asc;
limit 3;
fetch {
  ""name"": $s.name,
  ""created_at"": $ca
};"
289,Show the top 5 streams with the most user chatters.,"MATCH (s:Stream)<-[:CHATTER]-(u:User)
WITH s, COUNT(u) AS chatterCount
ORDER BY chatterCount DESC
LIMIT 5
RETURN s.name AS streamName, chatterCount","match
$s isa stream;
$u isa user;
chat_activity (channel_with_chatters: $s, chatting_user: $u);
reduce $chatter_count = count($u) groupby $s;
sort $chatter_count desc;
limit 5;
fetch { ""streamName"": $s.name, ""chatterCount"": $chatter_count };"
290,Find 3 streams with the most varied language settings.,"MATCH (s:Stream)-[:HAS_LANGUAGE]->(l:Language)
WITH s, count(DISTINCT l) AS language_count
ORDER BY language_count DESC
LIMIT 3
RETURN s.name AS stream_name, language_count","match
$s isa stream;
$l isa language;
language_usage (channel: $s, used_language: $l);
reduce $language_count = count($l) groupby $s;
sort $language_count desc;
limit 3;
fetch {
  ""stream_name"": $s.name,
  ""language_count"": $language_count
};"
291,Which streams have a user as both a VIP and a MODERATOR?,"MATCH (s:Stream)-[:VIP]->(u:User), (s)-[:MODERATOR]->(u)
RETURN s.name AS streamName, u.name AS userName","match
$s isa stream, has name $sn;
$u isa user, has name $un;
vip_status (vip_channel: $s, vip_user: $u);
moderation (moderating_channel: $s, moderating_user: $u);
fetch {
  ""streamName"": $sn,
  ""userName"": $un
};"
292,"List the streams that play a game named 'Just Chatting' and have more than 100,000 followers.","MATCH (s:Stream)-[:PLAYS]->(g:Game {name: 'Just Chatting'})
WHERE s.followers > 100000
RETURN s.name AS stream_name, s.url AS stream_url, s.followers AS followers","match
  $s isa stream;
  $g isa game, has name ""Just Chatting"";
  game_play (streaming_channel: $s, played_game: $g);
  $s has followers $f;
  $f > 100000;
fetch {
  ""stream_name"": $s.name,
  ""stream_url"": $s.url,
  ""followers"": $f
};"
293,Which streams are part of a team with the most streams associated?,"// First, find the team with the most streams associated
MATCH (s:Stream)-[:HAS_TEAM]->(t:Team)
WITH t, COUNT(s) AS streamCount
ORDER BY streamCount DESC
LIMIT 1

// Then, find all streams associated with that team
MATCH (s:Stream)-[:HAS_TEAM]->(t)
RETURN s.name AS streamName, t.name AS teamName","match
$t isa team;
team_membership (member_stream: $s0, organization: $t);
reduce $count = count($s0) groupby $t;
sort $count desc;
limit 1;
match
team_membership (member_stream: $s, organization: $t);
$s has name $sn;
$t has name $tn;
fetch {
  ""streamName"": $sn,
  ""teamName"": $tn
};"
294,Show the top 5 users who are VIPs in the most streams.,"MATCH (u:User)-[:VIP]->(s:Stream)
WITH u, COUNT(s) AS vip_count
ORDER BY vip_count DESC
LIMIT 5
RETURN u.name AS userName, vip_count","match
$u isa user;
$s isa stream;
vip_status (vip_user: $u, vip_channel: $s);
reduce $vip_count = count($s) groupby $u;
sort $vip_count desc;
limit 5;
fetch { ""userName"": $u.name, ""vip_count"": $vip_count };"
295,List the 3 streams with the highest number of games played.,"MATCH (s:Stream)-[:PLAYS]->(g:Game)
WITH s, COUNT(g) AS gameCount
ORDER BY gameCount DESC
LIMIT 3
RETURN s.name AS streamName, gameCount","match
$s isa stream;
$g isa game;
game_play (streaming_channel: $s, played_game: $g);
reduce $game_count = count($g) groupby $s;
sort $game_count desc;
limit 3;
fetch {
  ""streamName"": $s.name,
  ""gameCount"": $game_count
};"
296,Find the top 5 streams that have been active the longest based on the creation date.,"MATCH (s:Stream)
RETURN s.name, s.createdAt
ORDER BY s.createdAt ASC
LIMIT 5","match
$s isa stream, has name $n, has created_at $ca;
sort $ca asc;
limit 5;
fetch {
  ""name"": $n,
  ""created_at"": $ca
};"
297,Identify the streams with more than 3 VIP users.,"MATCH (s:Stream)-[:VIP]->(u:User)
WITH s, COUNT(u) AS vipCount
WHERE vipCount > 3
RETURN s.name AS streamName, vipCount","match
$s isa stream;
$u isa user;
vip_status (channel_with_vips: $s, vip_user: $u);
reduce $vip_count = count($u) groupby $s;
match $vip_count > 3;
fetch { ""streamName"": $s.name, ""vipCount"": $vip_count };"
298,Show the top 3 streams that have been followed by more than 2 million users.,"MATCH (s:Stream)
WHERE s.followers > 2000000
RETURN s.name, s.followers
ORDER BY s.followers DESC
LIMIT 3","match
$s isa stream, has followers $f;
$f > 2000000;
sort $f desc;
limit 3;
fetch {
  ""name"": $s.name,
  ""followers"": $f
};"
299,List the 3 newest games introduced to streams.,"MATCH (s:Stream)-[:PLAYS]->(g:Game)
RETURN g.name, MAX(s.createdAt) AS latestStreamDate
ORDER BY latestStreamDate DESC
LIMIT 3","match
$s isa stream, has created_at $ca;
$g isa game;
game_play (streaming_channel: $s, played_game: $g);
reduce $latest = max($ca) groupby $g;
sort $latest desc;
limit 3;
fetch {
  ""game"": $g.name,
  ""latest_stream_date"": $latest
};"
300,Identify the streams with the most followers who play 'Rust'.,"MATCH (s:Stream)-[:PLAYS]->(g:Game {name: 'Rust'})
RETURN s.name, s.followers
ORDER BY s.followers DESC
LIMIT 1","match
$s isa stream, has followers $f;
$g isa game, has name ""Rust"";
game_play (streaming_channel: $s, played_game: $g);
sort $f desc;
limit 1;
fetch {
  ""name"": $s.name,
  ""followers"": $f
};"
301,Show the streams with the most languages.,"MATCH (s:Stream)-[:HAS_LANGUAGE]->(l:Language)
WITH s, COUNT(l) AS languageCount
ORDER BY languageCount DESC
RETURN s.name AS streamName, languageCount
LIMIT 10","match
$s isa stream;
$l isa language;
language_usage (channel: $s, used_language: $l);
reduce $languageCount = count($l) groupby $s;
sort $languageCount desc;
limit 10;
fetch {
  ""streamName"": $s.name,
  ""languageCount"": $languageCount
};"
302,List the top 5 languages spoken by streams with a moderator relationship.,"MATCH (s:Stream)-[:MODERATOR]->(:User)-[:MODERATOR]->(s)
MATCH (s)-[:HAS_LANGUAGE]->(l:Language)
RETURN l.name AS language, COUNT(s) AS stream_count
ORDER BY stream_count DESC
LIMIT 5","match
$s isa stream;
moderation ($s, $u);
$u isa user;
language_usage (channel: $s, used_language: $l);
$l has name $lang;
reduce $count = count($s) groupby $lang;
sort $count desc;
limit 5;
fetch { ""language"": $lang, ""stream_count"": $count };"
303,Find the 3 streams with the most distinct languages used.,"MATCH (s:Stream)-[:HAS_LANGUAGE]->(l:Language)
WITH s, count(DISTINCT l) AS languageCount
RETURN s.name AS streamName, languageCount
ORDER BY languageCount DESC
LIMIT 3","match
$s isa stream, has name $sn;
$l isa language;
language_usage (channel: $s, used_language: $l);
select $s, $l, $sn;
distinct;
reduce $count = count($l) groupby $s, $sn;
sort $count desc;
limit 3;
fetch {
  ""streamName"": $sn,
  ""languageCount"": $count
};"
304,Show the 3 streams with the least followers.,"MATCH (s:Stream)
RETURN s.name, s.followers
ORDER BY s.followers ASC
LIMIT 3","match
$s isa stream, has name $n, has followers $f;
sort $f asc;
limit 3;
fetch {
  ""name"": $n,
  ""followers"": $f
};"
305,Find the streams with the most unique games played.,"MATCH (s:Stream)-[:PLAYS]->(g:Game)
WITH s, COUNT(DISTINCT g) AS uniqueGames
ORDER BY uniqueGames DESC
LIMIT 1
RETURN s.name AS streamName, uniqueGames","match
$s isa stream, has name $sn;
game_play (streaming_channel: $s, played_game: $g);
$g isa game;
select $s, $sn, $g;
distinct;
reduce $count = count($g) groupby $s, $sn;
sort $count desc;
limit 1;
fetch { ""streamName"": $sn, ""uniqueGames"": $count };"
306,Find streams that have at least 3 languages associated with them.,"MATCH (s:Stream)-[:HAS_LANGUAGE]->(l:Language)
WITH s, COUNT(l) AS languageCount
WHERE languageCount >= 3
RETURN s.name AS streamName, languageCount","match
$s isa stream;
$l isa language;
language_usage (channel: $s, used_language: $l);
reduce $languageCount = count($l) groupby $s;
match $languageCount >= 3;
fetch { ""streamName"": $s.name, ""languageCount"": $languageCount };"
307,Which users are chatters in more than 3 different streams? List the top 5.,"MATCH (u:User)-[:CHATTER]->(s:Stream)
WITH u, COUNT(DISTINCT s) AS streamCount
WHERE streamCount > 3
RETURN u.name AS userName, streamCount
ORDER BY streamCount DESC
LIMIT 5","match
$u isa user;
$s isa stream;
chat_activity (chatting_user: $u, channel_with_chatters: $s);
select $u, $s;
distinct;
reduce $streamCount = count($s) groupby $u;
match
$streamCount > 3;
sort $streamCount desc;
limit 5;
fetch {
  ""userName"": $u.name,
  ""streamCount"": $streamCount
};"
308,Show the streams that have the highest number of different games played.,"MATCH (s:Stream)-[:PLAYS]->(g:Game)
WITH s, COUNT(DISTINCT g) AS gameCount
ORDER BY gameCount DESC
LIMIT 1
RETURN s.name AS streamName, gameCount","match
$s isa stream;
$g isa game;
game_play (streaming_channel: $s, played_game: $g);
select $s, $g;
distinct;
reduce $gameCount = count($g) groupby $s;
sort $gameCount desc;
limit 1;
fetch { ""streamName"": $s.name, ""gameCount"": $gameCount };"
309,list the top 3 streams with the highest number of VIP relationships.,"MATCH (s:Stream)-[:VIP]->(:User)
WITH s, COUNT(*) AS vip_count
ORDER BY vip_count DESC
LIMIT 3
RETURN s.name AS stream_name, vip_count","match
$s isa stream, has name $sn;
$rel isa vip_status (channel_with_vips: $s, vip_user: $u);
reduce $vip_count = count($rel) groupby $s, $sn;
sort $vip_count desc;
limit 3;
fetch {
  ""stream_name"": $sn,
  ""vip_count"": $vip_count
};"
310,Find the streams where the streamer has more than 1 million followers and plays 'Rust'.,"MATCH (s:Stream)-[:PLAYS]->(g:Game)
WHERE s.followers > 1000000 AND g.name = 'Rust'
RETURN s.name AS StreamName, s.url AS StreamURL, s.followers AS Followers","match
$s isa stream, has followers $f;
$g isa game, has name ""Rust"";
game_play (streaming_channel: $s, played_game: $g);
$f > 1000000;
fetch {
  ""StreamName"": $s.name,
  ""StreamURL"": $s.url,
  ""Followers"": $f
};"
311,Display streams that have a language set to 'en' and were created before 2012.,"MATCH (s:Stream)-[:HAS_LANGUAGE]->(l:Language)
WHERE l.name = 'en' AND s.createdAt < datetime('2012-01-01T00:00:00Z')
RETURN s","match
$s isa stream, has created_at $ca;
$l isa language, has name ""en"";
language_usage (channel: $s, used_language: $l);
$ca < 2012-01-01T00:00:00;
fetch {
  ""stream"": $s.name,
  ""created_at"": $ca
};"
312,Which streams have both a 'MODERATOR' and a 'VIP' relationship with the same user?,"MATCH (u:User)-[:MODERATOR]->(s:Stream)<-[:VIP]-(u)
RETURN s.name AS streamName, u.name AS userName","match
$s isa stream;
$u isa user;
moderation (moderating_user: $u, moderated_channel: $s);
vip_status (vip_user: $u, vip_channel: $s);
fetch {
  ""streamName"": $s.name,
  ""userName"": $u.name
};"
313,Find the 3 streams with the newest creation dates.,"MATCH (s:Stream)
RETURN s.name, s.createdAt
ORDER BY s.createdAt DESC
LIMIT 3","match
$s isa stream, has created_at $ca;
sort $ca desc;
limit 3;
fetch {
  ""name"": $s.name,
  ""created_at"": $ca
};"
314,List the top 5 users who are moderators for the most streams.,"MATCH (u:User)-[:MODERATOR]->(s:Stream)
WITH u, COUNT(s) AS streamCount
ORDER BY streamCount DESC
LIMIT 5
RETURN u.name AS userName, streamCount","match
$u isa user, has name $name;
$s isa stream;
moderation (moderating_user: $u, moderated_channel: $s);
reduce $count = count($s) groupby $u, $name;
sort $count desc;
limit 5;
fetch { ""userName"": $name, ""streamCount"": $count };"
315,Which streams have a user named 'itsbigchase' as a VIP?,"MATCH (u:User {name: 'itsbigchase'})-[:VIP]->(s:Stream)
RETURN s.name AS stream_name, s.url AS stream_url","match
$u isa user, has name ""itsbigchase"";
$s isa stream;
vip_status (vip_user: $u, channel_with_vips: $s);
fetch {
  ""stream_name"": $s.name,
  ""stream_url"": $s.url
};"
316,Identify the top 3 games played by streams with a description containing 'hilarious moments'.,"MATCH (s:Stream)-[:PLAYS]->(g:Game)
WHERE s.description CONTAINS 'hilarious moments'
RETURN g.name AS game, COUNT(s) AS stream_count
ORDER BY stream_count DESC
LIMIT 3","match
$s isa stream, has description $d;
$d like "".*hilarious moments.*"";
$g isa game;
game_play (streaming_channel: $s, played_game: $g);
reduce $count = count($s) groupby $g;
sort $count desc;
limit 3;
fetch {
  ""game"": $g.name,
  ""stream_count"": $count
};"
317,Show the streams that have more than 2 languages associated with them.,"MATCH (s:Stream)-[:HAS_LANGUAGE]->(l:Language)
WITH s, COUNT(l) AS languageCount
WHERE languageCount > 2
RETURN s.name AS streamName, languageCount","match
$s isa stream;
$l isa language;
language_usage (channel: $s, used_language: $l);
reduce $languageCount = count($l) groupby $s;
match
$languageCount > 2;
$s has name $streamName;
fetch {
  ""streamName"": $streamName,
  ""languageCount"": $languageCount
};"
318,List the streams with the highest number of chatters who are also streamers.,"MATCH (s:Stream)<-[:CHATTER]-(u:User)-[:CHATTER]->(s2:Stream)
WITH s, COUNT(DISTINCT u) AS chatter_count
ORDER BY chatter_count DESC
RETURN s.name AS stream_name, chatter_count
LIMIT 10","match
$s isa stream, has name $sn;
$u isa user;
$s2 isa stream;
chat_activity (channel_with_chatters: $s, chatting_user: $u);
chat_activity (chatting_user: $u, channel_with_chatters: $s2);
select $s, $sn, $u;
distinct;
reduce $chatter_count = count groupby $s, $sn;
sort $chatter_count desc;
limit 10;
fetch { ""stream_name"": $sn, ""chatter_count"": $chatter_count };"
319,Find the 3 streams that have a 'CHATTER' relationship with users who are not streamers.,"MATCH (s:Stream)<-[:CHATTER]-(u:User)
WHERE NOT (u)-[:CHATTER]->(:Stream)
RETURN s.name AS stream_name, s.id AS stream_id, s.url AS stream_url
LIMIT 3","match
$s isa stream;
$u isa user;
chat_activity (channel_with_chatters: $s, chatting_user: $u);
limit 3;
fetch {
  ""stream_name"": $s.name,
  ""stream_id"": $s.stream_id,
  ""stream_url"": $s.url
};"
320,Which streams have the most 'CHATTER' relationships? List the top 5.,"MATCH (s:Stream)<-[:CHATTER]-(u:User)
WITH s, COUNT(u) AS chatterCount
ORDER BY chatterCount DESC
LIMIT 5
RETURN s.name AS streamName, chatterCount","match
$s isa stream;
$u isa user;
chat_activity (channel_with_chatters: $s, chatting_user: $u);
reduce $count = count($u) groupby $s;
sort $count desc;
limit 5;
fetch { ""streamName"": $s.name, ""chatterCount"": $count };"
321,Show the streams that have been moderated by a user more than once.,"MATCH (u:User)-[r:MODERATOR]->(s:Stream)
WITH u, s, COUNT(r) AS moderation_count
WHERE moderation_count > 1
RETURN s.name AS StreamName, u.name AS ModeratorName, moderation_count","match
$u isa user, has name $un;
$s isa stream, has name $sn;
$rel isa moderation (moderating_user: $u, moderated_channel: $s);
reduce $moderation_count = count($rel) groupby $u, $s, $un, $sn;
match $moderation_count > 1;
fetch {
  ""StreamName"": $sn,
  ""ModeratorName"": $un,
  ""moderation_count"": $moderation_count
};"
322,List the 3 games most frequently played by streams with VIP users.,"MATCH (s:Stream)-[:VIP]->(:User)
MATCH (s)-[:PLAYS]->(g:Game)
RETURN g.name AS game, COUNT(s) AS stream_count
ORDER BY stream_count DESC
LIMIT 3","match
$s isa stream;
vip_status (channel_with_vips: $s, vip_user: $u);
game_play (streaming_channel: $s, played_game: $g);
reduce $stream_count = count($s) groupby $g;
sort $stream_count desc;
limit 3;
fetch { ""game"": $g.name, ""stream_count"": $stream_count };"
323,Which streams have a moderator named 'itsbigchase'?,"MATCH (u:User {name: 'itsbigchase'})-[:MODERATOR]->(s:Stream)
RETURN s.name AS stream_name, s.url AS stream_url","match
$u isa user, has name ""itsbigchase"";
moderation (moderating_user: $u, moderated_channel: $s);
fetch {
  ""stream_name"": $s.name,
  ""stream_url"": $s.url
};"
324,What are the names of the first 5 streams created before 2010?,"MATCH (s:Stream)
WHERE s.createdAt < datetime(""2010-01-01T00:00:00Z"")
RETURN s.name
ORDER BY s.createdAt ASC
LIMIT 5","match
$s isa stream, has created_at $ca;
$ca < 2010-01-01T00:00:00;
sort $ca asc;
limit 5;
fetch {
  ""name"": $s.name
};"
325,What are the first 3 games played by the stream 'itsbigchase'?,"MATCH (s:Stream {name: 'itsbigchase'})-[:PLAYS]->(g:Game)
RETURN g.name
ORDER BY s.createdAt
LIMIT 3","match
$s isa stream, has name ""itsbigchase"", has created_at $ca;
game_play (streaming_channel: $s, played_game: $g);
$g isa game;
sort $ca;
limit 3;
fetch {
  ""name"": $g.name
};"
326,List the top 5 streams that have a 'createdAt' date after 2019.,"MATCH (s:Stream)
WHERE s.createdAt > datetime('2019-01-01T00:00:00Z')
RETURN s.name, s.createdAt
ORDER BY s.createdAt DESC
LIMIT 5","match
$s isa stream, has created_at $ca;
$ca > 2019-01-01T00:00:00;
sort $ca desc;
limit 5;
fetch {
  ""name"": $s.name,
  ""created_at"": $ca
};"
327,What are the top 3 most common games played by streams with a 'ru' language setup?,"MATCH (s:Stream)-[:PLAYS]->(g:Game), (s)-[:HAS_LANGUAGE]->(l:Language)
WHERE l.name = 'ru'
RETURN g.name AS game, COUNT(s) AS stream_count
ORDER BY stream_count DESC
LIMIT 3","match
$s isa stream;
$g isa game;
$l isa language, has name ""ru"";
game_play (streaming_channel: $s, played_game: $g);
language_usage (channel: $s, used_language: $l);
reduce $stream_count = count($s) groupby $g;
sort $stream_count desc;
limit 3;
fetch {
  ""game"": $g.name,
  ""stream_count"": $stream_count
};"
328,Which 3 streams have the highest follower count but the lowest total view count?,"MATCH (s:Stream)
RETURN s.name, s.followers, s.total_view_count
ORDER BY s.followers DESC, s.total_view_count ASC
LIMIT 3","match
$s isa stream, has followers $f, has total_view_count $v;
sort $f desc, $v asc;
limit 3;
fetch {
  ""name"": $s.name,
  ""followers"": $f,
  ""total_view_count"": $v
};"
329,Identify the top 5 streams that have users as VIPs.,"MATCH (s:Stream)-[:VIP]->(:User)
RETURN s.name, s.followers, s.total_view_count
ORDER BY s.followers DESC
LIMIT 5","match
$s isa stream, has followers $f, has total_view_count $v, has name $n;
vip_status (channel_with_vips: $s, vip_user: $u);
$u isa user;
sort $f desc;
limit 5;
fetch {
  ""name"": $n,
  ""followers"": $f,
  ""total_view_count"": $v
};"
330,What are the names of the first 3 streams moderated by 'itsbigchase'?,"MATCH (u:User {name: 'itsbigchase'})-[:MODERATOR]->(s:Stream)
RETURN s.name
ORDER BY s.createdAt
LIMIT 3","match
$u isa user, has name ""itsbigchase"";
moderation (moderating_user: $u, moderated_channel: $s);
$s has created_at $ca;
sort $ca asc;
limit 3;
fetch {
  ""name"": $s.name
};"
331,List the 3 games most commonly played by streams with an English language setup.,"MATCH (s:Stream)-[:PLAYS]->(g:Game), (s)-[:HAS_LANGUAGE]->(l:Language)
WHERE l.name = 'en'
RETURN g.name AS game, COUNT(s) AS stream_count
ORDER BY stream_count DESC
LIMIT 3","match
$s isa stream;
$g isa game;
$l isa language, has name ""en"";
game_play (streaming_channel: $s, played_game: $g);
language_usage (channel: $s, used_language: $l);
reduce $stream_count = count($s) groupby $g;
sort $stream_count desc;
limit 3;
fetch { ""game"": $g.name, ""stream_count"": $stream_count };"
332,Which 3 streams have the highest ratio of followers to total view count?,"MATCH (s:Stream)
WITH s, (toFloat(s.followers) / s.total_view_count) AS ratio
RETURN s.name, s.url, ratio
ORDER BY ratio DESC
LIMIT 3","match
$s isa stream, has followers $f, has total_view_count $v;
let $ratio = $f / $v;
sort $ratio desc;
limit 3;
fetch {
  ""name"": $s.name,
  ""url"": $s.url,
  ""ratio"": $ratio
};"
333,Find the top 5 streams by oldest to newest based on the 'createdAt' property.,"MATCH (s:Stream)
RETURN s.name, s.createdAt
ORDER BY s.createdAt ASC
LIMIT 5","match
$s isa stream, has created_at $ca;
sort $ca asc;
limit 5;
fetch {
  ""name"": $s.name,
  ""createdAt"": $ca
};"
334,"Which 3 languages are least common among streams with more than 10,000 followers?","MATCH (s:Stream)-[:HAS_LANGUAGE]->(l:Language)
WHERE s.followers > 10000
WITH l.name AS language, COUNT(s) AS stream_count
ORDER BY stream_count ASC
LIMIT 3
RETURN language, stream_count","match
$s isa stream, has followers $f;
$f > 10000;
$l isa language, has name $lang;
language_usage (channel: $s, used_language: $l);
reduce $stream_count = count($s) groupby $lang;
sort $stream_count asc;
limit 3;
fetch { ""language"": $lang, ""stream_count"": $stream_count };"
335,List the top 5 users who have the role of chatter in the highest number of other user's streams.,"MATCH (u:User)-[:CHATTER]->(s:Stream)
WITH u, count(s) AS streamCount
ORDER BY streamCount DESC
LIMIT 5
RETURN u.name AS userName, streamCount","match
$u isa user, has name $name;
$s isa stream;
chat_activity (chatting_user: $u, channel_with_chatters: $s);
reduce $stream_count = count($s) groupby $u, $name;
sort $stream_count desc;
limit 5;
fetch { ""userName"": $name, ""streamCount"": $stream_count };"
336,What are the three most common teams that streams belong to?,"MATCH (s:Stream)-[:HAS_TEAM]->(t:Team)
RETURN t.name AS team, COUNT(s) AS stream_count
ORDER BY stream_count DESC
LIMIT 3","match
$s isa stream;
$t isa team;
team_membership (member_stream: $s, organization: $t);
reduce $stream_count = count($s) groupby $t;
sort $stream_count desc;
limit 3;
fetch {
  ""team"": $t.name,
  ""stream_count"": $stream_count
};"
337,Which streams have a VIP relationship with more than three different users?,"MATCH (s:Stream)-[:VIP]->(u:User)
WITH s, COUNT(DISTINCT u) AS vipCount
WHERE vipCount > 3
RETURN s.name AS streamName, vipCount","match
$s isa stream;
$u isa user;
vip_status (channel_with_vips: $s, vip_user: $u);
reduce $vip_count = count($u) groupby $s;
match $vip_count > 3;
fetch { ""streamName"": $s.name, ""vipCount"": $vip_count };"
338,Which 3 streams have the most moderators?,"MATCH (s:Stream)<-[:MODERATOR]-(u:User)
WITH s, COUNT(u) AS moderator_count
ORDER BY moderator_count DESC
LIMIT 3
RETURN s.name AS stream_name, moderator_count","match
$s isa stream;
$u isa user;
moderation (moderated_channel: $s, moderating_user: $u);
reduce $count = count($u) groupby $s;
sort $count desc;
limit 3;
fetch { ""stream_name"": $s.name, ""moderator_count"": $count };"
339,List the top 5 streams that have been added to the most teams.,"MATCH (s:Stream)-[:HAS_TEAM]->(t:Team)
WITH s, COUNT(t) AS teamCount
ORDER BY teamCount DESC
LIMIT 5
RETURN s.name AS streamName, teamCount","match
$s isa stream;
team_membership (member_stream: $s, organization: $t);
reduce $teamCount = count($t) groupby $s;
sort $teamCount desc;
limit 5;
fetch {
  ""streamName"": $s.name,
  ""teamCount"": $teamCount
};"
340,Which 3 users have served as moderators for the oldest streams in the database?,"MATCH (s:Stream)-[:MODERATOR]->(u:User)
WITH s, u
ORDER BY s.createdAt ASC
LIMIT 3
RETURN u.name AS moderator, s.name AS stream_name, s.createdAt AS stream_created_at","match
$s isa stream, has created_at $ca;
$u isa user, has name $un;
moderation (moderated_channel: $s, moderating_user: $u);
sort $ca asc;
limit 3;
fetch {
  ""moderator"": $un,
  ""stream_name"": $s.name,
  ""stream_created_at"": $ca
};"
341,List the top 5 streams that are part of a team created before 2015.,"MATCH (s:Stream)-[:HAS_TEAM]->(t:Team)
WHERE t.createdAt < datetime(""2015-01-01T00:00:00Z"")
RETURN s.name, s.url, s.followers, s.total_view_count
ORDER BY s.followers DESC
LIMIT 5","match
  $s isa stream;
  $t isa team, has created_at $ca;
  $ca < 2015-01-01T00:00:00;
  team_membership (member_stream: $s, organization: $t);
  $s has followers $f;
sort $f desc;
limit 5;
fetch {
  ""name"": $s.name,
  ""url"": $s.url,
  ""followers"": $f,
  ""total_view_count"": $s.total_view_count
};"
342,What are the names of the first 3 streams that have a moderator with more than 5000 followers?,"MATCH (s:Stream)-[:MODERATOR]->(u:User)
WHERE s.followers > 5000
RETURN s.name
ORDER BY s.createdAt ASC
LIMIT 3","match
$s isa stream, has followers $f, has name $n;
$f > 5000;
moderation (moderated_channel: $s, moderating_user: $u);
$u isa user;
$s has created_at $ca;
sort $ca asc;
limit 3;
fetch {
  ""name"": $n
};"
343,Which 3 streams have the most unique games played?,"MATCH (s:Stream)-[:PLAYS]->(g:Game)
WITH s, COUNT(DISTINCT g) AS uniqueGames
ORDER BY uniqueGames DESC
LIMIT 3
RETURN s.name AS streamName, uniqueGames","match
$s isa stream;
$g isa game;
game_play (streaming_channel: $s, played_game: $g);
select $s, $g;
distinct;
reduce $unique_games = count($g) groupby $s;
sort $unique_games desc;
limit 3;
fetch {
  ""streamName"": $s.name,
  ""uniqueGames"": $unique_games
};"
344,List the top 5 streams that have had more than three different languages associated with them.,"MATCH (s:Stream)-[:HAS_LANGUAGE]->(l:Language)
WITH s, COUNT(DISTINCT l) AS languageCount
WHERE languageCount > 3
RETURN s.name AS streamName, languageCount
ORDER BY languageCount DESC
LIMIT 5","match
$s isa stream;
$l isa language;
language_usage (channel: $s, used_language: $l);
reduce $languageCount = count($l) groupby $s;
match $languageCount > 3;
sort $languageCount desc;
limit 5;
fetch { ""streamName"": $s.name, ""languageCount"": $languageCount };"
345,"What are the first 3 users who are VIPs in streams with more than 10,000 total views?","MATCH (u:User)-[:VIP]->(s:Stream)
WHERE s.total_view_count > 10000
RETURN u.name
LIMIT 3","match
$u isa user;
$s isa stream, has total_view_count $tvc;
$tvc > 10000;
vip_status (vip_user: $u, vip_channel: $s);
limit 3;
fetch {
  ""name"": $u.name
};"
346,List the top 5 oldest teams based on the 'createdAt' property.,"MATCH (t:Team)
RETURN t.name, t.createdAt
ORDER BY t.createdAt ASC
LIMIT 5","match
$t isa team, has created_at $ca;
sort $ca asc;
limit 5;
fetch {
  ""name"": $t.name,
  ""createdAt"": $ca
};"
347,Which 3 streams have the most users as chatters?,"MATCH (s:Stream)<-[:CHATTER]-(u:User)
WITH s, COUNT(u) AS chatterCount
ORDER BY chatterCount DESC
LIMIT 3
RETURN s.name AS streamName, chatterCount","match
$s isa stream;
$u isa user;
chat_activity (channel_with_chatters: $s, chatting_user: $u);
reduce $count = count($u) groupby $s;
sort $count desc;
limit 3;
fetch { ""streamName"": $s.name, ""chatterCount"": $count };"
348,List the first 3 games played by streams with the highest follower counts.,"MATCH (s:Stream)-[:PLAYS]->(g:Game)
WITH s, g
ORDER BY s.followers DESC
LIMIT 3
RETURN g.name AS game_name","match
$s isa stream, has followers $f;
game_play (streaming_channel: $s, played_game: $g);
$g isa game;
sort $f desc;
limit 3;
fetch {
  ""game_name"": $g.name
};"
349,What are the top 5 streams that have VIP relationships with other streams?,"MATCH (s1:Stream)-[:VIP]->(s2:Stream)
RETURN s1.name AS StreamName, COUNT(s2) AS VIPCount
ORDER BY VIPCount DESC
LIMIT 5","match
$s1 isa stream, has name $n;
$s2 isa stream;
vip_status (vip_channel: $s1, channel_with_vips: $s2);
reduce $count = count($s2) groupby $s1, $n;
sort $count desc;
limit 5;
fetch { ""StreamName"": $n, ""VIPCount"": $count };"
350,Which 3 users have the most moderator relationships with other users?,"MATCH (u1:User)-[r:MODERATOR]->(u2:User)
WITH u1, COUNT(r) AS moderator_count
ORDER BY moderator_count DESC
LIMIT 3
RETURN u1.name AS user, moderator_count","match
$u1 isa user, has name $n;
$rel isa moderation (moderating_user: $u1, moderated_user: $u2);
reduce $count = count($rel) groupby $u1, $n;
sort $count desc;
limit 3;
fetch { ""user"": $n, ""moderator_count"": $count };"
351,List the top 5 streams that have chatters with more than 5000 followers.,"MATCH (s:Stream)<-[:CHATTER]-(u:User)
WHERE u.followers > 5000
RETURN s.name, s.followers
ORDER BY s.followers DESC
LIMIT 5","match
$s isa stream;
$u isa user, has followers $uf;
$uf > 5000;
chat_activity (channel_with_chatters: $s, chatting_user: $u);
$s has followers $sf;
sort $sf desc;
limit 5;
fetch {
  ""name"": $s.name,
  ""followers"": $sf
};"
352,"What are the first 3 streams to play 'Rust' with more than 100,000 total views?","MATCH (s:Stream)-[:PLAYS]->(g:Game {name: 'Rust'})
WHERE s.total_view_count > 100000
RETURN s.name, s.url, s.total_view_count, s.createdAt
ORDER BY s.createdAt ASC
LIMIT 3","match
$s isa stream, has total_view_count $tvc, has created_at $ca;
$g isa game, has name ""Rust"";
game_play (streaming_channel: $s, played_game: $g);
$tvc > 100000;
sort $ca asc;
limit 3;
fetch {
  ""name"": $s.name,
  ""url"": $s.url,
  ""total_view_count"": $tvc,
  ""created_at"": $ca
};"
353,What are the first 3 streams that have a language setup other than 'en' or 'ru'?,"MATCH (s:Stream)-[:HAS_LANGUAGE]->(l:Language)
WHERE l.name <> 'en' AND l.name <> 'ru'
RETURN s
ORDER BY s.createdAt
LIMIT 3","match
$s isa stream;
$l isa language, has name $ln;
language_usage (channel: $s, used_language: $l);
not { $ln == ""en""; };
not { $ln == ""ru""; };
$s has created_at $ca;
sort $ca asc;
limit 3;
fetch {
  ""stream"": { $s.* }
};"
354,What are the top 5 teams by the number of streams they are associated with?,"MATCH (s:Stream)-[:HAS_TEAM]->(t:Team)
WITH t, count(s) AS stream_count
ORDER BY stream_count DESC
LIMIT 5
RETURN t.name AS team_name, stream_count","match
$s isa stream;
$t isa team;
team_membership (member_stream: $s, organization: $t);
reduce $stream_count = count($s) groupby $t;
sort $stream_count desc;
limit 5;
fetch {
  ""team_name"": $t.name,
  ""stream_count"": $stream_count
};"
355,List the top 5 games played by streams with over 1 million total views.,"MATCH (s:Stream)-[:PLAYS]->(g:Game)
WHERE s.total_view_count > 1000000
RETURN g.name AS game, COUNT(s) AS stream_count
ORDER BY stream_count DESC
LIMIT 5","match
$s isa stream, has total_view_count $tvc;
$tvc > 1000000;
$g isa game;
game_play (streaming_channel: $s, played_game: $g);
reduce $stream_count = count($s) groupby $g;
sort $stream_count desc;
limit 5;
fetch {
  ""game"": $g.name,
  ""stream_count"": $stream_count
};"
356,Which users are chatters on more than five different streams?,"MATCH (u:User)-[:CHATTER]->(s:Stream)
WITH u, COUNT(DISTINCT s) AS streamCount
WHERE streamCount > 5
RETURN u.name AS userName, streamCount","match
$u isa user;
$s isa stream;
chat_activity (chatting_user: $u, channel_with_chatters: $s);
reduce $streamCount = count($s) groupby $u;
match
$streamCount > 5;
fetch {
  ""userName"": $u.name,
  ""streamCount"": $streamCount
};"
357,Find streams that have VIP relationships with more than three users.,"MATCH (s:Stream)-[:VIP]->(u:User)
WITH s, COUNT(u) AS vipCount
WHERE vipCount > 3
RETURN s.name AS streamName, vipCount","match
$s isa stream, has name $name;
$u isa user;
vip_status (channel_with_vips: $s, vip_user: $u);
reduce $vip_count = count($u) groupby $s, $name;
match $vip_count > 3;
fetch { ""streamName"": $name, ""vipCount"": $vip_count };"
358,What are the names of teams associated with streams created after 2018?,"MATCH (s:Stream)-[:HAS_TEAM]->(t:Team)
WHERE s.createdAt > datetime('2018-01-01T00:00:00Z')
RETURN DISTINCT t.name","match
$s isa stream, has created_at $ca;
$t isa team, has name $tn;
team_membership (member_stream: $s, organization: $t);
$ca > 2018-01-01T00:00:00;
select $tn;
distinct;
fetch { ""name"": $tn };"
359,How many streams have a description containing the word 'strategy'?,"MATCH (s:Stream)
WHERE s.description CONTAINS 'strategy'
RETURN count(s) AS numberOfStreams","match
$s isa stream, has description $d;
$d like "".*strategy.*"";
reduce $count = count($s);"
360,"Which streams have the longest moderator chains (a moderator, who is also a moderator, and so on)?","MATCH path = (s:Stream)-[:MODERATOR*]->(u:User)
WITH s, length(path) AS chainLength
ORDER BY chainLength DESC
LIMIT 1
RETURN s.name AS streamName, chainLength","with fun all_chain_members($s: stream) -> { stream }:
  match
    {
      moderation (moderated_channel: $s, moderating_channel: $next);
    } or {
      let $mid in all_chain_members($s);
      moderation (moderated_channel: $mid, moderating_channel: $next);
    };
  return { $next };
match
$s isa stream;
let $member in all_chain_members($s);
select $s, $member;
distinct;
reduce $chain_length = count($member) groupby $s;
sort $chain_length desc;
limit 1;
fetch {
  ""streamName"": $s.name,
  ""chainLength"": $chain_length
};"
361,Identify the streams that have the most moderators.,"MATCH (s:Stream)-[:MODERATOR]->(u:User)
WITH s, COUNT(u) AS moderator_count
ORDER BY moderator_count DESC
LIMIT 1
RETURN s.name AS stream_name, moderator_count","match
$s isa stream;
$u isa user;
moderation (moderated_channel: $s, moderating_user: $u);
reduce $count = count($u) groupby $s;
sort $count desc;
limit 1;
fetch { ""stream_name"": $s.name, ""moderator_count"": $count };"
362,List the games played by streams with the lowest follower counts.,"MATCH (s:Stream)-[:PLAYS]->(g:Game)
WITH s, g
ORDER BY s.followers ASC
LIMIT 1
RETURN g.name AS game_name","match
$s isa stream, has followers $f;
game_play (streaming_channel: $s, played_game: $g);
$g isa game;
sort $f asc;
limit 1;
fetch {
  ""game_name"": $g.name
};"
363,Which streams are part of the team 'ESO Stream Team'?,"MATCH (s:Stream)-[:HAS_TEAM]->(t:Team {name: 'ESO Stream Team'})
RETURN s.name AS stream_name, s.url AS stream_url","match
$s isa stream;
$t isa team, has name ""ESO Stream Team"";
team_membership (member_stream: $s, organization: $t);
fetch {
  ""stream_name"": $s.name,
  ""stream_url"": $s.url
};"
364,List the top 5 users who are chatters in the most streams.,"MATCH (u:User)-[:CHATTER]->(s:Stream)
WITH u, COUNT(s) AS streamCount
ORDER BY streamCount DESC
LIMIT 5
RETURN u.name AS userName, streamCount","match
$u isa user, has name $name;
$s isa stream;
chat_activity (chatting_user: $u, channel_with_chatters: $s);
reduce $count = count($s) groupby $u, $name;
sort $count desc;
limit 5;
fetch { ""userName"": $name, ""streamCount"": $count };"
365,Identify streams where the same user is both a chatter and a moderator.,"MATCH (u:User)-[:CHATTER]->(s:Stream), (u)-[:MODERATOR]->(s)
RETURN s.name AS streamName, u.name AS userName","match
$u isa user, has name $un;
$s isa stream, has name $sn;
chat_activity (chatting_user: $u, channel_with_chatters: $s);
moderation (moderating_user: $u, moderated_channel: $s);
fetch {
  ""streamName"": $sn,
  ""userName"": $un
};"
366,Which streams have chatters who have less than 1000 followers?,"MATCH (s:Stream)<-[:CHATTER]-(u:User)
WHERE u.followers < 1000
RETURN s.name AS stream_name, s.id AS stream_id","match
$s isa stream;
$u isa user, has followers $f;
chat_activity (channel_with_chatters: $s, chatting_user: $u);
$f < 1000;
fetch {
  ""stream_name"": $s.name,
  ""stream_id"": $s.stream_id
};"
367,How many users have VIP status in more than one stream?,"MATCH (u:User)-[:VIP]->(s1:Stream)
WITH u, COUNT(DISTINCT s1) AS streamCount
WHERE streamCount > 1
RETURN COUNT(u) AS vipUsersInMultipleStreams","match
$u isa user;
vip_status (vip_user: $u, vip_channel: $s);
$s isa stream;
reduce $stream_count = count($s) groupby $u;
match
$stream_count > 1;
reduce $count = count($u);"
368,Which 3 users are chatters in the most number of different streams?,"MATCH (u:User)-[:CHATTER]->(s:Stream)
WITH u, count(DISTINCT s) AS streamCount
ORDER BY streamCount DESC
LIMIT 3
RETURN u.name AS userName, streamCount","match
$u isa user, has name $name;
$s isa stream;
chat_activity (chatting_user: $u, channel_with_chatters: $s);
reduce $count = count($s) groupby $u, $name;
sort $count desc;
limit 3;
fetch { ""userName"": $name, ""streamCount"": $count };"
369,Find streams that play 'Rust' and have more than 10000 followers.,"MATCH (s:Stream)-[:PLAYS]->(g:Game {name: 'Rust'})
WHERE s.followers > 10000
RETURN s.id, s.name, s.url, s.followers","match
$s isa stream, has stream_id $sid, has followers $f;
$g isa game, has name ""Rust"";
game_play (streaming_channel: $s, played_game: $g);
$f > 10000;
fetch {
  ""s.id"": $sid,
  ""s.name"": $s.name,
  ""s.url"": $s.url,
  ""s.followers"": $f
};"
370,Which 3 games have the most streams associated with them?,"MATCH (s:Stream)-[:PLAYS]->(g:Game)
WITH g.name AS gameName, COUNT(s) AS streamCount
ORDER BY streamCount DESC
LIMIT 3
RETURN gameName, streamCount","match
$s isa stream;
$g isa game;
game_play (streaming_channel: $s, played_game: $g);
reduce $stream_count = count($s) groupby $g;
sort $stream_count desc;
limit 3;
fetch {
  ""gameName"": $g.name,
  ""streamCount"": $stream_count
};"
371,"What are the top 5 languages used by streams with more than 100,000 followers?","MATCH (s:Stream)-[:HAS_LANGUAGE]->(l:Language)
WHERE s.followers > 100000
RETURN l.name AS language, COUNT(s) AS stream_count
ORDER BY stream_count DESC
LIMIT 5","match
$s isa stream, has followers $f;
$f > 100000;
$l isa language;
language_usage (channel: $s, used_language: $l);
reduce $count = count($s) groupby $l;
sort $count desc;
limit 5;
fetch {
  ""language"": $l.name,
  ""stream_count"": $count
};"
372,Identify the first 3 teams that were created in the database.,"MATCH (t:Team)
RETURN t.name, t.createdAt
ORDER BY t.createdAt ASC
LIMIT 3","match
$t isa team, has created_at $ca, has name $n;
sort $ca asc;
limit 3;
fetch {
  ""name"": $n,
  ""created_at"": $ca
};"
373,Which 3 users are moderators for the most number of streams?,"MATCH (u:User)-[:MODERATOR]->(s:Stream)
WITH u, COUNT(s) AS streamCount
ORDER BY streamCount DESC
LIMIT 3
RETURN u.name AS userName, streamCount","match
$u isa user, has name $name;
$s isa stream;
moderation (moderating_user: $u, moderated_channel: $s);
reduce $count = count($s) groupby $u, $name;
sort $count desc;
limit 3;
fetch { ""userName"": $name, ""streamCount"": $count };"
374,Find the top 5 streams with the highest total view count.,"MATCH (s:Stream)
RETURN s.name, s.total_view_count
ORDER BY s.total_view_count DESC
LIMIT 5","match
$s isa stream, has total_view_count $tvc;
sort $tvc desc;
limit 5;
fetch {
  ""name"": $s.name,
  ""total_view_count"": $tvc
};"
375,What are the names of the top 3 streams that have a VIP user?,"MATCH (s:Stream)-[:VIP]->(:User)
RETURN s.name
ORDER BY s.followers DESC
LIMIT 3","match
$s isa stream, has followers $f;
$u isa user;
vip_status (channel_with_vips: $s, vip_user: $u);
sort $f desc;
limit 3;
fetch {
  ""name"": $s.name
};"
376,List the top 5 streams that play 'Rust' and have more than 5000 followers.,"MATCH (s:Stream)-[:PLAYS]->(g:Game {name: 'Rust'})
WHERE s.followers > 5000
RETURN s.name, s.url, s.followers
ORDER BY s.followers DESC
LIMIT 5","match
$s isa stream, has followers $f;
$g isa game, has name ""Rust"";
game_play (streaming_channel: $s, played_game: $g);
$f > 5000;
sort $f desc;
limit 5;
fetch {
  ""name"": $s.name,
  ""url"": $s.url,
  ""followers"": $f
};"
377,Which 3 streams have the most chatter relationships?,"MATCH (s:Stream)<-[:CHATTER]-(u:User)
WITH s, COUNT(u) AS chatterCount
RETURN s.name AS streamName, chatterCount
ORDER BY chatterCount DESC
LIMIT 3","match
$s isa stream;
$u isa user;
chat_activity (channel_with_chatters: $s, chatting_user: $u);
reduce $chatter_count = count($u) groupby $s;
sort $chatter_count desc;
limit 3;
fetch {
  ""streamName"": $s.name,
  ""chatterCount"": $chatter_count
};"
378,Which 3 users have VIP status in the most streams?,"MATCH (u:User)-[:VIP]->(s:Stream)
WITH u, COUNT(s) AS vip_stream_count
ORDER BY vip_stream_count DESC
LIMIT 3
RETURN u.name AS userName, vip_stream_count","match
$u isa user, has name $n;
$s isa stream;
vip_status (vip_user: $u, vip_channel: $s);
reduce $count = count($s) groupby $u, $n;
sort $count desc;
limit 3;
fetch { ""userName"": $n, ""vip_stream_count"": $count };"
379,What are the top 5 oldest streams based on the 'createdAt' property?,"MATCH (s:Stream)
RETURN s.name, s.createdAt
ORDER BY s.createdAt ASC
LIMIT 5","match
$s isa stream, has created_at $ca;
sort $ca asc;
limit 5;
fetch {
  ""name"": $s.name,
  ""createdAt"": $ca
};"
380,Find the first 3 languages that are most frequently associated with streams.,"MATCH (s:Stream)-[:HAS_LANGUAGE]->(l:Language)
WITH l.name AS language, COUNT(s) AS stream_count
ORDER BY stream_count DESC
LIMIT 3
RETURN language, stream_count","match
$s isa stream;
$l isa language;
language_usage (channel: $s, used_language: $l);
$l has name $lang_name;
reduce $stream_count = count($s) groupby $lang_name;
sort $stream_count desc;
limit 3;
fetch { ""language"": $lang_name, ""stream_count"": $stream_count };"
381,List the top 5 streams with the highest number of followers.,"MATCH (s:Stream)
RETURN s.name, s.followers
ORDER BY s.followers DESC
LIMIT 5","match
$s isa stream, has followers $f;
sort $f desc;
limit 5;
fetch {
  ""name"": $s.name,
  ""followers"": $f
};"
382,List all languages spoken on streams with a total view count over 500000.,"MATCH (s:Stream)-[:HAS_LANGUAGE]->(l:Language)
WHERE s.total_view_count > 500000
RETURN DISTINCT l.name AS language","match
$s isa stream, has total_view_count $tvc;
$tvc > 500000;
language_usage (channel: $s, used_language: $l);
$l isa language;
select $l;
distinct;
fetch {
  ""language"": $l.name
};"
383,Which 3 streams have the most complex descriptions based on word count?,"MATCH (s:Stream)
WITH s, size(split(s.description, "" "")) AS wordCount
ORDER BY wordCount DESC
LIMIT 3
RETURN s.name AS streamName, s.description AS description, wordCount","match
$s isa stream, has description $d;
sort $d desc;
limit 3;
fetch { ""stream"": $s.name, ""description"": $d };"
384,Which 3 users are VIPs in the most number of different users' streams?,"MATCH (vipUser:User)-[:VIP]->(stream:Stream)
WITH vipUser, count(DISTINCT stream) AS streamCount
ORDER BY streamCount DESC
LIMIT 3
RETURN vipUser.name AS vipUserName, streamCount","match
$vipUser isa user;
vip_status (vip_user: $vipUser, vip_channel: $stream);
reduce $streamCount = count($stream) groupby $vipUser;
sort $streamCount desc;
limit 3;
fetch { ""vipUserName"": $vipUser.name, ""streamCount"": $streamCount };"
385,What are the top 5 streams with the highest total view count and are associated with the 'ESO Stream Team'?,"MATCH (s:Stream)-[:HAS_TEAM]->(t:Team {name: 'ESO Stream Team'})
RETURN s.name AS stream_name, s.total_view_count AS total_view_count
ORDER BY s.total_view_count DESC
LIMIT 5","match
$s isa stream;
$t isa team, has name ""ESO Stream Team"";
team_membership (member_stream: $s, organization: $t);
$s has total_view_count $tvc;
sort $tvc desc;
limit 5;
fetch {
  ""stream_name"": $s.name,
  ""total_view_count"": $tvc
};"
386,Identify the first 3 languages associated with streams that have a description containing 'coverage'.,"MATCH (s:Stream)-[:HAS_LANGUAGE]->(l:Language)
WHERE s.description CONTAINS 'coverage'
RETURN DISTINCT l.name
ORDER BY l.name
LIMIT 3","match $s isa stream, has description $d; $d like "".*coverage.*""; language_usage (channel: $s, used_language: $l); $l has name $n; select $n; distinct; sort $n; limit 3; fetch { ""name"": $n };"
387,List the first 3 streams that have chatters who are also streams.,"MATCH (s:Stream)<-[:CHATTER]-(u:User)-[:CHATTER]->(s2:Stream)
RETURN DISTINCT s2.name AS stream_name, s2.url AS stream_url
LIMIT 3","match
$s isa stream;
$s2 isa stream;
$u isa user;
chat_activity (channel_with_chatters: $s, chatting_user: $u);
chat_activity (channel_with_chatters: $s2, chatting_user: $u);
not { $s is $s2; };
select $s2;
distinct;
limit 3;
fetch {
  ""stream_name"": $s2.name,
  ""stream_url"": $s2.url
};"
388,"Which streams have a total view count below 50,000 and are associated with the language 'ru'?","MATCH (s:Stream)-[:HAS_LANGUAGE]->(l:Language)
WHERE s.total_view_count < 50000 AND l.name = 'ru'
RETURN s.name AS stream_name, s.total_view_count AS view_count, l.name AS language","match
$s isa stream, has name $sn, has total_view_count $tvc;
$tvc < 50000;
$l isa language, has name ""ru"";
language_usage (channel: $s, used_language: $l);
fetch {
  ""stream_name"": $sn,
  ""view_count"": $tvc,
  ""language"": $l.name
};"
389,"Identify the first 3 teams that are linked to streams with over 10,000 followers.","MATCH (s:Stream)-[:HAS_TEAM]->(t:Team)
WHERE s.followers > 10000
RETURN t.name
ORDER BY t.createdAt
LIMIT 3","match
$s isa stream, has followers $f;
$f > 10000;
$t isa team, has created_at $ca;
team_membership (member_stream: $s, organization: $t);
sort $ca;
limit 3;
fetch {
  ""name"": $t.name
};"
390,What are the top 5 streams created before 2010?,"MATCH (s:Stream)
WHERE s.createdAt < datetime(""2010-01-01T00:00:00Z"")
RETURN s.name, s.createdAt, s.followers, s.total_view_count
ORDER BY s.followers DESC
LIMIT 5","match
$s isa stream, has created_at $ca, has followers $f;
$ca < 2010-01-01T00:00:00;
sort $f desc;
limit 5;
fetch {
  ""name"": $s.name,
  ""created_at"": $ca,
  ""followers"": $f,
  ""total_view_count"": $s.total_view_count
};"
391,List the first 3 streams that have VIPs who are users with a name containing 'chase'.,"MATCH (s:Stream)-[:VIP]->(u:User)
WHERE u.name CONTAINS 'chase'
RETURN s
LIMIT 3","match
$s isa stream;
$u isa user, has name $n;
vip_status (channel_with_vips: $s, vip_user: $u);
$n like "".*chase.*"";
limit 3;
fetch {
  ""s"": { $s.* }
};"
392,Which users are chatters in streams with a description containing 'inclusive'?,"MATCH (s:Stream)-[:CHATTER]->(u:User)
WHERE s.description CONTAINS 'inclusive'
RETURN u.name","match
$s isa stream, has description $d;
$d like "".*inclusive.*"";
chat_activity (channel_with_chatters: $s, chatting_user: $u);
$u isa user;
fetch {
  ""name"": $u.name
};"
393,Identify the first 3 streams that have moderators named 'itsbigchase'.,"MATCH (u:User {name: 'itsbigchase'})-[:MODERATOR]->(s:Stream)
RETURN s
ORDER BY s.createdAt
LIMIT 3","match
$u isa user, has name ""itsbigchase"";
$s isa stream, has created_at $ca;
moderation (moderating_user: $u, moderated_channel: $s);
sort $ca asc;
limit 3;
fetch {
  ""stream"": { $s.* }
};"
394,List the top 5 streams with the lowest follower count that play the game 'Rust'.,"MATCH (s:Stream)-[:PLAYS]->(g:Game {name: 'Rust'})
RETURN s.name, s.followers
ORDER BY s.followers ASC
LIMIT 5","match
$s isa stream, has followers $f;
$g isa game, has name ""Rust"";
game_play (streaming_channel: $s, played_game: $g);
sort $f asc;
limit 5;
fetch {
  ""name"": $s.name,
  ""followers"": $f
};"
395,What are the first 3 streams with the most VIPs linked to them?,"MATCH (s:Stream)-[:VIP]->(u:User)
WITH s, COUNT(u) AS vip_count
ORDER BY vip_count DESC
LIMIT 3
RETURN s.name AS stream_name, vip_count","match
$s isa stream;
vip_status (channel_with_vips: $s, vip_user: $u);
reduce $vip_count = count($u) groupby $s;
sort $vip_count desc;
limit 3;
fetch {
  ""stream_name"": $s.name,
  ""vip_count"": $vip_count
};"
396,Which streams have at least one user named 'itsbigchase' as a chatter?,"MATCH (u:User {name: 'itsbigchase'})-[:CHATTER]->(s:Stream)
RETURN s.name AS stream_name, s.url AS stream_url","match
$u isa user, has name ""itsbigchase"";
chat_activity (chatting_user: $u, channel_with_chatters: $s);
$s isa stream;
fetch {
  ""stream_name"": $s.name,
  ""stream_url"": $s.url
};"
397,Find the first 3 users who are moderators of more than one stream.,"MATCH (u:User)-[:MODERATOR]->(s:Stream)
WITH u, COUNT(s) AS streamCount
WHERE streamCount > 1
RETURN u.name
ORDER BY u.name
LIMIT 3","match
$u isa user, has name $n;
$s isa stream;
moderation (moderating_user: $u, moderated_channel: $s);
reduce $count = count($s) groupby $u, $n;
match $count > 1;
sort $n;
limit 3;
fetch { ""name"": $n };"
398,"List the top 5 streams that have chatters with a total view count over 10,000.","MATCH (s:Stream)-[:CHATTER]->(u:User)
WHERE s.total_view_count > 10000
RETURN s.name, s.total_view_count
ORDER BY s.total_view_count DESC
LIMIT 5","match
$s isa stream, has total_view_count $tvc;
$tvc > 10000;
chat_activity (channel_with_chatters: $s, chatting_user: $u);
$u isa user;
select $s, $tvc;
distinct;
sort $tvc desc;
limit 5;
fetch {
  ""name"": $s.name,
  ""total_view_count"": $tvc
};"
399,Identify the first 3 streams that play a game and have a VIP who is a user.,"MATCH (s:Stream)-[:PLAYS]->(g:Game)
MATCH (s)-[:VIP]->(u:User)
RETURN s.name AS stream_name, g.name AS game_name, u.name AS vip_user_name
ORDER BY s.createdAt ASC
LIMIT 3","match
$s isa stream, has created_at $ca;
$g isa game;
$u isa user;
game_play (streaming_channel: $s, played_game: $g);
vip_status (channel_with_vips: $s, vip_user: $u);
sort $ca asc;
limit 3;
fetch {
  ""stream_name"": $s.name,
  ""game_name"": $g.name,
  ""vip_user_name"": $u.name
};"
400,List the first 3 streams that are linked to the game 'Rust' and have been created after 2018.,"MATCH (s:Stream)-[:PLAYS]->(g:Game {name: 'Rust'})
WHERE s.createdAt > datetime('2018-01-01T00:00:00Z')
RETURN s.id, s.name, s.createdAt
ORDER BY s.createdAt
LIMIT 3","match
$s isa stream, has stream_id $sid, has name $sn, has created_at $ca;
$g isa game, has name ""Rust"";
game_play (streaming_channel: $s, played_game: $g);
$ca > 2018-01-01T00:00:00Z;
sort $ca;
limit 3;
fetch {
  ""id"": $sid,
  ""name"": $sn,
  ""created_at"": $ca
};"
401,What are the top 5 most viewed streams that have a language set to 'en'?,"MATCH (s:Stream)-[:HAS_LANGUAGE]->(l:Language {name: 'en'})
RETURN s.name, s.total_view_count
ORDER BY s.total_view_count DESC
LIMIT 5","match
$s isa stream;
$l isa language, has name ""en"";
language_usage (channel: $s, used_language: $l);
$s has total_view_count $tvc;
sort $tvc desc;
limit 5;
fetch {
  ""name"": $s.name,
  ""total_view_count"": $tvc
};"
402,Which streams have a description containing 'premiere' and have at least 5000 followers?,"MATCH (s:Stream)
WHERE s.description CONTAINS 'premiere' AND s.followers >= 5000
RETURN s.name AS streamName, s.description AS description, s.followers AS followers","match
$s isa stream, has description $d, has followers $f;
$d like "".*premiere.*"";
$f >= 5000;
fetch {
  ""streamName"": $s.name,
  ""description"": $d,
  ""followers"": $f
};"
403,Identify the first 3 streams that have chatters who are users with a follower count below 3000.,"MATCH (s:Stream)<-[:CHATTER]-(u:User)
WHERE s.followers < 3000
RETURN s
ORDER BY s.createdAt ASC
LIMIT 3","match
$s isa stream, has created_at $ca;
$u isa user, has followers $f;
chat_activity (channel_with_chatters: $s, chatting_user: $u);
$f < 3000;
sort $ca asc;
limit 3;
fetch {
  ""stream"": { $s.* }
};"
404,List the top 5 streams that are linked to teams created before 2015.,"MATCH (s:Stream)-[:HAS_TEAM]->(t:Team)
WHERE t.createdAt < datetime('2015-01-01T00:00:00Z')
RETURN s.name AS stream_name, s.followers AS followers, t.name AS team_name
ORDER BY s.followers DESC
LIMIT 5","match
$s isa stream;
$t isa team, has created_at $ca;
team_membership (member_stream: $s, organization: $t);
$ca < 2015-01-01T00:00:00;
$s has followers $f;
sort $f desc;
limit 5;
fetch {
  ""stream_name"": $s.name,
  ""followers"": $f,
  ""team_name"": $t.name
};"
405,What are the first 3 streams with a moderator named 'itsbigchase'?,"MATCH (u:User {name: 'itsbigchase'})-[:MODERATOR]->(s:Stream)
RETURN s
ORDER BY s.createdAt
LIMIT 3","match
$u isa user, has name ""itsbigchase"";
moderation (moderating_user: $u, moderated_channel: $s);
$s isa stream, has created_at $ca;
sort $ca;
limit 3;
fetch {
  ""stream"": { $s.* }
};"
406,Which streams are played by users with a name containing 'doduik' and have a total view count above 3000?,"MATCH (u:User)-[:MODERATOR|CHATTER|VIP]->(s:Stream)-[:PLAYS]->(g:Game)
WHERE u.name CONTAINS 'doduik' AND s.total_view_count > 3000
RETURN s.name AS stream_name, s.url AS stream_url, s.total_view_count AS total_view_count","match
$u isa user, has name $un;
$un like "".*doduik.*"";
$s isa stream, has total_view_count $tvc;
$tvc > 3000;
$rel isa $t ($u, $s);
{ $t label moderation; } or { $t label chat_activity; } or { $t label vip_status; };
game_play (streaming_channel: $s, played_game: $g);
fetch {
  ""stream_name"": $s.name,
  ""stream_url"": $s.url,
  ""total_view_count"": $tvc
};"
407,Identify the first 3 streams that have a language set to 'ru' and a moderator with a follower count above 5000.,"MATCH (s:Stream)-[:HAS_LANGUAGE]->(l:Language {name: 'ru'})
MATCH (s)-[:MODERATOR]->(u:User)
WHERE u.followers > 5000
RETURN s
ORDER BY s.createdAt ASC
LIMIT 3","match
$s isa stream, has created_at $ca;
$l isa language, has name ""ru"";
language_usage (channel: $s, used_language: $l);
$u isa user, has followers $f;
moderation (moderated_channel: $s, moderating_user: $u);
$f > 5000;
sort $ca asc;
limit 3;
fetch {
  ""stream"": $s.name,
  ""created_at"": $s.created_at
};"
408,List the top 5 streams that have at least one user as a chatter and are associated with the game 'Rust'.,"MATCH (s:Stream)-[:PLAYS]->(g:Game {name: 'Rust'})
MATCH (s)-[:CHATTER]->(:User)
RETURN s.name, s.url, s.followers, s.total_view_count
ORDER BY s.followers DESC
LIMIT 5","match
$s isa stream;
$g isa game, has name ""Rust"";
game_play (streaming_channel: $s, played_game: $g);
$u isa user;
chat_activity (channel_with_chatters: $s, chatting_user: $u);
$s has followers $f;
sort $f desc;
limit 5;
fetch {
  ""name"": $s.name,
  ""url"": $s.url,
  ""followers"": $f,
  ""total_view_count"": $s.total_view_count
};"
409,What are the first 3 streams that have a team with a creation date after 2015?,"MATCH (s:Stream)-[:HAS_TEAM]->(t:Team)
WHERE t.createdAt > datetime(""2015-01-01T00:00:00Z"")
RETURN s.name AS stream_name, s.url AS stream_url, t.name AS team_name, t.createdAt AS team_createdAt
ORDER BY t.createdAt
LIMIT 3","match
$s isa stream;
$t isa team, has created_at $ca;
team_membership (member_stream: $s, organization: $t);
$ca > 2015-01-01T00:00:00;
sort $ca asc;
limit 3;
fetch {
  ""stream_name"": $s.name,
  ""stream_url"": $s.url,
  ""team_name"": $t.name,
  ""team_createdAt"": $ca
};"
410,Which streams have a total view count above 1 million and a moderator named 'creightonolsen'?,"MATCH (s:Stream)-[:MODERATOR]->(u:User)
WHERE s.total_view_count > 1000000 AND u.name = 'creightonolsen'
RETURN s.name AS stream_name, s.total_view_count AS view_count, u.name AS moderator_name","match
$s isa stream, has name $sn, has total_view_count $tvc;
$tvc > 1000000;
$u isa user, has name ""creightonolsen"";
moderation (moderated_channel: $s, moderating_user: $u);
fetch {
  ""stream_name"": $sn,
  ""view_count"": $tvc,
  ""moderator_name"": $u.name
};"
411,"Which streams have a follower count above 10,000 and are associated with a game named 'Rust'?","MATCH (s:Stream)-[:PLAYS]->(g:Game)
WHERE s.followers > 10000 AND g.name = 'Rust'
RETURN s.name AS stream_name, s.followers AS follower_count, g.name AS game_name","match
$s isa stream, has name $sn, has followers $f;
$g isa game, has name ""Rust"";
game_play (streaming_channel: $s, played_game: $g);
$f > 10000;
fetch {
  ""stream_name"": $sn,
  ""follower_count"": $f,
  ""game_name"": $g.name
};"
412,"List the top 5 games associated with streams that have more than 10,000 total views.","MATCH (s:Stream)-[:PLAYS]->(g:Game)
WHERE s.total_view_count > 10000
RETURN g.name, COUNT(s) AS stream_count
ORDER BY stream_count DESC
LIMIT 5","match
$s isa stream, has total_view_count $tvc;
$tvc > 10000;
$g isa game;
game_play (streaming_channel: $s, played_game: $g);
reduce $stream_count = count($s) groupby $g;
sort $stream_count desc;
limit 5;
fetch {
  ""name"": $g.name,
  ""stream_count"": $stream_count
};"
413,Which streams have a follower count between 1000 and 5000 and play the game 'Rust'?,"MATCH (s:Stream)-[:PLAYS]->(g:Game {name: 'Rust'})
WHERE s.followers >= 1000 AND s.followers <= 5000
RETURN s.name, s.followers, s.url","match
$s isa stream, has followers $f;
$g isa game, has name ""Rust"";
game_play (streaming_channel: $s, played_game: $g);
$f >= 1000;
$f <= 5000;
fetch {
  ""name"": $s.name,
  ""followers"": $f,
  ""url"": $s.url
};"
414,Identify the first 3 streams that have moderators with a follower count over 1000.,"MATCH (s:Stream)-[:MODERATOR]->(u:User)
WHERE s.followers > 1000
RETURN s
ORDER BY s.createdAt ASC
LIMIT 3","match
$s isa stream, has followers $f, has created_at $ca;
$u isa user;
moderation (moderated_channel: $s, moderating_user: $u);
$f > 1000;
sort $ca asc;
limit 3;
fetch {
  ""stream"": { $s.* }
};"
415,List the first 3 streams that were created after 2020.,"MATCH (s:Stream)
WHERE s.createdAt > datetime(""2020-01-01T00:00:00Z"")
RETURN s.name, s.createdAt
ORDER BY s.createdAt
LIMIT 3","match
  $s isa stream, has name $sn, has created_at $ca;
  $ca > 2020-01-01;
sort $ca asc;
limit 3;
fetch { ""name"": $sn, ""created_at"": $ca };"
416,"What are the top 5 teams by number of associated streams with over 10,000 followers?","MATCH (s:Stream)-[:HAS_TEAM]->(t:Team)
WHERE s.followers > 10000
WITH t, count(s) AS stream_count
ORDER BY stream_count DESC
LIMIT 5
RETURN t.name AS team_name, stream_count","match
$s isa stream, has followers $f;
$f > 10000;
$t isa team;
team_membership (member_stream: $s, organization: $t);
reduce $count = count($s) groupby $t;
sort $count desc;
limit 5;
fetch { ""team_name"": $t.name, ""stream_count"": $count };"
417,Which 3 languages are associated with the streams that have the least followers?,"MATCH (s:Stream)-[:HAS_LANGUAGE]->(l:Language)
WITH s, l
ORDER BY s.followers ASC
LIMIT 3
RETURN l.name AS language, COUNT(s) AS stream_count
ORDER BY stream_count DESC
LIMIT 3","match
$s isa stream, has followers $f;
language_usage (channel: $s, used_language: $l);
$l has name $ln;
sort $f asc;
limit 3;
reduce $count = count($s) groupby $ln;
sort $count desc;
limit 3;
fetch { ""language"": $ln, ""stream_count"": $count };"
418,List the top 5 streams that have the most number of languages associated.,"MATCH (s:Stream)-[:HAS_LANGUAGE]->(l:Language)
WITH s, COUNT(l) AS languageCount
ORDER BY languageCount DESC
LIMIT 5
RETURN s.name AS streamName, languageCount","match
$s isa stream;
$l isa language;
language_usage (channel: $s, used_language: $l);
reduce $count = count($l) groupby $s;
sort $count desc;
limit 5;
fetch {
  ""streamName"": $s.name,
  ""languageCount"": $count
};"
420,"Which 3 streams have the least followers but are associated with a game with more than 100,000 total views?","MATCH (s:Stream)-[:PLAYS]->(g:Game)
WHERE s.followers IS NOT NULL AND s.followers >= 0
WITH s, g
ORDER BY s.followers ASC
LIMIT 3
MATCH (s)-[:PLAYS]->(g)
WHERE g.total_view_count > 100000
RETURN s.name AS StreamName, s.followers AS Followers, g.name AS GameName, g.total_view_count AS GameTotalViews
ORDER BY s.followers ASC
LIMIT 3","match
  $s isa stream, has name $sn, has followers $f, has total_view_count $tv;
  $g isa game, has name $gn;
  game_play (streaming_channel: $s, played_game: $g);
  $tv > 100000;
sort $f asc;
limit 3;
fetch {
  ""StreamName"": $sn,
  ""Followers"": $f,
  ""GameName"": $gn
};"
421,What are the first 3 streams to have a team relationship with 'ESO Stream Team'?,"MATCH (t:Team {name: ""ESO Stream Team""})<-[:HAS_TEAM]-(s:Stream)
RETURN s.name, s.createdAt
ORDER BY s.createdAt ASC
LIMIT 3","match
$t isa team, has name ""ESO Stream Team"";
$s isa stream, has created_at $ca;
team_membership (member_stream: $s, organization: $t);
sort $ca asc;
limit 3;
fetch {
  ""name"": $s.name,
  ""createdAt"": $ca
};"
422,Which 3 streams have the most VIP users who also have more than 5000 followers?,"MATCH (s:Stream)-[:VIP]->(u:User)
WHERE u.followers > 5000
WITH s, COUNT(u) AS vip_count
ORDER BY vip_count DESC
LIMIT 3
RETURN s.name AS stream_name, vip_count","match
$s isa stream;
$u isa user, has followers $f;
$f > 5000;
vip_status (channel_with_vips: $s, vip_user: $u);
reduce $vip_count = count($u) groupby $s;
sort $vip_count desc;
limit 3;
fetch {
  ""stream_name"": $s.name,
  ""vip_count"": $vip_count
};"
423,List the top 5 users who are moderators in the most number of streams with an 'en' language setup.,"MATCH (u:User)-[:MODERATOR]->(s:Stream)-[:HAS_LANGUAGE]->(l:Language {name: 'en'})
WITH u, COUNT(s) AS streamCount
ORDER BY streamCount DESC
LIMIT 5
RETURN u.name AS userName, streamCount","match
$u isa user, has name $uname;
$s isa stream;
$l isa language, has name ""en"";
moderation (moderating_user: $u, moderated_channel: $s);
language_usage (channel: $s, used_language: $l);
reduce $streamCount = count($s) groupby $u, $uname;
sort $streamCount desc;
limit 5;
fetch { ""userName"": $uname, ""streamCount"": $streamCount };"
424,What are the top 5 oldest streams by the 'createdAt' property that are still active?,"MATCH (s:Stream)
WHERE s.createdAt IS NOT NULL
RETURN s.name, s.createdAt
ORDER BY s.createdAt ASC
LIMIT 5","match
$s isa stream, has created_at $ca;
sort $ca asc;
limit 5;
fetch {
  ""name"": $s.name,
  ""createdAt"": $ca
};"
425,Which 3 games are played by streams with the highest ratio of followers to total view counts?,"MATCH (s:Stream)-[:PLAYS]->(g:Game)
WITH s, g, (toFloat(s.followers) / s.total_view_count) AS ratio
ORDER BY ratio DESC
LIMIT 3
RETURN g.name AS game, ratio","match
$s isa stream, has followers $f, has total_view_count $v;
game_play (streaming_channel: $s, played_game: $g);
$g isa game;
let $ratio = $f / $v;
sort $ratio desc;
limit 3;
fetch {
  ""game"": $g.name,
  ""ratio"": $ratio
};"
426,List the top 5 most followed streams that are linked to the language 'en'.,"MATCH (s:Stream)-[:HAS_LANGUAGE]->(l:Language {name: 'en'})
RETURN s.name, s.followers
ORDER BY s.followers DESC
LIMIT 5","match
$s isa stream, has followers $f;
$l isa language, has name ""en"";
language_usage (channel: $s, used_language: $l);
sort $f desc;
limit 5;
fetch {
  ""name"": $s.name,
  ""followers"": $f
};"
427,List the first 3 streams that were created in 2018.,"MATCH (s:Stream)
WHERE s.createdAt >= datetime(""2018-01-01T00:00:00Z"") AND s.createdAt < datetime(""2019-01-01T00:00:00Z"")
RETURN s
ORDER BY s.createdAt
LIMIT 3","match
$s isa stream, has created_at $ca;
$ca >= 2018-01-01T00:00:00;
$ca < 2019-01-01T00:00:00;
sort $ca;
limit 3;
fetch {
  ""name"": $s.name,
  ""created_at"": $ca
};"
428,Which 3 streams have the most users as VIPs?,"MATCH (s:Stream)-[:VIP]->(u:User)
WITH s, COUNT(u) AS vip_count
ORDER BY vip_count DESC
LIMIT 3
RETURN s.name AS stream_name, vip_count","match
$s isa stream;
$u isa user;
vip_status (channel_with_vips: $s, vip_user: $u);
reduce $count = count($u) groupby $s;
sort $count desc;
limit 3;
fetch { ""stream_name"": $s.name, ""vip_count"": $count };"
429,List the top 5 streams that are associated with teams and have more than 10000 followers.,"MATCH (s:Stream)-[:HAS_TEAM]->(:Team)
WHERE s.followers > 10000
RETURN s.name, s.followers
ORDER BY s.followers DESC
LIMIT 5","match
$s isa stream, has followers $f;
$f > 10000;
team_membership (member_stream: $s, organization: $t);
$t isa team;
sort $f desc;
limit 5;
fetch {
  ""name"": $s.name,
  ""followers"": $f
};"
430,What are the first 3 streams that have a chatter who is also a moderator?,"MATCH (s:Stream)<-[:CHATTER]-(u:User)-[:MODERATOR]->(s)
RETURN s
ORDER BY s.createdAt
LIMIT 3","match
$s isa stream, has created_at $ca;
$u isa user;
chat_activity (chatting_user: $u, channel_with_chatters: $s);
moderation (moderating_user: $u, moderated_channel: $s);
sort $ca asc;
limit 3;
fetch {
  ""stream"": { $s.* }
};"
431,List the first 3 streams that have a language set to 'en'.,"MATCH (s:Stream)-[:HAS_LANGUAGE]->(l:Language {name: 'en'})
RETURN s.name, s.url, s.createdAt
ORDER BY s.createdAt
LIMIT 3","match
$s isa stream;
$l isa language, has name ""en"";
language_usage (channel: $s, used_language: $l);
$s has created_at $ca;
sort $ca asc;
limit 3;
fetch {
  ""name"": $s.name,
  ""url"": $s.url,
  ""created_at"": $ca
};"
432,What are the top 5 games played by streams with more than 5000 followers?,"MATCH (s:Stream)-[:PLAYS]->(g:Game)
WHERE s.followers > 5000
RETURN g.name, COUNT(s) AS stream_count
ORDER BY stream_count DESC
LIMIT 5","match
$s isa stream, has followers $f;
$f > 5000;
$g isa game;
game_play (streaming_channel: $s, played_game: $g);
reduce $stream_count = count($s) groupby $g;
sort $stream_count desc;
limit 5;
fetch {
  ""name"": $g.name,
  ""stream_count"": $stream_count
};"
433,Which streams have a total view count above 1 million and are associated with the 'ESO Stream Team'?,"MATCH (s:Stream)-[:HAS_TEAM]->(t:Team)
WHERE s.total_view_count > 1000000 AND t.name = 'ESO Stream Team'
RETURN s.name AS stream_name, s.total_view_count AS view_count, t.name AS team_name","match
$s isa stream, has total_view_count $tvc;
$tvc > 1000000;
$t isa team, has name ""ESO Stream Team"";
team_membership (member_stream: $s, organization: $t);
fetch {
  ""stream_name"": $s.name,
  ""view_count"": $tvc,
  ""team_name"": $t.name
};"
434,Identify the first 3 users who are moderators for streams with a description containing 'Belarus'.,"MATCH (s:Stream)-[:MODERATOR]->(u:User)
WHERE s.description CONTAINS 'Belarus'
RETURN u.name
LIMIT 3","match
$s isa stream, has description $d;
$d like "".*Belarus.*"";
$u isa user;
moderation (moderated_channel: $s, moderating_user: $u);
limit 3;
fetch { ""name"": $u.name };"
435,Find the top 5 streams that are playing the game 'Rust'.,"MATCH (s:Stream)-[:PLAYS]->(g:Game {name: 'Rust'})
RETURN s.name, s.url, s.followers, s.total_view_count
ORDER BY s.followers DESC
LIMIT 5","match
$s isa stream;
$g isa game, has name ""Rust"";
game_play (streaming_channel: $s, played_game: $g);
$s has followers $f;
sort $f desc;
limit 5;
fetch {
  ""name"": $s.name,
  ""url"": $s.url,
  ""followers"": $f,
  ""total_view_count"": $s.total_view_count
};"
436,List the first 3 streams that have at least one VIP who is also a user.,"MATCH (s:Stream)-[:VIP]->(u:User)
WITH s, COUNT(u) AS vip_count
WHERE vip_count > 0
RETURN s.name AS stream_name, s.url AS stream_url
ORDER BY s.createdAt
LIMIT 3","match
$s isa stream, has created_at $ca;
vip_status (vip_channel: $s, vip_user: $u);
select $s, $ca;
distinct;
sort $ca;
limit 3;
fetch {
  ""stream_name"": $s.name,
  ""stream_url"": $s.url
};"
437,What are the first 3 streams that have a language set to 'ru'?,"MATCH (s:Stream)-[:HAS_LANGUAGE]->(l:Language {name: 'ru'})
RETURN s
ORDER BY s.createdAt
LIMIT 3","match
$s isa stream, has created_at $ca;
$l isa language, has name ""ru"";
language_usage (channel: $s, used_language: $l);
sort $ca;
limit 3;
fetch {
  ""name"": $s.name,
  ""stream_id"": $s.stream_id,
  ""description"": $s.description,
  ""url"": $s.url,
  ""created_at"": $s.created_at,
  ""followers"": $s.followers,
  ""total_view_count"": $s.total_view_count
};"
438,"Which users are VIPs in streams with a total view count exceeding 500,000?","MATCH (u:User)-[:VIP]->(s:Stream)
WHERE s.total_view_count > 500000
RETURN u.name AS vip_user, s.name AS stream_name, s.total_view_count AS view_count","match
  $u isa user, has name $un;
  $s isa stream, has name $sn, has total_view_count $tvc;
  vip_status (vip_user: $u, channel_with_vips: $s);
  $tvc > 500000;
fetch {
  ""vip_user"": $un,
  ""stream_name"": $sn,
  ""view_count"": $tvc
};"
439,"What are the top 5 games played by streams created after January 1, 2015?","MATCH (s:Stream)-[:PLAYS]->(g:Game)
WHERE s.createdAt > datetime(""2015-01-01T00:00:00Z"")
RETURN g.name AS game, COUNT(s) AS stream_count
ORDER BY stream_count DESC
LIMIT 5","match
$s isa stream, has created_at $ca;
$g isa game;
game_play (streaming_channel: $s, played_game: $g);
$ca > 2015-01-01T00:00:00;
reduce $stream_count = count($s) groupby $g;
sort $stream_count desc;
limit 5;
fetch { ""game"": $g.name, ""stream_count"": $stream_count };"
440,What are the top 5 languages associated with streams that have the most moderators?,"MATCH (s:Stream)-[:MODERATOR]->(u:User)
WITH s, COUNT(u) AS moderator_count
ORDER BY moderator_count DESC
LIMIT 5
MATCH (s)-[:HAS_LANGUAGE]->(l:Language)
RETURN l.name AS language, COUNT(s) AS stream_count
ORDER BY stream_count DESC
LIMIT 5","match
$s isa stream;
$u isa user;
moderation (moderated_channel: $s, moderating_user: $u);
reduce $mod_count = count($u) groupby $s;
sort $mod_count desc;
limit 5;
match
$l isa language;
language_usage (channel: $s, used_language: $l);
reduce $stream_count = count($s) groupby $l;
sort $stream_count desc;
limit 5;
match
$l has name $lang_name;
fetch { ""language"": $lang_name, ""stream_count"": $stream_count };"
441,What is the URL of the stream with the highest total view count?,"MATCH (s:Stream)
RETURN s.url
ORDER BY s.total_view_count DESC
LIMIT 1","match
$s isa stream, has total_view_count $tvc;
sort $tvc desc;
limit 1;
fetch {
  ""url"": $s.url
};"
442,Find streams that are moderated by users who are also chatters.,"MATCH (u:User)-[:MODERATOR]->(s:Stream)
MATCH (u)-[:CHATTER]->(s)
RETURN s.name AS stream_name, s.url AS stream_url, u.name AS user_name","match
$u isa user, has name $un;
$s isa stream, has name $sn, has url $su;
moderation (moderating_user: $u, moderated_channel: $s);
chat_activity (chatting_user: $u, channel_with_chatters: $s);
fetch {
  ""stream_name"": $sn,
  ""stream_url"": $su,
  ""user_name"": $un
};"
443,Which games are played by streams that also have an 'en' language setting?,"MATCH (s:Stream)-[:PLAYS]->(g:Game), (s)-[:HAS_LANGUAGE]->(l:Language)
WHERE l.name = 'en'
RETURN DISTINCT g.name AS game_name","match
$s isa stream;
$g isa game;
$l isa language, has name ""en"";
game_play (streaming_channel: $s, played_game: $g);
language_usage (channel: $s, used_language: $l);
$g has name $gn;
select $gn;
distinct;
fetch { ""game_name"": $gn };"
444,List the first 3 streams that have a description mentioning 'game'.,"MATCH (s:Stream)
WHERE s.description CONTAINS 'game'
RETURN s.name, s.description
ORDER BY s.createdAt
LIMIT 3","match
$s isa stream, has description $d, has created_at $ca;
$d like "".*game.*"";
sort $ca;
limit 3;
fetch {
  ""name"": $s.name,
  ""description"": $d
};"
445,Which streams have the user 'itsbigchase' as a VIP?,"MATCH (u:User {name: 'itsbigchase'})-[:VIP]->(s:Stream)
RETURN s.name AS stream_name, s.url AS stream_url","match
$u isa user, has name ""itsbigchase"";
$s isa stream;
vip_status (vip_user: $u, channel_with_vips: $s);
fetch {
  ""stream_name"": $s.name,
  ""stream_url"": $s.url
};"
446,List the top 5 games played by the streams created in the first half of 2020.,"MATCH (s:Stream)-[:PLAYS]->(g:Game)
WHERE s.createdAt >= datetime('2020-01-01T00:00:00Z') AND s.createdAt < datetime('2020-07-01T00:00:00Z')
RETURN g.name AS game, COUNT(s) AS stream_count
ORDER BY stream_count DESC
LIMIT 5","match
$s isa stream, has created_at $ca;
$ca >= 2020-01-01T00:00:00;
$ca < 2020-07-01T00:00:00;
game_play (streaming_channel: $s, played_game: $g);
$g isa game;
reduce $stream_count = count($s) groupby $g;
sort $stream_count desc;
limit 5;
fetch {
  ""game"": $g.name,
  ""stream_count"": $stream_count
};"
447,What are the first 3 languages used by streams with a follower count of exactly 33366?,"MATCH (s:Stream)-[:HAS_LANGUAGE]->(l:Language)
WHERE s.followers = 33366
RETURN l.name
ORDER BY s.createdAt
LIMIT 3","match
$s isa stream, has followers 33366, has created_at $ca;
language_usage (channel: $s, used_language: $l);
$l isa language;
sort $ca;
limit 3;
fetch {
  ""name"": $l.name
};"
448,Who are the top 3 VIPs in the streams that were created in 2018?,"MATCH (s:Stream)-[:VIP]->(u:User)
WHERE s.createdAt >= datetime('2018-01-01T00:00:00Z') AND s.createdAt < datetime('2019-01-01T00:00:00Z')
RETURN u.name, COUNT(s) AS stream_count
ORDER BY stream_count DESC
LIMIT 3","match
$s isa stream, has created_at $ca;
$ca >= 2018-01-01T00:00:00Z;
$ca < 2019-01-01T00:00:00Z;
$u isa user;
vip_status (vip_channel: $s, vip_user: $u);
reduce $stream_count = count($s) groupby $u;
sort $stream_count desc;
limit 3;
fetch { ""name"": $u.name, ""stream_count"": $stream_count };"
449,List the first 5 streams that play the game 'Rust'.,"MATCH (s:Stream)-[:PLAYS]->(g:Game {name: 'Rust'})
RETURN s.name, s.url, s.createdAt
ORDER BY s.createdAt
LIMIT 5","match
$s isa stream;
$g isa game, has name ""Rust"";
game_play (streaming_channel: $s, played_game: $g);
$s has created_at $ca;
sort $ca;
limit 5;
fetch {
  ""name"": $s.name,
  ""url"": $s.url,
  ""createdAt"": $ca
};"
450,Which teams are associated with the top 3 streams by total view count?,"MATCH (s:Stream)-[:HAS_TEAM]->(t:Team)
WITH s, t
ORDER BY s.total_view_count DESC
LIMIT 3
RETURN t.name AS team_name, s.name AS stream_name, s.total_view_count AS view_count","match
$s isa stream, has name $sn, has total_view_count $vc;
team_membership (member_stream: $s, organization: $t);
$t has name $tn;
sort $vc desc;
limit 3;
fetch {
  ""team_name"": $tn,
  ""stream_name"": $sn,
  ""view_count"": $vc
};"
451,What are the first 3 streams that have a user named 'itsbigchase' as a chatter?,"MATCH (u:User {name: 'itsbigchase'})-[:CHATTER]->(s:Stream)
RETURN s
ORDER BY s.createdAt ASC
LIMIT 3","match
$u isa user, has name ""itsbigchase"";
chat_activity (chatting_user: $u, channel_with_chatters: $s);
$s isa stream, has created_at $ca;
sort $ca asc;
limit 3;
fetch {
  ""stream"": { $s.* }
};"
452,List the names of the first 5 users who are chatters in the stream 'summit1g'.,"MATCH (s:Stream {name: 'summit1g'})<-[:CHATTER]-(u:User)
RETURN u.name
LIMIT 5","match
  $s isa stream, has name ""summit1g"";
  $u isa user, has name $n;
  chat_activity (chatting_user: $u, channel_with_chatters: $s);
limit 5;
fetch {
  ""name"": $n
};"
453,Which streams are chatters in the stream with the most followers?,"// Step 1: Find the stream with the most followers
MATCH (s:Stream)
WITH s
ORDER BY s.followers DESC
LIMIT 1

// Step 2: Find users who are chatters in this stream
MATCH (s)-[:CHATTER]->(u:User)

// Step 3: Find the streams where these users are chatters
MATCH (u)-[:CHATTER]->(otherStream:Stream)

// Step 4: Return the streams
RETURN DISTINCT otherStream","match
$s isa stream, has followers $f;
sort $f desc;
limit 1;
match
chat_activity (channel_with_chatters: $s, chatting_user: $u);
chat_activity (channel_with_chatters: $other, chatting_user: $u);
$other isa stream;
select $other;
distinct;
fetch {
  ""stream"": $other.name
};"
454,List the first 5 users who are moderators in streams that play 'Grand Theft Auto V'.,"MATCH (u:User)-[:MODERATOR]->(s:Stream)-[:PLAYS]->(g:Game {name: 'Grand Theft Auto V'})
RETURN u.name
LIMIT 5","match
$u isa user;
$s isa stream;
$g isa game, has name ""Grand Theft Auto V"";
moderation (moderating_user: $u, moderated_channel: $s);
game_play (streaming_channel: $s, played_game: $g);
limit 5;
fetch {
  ""name"": $u.name
};"
455,What are the names of the first 3 games played by streams that have a URL ending in 'itsbigchase'?,"MATCH (s:Stream)-[:PLAYS]->(g:Game)
WHERE s.url ENDS WITH 'itsbigchase'
RETURN g.name
ORDER BY s.createdAt
LIMIT 3","match
$s isa stream, has url $u, has created_at $ca;
$u like "".*itsbigchase"";
$g isa game;
game_play (streaming_channel: $s, played_game: $g);
sort $ca;
limit 3;
fetch {
  ""name"": $g.name
};"
456,How many streams have a follower count between 10000 and 50000?,"MATCH (s:Stream)
WHERE s.followers >= 10000 AND s.followers <= 50000
RETURN count(s) AS stream_count","match
$s isa stream, has followers $f;
$f >= 10000;
$f <= 50000;
reduce $stream_count = count($s);"
457,Who are the top 3 users who are VIPs in the stream with the name '9linda'?,"MATCH (s:Stream {name: '9linda'})-[:VIP]->(u:User)
RETURN u.name
ORDER BY u.followers DESC
LIMIT 3","match
$s isa stream, has name ""9linda"";
$u isa user, has name $name, has followers $f;
vip_status (channel_with_vips: $s, vip_user: $u);
sort $f desc;
limit 3;
fetch {
  ""name"": $name
};"
458,Which streams have a language named after a country code 'en'?,"MATCH (s:Stream)-[:HAS_LANGUAGE]->(l:Language {name: 'en'})
RETURN s.name AS stream_name, s.url AS stream_url","match
$s isa stream;
$l isa language, has name ""en"";
language_usage (channel: $s, used_language: $l);
fetch {
  ""stream_name"": $s.name,
  ""stream_url"": $s.url
};"
459,"List the first 3 streams that were created on or before January 1, 2010.","MATCH (s:Stream)
WHERE s.createdAt <= datetime(""2010-01-01T00:00:00Z"")
RETURN s.id, s.name, s.createdAt
ORDER BY s.createdAt ASC
LIMIT 3","match
$s isa stream, has stream_id $sid, has name $n, has created_at $ca;
$ca <= 2010-01-01T00:00:00;
sort $ca asc;
limit 3;
fetch {
  ""stream_id"": $sid,
  ""name"": $n,
  ""created_at"": $ca
};"
460,What are the first 5 streams that have the most chatters?,"MATCH (s:Stream)<-[:CHATTER]-(u:User)
WITH s, COUNT(u) AS chatterCount
ORDER BY chatterCount DESC
LIMIT 5
RETURN s.name AS streamName, chatterCount","match
$s isa stream;
$u isa user;
chat_activity (channel_with_chatters: $s, chatting_user: $u);
reduce $chatter_count = count($u) groupby $s;
sort $chatter_count desc;
limit 5;
fetch {
  ""streamName"": $s.name,
  ""chatterCount"": $chatter_count
};"
461,Who are the top 3 moderators in the stream with the lowest follower count?,"// Find the stream with the lowest follower count
MATCH (s:Stream)
WITH s
ORDER BY s.followers ASC
LIMIT 1

// Find the top 3 moderators for that stream
MATCH (s)-[:MODERATOR]->(u:User)
RETURN u.name AS moderator_name
ORDER BY s.followers ASC
LIMIT 3","match
$s isa stream, has followers $f;
moderation (moderated_channel: $s, moderating_user: $u);
$u has name $n;
sort $f asc;
limit 3;
fetch {
  ""moderator_name"": $n
};"
462,List the first 5 streams that have a follower count exactly 5898590.,"MATCH (s:Stream)
WHERE s.followers = 5898590
RETURN s
ORDER BY s.createdAt
LIMIT 5","match
$s isa stream, has followers $f, has created_at $ca;
$f == 5898590;
sort $ca;
limit 5;
fetch {
  ""stream"": $s.name,
  ""followers"": $f,
  ""created_at"": $ca
};"
463,What are the names of the first 3 languages spoken by the stream 'itsbigchase'?,"MATCH (s:Stream {name: 'itsbigchase'})-[:HAS_LANGUAGE]->(l:Language)
RETURN l.name
ORDER BY l.name
LIMIT 3","match
$s isa stream, has name ""itsbigchase"";
language_usage (channel: $s, used_language: $l);
$l has name $n;
sort $n;
limit 3;
fetch {
  ""name"": $n
};"
464,Which streams have more than 5000000 followers?,"MATCH (s:Stream)
WHERE s.followers > 5000000
RETURN s.name AS stream_name, s.followers AS follower_count","match
$s isa stream, has followers $f;
$f > 5000000;
fetch {
  ""stream_name"": $s.name,
  ""follower_count"": $f
};"
465,List the top 5 streams by total view count.,"MATCH (s:Stream)
RETURN s.name, s.total_view_count
ORDER BY s.total_view_count DESC
LIMIT 5","match
$s isa stream, has total_view_count $tvc;
sort $tvc desc;
limit 5;
fetch {
  ""name"": $s.name,
  ""total_view_count"": $tvc
};"
466,What are the names of games played by streams with more than 1 million total views?,"MATCH (s:Stream)-[:PLAYS]->(g:Game)
WHERE s.total_view_count > 1000000
RETURN DISTINCT g.name AS game_name","match
$s isa stream, has total_view_count $v;
$v > 1000000;
game_play (streaming_channel: $s, played_game: $g);
$g has name $gn;
select $gn;
distinct;
fetch { ""game_name"": $gn };"
467,Which streams have moderators who are also users?,"MATCH (s:Stream)-[:MODERATOR]->(u:User)
RETURN s.name AS stream_name, u.name AS moderator_name","match
$s isa stream;
$u isa user;
moderation (moderated_channel: $s, moderating_user: $u);
fetch {
  ""stream_name"": $s.name,
  ""moderator_name"": $u.name
};"
468,Identify the streams that are part of the 'ESO Stream Team'.,"MATCH (s:Stream)-[:HAS_TEAM]->(t:Team {name: 'ESO Stream Team'})
RETURN s.id AS streamId, s.name AS streamName, s.url AS streamUrl","match
$s isa stream;
$t isa team, has name ""ESO Stream Team"";
team_membership (member_stream: $s, organization: $t);
fetch {
  ""streamId"": $s.stream_id,
  ""streamName"": $s.name,
  ""streamUrl"": $s.url
};"
469,Which users are VIPs in more than one stream?,"MATCH (u:User)-[:VIP]->(s:Stream)
WITH u, COUNT(s) AS streamCount
WHERE streamCount > 1
RETURN u.name AS vipUser, streamCount","match
$u isa user;
$s isa stream;
vip_status (vip_user: $u, vip_channel: $s);
reduce $streamCount = count($s) groupby $u;
match
$streamCount > 1;
fetch {
  ""vipUser"": $u.name,
  ""streamCount"": $streamCount
};"
470,List the first 5 streams that have been VIP in more than one stream.,"MATCH (s:Stream)-[:VIP]->(u:User)-[:VIP]->(otherStream:Stream)
WITH s, COUNT(DISTINCT otherStream) AS vipCount
WHERE vipCount > 1
RETURN s.name AS streamName, s.url AS streamUrl, vipCount
ORDER BY vipCount DESC
LIMIT 5","match
$s isa stream;
$u isa user;
$otherStream isa stream;
vip_status (channel_with_vips: $s, vip_user: $u);
vip_status (channel_with_vips: $otherStream, vip_user: $u);
not { $s is $otherStream; };
select $s, $otherStream;
distinct;
reduce $vipCount = count($otherStream) groupby $s;
match $vipCount > 1;
sort $vipCount desc;
limit 5;
fetch { ""streamName"": $s.name, ""streamUrl"": $s.url, ""vipCount"": $vipCount };"
471,What languages are used by streams that have over 10000 followers?,"MATCH (s:Stream)-[:HAS_LANGUAGE]->(l:Language)
WHERE s.followers > 10000
RETURN DISTINCT l.name AS language","match
$s isa stream, has followers $f;
$f > 10000;
language_usage (channel: $s, used_language: $l);
$l isa language;
select $l;
distinct;
fetch { ""language"": $l.name };"
472,What are the names of the first 5 users who are moderators in the stream '9linda'?,"MATCH (s:Stream {name: '9linda'})<-[:MODERATOR]-(u:User)
RETURN u.name
ORDER BY u.name
LIMIT 5","match
$s isa stream, has name ""9linda"";
$u isa user, has name $n;
moderation (moderating_user: $u, moderated_channel: $s);
sort $n;
limit 5;
fetch {
  ""name"": $n
};"
473,Who are the top 3 users who chatter in the stream with the highest total view count?,"MATCH (s:Stream)-[:CHATTER]->(u:User)
WITH s, u
ORDER BY s.total_view_count DESC
LIMIT 1
MATCH (s)-[:CHATTER]->(u:User)
RETURN u.name AS userName, COUNT(*) AS chatterCount
ORDER BY chatterCount DESC
LIMIT 3","with fun max_stream_views() -> integer :
    match
        $s isa stream, has total_view_count $v;
        chat_activity (channel_with_chatters: $s, chatting_user: $u);
        $u isa user;
    return max($v);
match
    $s isa stream, has total_view_count $v;
    let $max = max_stream_views();
    $v == $max;
    $rel isa chat_activity (channel_with_chatters: $s, chatting_user: $u);
    $u isa user;
reduce $count = count($rel) groupby $u;
sort $count desc;
limit 3;
fetch { ""userName"": $u.name };"
474,List the top 5 streams that have a total view count greater than 5000000.,"MATCH (s:Stream)
WHERE s.total_view_count > 5000000
RETURN s.name, s.total_view_count
ORDER BY s.total_view_count DESC
LIMIT 5","match
$s isa stream, has total_view_count $tvc;
$tvc > 5000000;
sort $tvc desc;
limit 5;
fetch {
  ""name"": $s.name,
  ""total_view_count"": $tvc
};"
475,Which users are moderators for the stream with the name '9linda'?,"MATCH (s:Stream {name: '9linda'})<-[:MODERATOR]-(u:User)
RETURN u.name AS moderator_name","match
$s isa stream, has name ""9linda"";
$u isa user;
moderation (moderated_channel: $s, moderating_user: $u);
fetch {
  ""moderator_name"": $u.name
};"
476,Find the top 3 languages used by streams with more than 1000000 followers.,"MATCH (s:Stream)-[:HAS_LANGUAGE]->(l:Language)
WHERE s.followers > 1000000
RETURN l.name AS language, COUNT(s) AS stream_count
ORDER BY stream_count DESC
LIMIT 3","match
$s isa stream, has followers $f;
$f > 1000000;
$l isa language;
language_usage (channel: $s, used_language: $l);
reduce $count = count($s) groupby $l;
sort $count desc;
limit 3;
fetch { ""language"": $l.name, ""stream_count"": $count };"
477,What are the first 3 streams that have a follower count between 20000 and 50000?,"MATCH (s:Stream)
WHERE s.followers >= 20000 AND s.followers <= 50000
RETURN s
ORDER BY s.createdAt
LIMIT 3","match
$s isa stream, has followers $f, has created_at $ca;
$f >= 20000;
$f <= 50000;
sort $ca asc;
limit 3;
fetch {
  ""name"": $s.name,
  ""followers"": $f,
  ""created_at"": $ca
};"
478,List the names of the first 5 streams that were created before 2015.,"MATCH (s:Stream)
WHERE s.createdAt < datetime(""2015-01-01T00:00:00Z"")
RETURN s.name
ORDER BY s.createdAt ASC
LIMIT 5","match
$s isa stream, has created_at $ca;
$ca < 2015-01-01T00:00:00;
sort $ca asc;
limit 5;
fetch {
  ""name"": $s.name
};"
479,Who are the top 3 VIPs in the stream named 'summit1g'?,"MATCH (s:Stream {name: 'summit1g'})-[:VIP]->(u:User)
RETURN u.name AS vip_name
ORDER BY s.followers DESC
LIMIT 3","match
$s isa stream, has name ""summit1g"", has followers $f;
$u isa user, has name $vip_name;
vip_status (channel_with_vips: $s, vip_user: $u);
sort $f desc;
limit 3;
fetch {
  ""vip_name"": $vip_name
};"
480,What are the first 3 teams associated with the stream 'itsbigchase'?,"MATCH (s:Stream {name: 'itsbigchase'})-[:HAS_TEAM]->(t:Team)
RETURN t.name
ORDER BY t.createdAt
LIMIT 3","match
$s isa stream, has name ""itsbigchase"";
team_membership (member_stream: $s, organization: $t);
$t has created_at $ca;
sort $ca;
limit 3;
fetch {
  ""name"": $t.name
};"
481,Which streams are chatters in the stream with the name '9linda'?,"MATCH (stream:Stream {name: '9linda'})<-[:CHATTER]-(chatter:User)-[:CHATTER]->(otherStream:Stream)
RETURN otherStream.name AS StreamName","match
$stream isa stream, has name ""9linda"";
$chatter isa user;
chat_activity (chatting_user: $chatter, channel_with_chatters: $stream);
$otherStream isa stream;
chat_activity (chatting_user: $chatter, channel_with_chatters: $otherStream);
fetch {
  ""StreamName"": $otherStream.name
};"
482,List the first 5 users who are chatters in more than one stream.,"MATCH (u:User)-[:CHATTER]->(s:Stream)
WITH u, COUNT(s) AS streamCount
WHERE streamCount > 1
RETURN u.name
LIMIT 5","match
$u isa user;
$s isa stream;
chat_activity (chatting_user: $u, channel_with_chatters: $s);
reduce $count = count($s) groupby $u;
match $count > 1;
limit 5;
fetch { ""name"": $u.name };"
483,Which game is the most commonly played among the top 5 streams by follower count?,"MATCH (s:Stream)-[:PLAYS]->(g:Game)
WITH s, g
ORDER BY s.followers DESC
LIMIT 5
RETURN g.name AS game, COUNT(*) AS count
ORDER BY count DESC
LIMIT 1","match
$s isa stream, has followers $f;
$g isa game;
game_play (streaming_channel: $s, played_game: $g);
sort $f desc;
limit 5;
reduce $count = count groupby $g;
sort $count desc;
limit 1;
fetch {
  ""game"": $g.name,
  ""count"": $count
};"
484,What are the names of the first 3 users who are both moderators and VIPs for any stream?,"MATCH (u:User)-[:MODERATOR]->(s:Stream)
MATCH (u)-[:VIP]->(s)
RETURN u.name
LIMIT 3","match
$u isa user, has name $n;
$s isa stream;
moderation (moderating_user: $u, moderated_channel: $s);
vip_status (vip_user: $u, vip_channel: $s);
limit 3;
fetch {
  ""name"": $n
};"
485,List the first 5 streams that have the language 'en'.,"MATCH (s:Stream)-[:HAS_LANGUAGE]->(l:Language {name: 'en'})
RETURN s.name, s.url, s.createdAt, s.followers, s.total_view_count
ORDER BY s.createdAt
LIMIT 5","match
$s isa stream, has created_at $ca;
$l isa language, has name ""en"";
language_usage (channel: $s, used_language: $l);
sort $ca;
limit 5;
fetch {
  ""name"": $s.name,
  ""url"": $s.url,
  ""created_at"": $ca,
  ""followers"": $s.followers,
  ""total_view_count"": $s.total_view_count
};"
486,List the first 3 games played by streams that have a URL containing 'twitch.tv'.,"MATCH (s:Stream)-[:PLAYS]->(g:Game)
WHERE s.url CONTAINS 'twitch.tv'
RETURN DISTINCT g.name
LIMIT 3","match
$s isa stream, has url $u;
$u like "".*twitch\\.tv.*"";
game_play (streaming_channel: $s, played_game: $g);
$g isa game;
select $g;
distinct;
limit 3;
fetch {
  ""name"": $g.name
};"
487,Who are the top 3 moderators for the stream with the highest follower count?,"MATCH (s:Stream)
WITH s
ORDER BY s.followers DESC
LIMIT 1
MATCH (s)-[:MODERATOR]->(u:User)
RETURN u.name AS moderator_name
ORDER BY s.followers DESC
LIMIT 3","with fun max_followers() -> integer:
    match $s isa stream, has followers $f;
    return max($f);
match
    $s isa stream, has followers $f;
    let $max = max_followers();
    $f == $max;
    moderation (moderated_channel: $s, moderating_user: $u);
    $u has name $name;
limit 3;
fetch { ""moderator_name"": $name };"
488,List the first 3 users who are VIPs in the stream 'itsbigchase'.,"MATCH (s:Stream {name: 'itsbigchase'})-[:VIP]->(u:User)
RETURN u.name
LIMIT 3","match
$s isa stream, has name ""itsbigchase"";
$u isa user, has name $n;
vip_status (channel_with_vips: $s, vip_user: $u);
limit 3;
fetch {
  ""name"": $n
};"
489,Which user has moderated the most streams?,"MATCH (u:User)-[r:MODERATOR]->(s:Stream)
RETURN u.name AS user, COUNT(r) AS moderated_streams
ORDER BY moderated_streams DESC
LIMIT 1","match
$u isa user, has name $n;
$rel isa moderation (moderating_user: $u, moderated_channel: $s);
$s isa stream;
reduce $count = count($rel) groupby $u, $n;
sort $count desc;
limit 1;
fetch { ""user"": $n, ""moderated_streams"": $count };"
490,What are the first 3 streams that have a description containing the word 'hilarious'?,"MATCH (s:Stream)
WHERE s.description CONTAINS 'hilarious'
RETURN s
ORDER BY s.createdAt ASC
LIMIT 3","match
$s isa stream, has description $d, has created_at $ca;
$d like "".*hilarious.*"";
sort $ca asc;
limit 3;
fetch {
  ""name"": $s.name,
  ""description"": $d,
  ""created_at"": $ca
};"
491,List the top 5 streams with the highest total view count.,"MATCH (s:Stream)
RETURN s.name, s.total_view_count
ORDER BY s.total_view_count DESC
LIMIT 5","match
$s isa stream, has total_view_count $tvc;
sort $tvc desc;
limit 5;
fetch {
  ""name"": $s.name,
  ""total_view_count"": $tvc
};"
492,What are the names of the first 3 languages spoken in streams with a total view count over 10000000?,"MATCH (s:Stream)-[:HAS_LANGUAGE]->(l:Language)
WHERE s.total_view_count > 10000000
RETURN l.name
ORDER BY s.createdAt
LIMIT 3","match
$s isa stream, has total_view_count $tvc, has created_at $ca;
$tvc > 10000000;
language_usage (channel: $s, used_language: $l);
$l isa language;
sort $ca;
limit 3;
fetch {
  ""name"": $l.name
};"
493,How many unique games are played by streams with more than 500000 followers?,"MATCH (s:Stream)-[:PLAYS]->(g:Game)
WHERE s.followers > 500000
RETURN COUNT(DISTINCT g.name) AS unique_games","match
$s isa stream, has followers $f;
$f > 500000;
game_play (streaming_channel: $s, played_game: $g);
select $g;
distinct;
reduce $count = count($g);"
494,List the first 3 games played on streams that were created in 2019.,"MATCH (s:Stream)-[:PLAYS]->(g:Game)
WHERE s.createdAt >= datetime(""2019-01-01T00:00:00Z"") AND s.createdAt < datetime(""2020-01-01T00:00:00Z"")
RETURN DISTINCT g.name
LIMIT 3","match
$s isa stream, has created_at $ca;
$ca >= 2019-01-01T00:00:00;
$ca < 2020-01-01T00:00:00;
game_play (streaming_channel: $s, played_game: $g);
$g has name $gn;
select $gn;
distinct;
limit 3;
fetch {
  ""game_name"": $gn
};"
495,What are the first 5 streams that a user named 'itsbigchase' moderates?,"MATCH (u:User {name: 'itsbigchase'})-[:MODERATOR]->(s:Stream)
RETURN s.id, s.name, s.createdAt
ORDER BY s.createdAt
LIMIT 5","match
$u isa user, has name ""itsbigchase"";
moderation (moderating_user: $u, moderated_channel: $s);
$s has created_at $ca;
sort $ca asc;
limit 5;
fetch {
  ""stream_id"": $s.stream_id,
  ""name"": $s.name,
  ""createdAt"": $s.created_at
};"
496,Who are the top 3 chatters in the stream named 'summit1g'?,"MATCH (s:Stream {name: 'summit1g'})<-[:CHATTER]-(u:User)
RETURN u.name, COUNT(*) AS chat_count
ORDER BY chat_count DESC
LIMIT 3","match
$s isa stream, has name ""summit1g"";
$u isa user, has name $n;
$rel isa chat_activity (channel_with_chatters: $s, chatting_user: $u);
reduce $chat_count = count($rel) groupby $u, $n;
sort $chat_count desc;
limit 3;
fetch { ""name"": $n, ""chat_count"": $chat_count };"
497,List the first 3 games played by streams that have a follower count under 1000.,"MATCH (s:Stream)-[:PLAYS]->(g:Game)
WHERE s.followers < 1000
RETURN g.name
LIMIT 3","match
$s isa stream, has followers $f;
$f < 1000;
game_play (streaming_channel: $s, played_game: $g);
$g isa game;
limit 3;
fetch {
  ""name"": $g.name
};"
498,Which streams are part of the team 'ESO Stream Team'?,"MATCH (s:Stream)-[:HAS_TEAM]->(t:Team {name: 'ESO Stream Team'})
RETURN s.name AS stream_name, s.url AS stream_url","match
$s isa stream;
$t isa team, has name ""ESO Stream Team"";
team_membership (member_stream: $s, organization: $t);
fetch {
  ""stream_name"": $s.name,
  ""stream_url"": $s.url
};"
499,What are the first 5 streams that have been played by more than 5 different users?,"MATCH (s:Stream)<-[:CHATTER]-(u:User)
WITH s, COUNT(DISTINCT u) AS userCount
WHERE userCount > 5
RETURN s.name AS streamName, s.createdAt AS createdAt
ORDER BY s.createdAt ASC
LIMIT 5","match
$s isa stream;
$u isa user;
chat_activity (channel_with_chatters: $s, chatting_user: $u);
select $s, $u;
distinct;
reduce $count = count groupby $s;
match
$count > 5;
$s has created_at $ca;
sort $ca asc;
limit 5;
fetch {
  ""streamName"": $s.name,
  ""createdAt"": $ca
};"
500,What are the first 5 streams created in 2021?,"MATCH (s:Stream)
WHERE s.createdAt >= datetime(""2021-01-01T00:00:00Z"") AND s.createdAt < datetime(""2022-01-01T00:00:00Z"")
RETURN s.id, s.name, s.createdAt
ORDER BY s.createdAt ASC
LIMIT 5","match
$s isa stream, has created_at $ca;
$ca >= 2021-01-01T00:00:00;
$ca < 2022-01-01T00:00:00;
sort $ca asc;
limit 5;
fetch {
  ""id"": $s.stream_id,
  ""name"": $s.name,
  ""createdAt"": $ca
};"
501,Find streams that were created after 2015 and have at least one chatter who is a user.,"MATCH (s:Stream)-[:CHATTER]->(:User)
WHERE s.createdAt > datetime(""2015-01-01T00:00:00Z"")
RETURN s","match
  $s isa stream, has created_at $ca;
  $ca > 2015-01-01T00:00:00;
  $u isa user;
  chat_activity (channel_with_chatters: $s, chatting_user: $u);
fetch {
  ""stream"": $s.name
};"
502,Can you list streams that have a follower count between 1000 and 5000?,"MATCH (s:Stream)
WHERE s.followers >= 1000 AND s.followers <= 5000
RETURN s.id, s.name, s.followers, s.url","match
$s isa stream, has followers $f;
$f >= 1000;
$f <= 5000;
fetch {
  ""id"": $s.stream_id,
  ""name"": $s.name,
  ""followers"": $f,
  ""url"": $s.url
};"
503,What are the names of teams associated with streams created before 2018?,"MATCH (s:Stream)-[:HAS_TEAM]->(t:Team)
WHERE s.createdAt < datetime('2018-01-01T00:00:00Z')
RETURN t.name AS team_name","match
  $s isa stream, has created_at $ca;
  $ca < 2018-01-01T00:00:00;
  $t isa team;
  team_membership (member_stream: $s, organization: $t);
fetch {
  ""team_name"": $t.name
};"
504,What are the 3 most common languages for streams that have been created after 2015?,"MATCH (s:Stream)-[:HAS_LANGUAGE]->(l:Language)
WHERE s.createdAt > datetime(""2015-01-01T00:00:00Z"")
RETURN l.name AS language, COUNT(s) AS stream_count
ORDER BY stream_count DESC
LIMIT 3","match
$s isa stream, has created_at $ca;
$ca > 2015-01-01T00:00:00;
$l isa language;
language_usage (channel: $s, used_language: $l);
reduce $count = count($s) groupby $l;
sort $count desc;
limit 3;
fetch {
  ""language"": $l.name,
  ""stream_count"": $count
};"
505,List the top 5 streams with the most chatter interactions.,"MATCH (s:Stream)<-[:CHATTER]-(u:User)
WITH s, COUNT(u) AS chatterCount
ORDER BY chatterCount DESC
LIMIT 5
RETURN s.name AS streamName, chatterCount","match
$s isa stream;
$u isa user;
chat_activity (channel_with_chatters: $s, chatting_user: $u);
reduce $chatter_count = count($u) groupby $s;
sort $chatter_count desc;
limit 5;
fetch { ""streamName"": $s.name, ""chatterCount"": $chatter_count };"
506,Which 3 teams were created most recently?,"MATCH (t:Team)
RETURN t.name, t.createdAt
ORDER BY t.createdAt DESC
LIMIT 3","match
$t isa team, has created_at $ca;
sort $ca desc;
limit 3;
fetch {
  ""name"": $t.name,
  ""created_at"": $ca
};"
507,Which 3 users have the highest number of chatter relationships?,"MATCH (u:User)-[r:CHATTER]->(:Stream)
RETURN u.name AS user, COUNT(r) AS chatter_count
ORDER BY chatter_count DESC
LIMIT 3","match
$u isa user, has name $n;
$s isa stream;
$rel isa chat_activity (chatting_user: $u, channel_with_chatters: $s);
reduce $chatter_count = count($rel) groupby $u, $n;
sort $chatter_count desc;
limit 3;"
508,List the top 5 oldest streams in the graph.,"MATCH (s:Stream)
RETURN s.name, s.createdAt
ORDER BY s.createdAt ASC
LIMIT 5","match
$s isa stream, has created_at $ca;
sort $ca asc;
limit 5;
fetch {
  ""name"": $s.name,
  ""createdAt"": $ca
};"
509,What are the top 3 most viewed games by streams that have a team?,"MATCH (s:Stream)-[:PLAYS]->(g:Game)
MATCH (s)-[:HAS_TEAM]->(:Team)
RETURN g.name AS game, SUM(s.total_view_count) AS total_views
ORDER BY total_views DESC
LIMIT 3","match
$s isa stream, has total_view_count $v;
$g isa game;
game_play (streaming_channel: $s, played_game: $g);
team_membership (member_stream: $s, organization: $t);
reduce $total_views = sum($v) groupby $g;
sort $total_views desc;
limit 3;
fetch { ""game"": $g.name, ""total_views"": $total_views };"
510,Which 3 streams have the most moderators?,"MATCH (s:Stream)<-[:MODERATOR]-(u:User)
WITH s, COUNT(u) AS moderator_count
RETURN s.name, moderator_count
ORDER BY moderator_count DESC
LIMIT 3","match
$s isa stream;
$u isa user;
moderation (moderated_channel: $s, moderating_user: $u);
reduce $count = count($u) groupby $s;
sort $count desc;
limit 3;
fetch { ""name"": $s.name, ""moderator_count"": $count };"
511,List the 3 languages spoken by the least number of streams.,"MATCH (s:Stream)-[:HAS_LANGUAGE]->(l:Language)
WITH l.name AS language, COUNT(s) AS streamCount
ORDER BY streamCount ASC
LIMIT 3
RETURN language, streamCount","match
$s isa stream;
$l isa language;
language_usage (channel: $s, used_language: $l);
reduce $count = count($s) groupby $l;
sort $count asc;
limit 3;
fetch {
  ""language"": $l.name,
  ""streamCount"": $count
};"
512,Which 3 users have moderated the most streams and users combined?,"MATCH (u:User)-[r:MODERATOR]->(s)
WITH u, count(r) AS moderation_count
ORDER BY moderation_count DESC
LIMIT 3
RETURN u.name AS user, moderation_count","match
$u isa user;
$rel isa moderation (moderating_user: $u);
reduce $count = count($rel) groupby $u;
sort $count desc;
limit 3;
fetch { ""user"": $u.name, ""moderation_count"": $count };"
513,List the 3 streams with the highest number of VIP relationships.,"MATCH (s:Stream)-[:VIP]->(:User)
WITH s, COUNT(*) AS vip_count
RETURN s.name, vip_count
ORDER BY vip_count DESC
LIMIT 3","match
$s isa stream;
$rel isa vip_status (channel_with_vips: $s, vip_user: $u);
reduce $vip_count = count($u) groupby $s;
sort $vip_count desc;
limit 3;
fetch { ""name"": $s.name, ""vip_count"": $vip_count };"
514,Find the top 5 games played by streams that also chatter with other streams.,"MATCH (s:Stream)-[:PLAYS]->(g:Game)
WHERE EXISTS {
  MATCH (s)-[:CHATTER]->(:Stream)
}
RETURN g.name AS game, COUNT(s) AS stream_count
ORDER BY stream_count DESC
LIMIT 5","match
$s isa stream;
$g isa game;
game_play (streaming_channel: $s, played_game: $g);
chat_activity (chatting_channel: $s, channel_with_chatters: $s2);
$s2 isa stream;
$g has name $gn;
reduce $stream_count = count($s) groupby $g, $gn;
sort $stream_count desc;
limit 5;
fetch { ""game"": $gn, ""stream_count"": $stream_count };"
515,What are the top 3 most recent streams to reach over 1 million followers?,"MATCH (s:Stream)
WHERE s.followers > 1000000
RETURN s.name, s.createdAt
ORDER BY s.createdAt DESC
LIMIT 3","match
$s isa stream, has followers $f, has created_at $ca;
$f > 1000000;
sort $ca desc;
limit 3;
fetch {
  ""name"": $s.name,
  ""created_at"": $ca
};"
516,Find the top 5 users who moderate the highest number of other users.,"MATCH (u:User)-[:MODERATOR]->(otherUser:User)
WITH u, COUNT(otherUser) AS moderatedUsersCount
ORDER BY moderatedUsersCount DESC
LIMIT 5
RETURN u.name AS userName, moderatedUsersCount","match
$u isa user;
moderation (moderating_user: $u, moderated_user: $other);
reduce $count = count($other) groupby $u;
sort $count desc;
limit 5;
fetch { ""userName"": $u.name, ""moderatedUsersCount"": $count };"
517,Which 3 users are VIPs on the most diverse set of streams?,"MATCH (u:User)-[:VIP]->(s:Stream)
WITH u, count(DISTINCT s) AS streamCount
ORDER BY streamCount DESC
LIMIT 3
RETURN u.name AS userName, streamCount","match
$u isa user;
$s isa stream;
vip_status (vip_user: $u, vip_channel: $s);
reduce $streamCount = count($s) groupby $u;
sort $streamCount desc;
limit 3;
fetch { ""userName"": $u.name, ""streamCount"": $streamCount };"
518,List the games that have been played by more than five different streams.,"MATCH (s:Stream)-[:PLAYS]->(g:Game)
WITH g, count(DISTINCT s) as streamCount
WHERE streamCount > 5
RETURN g.name as gameName","match
$s isa stream;
$g isa game;
game_play (streaming_channel: $s, played_game: $g);
select $s, $g;
distinct;
reduce $streamCount = count groupby $g;
match
$streamCount > 5;
fetch {
  ""gameName"": $g.name
};"
519,What are the names of users who are moderators for more than three streams?,"MATCH (u:User)-[:MODERATOR]->(s:Stream)
WITH u, COUNT(s) AS streamCount
WHERE streamCount > 3
RETURN u.name","match
$u isa user, has name $n;
$s isa stream;
moderation (moderating_user: $u, moderated_channel: $s);
reduce $count = count($s) groupby $u, $n;
match $count > 3;
fetch { ""name"": $n };"
520,Identify streams that have moderators who are also VIPs.,"MATCH (s:Stream)-[:MODERATOR]->(u:User)-[:VIP]->(s)
RETURN s.name AS streamName, s.url AS streamUrl, u.name AS moderatorName","match
  $s isa stream;
  $u isa user;
  moderation (moderated_channel: $s, moderating_user: $u);
  vip_status (vip_user: $u, vip_channel: $s);
fetch {
  ""streamName"": $s.name,
  ""streamUrl"": $s.url,
  ""moderatorName"": $u.name
};"
521,Which streams are part of a team created before 2015?,"MATCH (s:Stream)-[:HAS_TEAM]->(t:Team)
WHERE t.createdAt < datetime(""2015-01-01T00:00:00Z"")
RETURN s.name AS stream_name, t.name AS team_name","match
  $s isa stream;
  $t isa team, has created_at $ca;
  team_membership (member_stream: $s, organization: $t);
  $ca < 2015-01-01T00:00:00;
fetch {
  ""stream_name"": $s.name,
  ""team_name"": $t.name
};"
522,What are the top 5 languages used by streams with more than 10000 followers?,"MATCH (s:Stream)-[:HAS_LANGUAGE]->(l:Language)
WHERE s.followers > 10000
RETURN l.name AS language, COUNT(s) AS stream_count
ORDER BY stream_count DESC
LIMIT 5","match
$s isa stream, has followers $f;
$f > 10000;
$l isa language;
language_usage (channel: $s, used_language: $l);
reduce $count = count($s) groupby $l;
sort $count desc;
limit 5;
fetch {
  ""language"": $l.name,
  ""stream_count"": $count
};"
523,Which streams have chatters who are also moderators?,"MATCH (stream:Stream)<-[:CHATTER]-(user:User)-[:MODERATOR]->(stream)
RETURN stream.name AS streamName, stream.url AS streamUrl, user.name AS userName","match
$stream isa stream;
$user isa user;
chat_activity (chatting_user: $user, channel_with_chatters: $stream);
moderation (moderating_user: $user, moderated_channel: $stream);
fetch {
  ""streamName"": $stream.name,
  ""streamUrl"": $stream.url,
  ""userName"": $user.name
};"
524,How many streams have played the game 'Rust'?,"MATCH (s:Stream)-[:PLAYS]->(g:Game {name: 'Rust'})
RETURN count(s) AS numberOfStreams","match
$s isa stream;
$g isa game, has name ""Rust"";
game_play (streaming_channel: $s, played_game: $g);
reduce $count = count($s);"
525,List all teams associated with streams having more than 50000 followers.,"MATCH (s:Stream)-[:HAS_TEAM]->(t:Team)
WHERE s.followers > 50000
RETURN DISTINCT t.name","match
$s isa stream, has followers $f;
$f > 50000;
$t isa team;
team_membership (member_stream: $s, organization: $t);
select $t;
distinct;
fetch { ""name"": $t.name };"
526,What are the descriptions of streams that play 'Call of Duty: Warzone'?,"MATCH (s:Stream)-[:PLAYS]->(g:Game {name: 'Call of Duty: Warzone'})
RETURN s.description","match
$s isa stream;
$g isa game, has name ""Call of Duty: Warzone"";
game_play (streaming_channel: $s, played_game: $g);
fetch {
  ""description"": $s.description
};"
527,Find streams that have a follower count between 1000 and 5000.,"MATCH (s:Stream)
WHERE s.followers >= 1000 AND s.followers <= 5000
RETURN s.id, s.name, s.followers, s.url","match
$s isa stream, has stream_id $id, has name $name, has followers $f, has url $url;
$f >= 1000; $f <= 5000;
fetch {
  ""id"": $id,
  ""name"": $name,
  ""followers"": $f,
  ""url"": $url
};"
528,List the top 5 streams with the highest follower counts.,"MATCH (s:Stream)
RETURN s.name, s.followers
ORDER BY s.followers DESC
LIMIT 5","match
$s isa stream, has followers $f;
sort $f desc;
limit 5;
fetch {
  ""name"": $s.name,
  ""followers"": $f
};"
529,Which streams have a total view count over 1 million?,"MATCH (s:Stream)
WHERE s.total_view_count > 1000000
RETURN s.name, s.total_view_count","match
$s isa stream, has total_view_count $tvc;
$tvc > 1000000;
fetch {
  ""name"": $s.name,
  ""total_view_count"": $tvc
};"
530,Which 3 games are mostly played by streams with a total view count exceeding 100 million?,"MATCH (s:Stream)-[:PLAYS]->(g:Game)
WHERE s.total_view_count > 100000000
RETURN g.name, COUNT(s) AS stream_count
ORDER BY stream_count DESC
LIMIT 3","match
$s isa stream, has total_view_count $tvc;
$tvc > 100000000;
$g isa game;
game_play (streaming_channel: $s, played_game: $g);
reduce $stream_count = count($s) groupby $g;
sort $stream_count desc;
limit 3;
fetch { ""name"": $g.name, ""stream_count"": $stream_count };"
531,List the top 5 streams that have created the most chatter relationships.,"MATCH (s:Stream)-[:CHATTER]->(u:User)
WITH s, COUNT(u) AS chatterCount
ORDER BY chatterCount DESC
LIMIT 5
RETURN s.name AS streamName, chatterCount","match
$s isa stream;
$u isa user;
$rel isa chat_activity (channel_with_chatters: $s, chatting_user: $u);
reduce $count = count($u) groupby $s;
sort $count desc;
limit 5;
fetch {
  ""streamName"": $s.name,
  ""chatterCount"": $count
};"
532,Which 3 users have VIP status on the most streams?,"MATCH (u:User)-[:VIP]->(s:Stream)
WITH u, COUNT(s) AS vip_stream_count
ORDER BY vip_stream_count DESC
LIMIT 3
RETURN u.name AS userName, vip_stream_count","match
$u isa user;
$s isa stream;
vip_status (vip_user: $u, vip_channel: $s);
reduce $count = count($s) groupby $u;
sort $count desc;
limit 3;
fetch { ""userName"": $u.name, ""vip_stream_count"": $count };"
533,Which games are played by the top 3 streams based on followers count?,"MATCH (s:Stream)-[:PLAYS]->(g:Game)
WITH s, g
ORDER BY s.followers DESC
LIMIT 3
RETURN g.name AS game_name, s.name AS stream_name, s.followers AS followers_count","match
$s isa stream, has name $sn, has followers $f;
$g isa game, has name $gn;
game_play (streaming_channel: $s, played_game: $g);
sort $f desc;
limit 3;
fetch {
  ""game_name"": $gn,
  ""stream_name"": $sn,
  ""followers_count"": $f
};"
534,Which users are moderators in at least two different streams?,"MATCH (u:User)-[:MODERATOR]->(s1:Stream)
MATCH (u)-[:MODERATOR]->(s2:Stream)
WHERE s1 <> s2
RETURN u.name AS moderator, COUNT(DISTINCT s1) AS stream_count
ORDER BY stream_count DESC","match
$u isa user, has name $n;
$s isa stream;
moderation (moderating_user: $u, moderated_channel: $s);
reduce $stream_count = count($s) groupby $u, $n;
match
$stream_count >= 2;
sort $stream_count desc;
fetch {
  ""moderator"": $n,
  ""stream_count"": $stream_count
};"
535,What are the names of streams that play 'Rust' and have more than 5000 followers?,"MATCH (s:Stream)-[:PLAYS]->(g:Game {name: 'Rust'})
WHERE s.followers > 5000
RETURN s.name","match
$s isa stream, has followers $f, has name $sn;
$g isa game, has name ""Rust"";
game_play (streaming_channel: $s, played_game: $g);
$f > 5000;
fetch {
  ""name"": $sn
};"
536,How many streams have a moderator who is also a stream?,"MATCH (s:Stream)-[:MODERATOR]->(m:Stream)
RETURN count(s) AS numberOfStreams","match
$s isa stream;
$m isa stream;
moderation (moderated_channel: $s, moderating_channel: $m);
reduce $count = count($s);"
537,List all streams that have a VIP who is a user.,"MATCH (s:Stream)-[:VIP]->(:User)
RETURN s.name AS stream_name, s.url AS stream_url, s.description AS stream_description","match
$s isa stream;
vip_status (channel_with_vips: $s, vip_user: $u);
$u isa user;
fetch {
  ""stream_name"": $s.name,
  ""stream_url"": $s.url,
  ""stream_description"": $s.description
};"
538,Name the languages spoken in streams with a total view count exceeding 10 million.,"MATCH (s:Stream)-[:HAS_LANGUAGE]->(l:Language)
WHERE s.total_view_count > 10000000
RETURN DISTINCT l.name AS language","match
$s isa stream, has total_view_count $tvc;
$tvc > 10000000;
$l isa language;
language_usage (channel: $s, used_language: $l);
select $l;
distinct;
fetch { ""language"": $l.name };"
539,Who are the moderators of the stream named 'summit1g'?,"MATCH (s:Stream {name: 'summit1g'})-[:MODERATOR]->(u:User)
RETURN u.name AS moderator_name","match
$s isa stream, has name ""summit1g"";
moderation (moderated_channel: $s, moderating_user: $u);
$u isa user;
fetch {
  ""moderator_name"": $u.name
};"
540,Identify streams that have more than one language associated with them.,"MATCH (s:Stream)-[:HAS_LANGUAGE]->(l:Language)
WITH s, COUNT(l) AS languageCount
WHERE languageCount > 1
RETURN s.name AS streamName, languageCount","match
$s isa stream;
$l isa language;
language_usage (channel: $s, used_language: $l);
reduce $count = count($l) groupby $s;
match $count > 1;
$s has name $sn;
fetch { ""streamName"": $sn, ""languageCount"": $count };"
541,Which users are chatters in more than three streams?,"MATCH (u:User)-[:CHATTER]->(s:Stream)
WITH u, COUNT(s) AS streamCount
WHERE streamCount > 3
RETURN u.name AS userName","match
$u isa user, has name $name;
$s isa stream;
chat_activity (chatting_user: $u, channel_with_chatters: $s);
reduce $count = count($s) groupby $u, $name;
match $count > 3;
fetch { ""userName"": $name };"
542,List the streams that have the most followers who also play 'Grand Theft Auto V'.,"MATCH (s:Stream)-[:PLAYS]->(g:Game {name: 'Grand Theft Auto V'})
RETURN s.name, s.followers
ORDER BY s.followers DESC
LIMIT 10","match
$s isa stream, has followers $f;
$g isa game, has name ""Grand Theft Auto V"";
game_play (streaming_channel: $s, played_game: $g);
sort $f desc;
limit 10;
fetch {
  ""name"": $s.name,
  ""followers"": $f
};"
543,Which streams were created in 2019 and have a description longer than 50 characters?,"MATCH (s:Stream)
WHERE s.createdAt >= datetime(""2019-01-01T00:00:00Z"") AND s.createdAt < datetime(""2020-01-01T00:00:00Z"")
  AND size(s.description) > 50
RETURN s.id, s.name, s.description, s.createdAt","match
$s isa stream, has stream_id $sid, has name $n, has description $desc, has created_at $ca;
$ca >= 2019-01-01T00:00:00Z;
$ca < 2020-01-01T00:00:00Z;
let $len = len($desc);
$len > 50;
fetch {
  ""id"": $sid,
  ""name"": $n,
  ""description"": $desc,
  ""createdAt"": $ca
};"
544,Find the streams that are moderated by users named 'itsbigchase'.,"MATCH (u:User {name: 'itsbigchase'})-[:MODERATOR]->(s:Stream)
RETURN s.id, s.name, s.description, s.url, s.createdAt, s.followers, s.total_view_count","match
$u isa user, has name ""itsbigchase"";
moderation (moderating_user: $u, moderated_channel: $s);
fetch {
  ""id"": $s.stream_id,
  ""name"": $s.name,
  ""description"": $s.description,
  ""url"": $s.url,
  ""createdAt"": $s.created_at,
  ""followers"": $s.followers,
  ""total_view_count"": $s.total_view_count
};"
545,What are the top 3 games played by streams with a total view count less than 500000?,"MATCH (s:Stream)-[:PLAYS]->(g:Game)
WHERE s.total_view_count < 500000
RETURN g.name AS game, COUNT(s) AS stream_count
ORDER BY stream_count DESC
LIMIT 3","match
$s isa stream, has total_view_count $tvc;
$tvc < 500000;
$g isa game;
game_play (streaming_channel: $s, played_game: $g);
reduce $stream_count = count($s) groupby $g;
sort $stream_count desc;
limit 3;
fetch {
  ""game"": $g.name,
  ""stream_count"": $stream_count
};"
546,Who are the VIP users in streams that have over 1000000 followers?,"MATCH (s:Stream)-[:VIP]->(u:User)
WHERE s.followers > 1000000
RETURN u.name AS vip_user, s.name AS stream_name","match
$s isa stream, has followers $f, has name $sn;
$f > 1000000;
$u isa user, has name $un;
vip_status (channel_with_vips: $s, vip_user: $u);
fetch {
  ""vip_user"": $un,
  ""stream_name"": $sn
};"
547,List the names of streams that have both English and Russian languages associated.,"MATCH (s:Stream)-[:HAS_LANGUAGE]->(l1:Language {name: 'en'}),
      (s)-[:HAS_LANGUAGE]->(l2:Language {name: 'ru'})
RETURN s.name","match
$s isa stream;
$l1 isa language, has name ""en"";
$l2 isa language, has name ""ru"";
language_usage (channel: $s, used_language: $l1);
language_usage (channel: $s, used_language: $l2);
fetch {
  ""name"": $s.name
};"
548,List the top 5 streams with the highest follower count.,"MATCH (s:Stream)
RETURN s.name, s.followers
ORDER BY s.followers DESC
LIMIT 5","match
$s isa stream, has name $name, has followers $f;
sort $f desc;
limit 5;
fetch {
  ""name"": $name,
  ""followers"": $f
};"
549,Which 3 games are the most played by streams with over 1 million followers?,"MATCH (s:Stream)-[:PLAYS]->(g:Game)
WHERE s.followers > 1000000
RETURN g.name, COUNT(s) AS stream_count
ORDER BY stream_count DESC
LIMIT 3","match
$s isa stream, has followers $f;
$f > 1000000;
$g isa game;
game_play (streaming_channel: $s, played_game: $g);
reduce $count = count($s) groupby $g;
sort $count desc;
limit 3;
fetch { ""name"": $g.name, ""stream_count"": $count };"
550,Find the top 5 streams with the most total view count that use English language.,"MATCH (s:Stream)-[:HAS_LANGUAGE]->(l:Language {name: 'en'})
RETURN s.name, s.total_view_count
ORDER BY s.total_view_count DESC
LIMIT 5","match
$s isa stream, has total_view_count $tvc;
$l isa language, has name ""en"";
language_usage (channel: $s, used_language: $l);
sort $tvc desc;
limit 5;
fetch {
  ""name"": $s.name,
  ""total_view_count"": $tvc
};"
551,Which 3 users are moderators for the most streams?,"MATCH (u:User)-[:MODERATOR]->(s:Stream)
WITH u, COUNT(s) AS streamCount
ORDER BY streamCount DESC
LIMIT 3
RETURN u.name AS userName, streamCount","match
$u isa user, has name $name;
$s isa stream;
moderation (moderating_user: $u, moderated_channel: $s);
reduce $count = count($s) groupby $u, $name;
sort $count desc;
limit 3;
fetch { ""userName"": $name, ""streamCount"": $count };"
552,What are the top 3 most common games played by streams created before 2010?,"MATCH (s:Stream)-[:PLAYS]->(g:Game)
WHERE s.createdAt < datetime('2010-01-01T00:00:00Z')
RETURN g.name AS game, COUNT(s) AS stream_count
ORDER BY stream_count DESC
LIMIT 3","match
$s isa stream, has created_at $ca;
$ca < 2010-01-01T00:00:00;
$g isa game;
game_play (streaming_channel: $s, played_game: $g);
reduce $count = count($s) groupby $g;
sort $count desc;
limit 3;
fetch {
  ""game"": $g.name,
  ""stream_count"": $count
};"
553,List the 3 teams with the most associated streams.,"MATCH (s:Stream)-[:HAS_TEAM]->(t:Team)
WITH t, COUNT(s) AS streamCount
ORDER BY streamCount DESC
LIMIT 3
RETURN t.name AS teamName, streamCount","match
$t isa team, has name $n;
$s isa stream;
team_membership (member_stream: $s, organization: $t);
reduce $count = count($s) groupby $t, $n;
sort $count desc;
limit 3;
fetch {
  ""teamName"": $n,
  ""streamCount"": $count
};"
554,Which 3 streams have the highest number of VIP users?,"MATCH (s:Stream)<-[:VIP]-(u:User)
WITH s, COUNT(u) AS vip_count
ORDER BY vip_count DESC
LIMIT 3
RETURN s.name AS stream_name, vip_count","match
$s isa stream;
$u isa user;
vip_status (channel_with_vips: $s, vip_user: $u);
reduce $vip_count = count($u) groupby $s;
sort $vip_count desc;
limit 3;
fetch { ""stream_name"": $s.name, ""vip_count"": $vip_count };"
555,What are the names of the top 5 oldest teams in the graph?,"MATCH (t:Team)
RETURN t.name
ORDER BY t.createdAt ASC
LIMIT 5","match
$t isa team, has name $n, has created_at $ca;
sort $ca asc;
limit 5;
fetch {
  ""name"": $n
};"
556,"List the top 3 languages used by streams with over 10,000 followers.","MATCH (s:Stream)-[:HAS_LANGUAGE]->(l:Language)
WHERE s.followers > 10000
RETURN l.name AS language, COUNT(s) AS stream_count
ORDER BY stream_count DESC
LIMIT 3","match
$s isa stream, has followers $f;
$f > 10000;
$l isa language;
language_usage (channel: $s, used_language: $l);
reduce $count = count($s) groupby $l;
sort $count desc;
limit 3;
fetch {
  ""language"": $l.name,
  ""stream_count"": $count
};"
557,Who are the top 3 users who chatter the most with other users?,"MATCH (u1:User)-[c:CHATTER]->(u2:User)
WITH u1, count(c) AS chatter_count
ORDER BY chatter_count DESC
LIMIT 3
RETURN u1.name AS user, chatter_count","match
$u1 isa user;
$c isa chat_activity (chatting_user: $u1, user_with_chatters: $u2);
$u2 isa user;
reduce $chatter_count = count($c) groupby $u1;
sort $chatter_count desc;
limit 3;
fetch { ""user"": $u1.name, ""chatter_count"": $chatter_count };"
558,List the 3 streams with the lowest follower count but with over 1 million total views.,"MATCH (s:Stream)
WHERE s.total_view_count > 1000000
RETURN s.name, s.followers, s.total_view_count
ORDER BY s.followers ASC
LIMIT 3","match
$s isa stream, has total_view_count $tvc, has followers $f;
$tvc > 1000000;
sort $f asc;
limit 3;
fetch {
  ""name"": $s.name,
  ""followers"": $f,
  ""total_view_count"": $tvc
};"
559,What are the top 3 games played by streams that also have a moderator relationship with a user?,"MATCH (s:Stream)-[:PLAYS]->(g:Game)
MATCH (s)-[:MODERATOR]->(:User)
WITH g.name AS game, COUNT(s) AS stream_count
ORDER BY stream_count DESC
LIMIT 3
RETURN game, stream_count","match
$s isa stream;
game_play (streaming_channel: $s, played_game: $g);
moderation ($s, $u);
$u isa user;
reduce $stream_count = count($s) groupby $g;
sort $stream_count desc;
limit 3;
fetch { ""game"": $g.name, ""stream_count"": $stream_count };"
560,Identify the first 3 streams that have chatters who are streams created before 2017.,"MATCH (s:Stream)<-[:CHATTER]-(c:Stream)
WHERE c.createdAt < datetime('2017-01-01T00:00:00Z')
RETURN s.name AS stream_name, s.createdAt AS stream_createdAt
ORDER BY s.createdAt
LIMIT 3","match
$s isa stream, has name $sn, has created_at $sca;
$c isa stream, has created_at $cca;
chat_activity (chatting_channel: $c, channel_with_chatters: $s);
$cca < 2017-01-01T00:00:00;
sort $sca asc;
limit 3;
fetch {
  ""stream_name"": $sn,
  ""stream_createdAt"": $sca
};"
561,List the top 5 streams with moderators who are users and have a follower count above 2000.,"MATCH (s:Stream)-[:MODERATOR]->(u:User)
WHERE s.followers > 2000
RETURN s.name AS stream_name, s.followers AS follower_count
ORDER BY s.followers DESC
LIMIT 5","match
$s isa stream, has followers $f;
$u isa user;
moderation (moderated_channel: $s, moderating_user: $u);
$f > 2000;
sort $f desc;
limit 5;
fetch {
  ""stream_name"": $s.name,
  ""follower_count"": $f
};"
562,Identify the first 3 users who are VIPs in streams with a name containing 'big'.,"MATCH (s:Stream)-[:VIP]->(u:User)
WHERE s.name CONTAINS 'big'
RETURN u.name
LIMIT 3","match
$s isa stream, has name $sn;
$sn like "".*big.*"";
vip_status (vip_channel: $s, vip_user: $u);
$u isa user;
limit 3;
fetch {
  ""name"": $u.name
};"
563,"Which streams have a total view count below 10,000 and are linked to a language named 'en'?","MATCH (s:Stream)-[:HAS_LANGUAGE]->(l:Language)
WHERE s.total_view_count < 10000 AND l.name = 'en'
RETURN s.name, s.url, s.total_view_count","match
$s isa stream, has total_view_count $tvc;
$tvc < 10000;
$l isa language, has name ""en"";
language_usage (channel: $s, used_language: $l);
fetch {
  ""name"": $s.name,
  ""url"": $s.url,
  ""total_view_count"": $tvc
};"
564,What are the first 3 streams that have a VIP named 'itsbigchase'?,"MATCH (u:User {name: 'itsbigchase'})-[:VIP]->(s:Stream)
RETURN s
ORDER BY s.createdAt
LIMIT 3","match
$u isa user, has name ""itsbigchase"";
$s isa stream, has created_at $ca;
vip_status (vip_user: $u, channel_with_vips: $s);
sort $ca asc;
limit 3;
fetch {
  ""stream"": $s.name,
  ""created_at"": $ca
};"
565,"What are the first 3 streams with a language named 'ru' and a total view count below 10,000?","MATCH (s:Stream)-[:HAS_LANGUAGE]->(l:Language)
WHERE l.name = 'ru' AND s.total_view_count < 10000
RETURN s
ORDER BY s.createdAt
LIMIT 3","match
$s isa stream, has total_view_count $tvc, has created_at $ca;
$tvc < 10000;
$l isa language, has name ""ru"";
language_usage (channel: $s, used_language: $l);
sort $ca asc;
limit 3;
fetch {
  ""stream"": $s.name,
  ""total_view_count"": $tvc,
  ""created_at"": $ca
};"
566,List the top 5 streams that have a moderator named 'itsbigchase' and were created before 2018.,"MATCH (u:User {name: 'itsbigchase'})-[:MODERATOR]->(s:Stream)
WHERE s.createdAt < datetime('2018-01-01T00:00:00Z')
RETURN s.name, s.createdAt, s.followers, s.total_view_count
ORDER BY s.followers DESC
LIMIT 5","match
$u isa user, has name ""itsbigchase"";
$s isa stream, has created_at $ca;
moderation (moderating_user: $u, moderated_channel: $s);
$ca < 2018-01-01T00:00:00;
$s has followers $f;
sort $f desc;
limit 5;
fetch {
  ""name"": $s.name,
  ""createdAt"": $ca,
  ""followers"": $f,
  ""total_view_count"": $s.total_view_count
};"
567,"Which streams have a description containing 'casual play' and a total view count above 100,000?","MATCH (s:Stream)
WHERE s.description CONTAINS 'casual play' AND s.total_view_count > 100000
RETURN s.name, s.description, s.total_view_count","match
$s isa stream, has description $d, has total_view_count $tvc;
$d like "".*casual play.*"";
$tvc > 100000;
fetch {
  ""name"": $s.name,
  ""description"": $d,
  ""total_view_count"": $tvc
};"
568,What are the first 3 streams that have a language set to 'en' and a VIP who is a user?,"MATCH (s:Stream)-[:HAS_LANGUAGE]->(l:Language {name: 'en'})
MATCH (s)-[:VIP]->(u:User)
RETURN s
ORDER BY s.createdAt
LIMIT 3","match
$s isa stream, has created_at $ca;
$l isa language, has name ""en"";
language_usage (channel: $s, used_language: $l);
vip_status (channel_with_vips: $s, vip_user: $u);
$u isa user;
sort $ca asc;
limit 3;
fetch {
  ""stream"": $s.name,
  ""created_at"": $ca
};"
569,Identify the first 3 streams that have a team named 'ESO Stream Team' and a follower count below 5000.,"MATCH (s:Stream)-[:HAS_TEAM]->(t:Team)
WHERE t.name = 'ESO Stream Team' AND s.followers < 5000
RETURN s
ORDER BY s.createdAt
LIMIT 3","match
  $s isa stream, has followers $f, has created_at $ca;
  $f < 5000;
  $t isa team, has name ""ESO Stream Team"";
  team_membership (member_stream: $s, organization: $t);
sort $ca asc;
limit 3;
fetch {
  ""name"": $s.name,
  ""stream_id"": $s.stream_id,
  ""followers"": $s.followers,
  ""created_at"": $s.created_at,
  ""url"": $s.url
};"
570,"Identify the first 3 users who are moderators for streams with a total view count exceeding 500,000.","MATCH (u:User)-[:MODERATOR]->(s:Stream)
WHERE s.total_view_count > 500000
RETURN u.name
LIMIT 3","match
$u isa user;
$s isa stream, has total_view_count $tvc;
$tvc > 500000;
moderation (moderating_user: $u, moderated_channel: $s);
limit 3;
fetch {
  ""name"": $u.name
};"
571,Which streams have a follower count exceeding 2000 and are playing a game named 'Rust'?,"MATCH (s:Stream)-[:PLAYS]->(g:Game)
WHERE s.followers > 2000 AND g.name = 'Rust'
RETURN s.name AS stream_name, s.followers AS follower_count, g.name AS game_name","match
$s isa stream, has followers $f;
$f > 2000;
$g isa game, has name ""Rust"";
game_play (streaming_channel: $s, played_game: $g);
fetch {
  ""stream_name"": $s.name,
  ""follower_count"": $f,
  ""game_name"": $g.name
};"
572,What are the first 3 streams that were created after 2015 and have a follower count above 1000?,"MATCH (s:Stream)
WHERE s.createdAt > datetime(""2015-01-01T00:00:00Z"") AND s.followers > 1000
RETURN s.id, s.name, s.createdAt, s.followers
ORDER BY s.createdAt ASC
LIMIT 3","match
$s isa stream, has created_at $ca, has followers $f;
$ca > 2015-01-01T00:00:00;
$f > 1000;
sort $ca asc;
limit 3;
fetch {
  ""id"": $s.stream_id,
  ""name"": $s.name,
  ""createdAt"": $ca,
  ""followers"": $f
};"
573,List the top 5 streams that have chatters named 'itsbigchase'.,"MATCH (u:User {name: 'itsbigchase'})-[:CHATTER]->(s:Stream)
RETURN s.name, s.followers, s.total_view_count
ORDER BY s.followers DESC
LIMIT 5","match
$u isa user, has name ""itsbigchase"";
chat_activity (chatting_user: $u, channel_with_chatters: $s);
$s has followers $f;
sort $f desc;
limit 5;
fetch {
  ""name"": $s.name,
  ""followers"": $f,
  ""total_view_count"": $s.total_view_count
};"
574,Identify the first 3 streams that play a game named 'Rust' and have a VIP who is a user.,"MATCH (s:Stream)-[:PLAYS]->(g:Game {name: 'Rust'})
MATCH (s)-[:VIP]->(:User)
RETURN s
ORDER BY s.createdAt
LIMIT 3","match
$s isa stream, has created_at $ca;
$g isa game, has name ""Rust"";
game_play (streaming_channel: $s, played_game: $g);
$u isa user;
vip_status (channel_with_vips: $s, vip_user: $u);
sort $ca;
limit 3;
fetch {
  ""stream"": $s.name
};"
575,List the top 5 streams with the most chatters who are users.,"MATCH (s:Stream)<-[:CHATTER]-(u:User)
WITH s, COUNT(u) AS chatterCount
ORDER BY chatterCount DESC
LIMIT 5
RETURN s.name AS streamName, chatterCount","match
$s isa stream;
$u isa user;
chat_activity (channel_with_chatters: $s, chatting_user: $u);
reduce $chatter_count = count($u) groupby $s;
sort $chatter_count desc;
limit 5;
fetch { ""streamName"": $s.name, ""chatterCount"": $chatter_count };"
