original_index,question,cypher,typeql
0,Which characters have a book1BetweennessCentrality greater than 2000?,"MATCH (c:Character)
WHERE c.book1BetweennessCentrality > 2000
RETURN c.name AS character, c.book1BetweennessCentrality AS centrality","match
  $c isa character;
  $c has book1_betweenness_centrality $c_book1_betweenness_centrality;
  $c_book1_betweenness_centrality > 2000;
fetch { ""character"": $c.name, ""centrality"": $c.book1_betweenness_centrality };"
1,List the top 3 characters with the highest book45PageRank.,"MATCH (c:Character)
RETURN c.name, c.book45PageRank
ORDER BY c.book45PageRank DESC
LIMIT 3","match
  $c isa character;
  $c has book45_page_rank $c_book45_page_rank;
sort $c_book45_page_rank desc;
limit 3;
fetch { ""c_name"": $c.name, ""c_book45_page_rank"": $c.book45_page_rank };"
2,Find all characters with a centrality of 0 and limit the results to 5.,"MATCH (c:Character)
WHERE c.centrality = 0
RETURN c
LIMIT 5","match
  $c isa character;
  $c has centrality $c_centrality;
  $c_centrality == 0;
limit 5;
fetch { ""c_name"": $c.name };"
3,Who are the top 5 characters by degree in the database?,"MATCH (c:Character)
RETURN c.name, c.degree
ORDER BY c.degree DESC
LIMIT 5","match
  $c isa character;
  $c has degree $c_degree;
sort $c_degree desc;
limit 5;
fetch { ""c_name"": $c.name, ""c_degree"": $c.degree };"
4,Retrieve the names of 3 characters who have a louvain community number of 1.,"MATCH (c:Character)
WHERE c.louvain = 1
RETURN c.name
LIMIT 3","match
  $c isa character;
  $c has louvain $c_louvain;
  $c_louvain == 1;
limit 3;
fetch { ""c_name"": $c.name };"
5,Which characters are part of a community number greater than 750?,"MATCH (c:Character)
WHERE c.community > 750
RETURN c.name","match
  $c isa character;
  $c has community $c_community;
  $c_community > 750;
fetch { ""c_name"": $c.name };"
6,List three characters with a pagerank less than 1.,"MATCH (c:Character)
WHERE c.pagerank < 1
RETURN c.name
LIMIT 3","match
  $c isa character;
  $c has pagerank $c_pagerank;
  $c_pagerank < 1;
limit 3;
fetch { ""c_name"": $c.name };"
8,What are the names of the characters that have an INTERACTS45 relationship with a weight greater than 50?,"MATCH (c1:Character)-[i:INTERACTS45]->(c2:Character)
WHERE i.weight > 50
RETURN c1.name, c2.name","match
  $c1 isa character;
  $c2 isa character;
  (character1: $c1, character2: $c2) isa interacts45, has weight $rel_weight;
  $rel_weight > 50;
fetch { ""c1_name"": $c1.name, ""c2_name"": $c2.name };"
9,Fetch the top 5 characters based on the book1PageRank.,"MATCH (c:Character)
RETURN c.name, c.book1PageRank
ORDER BY c.book1PageRank DESC
LIMIT 5","match
  $c isa character;
  $c has book1_page_rank $c_book1_page_rank;
sort $c_book1_page_rank desc;
limit 5;
fetch { ""c_name"": $c.name, ""c_book1_page_rank"": $c.book1_page_rank };"
10,"Find all characters involved in an INTERACTS relationship with a weight below 10, limit to 5 results.","MATCH (c1:Character)-[i:INTERACTS]->(c2:Character)
WHERE i.weight < 10
RETURN c1.name, i.weight, c2.name
LIMIT 5","match
  $c1 isa character;
  $c2 isa character;
  (character1: $c1, character2: $c2) isa interacts, has weight $rel_weight;
  $rel_weight < 10;
limit 5;
fetch { ""c1_name"": $c1.name, ""weight"": $rel_weight, ""c2_name"": $c2.name };"
11,Who are the characters with a community number between 600 and 700?,"MATCH (c:Character)
WHERE c.community >= 600 AND c.community <= 700
RETURN c.name AS character","match
  $c isa character;
  $c has community $c_community;
  $c_community >= 600;
  $c_community <= 700;
fetch { ""character"": $c.name };"
12,Retrieve the first 3 characters who interact in book 1 with a weight of exactly 291.,"MATCH (c1:Character)-[i:INTERACTS1]->(c2:Character)
WHERE i.weight = 291
RETURN c1.name, c2.name
LIMIT 3","match
  $c1 isa character;
  $c2 isa character;
  (character1: $c1, character2: $c2) isa interacts1, has weight $rel_weight;
  $rel_weight == 291;
limit 3;
fetch { ""c1_name"": $c1.name, ""c2_name"": $c2.name };"
13,List the characters with an INTERACTS2 relationship of weight less than 20.,"MATCH (c1:Character)-[r:INTERACTS2]->(c2:Character)
WHERE r.weight < 20
RETURN c1.name AS character1, c2.name AS character2, r.weight AS weight","match
  $c1 isa character;
  $c2 isa character;
  (character1: $c1, character2: $c2) isa interacts2, has weight $rel_weight;
  $rel_weight < 20;
fetch { ""character1"": $c1.name, ""character2"": $c2.name, ""weight"": $rel_weight };"
14,Who are the characters connected by an INTERACTS3 relationship with a weight above 80?,"MATCH (c1:Character)-[i:INTERACTS3]->(c2:Character)
WHERE i.weight > 80
RETURN c1.name AS character1, c2.name AS character2, i.weight AS weight","match
  $c1 isa character;
  $c2 isa character;
  (character1: $c1, character2: $c2) isa interacts3, has weight $rel_weight;
  $rel_weight > 80;
fetch { ""character1"": $c1.name, ""character2"": $c2.name, ""weight"": $rel_weight };"
15,Find characters who have a book45PageRank less than 0.7 and limit the results to three.,"MATCH (c:Character)
WHERE c.book45PageRank < 0.7
RETURN c
LIMIT 3","match
  $c isa character;
  $c has book45_page_rank $c_book45_page_rank;
  $c_book45_page_rank < 0.7;
limit 3;
fetch { ""c_name"": $c.name };"
17,List the names of three characters who have a book1BetweennessCentrality of 0.,"MATCH (c:Character)
WHERE c.book1BetweennessCentrality = 0
RETURN c.name
LIMIT 3","match
  $c isa character;
  $c has book1_betweenness_centrality $c_book1_betweenness_centrality;
  $c_book1_betweenness_centrality == 0;
limit 3;
fetch { ""c_name"": $c.name };"
18,Retrieve the names of the characters who have a louvain community number of 6.,"MATCH (c:Character)
WHERE c.louvain = 6
RETURN c.name","match
  $c isa character;
  $c has louvain $c_louvain;
  $c_louvain == 6;
fetch { ""c_name"": $c.name };"
19,Find three characters whose degree is exactly 0.,"MATCH (c:Character)
WHERE c.degree = 0
RETURN c.name
LIMIT 3","match
  $c isa character;
  $c has degree $c_degree;
  $c_degree == 0;
limit 3;
fetch { ""c_name"": $c.name };"
20,Identify the characters with an INTERACTS relationship with a weight over 300.,"MATCH (c1:Character)-[r:INTERACTS]->(c2:Character)
WHERE r.weight > 300
RETURN c1.name AS character1, c2.name AS character2, r.weight AS weight","match
  $c1 isa character;
  $c2 isa character;
  (character1: $c1, character2: $c2) isa interacts, has weight $rel_weight;
  $rel_weight > 300;
fetch { ""character1"": $c1.name, ""character2"": $c2.name, ""weight"": $rel_weight };"
21,What are the top 5 characters by centrality in the database?,"MATCH (c:Character)
RETURN c.name, c.centrality
ORDER BY c.centrality DESC
LIMIT 5","match
  $c isa character;
  $c has centrality $c_centrality;
sort $c_centrality desc;
limit 5;
fetch { ""c_name"": $c.name, ""c_centrality"": $c.centrality };"
22,List three characters with the highest pagerank in the database.,"MATCH (c:Character)
RETURN c.name, c.pagerank
ORDER BY c.pagerank DESC
LIMIT 3","match
  $c isa character;
  $c has pagerank $c_pagerank;
sort $c_pagerank desc;
limit 3;
fetch { ""c_name"": $c.name, ""c_pagerank"": $c.pagerank };"
23,"Find characters involved in an INTERACTS1 relationship with a weight of 150, limit to 3 results.","MATCH (c1:Character)-[i:INTERACTS1 {weight: 150}]-(c2:Character)
RETURN c1.name, c2.name
LIMIT 3","match
  $c1 isa character;
  $c2 isa character;
  (character1: $c1, character2: $c2) isa interacts1, has weight $rel_weight;
  $rel_weight == 150;
limit 3;
fetch { ""c1_name"": $c1.name, ""c2_name"": $c2.name };"
24,Retrieve characters with a book1PageRank greater than 5 and limit to 5 results.,"MATCH (c:Character)
WHERE c.book1PageRank > 5
RETURN c
LIMIT 5","match
  $c isa character;
  $c has book1_page_rank $c_book1_page_rank;
  $c_book1_page_rank > 5;
limit 5;
fetch { ""c_name"": $c.name };"
25,Who are the characters with a community number less than 580?,"MATCH (c:Character)
WHERE c.community < 580
RETURN c.name","match
  $c isa character;
  $c has community $c_community;
  $c_community < 580;
fetch { ""c_name"": $c.name };"
26,List three characters whose degree is greater than 100.,"MATCH (c:Character)
WHERE c.degree > 100
RETURN c.name
LIMIT 3","match
  $c isa character;
  $c has degree $c_degree;
  $c_degree > 100;
limit 3;
fetch { ""c_name"": $c.name };"
27,Find characters with a pagerank between 2 and 3.,"MATCH (c:Character)
WHERE c.pagerank >= 2 AND c.pagerank <= 3
RETURN c","match
  $c isa character;
  $c has pagerank $c_pagerank;
  $c_pagerank >= 2;
  $c_pagerank <= 3;
fetch { ""c_name"": $c.name };"
28,Who are three characters with a centrality exactly 0.8333333333333334?,"MATCH (c:Character)
WHERE c.centrality = 0.8333333333333334
RETURN c.name
LIMIT 3","match
  $c isa character;
  $c has centrality $c_centrality;
  $c_centrality == 0.8333333333333334;
limit 3;
fetch { ""c_name"": $c.name };"
29,Which characters have a 'book1PageRank' higher than 1? List the first 5.,"MATCH (c:Character)
WHERE c.book1PageRank > 1
RETURN c.name, c.book1PageRank
ORDER BY c.book1PageRank DESC
LIMIT 5","match
  $c isa character;
  $c has book1_page_rank $c_book1_page_rank;
  $c_book1_page_rank > 1;
sort $c_book1_page_rank desc;
limit 5;
fetch { ""c_name"": $c.name, ""c_book1_page_rank"": $c.book1_page_rank };"
30,Find all characters with a 'centrality' exactly at 0.5.,"MATCH (c:Character)
WHERE c.centrality = 0.5
RETURN c","match
  $c isa character;
  $c has centrality $c_centrality;
  $c_centrality == 0.5;
fetch { ""c_name"": $c.name };"
31,Who are the top 3 characters by 'degree' in the graph?,"MATCH (c:Character)
RETURN c.name, c.degree
ORDER BY c.degree DESC
LIMIT 3","match
  $c isa character;
  $c has degree $c_degree;
sort $c_degree desc;
limit 3;
fetch { ""c_name"": $c.name, ""c_degree"": $c.degree };"
32,List all characters who have a 'book45PageRank' less than 1.,"MATCH (c:Character)
WHERE c.book45PageRank < 1
RETURN c.name","match
  $c isa character;
  $c has book45_page_rank $c_book45_page_rank;
  $c_book45_page_rank < 1;
fetch { ""c_name"": $c.name };"
33,Which characters are part of community 579? Provide top 5 results.,"MATCH (c:Character)
WHERE c.community = 579
RETURN c.name
LIMIT 5","match
  $c isa character;
  $c has community $c_community;
  $c_community == 579;
limit 5;
fetch { ""c_name"": $c.name };"
34,Identify characters with a 'louvain' value of 1 and show the first 5.,"MATCH (c:Character {louvain: 1})
RETURN c.name
LIMIT 5","match
  $c isa character, has louvain 1;
limit 5;
fetch { ""c_name"": $c.name };"
35,What are the names of characters who interact with 'Theon-Greyjoy' in any book? List up to 5.,"MATCH (c:Character)-[:INTERACTS|INTERACTS1|INTERACTS2|INTERACTS3|INTERACTS45]->(:Character {name: 'Theon-Greyjoy'})
RETURN c.name
LIMIT 5","match
  $c isa character, has name $n;
  $t isa character, has name ""Theon-Greyjoy"";
  {(character1: $c, character2: $t) isa interacts;} or
  {(character1: $c, character2: $t) isa interacts1;} or
  {(character1: $c, character2: $t) isa interacts2;} or
  {(character1: $c, character2: $t) isa interacts3;} or
  {(character1: $c, character2: $t) isa interacts45;};
limit 5;
fetch { ""name"": $n };"
36,Who has the highest 'pagerank' among all characters? Show top 3.,"MATCH (c:Character)
RETURN c.name, c.pagerank
ORDER BY c.pagerank DESC
LIMIT 3","match
  $c isa character;
  $c has pagerank $c_pagerank;
sort $c_pagerank desc;
limit 3;
fetch { ""c_name"": $c.name, ""c_pagerank"": $c.pagerank };"
37,Find characters that have 'book1BetweennessCentrality' greater than 100.,"MATCH (c:Character)
WHERE c.book1BetweennessCentrality > 100
RETURN c","match
  $c isa character;
  $c has book1_betweenness_centrality $c_book1_betweenness_centrality;
  $c_book1_betweenness_centrality > 100;
fetch { ""c_name"": $c.name };"
38,List the characters who have a 'degree' of zero.,"MATCH (c:Character)
WHERE c.degree = 0
RETURN c.name","match
  $c isa character;
  $c has degree $c_degree;
  $c_degree == 0;
fetch { ""c_name"": $c.name };"
39,Who are the top 5 characters by 'book1PageRank' in descending order?,"MATCH (c:Character)
RETURN c.name, c.book1PageRank
ORDER BY c.book1PageRank DESC
LIMIT 5","match
  $c isa character;
  $c has book1_page_rank $c_book1_page_rank;
sort $c_book1_page_rank desc;
limit 5;
fetch { ""c_name"": $c.name, ""c_book1_page_rank"": $c.book1_page_rank };"
40,Which characters have an 'INTERACTS45' relationship with a weight above 50?,"MATCH (c1:Character)-[i:INTERACTS45]->(c2:Character)
WHERE i.weight > 50
RETURN c1.name AS character1, c2.name AS character2, i.weight AS weight","match
  $c1 isa character;
  $c2 isa character;
  (character1: $c1, character2: $c2) isa interacts45, has weight $rel_weight;
  $rel_weight > 50;
fetch { ""character1"": $c1.name, ""character2"": $c2.name, ""weight"": $rel_weight };"
41,Display characters with a 'community' of 642 and list top 3.,"MATCH (c:Character)
WHERE c.community = 642
RETURN c.name
ORDER BY c.pagerank DESC
LIMIT 3","match
  $c isa character;
  $c has community $c_community;
  $c has pagerank $c_pagerank;
  $c_community == 642;
sort $c_pagerank desc;
limit 3;
fetch { ""c_name"": $c.name };"
42,Find all characters that have interacted in 'book 2'.,"MATCH (c1:Character)-[:INTERACTS2]->(c2:Character)
RETURN c1, c2","match
  $c1 isa character;
  $c2 isa character;
  (character1: $c1, character2: $c2) isa interacts2;
fetch { ""c1_name"": $c1.name, ""c2_name"": $c2.name };"
43,Who interacted with 'Aegon-Frey-(son-of-Stevron)'? List first 3 characters.,"MATCH (c:Character)-[:INTERACTS]->(a:Character {name: 'Aegon-Frey-(son-of-Stevron)'})
RETURN c.name
LIMIT 3","match
  $c isa character, has name $cn;
  $target isa character, has name ""Aegon-Frey-(son-of-Stevron)"";
  (character1: $c, character2: $target) isa interacts;
limit 3;
fetch { ""c_name"": $cn };"
44,Which characters from community 795 have 'pagerank' above 0.15?,"MATCH (c:Character)
WHERE c.community = 795 AND c.pagerank > 0.15
RETURN c.name, c.pagerank","match
  $c isa character;
  $c has community $c_community;
  $c has pagerank $c_pagerank;
  $c_community == 795;
  $c_pagerank > 0.15;
fetch { ""c_name"": $c.name, ""c_pagerank"": $c.pagerank };"
45,Identify the top 5 characters by 'book45PageRank' who are in the same community as 'Murenmure'.,"MATCH (c:Character)
WHERE c.name = 'Murenmure'
WITH c.community AS community
MATCH (other:Character)
WHERE other.community = community
RETURN other.name, other.book45PageRank
ORDER BY other.book45PageRank DESC
LIMIT 5","match
  $m isa character, has name ""Murenmure"", has community $comm;
  $c isa character, has community $comm, has name $n, has book45_page_rank $pr;
sort $pr desc;
limit 5;
fetch { ""name"": $n, ""book45_page_rank"": $pr };"
46,Who are the top 3 characters in terms of 'pagerank' who also have a 'louvain' value of 6?,"MATCH (c:Character)
WHERE c.louvain = 6
RETURN c.name, c.pagerank
ORDER BY c.pagerank DESC
LIMIT 3","match
  $c isa character;
  $c has louvain $c_louvain;
  $c has pagerank $c_pagerank;
  $c_louvain == 6;
sort $c_pagerank desc;
limit 3;
fetch { ""c_name"": $c.name, ""c_pagerank"": $c.pagerank };"
47,List characters that have interacted in 'book 3' with a relationship weight less than 10.,"MATCH (c1:Character)-[i:INTERACTS3]->(c2:Character)
WHERE i.weight < 10
RETURN c1.name AS character1, c2.name AS character2, i.weight AS weight","match
  $c1 isa character;
  $c2 isa character;
  (character1: $c1, character2: $c2) isa interacts3, has weight $rel_weight;
  $rel_weight < 10;
fetch { ""character1"": $c1.name, ""character2"": $c2.name, ""weight"": $rel_weight };"
48,Which characters have a 'book1BetweennessCentrality' of exactly 0 and are part of community 642?,"MATCH (c:Character)
WHERE c.book1BetweennessCentrality = 0 AND c.community = 642
RETURN c","match
  $c isa character;
  $c has book1_betweenness_centrality $c_book1_betweenness_centrality;
  $c has community $c_community;
  $c_book1_betweenness_centrality == 0;
  $c_community == 642;
fetch { ""c_name"": $c.name };"
49,Find the characters who have interacted with 'Roose-Bolton' in 'book 1'. List the top 5.,"MATCH (c:Character)-[i:INTERACTS1]->(roose:Character {name: 'Roose-Bolton'})
RETURN c.name AS character, i.weight AS interactions
ORDER BY interactions DESC
LIMIT 5","match
  $c isa character, has name $cn;
  $target isa character, has name ""Roose-Bolton"";
  $rel isa interacts1 (character1: $c, character2: $target), has weight $w;
sort $w desc;
limit 5;
fetch { ""character"": $cn, ""interactions"": $w };"
50,Who are the characters in the louvain community 5 with a 'book45PageRank' greater than 5?,"MATCH (c:Character)
WHERE c.louvain = 5 AND c.book45PageRank > 5
RETURN c.name AS character","match
  $c isa character;
  $c has louvain $c_louvain;
  $c has book45_page_rank $c_book45_page_rank;
  $c_louvain == 5;
  $c_book45_page_rank > 5;
fetch { ""character"": $c.name };"
51,List the top 3 characters by 'degree' who also have a 'book1PageRank' higher than 0.5.,"MATCH (c:Character)
WHERE c.book1PageRank > 0.5
RETURN c.name, c.degree
ORDER BY c.degree DESC
LIMIT 3","match
  $c isa character;
  $c has book1_page_rank $c_book1_page_rank;
  $c has degree $c_degree;
  $c_book1_page_rank > 0.5;
sort $c_degree desc;
limit 3;
fetch { ""c_name"": $c.name, ""c_degree"": $c.degree };"
52,Which characters have the lowest 'book1BetweennessCentrality' and are part of community 579? Provide first 3 results.,"MATCH (c:Character)
WHERE c.community = 579
RETURN c.name, c.book1BetweennessCentrality
ORDER BY c.book1BetweennessCentrality
LIMIT 3","match
  $c isa character;
  $c has community $c_community;
  $c has book1_betweenness_centrality $c_book1_betweenness_centrality;
  $c_community == 579;
sort $c_book1_betweenness_centrality asc;
limit 3;
fetch { ""name"": $c.name, ""book1_betweenness_centrality"": $c_book1_betweenness_centrality };"
53,Identify all characters with a 'pagerank' below 0.2 and list top 3.,"MATCH (c:Character)
WHERE c.pagerank < 0.2
RETURN c.name, c.pagerank
ORDER BY c.pagerank
LIMIT 3","match
  $c isa character;
  $c has pagerank $c_pagerank;
  $c_pagerank < 0.2;
sort $c_pagerank asc;
limit 3;
fetch { ""c_name"": $c.name, ""c_pagerank"": $c.pagerank };"
54,Which characters interacted in 'book 45' with a weight of exactly 96?,"MATCH (c1:Character)-[i:INTERACTS45 {weight: 96}]->(c2:Character)
RETURN c1.name AS character1, c2.name AS character2","match
  $c1 isa character;
  $c2 isa character;
  (character1: $c1, character2: $c2) isa interacts45, has weight $rel_weight;
  $rel_weight == 96;
fetch { ""character1"": $c1.name, ""character2"": $c2.name };"
55,List the top 5 characters by 'centrality' who have a 'book45PageRank' above 1.,"MATCH (c:Character)
WHERE c.book45PageRank > 1
RETURN c.name, c.centrality
ORDER BY c.centrality DESC
LIMIT 5","match
  $c isa character;
  $c has book45_page_rank $c_book45_page_rank;
  $c has centrality $c_centrality;
  $c_book45_page_rank > 1;
sort $c_centrality desc;
limit 5;
fetch { ""c_name"": $c.name, ""c_centrality"": $c.centrality };"
56,Find all characters that have 'INTERACTS3' relationship with a weight above 90.,"MATCH (c1:Character)-[i:INTERACTS3]->(c2:Character)
WHERE i.weight > 90
RETURN c1, i, c2","match
  $c1 isa character;
  $c2 isa character;
  (character1: $c1, character2: $c2) isa interacts3, has weight $rel_weight;
  $rel_weight > 90;
fetch { ""c1_name"": $c1.name, ""rel_weight"": $rel_weight, ""c2_name"": $c2.name };"
57,Who are the top 3 characters with the highest 'book1BetweennessCentrality' in community 795?,"MATCH (c:Character)
WHERE c.community = 795
RETURN c.name, c.book1BetweennessCentrality
ORDER BY c.book1BetweennessCentrality DESC
LIMIT 3","match
  $c isa character;
  $c has community $c_community;
  $c has book1_betweenness_centrality $c_book1_betweenness_centrality;
  $c_community == 795;
sort $c_book1_betweenness_centrality desc;
limit 3;
fetch { ""c_name"": $c.name, ""c_book1_betweenness_centrality"": $c.book1_betweenness_centrality };"
58,Identify characters with a 'degree' over 100. List the first 5.,"MATCH (c:Character)
WHERE c.degree > 100
RETURN c.name
LIMIT 5","match
  $c isa character;
  $c has degree $c_degree;
  $c_degree > 100;
limit 5;
fetch { ""c_name"": $c.name };"
59,Which characters have interacted in 'book 1' with a weight less than 5?,"MATCH (c1:Character)-[i:INTERACTS1]->(c2:Character)
WHERE i.weight < 5
RETURN c1.name AS character1, c2.name AS character2, i.weight AS weight","match
  $c1 isa character;
  $c2 isa character;
  (character1: $c1, character2: $c2) isa interacts1, has weight $rel_weight;
  $rel_weight < 5;
fetch { ""character1"": $c1.name, ""character2"": $c2.name, ""weight"": $rel_weight };"
60,Who are the characters with a 'louvain' value of 10? Provide first 3 names.,"MATCH (c:Character {louvain: 10})
RETURN c.name
LIMIT 3","match
  $c isa character, has louvain 10;
limit 3;
fetch { ""c_name"": $c.name };"
61,List the characters who have a 'book45PageRank' over 10.,"MATCH (c:Character)
WHERE c.book45PageRank > 10
RETURN c.name","match
  $c isa character;
  $c has book45_page_rank $c_book45_page_rank;
  $c_book45_page_rank > 10;
fetch { ""c_name"": $c.name };"
62,Which characters have a 'community' number higher than 700 and a 'pagerank' above 1? List top 3.,"MATCH (c:Character)
WHERE c.community > 700 AND c.pagerank > 1
RETURN c.name, c.community, c.pagerank
ORDER BY c.pagerank DESC
LIMIT 3","match
  $c isa character;
  $c has community $c_community;
  $c has pagerank $c_pagerank;
  $c_community > 700;
  $c_pagerank > 1;
sort $c_pagerank desc;
limit 3;
fetch { ""c_name"": $c.name, ""c_community"": $c.community, ""c_pagerank"": $c.pagerank };"
64,Who has the highest 'book1BetweennessCentrality' among all characters? Show top 3.,"MATCH (c:Character)
RETURN c.name, c.book1BetweennessCentrality
ORDER BY c.book1BetweennessCentrality DESC
LIMIT 3","match
  $c isa character;
  $c has book1_betweenness_centrality $c_book1_betweenness_centrality;
sort $c_book1_betweenness_centrality desc;
limit 3;
fetch { ""c_name"": $c.name, ""c_book1_betweenness_centrality"": $c.book1_betweenness_centrality };"
65,Find characters that have 'INTERACTS1' relationship with a weight above 200.,"MATCH (c1:Character)-[i:INTERACTS1]->(c2:Character)
WHERE i.weight > 200
RETURN c1, i, c2","match
  $c1 isa character;
  $c2 isa character;
  (character1: $c1, character2: $c2) isa interacts1, has weight $rel_weight;
  $rel_weight > 200;
fetch { ""c1_name"": $c1.name, ""rel_weight"": $rel_weight, ""c2_name"": $c2.name };"
66,Display characters with a 'community' of 504 and list top 3.,"MATCH (c:Character)
WHERE c.community = 504
RETURN c.name
ORDER BY c.pagerank DESC
LIMIT 3","match
  $c isa character;
  $c has community $c_community;
  $c has pagerank $c_pagerank;
  $c_community == 504;
sort $c_pagerank desc;
limit 3;
fetch { ""c_name"": $c.name };"
67,Find all characters that have interacted in 'book 2' and have a 'louvain' value greater than 5.,"MATCH (c1:Character)-[:INTERACTS2]-(c2:Character)
WHERE c1.louvain > 5 AND c2.louvain > 5
RETURN c1, c2","match
  $c1 isa character;
  $c2 isa character;
  $c1 has louvain $c1_louvain;
  $c2 has louvain $c2_louvain;
  (character1: $c1, character2: $c2) isa interacts2;
  $c1_louvain > 5;
  $c2_louvain > 5;
fetch { ""c1_name"": $c1.name, ""c2_name"": $c2.name };"
68,Who interacted with 'Walder-Rivers' in 'book 45'? List first 3 characters.,"MATCH (c:Character)-[i:INTERACTS45]->(w:Character {name: 'Walder-Rivers'})
RETURN c.name
LIMIT 3","match
  $c isa character, has name $cn;
  $target isa character, has name ""Walder-Rivers"";
  interacts45 ($c, $target);
limit 3;
fetch { ""c_name"": $cn };"
69,Which characters from community 642 have 'pagerank' above 1?,"MATCH (c:Character)
WHERE c.community = 642 AND c.pagerank > 1
RETURN c.name, c.pagerank","match
  $c isa character;
  $c has community $c_community;
  $c has pagerank $c_pagerank;
  $c_community == 642;
  $c_pagerank > 1;
fetch { ""c_name"": $c.name, ""c_pagerank"": $c.pagerank };"
70,Who are the top 3 characters in terms of 'pagerank' who also have a 'louvain' value of 1?,"MATCH (c:Character)
WHERE c.louvain = 1
RETURN c.name, c.pagerank
ORDER BY c.pagerank DESC
LIMIT 3","match
  $c isa character;
  $c has louvain $c_louvain;
  $c has pagerank $c_pagerank;
  $c_louvain == 1;
sort $c_pagerank desc;
limit 3;
fetch { ""c_name"": $c.name, ""c_pagerank"": $c.pagerank };"
71,List characters that have interacted in 'book 3' with a relationship weight of exactly 95.,"MATCH (c1:Character)-[i:INTERACTS3]->(c2:Character)
WHERE i.weight = 95
RETURN c1.name AS character1, c2.name AS character2","match
  $c1 isa character;
  $c2 isa character;
  (character1: $c1, character2: $c2) isa interacts3, has weight $rel_weight;
  $rel_weight == 95;
fetch { ""character1"": $c1.name, ""character2"": $c2.name };"
72,Which characters have a 'book1BetweennessCentrality' of exactly 168.75234023581112 and are part of community 642?,"MATCH (c:Character)
WHERE c.book1BetweennessCentrality = 168.75234023581112 AND c.community = 642
RETURN c.name AS character","match
  $c isa character;
  $c has book1_betweenness_centrality $c_book1_betweenness_centrality;
  $c has community $c_community;
  $c_book1_betweenness_centrality == 168.75234023581112;
  $c_community == 642;
fetch { ""character"": $c.name };"
73,Find the characters who have interacted with 'Murenmure' in 'book 45'. List the top 5.,"MATCH (c:Character)-[i:INTERACTS45]->(m:Character {name: 'Murenmure'})
RETURN c.name AS character, i.weight AS interactions
ORDER BY interactions DESC
LIMIT 5","match
  $c isa character, has name $cn;
  $target isa character, has name ""Murenmure"";
  $rel isa interacts45 ($c, $target);
  $rel has weight $w;
sort $w desc;
limit 5;
fetch { ""character"": $cn, ""interactions"": $w };"
74,Who are the characters in the louvain community 6 with a 'book45PageRank' greater than 3?,"MATCH (c:Character)
WHERE c.louvain = 6 AND c.book45PageRank > 3
RETURN c.name AS character","match
  $c isa character;
  $c has louvain $c_louvain;
  $c has book45_page_rank $c_book45_page_rank;
  $c_louvain == 6;
  $c_book45_page_rank > 3;
fetch { ""character"": $c.name };"
75,List the top 3 characters by 'degree' who also have a 'book1PageRank' higher than 1.,"MATCH (c:Character)
WHERE c.book1PageRank > 1
RETURN c.name, c.degree, c.book1PageRank
ORDER BY c.degree DESC
LIMIT 3","match
  $c isa character;
  $c has book1_page_rank $c_book1_page_rank;
  $c has degree $c_degree;
  $c_book1_page_rank > 1;
sort $c_degree desc;
limit 3;
fetch { ""c_name"": $c.name, ""c_degree"": $c.degree, ""c_book1_page_rank"": $c.book1_page_rank };"
76,Which characters have the lowest 'book1BetweennessCentrality' and are part of community 642? Provide first 3 results.,"MATCH (c:Character)
WHERE c.community = 642
RETURN c.name, c.book1BetweennessCentrality
ORDER BY c.book1BetweennessCentrality
LIMIT 3","match
  $c isa character;
  $c has community $c_community;
  $c has book1_betweenness_centrality $c_book1_betweenness_centrality;
  $c_community == 642;
sort $c_book1_betweenness_centrality asc;
limit 3;
fetch { ""c_name"": $c.name, ""c_book1_betweenness_centrality"": $c_book1_betweenness_centrality };"
77,Identify all characters with a 'pagerank' below 0.3 and list top 3.,"MATCH (c:Character)
WHERE c.pagerank < 0.3
RETURN c.name, c.pagerank
ORDER BY c.pagerank
LIMIT 3","match
  $c isa character;
  $c has pagerank $c_pagerank;
  $c_pagerank < 0.3;
sort $c_pagerank asc;
limit 3;
fetch { ""c_name"": $c.name, ""c_pagerank"": $c.pagerank };"
78,Which characters interacted in 'book 45' with a weight of exactly 50?,"MATCH (c1:Character)-[i:INTERACTS45 {weight: 50}]->(c2:Character)
RETURN c1.name AS character1, c2.name AS character2","match
  $c1 isa character;
  $c2 isa character;
  (character1: $c1, character2: $c2) isa interacts45, has weight $rel_weight;
  $rel_weight == 50;
fetch { ""character1"": $c1.name, ""character2"": $c2.name };"
79,List the top 5 characters by 'centrality' who have a 'book45PageRank' above 2.,"MATCH (c:Character)
WHERE c.book45PageRank > 2
RETURN c.name, c.centrality
ORDER BY c.centrality DESC
LIMIT 5","match
  $c isa character;
  $c has book45_page_rank $c_book45_page_rank;
  $c has centrality $c_centrality;
  $c_book45_page_rank > 2;
sort $c_centrality desc;
limit 5;
fetch { ""c_name"": $c.name, ""c_centrality"": $c.centrality };"
80,Find all characters that have 'INTERACTS2' relationship with a weight above 50.,"MATCH (c1:Character)-[r:INTERACTS2]->(c2:Character)
WHERE r.weight > 50
RETURN c1, r, c2","match
  $c1 isa character;
  $c2 isa character;
  (character1: $c1, character2: $c2) isa interacts2, has weight $rel_weight;
  $rel_weight > 50;
fetch { ""c1_name"": $c1.name, ""rel_weight"": $rel_weight, ""c2_name"": $c2.name };"
81,Who are the top 3 characters with the highest 'book1BetweennessCentrality' in community 504?,"MATCH (c:Character)
WHERE c.community = 504
RETURN c.name, c.book1BetweennessCentrality
ORDER BY c.book1BetweennessCentrality DESC
LIMIT 3","match
  $c isa character;
  $c has community $c_community;
  $c has book1_betweenness_centrality $c_book1_betweenness_centrality;
  $c_community == 504;
sort $c_book1_betweenness_centrality desc;
limit 3;
fetch { ""c_name"": $c.name, ""c_book1_betweenness_centrality"": $c.book1_betweenness_centrality };"
82,Identify characters with a 'degree' over 150. List the first 5.,"MATCH (c:Character)
WHERE c.degree > 150
RETURN c.name
LIMIT 5","match
  $c isa character;
  $c has degree $c_degree;
  $c_degree > 150;
limit 5;
fetch { ""c_name"": $c.name };"
83,Which characters have interacted in 'book 1' with a weight less than 10?,"MATCH (c1:Character)-[i:INTERACTS1]->(c2:Character)
WHERE i.weight < 10
RETURN c1.name AS character1, c2.name AS character2, i.weight AS weight","match
  $c1 isa character;
  $c2 isa character;
  (character1: $c1, character2: $c2) isa interacts1, has weight $rel_weight;
  $rel_weight < 10;
fetch { ""character1"": $c1.name, ""character2"": $c2.name, ""weight"": $rel_weight };"
84,Who are the characters with a 'louvain' value of 0? Provide first 3 names.,"MATCH (c:Character {louvain: 0})
RETURN c.name
LIMIT 3","match
  $c isa character, has louvain 0;
limit 3;
fetch { ""c_name"": $c.name };"
85,List the characters who have a 'book45PageRank' over 11.,"MATCH (c:Character)
WHERE c.book45PageRank > 11
RETURN c.name","match
  $c isa character;
  $c has book45_page_rank $c_book45_page_rank;
  $c_book45_page_rank > 11;
fetch { ""c_name"": $c.name };"
86,Which characters have a 'community' number higher than 600 and a 'pagerank' above 0.5? List top 3.,"MATCH (c:Character)
WHERE c.community > 600 AND c.pagerank > 0.5
RETURN c.name, c.community, c.pagerank
ORDER BY c.pagerank DESC
LIMIT 3","match
  $c isa character;
  $c has community $c_community;
  $c has pagerank $c_pagerank;
  $c_community > 600;
  $c_pagerank > 0.5;
sort $c_pagerank desc;
limit 3;
fetch { ""c_name"": $c.name, ""c_community"": $c.community, ""c_pagerank"": $c.pagerank };"
88,Who has the highest 'book1PageRank' among all characters? Show top 3.,"MATCH (c:Character)
RETURN c.name, c.book1PageRank
ORDER BY c.book1PageRank DESC
LIMIT 3","match
  $c isa character;
  $c has book1_page_rank $c_book1_page_rank;
sort $c_book1_page_rank desc;
limit 3;
fetch { ""c_name"": $c.name, ""c_book1_page_rank"": $c.book1_page_rank };"
89,Find characters that have 'INTERACTS1' relationship with a weight above 250.,"MATCH (c1:Character)-[i:INTERACTS1]->(c2:Character)
WHERE i.weight > 250
RETURN c1, i, c2","match
  $c1 isa character;
  $c2 isa character;
  (character1: $c1, character2: $c2) isa interacts1, has weight $rel_weight;
  $rel_weight > 250;
fetch { ""c1_name"": $c1.name, ""rel_weight"": $rel_weight, ""c2_name"": $c2.name };"
90,Display characters with a 'community' of 735 and list top 3.,"MATCH (c:Character)
WHERE c.community = 735
RETURN c.name
ORDER BY c.pagerank DESC
LIMIT 3","match
  $c isa character;
  $c has community $c_community;
  $c has pagerank $c_pagerank;
  $c_community == 735;
sort $c_pagerank desc;
limit 3;
fetch { ""c_name"": $c.name };"
91,Find all characters that have interacted in 'book 2' and have a 'louvain' value greater than 3.,"MATCH (c1:Character)-[:INTERACTS2]-(c2:Character)
WHERE c1.louvain > 3 AND c2.louvain > 3
RETURN c1, c2","match
  $c1 isa character;
  $c2 isa character;
  $c1 has louvain $c1_louvain;
  $c2 has louvain $c2_louvain;
  (character1: $c1, character2: $c2) isa interacts2;
  $c1_louvain > 3;
  $c2_louvain > 3;
fetch { ""c1_name"": $c1.name, ""c2_name"": $c2.name };"
92,Who interacted with 'Aeron-Greyjoy' in 'book 45'? List first 3 characters.,"MATCH (c:Character)-[i:INTERACTS45]->(a:Character {name: 'Aeron-Greyjoy'})
RETURN c.name
LIMIT 3","match
  $c isa character, has name $cn;
  $target isa character, has name ""Aeron-Greyjoy"";
  interacts45 ($c, $target);
  not { $c is $target; };
limit 3;
fetch { ""c_name"": $cn };"
93,Which characters from community 795 have 'pagerank' above 0.2?,"MATCH (c:Character)
WHERE c.community = 795 AND c.pagerank > 0.2
RETURN c.name, c.pagerank","match
  $c isa character;
  $c has community $c_community;
  $c has pagerank $c_pagerank;
  $c_community == 795;
  $c_pagerank > 0.2;
fetch { ""c_name"": $c.name, ""c_pagerank"": $c.pagerank };"
94,Which characters have a book1PageRank greater than 5?,"MATCH (c:Character)
WHERE c.book1PageRank > 5
RETURN c.name, c.book1PageRank","match
  $c isa character;
  $c has book1_page_rank $c_book1_page_rank;
  $c_book1_page_rank > 5;
fetch { ""c_name"": $c.name, ""c_book1_page_rank"": $c.book1_page_rank };"
95,List all characters with a degree greater than 100.,"MATCH (c:Character)
WHERE c.degree > 100
RETURN c.name","match
  $c isa character;
  $c has degree $c_degree;
  $c_degree > 100;
fetch { ""c_name"": $c.name };"
96,What are the names of characters who have a centrality of 1.0?,"MATCH (c:Character)
WHERE c.centrality = 1.0
RETURN c.name","match
  $c isa character;
  $c has centrality $c_centrality;
  $c_centrality == 1.0;
fetch { ""c_name"": $c.name };"
97,Identify characters who belong to community 579.,"MATCH (c:Character)
WHERE c.community = 579
RETURN c","match
  $c isa character;
  $c has community $c_community;
  $c_community == 579;
fetch { ""c_name"": $c.name };"
98,Who are the top 5 characters with the highest pagerank?,"MATCH (c:Character)
RETURN c.name, c.pagerank
ORDER BY c.pagerank DESC
LIMIT 5","match
  $c isa character;
  $c has pagerank $c_pagerank;
sort $c_pagerank desc;
limit 5;
fetch { ""c_name"": $c.name, ""c_pagerank"": $c.pagerank };"
99,Which characters have a book45PageRank less than 1?,"MATCH (c:Character)
WHERE c.book45PageRank < 1
RETURN c.name AS character","match
  $c isa character;
  $c has book45_page_rank $c_book45_page_rank;
  $c_book45_page_rank < 1;
fetch { ""character"": $c.name };"
100,List characters with a louvain community value of 6.,"MATCH (c:Character)
WHERE c.louvain = 6
RETURN c.name","match
  $c isa character;
  $c has louvain $c_louvain;
  $c_louvain == 6;
fetch { ""c_name"": $c.name };"
101,Who are the top 3 characters based on their book1BetweennessCentrality?,"MATCH (c:Character)
RETURN c.name, c.book1BetweennessCentrality
ORDER BY c.book1BetweennessCentrality DESC
LIMIT 3","match
  $c isa character;
  $c has book1_betweenness_centrality $c_book1_betweenness_centrality;
sort $c_book1_betweenness_centrality desc;
limit 3;
fetch { ""c_name"": $c.name, ""c_book1_betweenness_centrality"": $c.book1_betweenness_centrality };"
102,Which characters interact in book 1 with a weight greater than 50?,"MATCH (c1:Character)-[i:INTERACTS1]->(c2:Character)
WHERE i.weight > 50
RETURN c1.name AS character1, c2.name AS character2, i.weight AS weight","match
  $c1 isa character;
  $c2 isa character;
  (character1: $c1, character2: $c2) isa interacts1, has weight $rel_weight;
  $rel_weight > 50;
fetch { ""character1"": $c1.name, ""character2"": $c2.name, ""weight"": $rel_weight };"
103,Who are characters that interact in book 45 with a weight of exactly 96?,"MATCH (c1:Character)-[i:INTERACTS45]->(c2:Character)
WHERE i.weight = 96
RETURN c1.name AS character1, c2.name AS character2","match
  $c1 isa character;
  $c2 isa character;
  (character1: $c1, character2: $c2) isa interacts45, has weight $rel_weight;
  $rel_weight == 96;
fetch { ""character1"": $c1.name, ""character2"": $c2.name };"
105,What are the names of characters with a degree of zero?,"MATCH (c:Character)
WHERE c.degree = 0
RETURN c.name","match
  $c isa character;
  $c has degree $c_degree;
  $c_degree == 0;
fetch { ""c_name"": $c.name };"
106,List characters whose louvain community index is less than 5.,"MATCH (c:Character)
WHERE c.louvain < 5
RETURN c.name","match
  $c isa character;
  $c has louvain $c_louvain;
  $c_louvain < 5;
fetch { ""c_name"": $c.name };"
107,Which characters have a community number between 600 and 700?,"MATCH (c:Character)
WHERE c.community >= 600 AND c.community <= 700
RETURN c.name AS character","match
  $c isa character;
  $c has community $c_community;
  $c_community >= 600;
  $c_community <= 700;
fetch { ""character"": $c.name };"
108,Identify the top 3 characters by degree in the graph.,"MATCH (c:Character)
RETURN c.name, c.degree
ORDER BY c.degree DESC
LIMIT 3","match
  $c isa character;
  $c has degree $c_degree;
sort $c_degree desc;
limit 3;
fetch { ""c_name"": $c.name, ""c_degree"": $c.degree };"
109,Which characters have an INTERACTS relationship with a weight under 10?,"MATCH (c1:Character)-[r:INTERACTS]->(c2:Character)
WHERE r.weight < 10
RETURN c1.name AS character1, c2.name AS character2, r.weight AS weight","match
  $c1 isa character;
  $c2 isa character;
  (character1: $c1, character2: $c2) isa interacts, has weight $rel_weight;
  $rel_weight < 10;
fetch { ""character1"": $c1.name, ""character2"": $c2.name, ""weight"": $rel_weight };"
110,What are the top 5 characters by book1PageRank in descending order?,"MATCH (c:Character)
RETURN c.name, c.book1PageRank
ORDER BY c.book1PageRank DESC
LIMIT 5","match
  $c isa character;
  $c has book1_page_rank $c_book1_page_rank;
sort $c_book1_page_rank desc;
limit 5;
fetch { ""c_name"": $c.name, ""c_book1_page_rank"": $c.book1_page_rank };"
111,List all characters with a book45PageRank above 8.,"MATCH (c:Character)
WHERE c.book45PageRank > 8
RETURN c.name, c.book45PageRank","match
  $c isa character;
  $c has book45_page_rank $c_book45_page_rank;
  $c_book45_page_rank > 8;
fetch { ""c_name"": $c.name, ""c_book45_page_rank"": $c.book45_page_rank };"
112,Who has the highest centrality score in the graph?,"MATCH (c:Character)
RETURN c.name AS character, c.centrality AS centrality
ORDER BY centrality DESC
LIMIT 1","match
  $c isa character;
  $c has centrality $c_centrality;
sort $c_centrality desc;
limit 1;
fetch { ""character"": $c.name, ""centrality"": $c.centrality };"
113,List the characters who interact in book 3 with a weight over 50.,"MATCH (c1:Character)-[i:INTERACTS3]->(c2:Character)
WHERE i.weight > 50
RETURN c1.name AS character1, c2.name AS character2, i.weight AS weight","match
  $c1 isa character;
  $c2 isa character;
  (character1: $c1, character2: $c2) isa interacts3, has weight $rel_weight;
  $rel_weight > 50;
fetch { ""character1"": $c1.name, ""character2"": $c2.name, ""weight"": $rel_weight };"
114,Which characters are in the same community as Daenerys Targaryen?,"MATCH (d:Character {name: 'Daenerys Targaryen'})-[:INTERACTS*0..]->(c:Character)
WHERE d.community = c.community
RETURN c.name","match
  $d isa character, has name ""Daenerys-Targaryen"", has community $comm;
  $c isa character, has community $comm, has name $n;
fetch { ""name"": $n };"
115,Who are the top 5 characters with the lowest book1BetweennessCentrality?,"MATCH (c:Character)
WHERE c.book1BetweennessCentrality IS NOT NULL
RETURN c.name AS character, c.book1BetweennessCentrality AS centrality
ORDER BY centrality
LIMIT 5","match
  $c isa character, has name $n, has book1_betweenness_centrality $bc;
sort $bc asc;
limit 5;
fetch { ""character"": $n, ""centrality"": $bc };"
116,Identify characters with a pagerank higher than 4.,"MATCH (c:Character)
WHERE c.pagerank > 4
RETURN c.name, c.pagerank","match
  $c isa character;
  $c has pagerank $c_pagerank;
  $c_pagerank > 4;
fetch { ""c_name"": $c.name, ""c_pagerank"": $c.pagerank };"
117,List all characters with a louvain value of 10.,"MATCH (c:Character)
WHERE c.louvain = 10
RETURN c","match
  $c isa character;
  $c has louvain $c_louvain;
  $c_louvain == 10;
fetch { ""c_name"": $c.name };"
118,Which characters have an INTERACTS1 relationship with a weight less than 100?,"MATCH (c1:Character)-[r:INTERACTS1]->(c2:Character)
WHERE r.weight < 100
RETURN c1.name AS character1, c2.name AS character2, r.weight AS weight","match
  $c1 isa character;
  $c2 isa character;
  (character1: $c1, character2: $c2) isa interacts1, has weight $rel_weight;
  $rel_weight < 100;
fetch { ""character1"": $c1.name, ""character2"": $c2.name, ""weight"": $rel_weight };"
119,Who are the characters with a degree greater than 50 and less than 150?,"MATCH (c:Character)
WHERE c.degree > 50 AND c.degree < 150
RETURN c.name AS character","match
  $c isa character;
  $c has degree $c_degree;
  $c_degree > 50;
  $c_degree < 150;
fetch { ""character"": $c.name };"
120,List the characters whose name starts with 'A'.,"MATCH (c:Character)
WHERE c.name STARTS WITH 'A'
RETURN c.name","match
  $c isa character, has name $n;
  $n like ""^A.*"";
fetch { ""name"": $n };"
121,Which characters have a community number exactly 795?,"MATCH (c:Character)
WHERE c.community = 795
RETURN c","match
  $c isa character;
  $c has community $c_community;
  $c_community == 795;
fetch { ""c_name"": $c.name };"
123,Who are the characters with the lowest book45PageRank?,"MATCH (c:Character)
WHERE c.book45PageRank IS NOT NULL
RETURN c.name, c.book45PageRank
ORDER BY c.book45PageRank
LIMIT 5","match
  $c isa character, has name $n, has book45_page_rank $pr;
sort $pr asc;
limit 5;
fetch { ""name"": $n, ""book45_page_rank"": $pr };"
124,List the characters with an INTERACTS2 relationship and a weight of 92.,"MATCH (c1:Character)-[r:INTERACTS2]->(c2:Character)
WHERE r.weight = 92
RETURN c1.name, c2.name","match
  $c1 isa character;
  $c2 isa character;
  (character1: $c1, character2: $c2) isa interacts2, has weight $rel_weight;
  $rel_weight == 92;
fetch { ""c1_name"": $c1.name, ""c2_name"": $c2.name };"
125,Which characters have a book1PageRank exactly 0.15000000000000002?,"MATCH (c:Character)
WHERE c.book1PageRank = 0.15000000000000002
RETURN c.name","match
  $c isa character;
  $c has book1_page_rank $c_book1_page_rank;
  $c_book1_page_rank == 0.15000000000000002;
fetch { ""c_name"": $c.name };"
126,Identify characters with a centrality less than 0.5.,"MATCH (c:Character)
WHERE c.centrality < 0.5
RETURN c.name AS character","match
  $c isa character;
  $c has centrality $c_centrality;
  $c_centrality < 0.5;
fetch { ""character"": $c.name };"
127,List characters in community 504.,"MATCH (c:Character)
WHERE c.community = 504
RETURN c.name","match
  $c isa character;
  $c has community $c_community;
  $c_community == 504;
fetch { ""c_name"": $c.name };"
128,Which characters have an INTERACTS3 relationship with a weight over 90?,"MATCH (c1:Character)-[r:INTERACTS3]->(c2:Character)
WHERE r.weight > 90
RETURN c1.name AS character1, c2.name AS character2, r.weight AS weight","match
  $c1 isa character;
  $c2 isa character;
  (character1: $c1, character2: $c2) isa interacts3, has weight $rel_weight;
  $rel_weight > 90;
fetch { ""character1"": $c1.name, ""character2"": $c2.name, ""weight"": $rel_weight };"
129,Who are the characters with a book45PageRank between 2 and 5?,"MATCH (c:Character)
WHERE c.book45PageRank >= 2 AND c.book45PageRank <= 5
RETURN c.name AS character","match
  $c isa character;
  $c has book45_page_rank $c_book45_page_rank;
  $c_book45_page_rank >= 2;
  $c_book45_page_rank <= 5;
fetch { ""character"": $c.name };"
130,List the characters that interact in book 45 with any character named 'Aegon-I-Targaryen'.,"MATCH (c1:Character)-[:INTERACTS45]->(c2:Character {name: 'Aegon-I-Targaryen'})
RETURN c1.name AS character","match
  $c isa character, has name $cn;
  $target isa character, has name ""Aegon-I-Targaryen"";
  (character1: $c, character2: $target) isa interacts45;
fetch { ""character"": $cn };"
131,Who are the characters with a book1PageRank and a book45PageRank over 3?,"MATCH (c:Character)
WHERE c.book1PageRank > 3 AND c.book45PageRank > 3
RETURN c.name AS character","match
  $c isa character;
  $c has book1_page_rank $c_book1_page_rank;
  $c has book45_page_rank $c_book45_page_rank;
  $c_book1_page_rank > 3;
  $c_book45_page_rank > 3;
fetch { ""character"": $c.name };"
132,Identify characters whose pagerank is exactly 0.15000000000000002.,"MATCH (c:Character)
WHERE c.pagerank = 0.15000000000000002
RETURN c","match
  $c isa character;
  $c has pagerank $c_pagerank;
  $c_pagerank == 0.15000000000000002;
fetch { ""c_name"": $c.name };"
133,List all characters with a degree less than 5 but greater than 0.,"MATCH (c:Character)
WHERE c.degree < 5 AND c.degree > 0
RETURN c","match
  $c isa character;
  $c has degree $c_degree;
  $c_degree < 5;
  $c_degree > 0;
fetch { ""c_name"": $c.name };"
134,Which characters have a louvain community value of 3 and a pagerank over 2?,"MATCH (c:Character)
WHERE c.louvain = 3 AND c.pagerank > 2
RETURN c.name AS character, c.pagerank AS pagerank","match
  $c isa character;
  $c has louvain $c_louvain;
  $c has pagerank $c_pagerank;
  $c_louvain == 3;
  $c_pagerank > 2;
fetch { ""character"": $c.name, ""pagerank"": $c.pagerank };"
135,Identify the characters who interact with 'Theon-Greyjoy' in any book.,"MATCH (c:Character)-[:INTERACTS|INTERACTS1|INTERACTS2|INTERACTS3|INTERACTS45]->(theon:Character {name: 'Theon-Greyjoy'})
RETURN c.name AS character","match
  $c isa character, has name $n;
  $t isa character, has name ""Theon-Greyjoy"";
  {(character1: $c, character2: $t) isa interacts;} or
  {(character1: $c, character2: $t) isa interacts1;} or
  {(character1: $c, character2: $t) isa interacts2;} or
  {(character1: $c, character2: $t) isa interacts3;} or
  {(character1: $c, character2: $t) isa interacts45;};
fetch { ""character"": $n };"
136,Who are the top 5 characters by degree in ascending order?,"MATCH (c:Character)
RETURN c.name, c.degree
ORDER BY c.degree ASC
LIMIT 5","match
  $c isa character;
  $c has degree $c_degree;
sort $c_degree asc;
limit 5;
fetch { ""c_name"": $c.name, ""c_degree"": $c.degree };"
138,Which characters have a community number and a louvain value both above 600?,"MATCH (c:Character)
WHERE c.community > 600 AND c.louvain > 600
RETURN c.name AS character","match
  $c isa character;
  $c has community $c_community;
  $c has louvain $c_louvain;
  $c_community > 600;
  $c_louvain > 600;
fetch { ""character"": $c.name };"
139,Identify characters with a book1BetweennessCentrality over 1000.,"MATCH (c:Character)
WHERE c.book1BetweennessCentrality > 1000
RETURN c.name, c.book1BetweennessCentrality","match
  $c isa character;
  $c has book1_betweenness_centrality $c_book1_betweenness_centrality;
  $c_book1_betweenness_centrality > 1000;
fetch { ""c_name"": $c.name, ""c_book1_betweenness_centrality"": $c.book1_betweenness_centrality };"
140,List the characters who interact in book 1 with a weight exactly 291.,"MATCH (c1:Character)-[i:INTERACTS1]->(c2:Character)
WHERE i.weight = 291
RETURN c1.name AS character1, c2.name AS character2","match
  $c1 isa character;
  $c2 isa character;
  (character1: $c1, character2: $c2) isa interacts1, has weight $rel_weight;
  $rel_weight == 291;
fetch { ""character1"": $c1.name, ""character2"": $c2.name };"
141,Who are the characters with a book1PageRank less than 1 and a degree over 10?,"MATCH (c:Character)
WHERE c.book1PageRank < 1 AND c.degree > 10
RETURN c.name","match
  $c isa character;
  $c has book1_page_rank $c_book1_page_rank;
  $c has degree $c_degree;
  $c_book1_page_rank < 1;
  $c_degree > 10;
fetch { ""c_name"": $c.name };"
142,Identify characters with an INTERACTS45 relationship and a weight between 10 and 50.,"MATCH (c1:Character)-[r:INTERACTS45]->(c2:Character)
WHERE r.weight >= 10 AND r.weight <= 50
RETURN c1.name AS character1, c2.name AS character2, r.weight AS weight","match
  $c1 isa character;
  $c2 isa character;
  (character1: $c1, character2: $c2) isa interacts45, has weight $rel_weight;
  $rel_weight >= 10;
  $rel_weight <= 50;
fetch { ""character1"": $c1.name, ""character2"": $c2.name, ""weight"": $rel_weight };"
143,List all characters whose name ends in 'Targaryen'.,"MATCH (c:Character)
WHERE c.name ENDS WITH 'Targaryen'
RETURN c","match
  $c isa character, has name $n;
  $n like "".*Targaryen$"";
fetch { ""name"": $n };"
144,Which characters have a pagerank less than 0.5?,"MATCH (c:Character)
WHERE c.pagerank < 0.5
RETURN c.name AS character","match
  $c isa character;
  $c has pagerank $c_pagerank;
  $c_pagerank < 0.5;
fetch { ""character"": $c.name };"
145,Identify the characters with a louvain value of exactly 2.,"MATCH (c:Character)
WHERE c.louvain = 2
RETURN c","match
  $c isa character;
  $c has louvain $c_louvain;
  $c_louvain == 2;
fetch { ""c_name"": $c.name };"
146,Who are the characters with a degree of 300?,"MATCH (c:Character)
WHERE c.degree = 300
RETURN c.name","match
  $c isa character;
  $c has degree $c_degree;
  $c_degree == 300;
fetch { ""c_name"": $c.name };"
147,List characters with a community number below 550.,"MATCH (c:Character)
WHERE c.community < 550
RETURN c.name","match
  $c isa character;
  $c has community $c_community;
  $c_community < 550;
fetch { ""c_name"": $c.name };"
148,Which characters have an INTERACTS relationship with a weight exactly 334?,"MATCH (c1:Character)-[r:INTERACTS]->(c2:Character)
WHERE r.weight = 334
RETURN c1.name AS character1, c2.name AS character2","match
  $c1 isa character;
  $c2 isa character;
  (character1: $c1, character2: $c2) isa interacts, has weight $rel_weight;
  $rel_weight == 334;
fetch { ""character1"": $c1.name, ""character2"": $c2.name };"
149,Identify characters with a centrality exactly 0.0 and a degree over 20.,"MATCH (c:Character)
WHERE c.centrality = 0.0 AND c.degree > 20
RETURN c","match
  $c isa character;
  $c has centrality $c_centrality;
  $c has degree $c_degree;
  $c_centrality == 0.0;
  $c_degree > 20;
fetch { ""c_name"": $c.name };"
151,Who are the top 3 characters by book45PageRank?,"MATCH (c:Character)
RETURN c.name, c.book45PageRank
ORDER BY c.book45PageRank DESC
LIMIT 3","match
  $c isa character;
  $c has book45_page_rank $c_book45_page_rank;
sort $c_book45_page_rank desc;
limit 3;
fetch { ""c_name"": $c.name, ""c_book45_page_rank"": $c.book45_page_rank };"
152,List characters with a pagerank between 0.2 and 1.0.,"MATCH (c:Character)
WHERE c.pagerank >= 0.2 AND c.pagerank <= 1.0
RETURN c.name, c.pagerank","match
  $c isa character;
  $c has pagerank $c_pagerank;
  $c_pagerank >= 0.2;
  $c_pagerank <= 1.0;
fetch { ""c_name"": $c.name, ""c_pagerank"": $c.pagerank };"
153,Which characters have a book1PageRank less than 0.4?,"MATCH (c:Character)
WHERE c.book1PageRank < 0.4
RETURN c.name AS character","match
  $c isa character;
  $c has book1_page_rank $c_book1_page_rank;
  $c_book1_page_rank < 0.4;
fetch { ""character"": $c.name };"
154,Identify characters with a community number exactly 642.,"MATCH (c:Character)
WHERE c.community = 642
RETURN c","match
  $c isa character;
  $c has community $c_community;
  $c_community == 642;
fetch { ""c_name"": $c.name };"
155,List all characters with a book1BetweennessCentrality above 1500.,"MATCH (c:Character)
WHERE c.book1BetweennessCentrality > 1500
RETURN c.name AS character, c.book1BetweennessCentrality AS centrality","match
  $c isa character;
  $c has book1_betweenness_centrality $c_book1_betweenness_centrality;
  $c_book1_betweenness_centrality > 1500;
fetch { ""character"": $c.name, ""centrality"": $c.book1_betweenness_centrality };"
156,Who are the characters with an INTERACTS1 relationship and a weight under 30?,"MATCH (c1:Character)-[r:INTERACTS1]->(c2:Character)
WHERE r.weight < 30
RETURN c1.name AS character1, c2.name AS character2, r.weight AS weight","match
  $c1 isa character;
  $c2 isa character;
  (character1: $c1, character2: $c2) isa interacts1, has weight $rel_weight;
  $rel_weight < 30;
fetch { ""character1"": $c1.name, ""character2"": $c2.name, ""weight"": $rel_weight };"
157,List the characters whose name contains 'Greyjoy'.,"MATCH (c:Character)
WHERE c.name CONTAINS 'Greyjoy'
RETURN c.name","match
  $c isa character, has name $n;
  $n like "".*Greyjoy.*"";
fetch { ""c_name"": $n };"
158,Which characters have a louvain value exactly 5 and a pagerank less than 2?,"MATCH (c:Character)
WHERE c.louvain = 5 AND c.pagerank < 2
RETURN c","match
  $c isa character;
  $c has louvain $c_louvain;
  $c has pagerank $c_pagerank;
  $c_louvain == 5;
  $c_pagerank < 2;
fetch { ""c_name"": $c.name };"
159,Identify characters with a degree exactly 125.,"MATCH (c:Character)
WHERE c.degree = 125
RETURN c","match
  $c isa character;
  $c has degree $c_degree;
  $c_degree == 125;
fetch { ""c_name"": $c.name };"
160,Who are the characters with a community number above 750?,"MATCH (c:Character)
WHERE c.community > 750
RETURN c.name","match
  $c isa character;
  $c has community $c_community;
  $c_community > 750;
fetch { ""c_name"": $c.name };"
161,Which characters have a degree greater than 100?,"MATCH (c:Character)
WHERE c.degree > 100
RETURN c.name","match
  $c isa character;
  $c has degree $c_degree;
  $c_degree > 100;
fetch { ""c_name"": $c.name };"
162,List all characters with a book1PageRank higher than 5.,"MATCH (c:Character)
WHERE c.book1PageRank > 5
RETURN c.name, c.book1PageRank","match
  $c isa character;
  $c has book1_page_rank $c_book1_page_rank;
  $c_book1_page_rank > 5;
fetch { ""c_name"": $c.name, ""c_book1_page_rank"": $c.book1_page_rank };"
163,Who are the top 5 characters by centrality metric?,"MATCH (c:Character)
RETURN c.name, c.centrality
ORDER BY c.centrality DESC
LIMIT 5","match
  $c isa character;
  $c has centrality $c_centrality;
sort $c_centrality desc;
limit 5;
fetch { ""c_name"": $c.name, ""c_centrality"": $c.centrality };"
164,Find characters with a book45PageRank less than 1.,"MATCH (c:Character)
WHERE c.book45PageRank < 1
RETURN c","match
  $c isa character;
  $c has book45_page_rank $c_book45_page_rank;
  $c_book45_page_rank < 1;
fetch { ""c_name"": $c.name };"
165,Which characters belong to community 579?,"MATCH (c:Character)
WHERE c.community = 579
RETURN c.name","match
  $c isa character;
  $c has community $c_community;
  $c_community == 579;
fetch { ""c_name"": $c.name };"
166,Identify characters with a louvain value of 2.,"MATCH (c:Character)
WHERE c.louvain = 2
RETURN c","match
  $c isa character;
  $c has louvain $c_louvain;
  $c_louvain == 2;
fetch { ""c_name"": $c.name };"
167,What are the names of characters who have a pagerank above 8?,"MATCH (c:Character)
WHERE c.pagerank > 8
RETURN c.name","match
  $c isa character;
  $c has pagerank $c_pagerank;
  $c_pagerank > 8;
fetch { ""c_name"": $c.name };"
168,Which characters have a centrality of exactly 0?,"MATCH (c:Character)
WHERE c.centrality = 0
RETURN c.name","match
  $c isa character;
  $c has centrality $c_centrality;
  $c_centrality == 0;
fetch { ""c_name"": $c.name };"
169,List all characters who have a book1BetweennessCentrality greater than 1000.,"MATCH (c:Character)
WHERE c.book1BetweennessCentrality > 1000
RETURN c.name AS character","match
  $c isa character;
  $c has book1_betweenness_centrality $c_book1_betweenness_centrality;
  $c_book1_betweenness_centrality > 1000;
fetch { ""character"": $c.name };"
170,Who are the characters with a degree under 10?,"MATCH (c:Character)
WHERE c.degree < 10
RETURN c.name","match
  $c isa character;
  $c has degree $c_degree;
  $c_degree < 10;
fetch { ""c_name"": $c.name };"
171,Find characters in the top 3 communities by number of members.,"MATCH (c:Character)
WITH c.community AS community, count(*) AS members
ORDER BY members DESC
LIMIT 3
WITH collect(community) AS top_communities
MATCH (c:Character)
WHERE c.community IN top_communities
RETURN c.name AS character, c.community AS community","match
  $c isa character, has community $comm;
reduce $count = count($c) groupby $comm;
sort $count desc;
limit 3;
match
  $c2 isa character, has community $comm, has name $n;
fetch { ""character"": $n, ""community"": $comm };"
172,Who has the highest book45PageRank in community 759?,"MATCH (c:Character)
WHERE c.community = 759
RETURN c.name AS name, c.book45PageRank AS pageRank
ORDER BY c.book45PageRank DESC
LIMIT 1","match
  $c isa character;
  $c has community $c_community;
  $c has book45_page_rank $c_book45_page_rank;
  $c_community == 759;
sort $c_book45_page_rank desc;
limit 1;
fetch { ""name"": $c.name, ""pageRank"": $c.book45_page_rank };"
173,List characters with the lowest 5 book1PageRanks.,"MATCH (c:Character)
WHERE c.book1PageRank IS NOT NULL
RETURN c.name AS character, c.book1PageRank AS pageRank
ORDER BY pageRank
LIMIT 5","match
  $c isa character, has name $n, has book1_page_rank $pr;
sort $pr asc;
limit 5;
fetch { ""character"": $n, ""pageRank"": $pr };"
174,Which characters interact in book 1 with a weight greater than 100?,"MATCH (c1:Character)-[i:INTERACTS1]->(c2:Character)
WHERE i.weight > 100
RETURN c1.name AS character1, c2.name AS character2, i.weight AS weight","match
  $c1 isa character;
  $c2 isa character;
  (character1: $c1, character2: $c2) isa interacts1, has weight $rel_weight;
  $rel_weight > 100;
fetch { ""character1"": $c1.name, ""character2"": $c2.name, ""weight"": $rel_weight };"
175,Identify the top 5 strongest INTERACTS relationships by weight.,"MATCH (c1:Character)-[i:INTERACTS]->(c2:Character)
RETURN c1.name, c2.name, i.weight
ORDER BY i.weight DESC
LIMIT 5","match
  $c1 isa character;
  $c2 isa character;
  (character1: $c1, character2: $c2) isa interacts, has weight $rel_weight;
sort $rel_weight desc;
limit 5;
fetch { ""c1_name"": $c1.name, ""c2_name"": $c2.name, ""weight"": $rel_weight };"
176,What are the characters involved in the top 3 heaviest INTERACTS45 relationships?,"MATCH (c1:Character)-[i:INTERACTS45]->(c2:Character)
RETURN c1.name, c2.name, i.weight AS weight
ORDER BY i.weight DESC
LIMIT 3","match
  $c1 isa character;
  $c2 isa character;
  (character1: $c1, character2: $c2) isa interacts45, has weight $rel_weight;
sort $rel_weight desc;
limit 3;
fetch { ""c1_name"": $c1.name, ""c2_name"": $c2.name, ""weight"": $rel_weight };"
177,List all characters who interact in book 2.,"MATCH (c:Character)-[:INTERACTS2]-(other:Character)
RETURN c.name AS character, other.name AS interacts_with","match
  $c isa character;
  $other isa character;
  (character1: $c, character2: $other) isa interacts2;
fetch { ""character"": $c.name, ""interacts_with"": $other.name };"
178,Who are the characters with an INTERACTS relationship of exact weight 45?,"MATCH (c1:Character)-[i:INTERACTS]->(c2:Character)
WHERE i.weight = 45
RETURN c1.name AS character1, c2.name AS character2","match
  $c1 isa character;
  $c2 isa character;
  (character1: $c1, character2: $c2) isa interacts, has weight $rel_weight;
  $rel_weight == 45;
fetch { ""character1"": $c1.name, ""character2"": $c2.name };"
179,Find all characters connected by INTERACTS3 with a weight less than 20.,"MATCH (c1:Character)-[i:INTERACTS3]->(c2:Character)
WHERE i.weight < 20
RETURN c1, i, c2","match
  $c1 isa character;
  $c2 isa character;
  (character1: $c1, character2: $c2) isa interacts3, has weight $rel_weight;
  $rel_weight < 20;
fetch { ""c1_name"": $c1.name, ""rel_weight"": $rel_weight, ""c2_name"": $c2.name };"
180,Which characters have an INTERACTS2 relationship with a book value of 2?,"MATCH (c1:Character)-[r:INTERACTS2]->(c2:Character)
WHERE r.book = 2
RETURN c1, r, c2","match
  $c1 isa character;
  $c2 isa character;
  (character1: $c1, character2: $c2) isa interacts2, has book $rel_book, has weight $rel_weight;
  $rel_book == 2;
fetch { ""c1_name"": $c1.name, ""rel_weight"": $rel_weight, ""c2_name"": $c2.name };"
181,Identify all pairs of characters connected by INTERACTS where the weight is between 50 and 100.,"MATCH (c1:Character)-[i:INTERACTS]->(c2:Character)
WHERE i.weight >= 50 AND i.weight <= 100
RETURN c1.name AS character1, c2.name AS character2, i.weight AS weight","match
  $c1 isa character;
  $c2 isa character;
  (character1: $c1, character2: $c2) isa interacts, has weight $rel_weight;
  $rel_weight >= 50;
  $rel_weight <= 100;
fetch { ""character1"": $c1.name, ""character2"": $c2.name, ""weight"": $rel_weight };"
182,List characters who share the same community and have INTERACTS relationships.,"MATCH (c1:Character)-[:INTERACTS]-(c2:Character)
WHERE c1.community = c2.community
RETURN c1.name AS character1, c2.name AS character2","match
  $c1 isa character;
  $c2 isa character;
  $c1 has community $c1_community;
  $c2 has community $c2_community;
  (character1: $c1, character2: $c2) isa interacts;
  $c1_community == $c2_community;
fetch { ""character1"": $c1.name, ""character2"": $c2.name };"
183,Find characters connected by any INTERACTS relationship with a weight over 200.,"MATCH (c1:Character)-[r:INTERACTS|INTERACTS1|INTERACTS2|INTERACTS3|INTERACTS45]->(c2:Character)
WHERE r.weight > 200
RETURN c1.name, r, c2.name","match
  $rel isa $t (character1: $c1, character2: $c2);
  { $t label interacts; } or { $t label interacts1; } or { $t label interacts2; } or { $t label interacts3; } or { $t label interacts45; };
  $rel has weight $w;
  $w > 200;
  $c1 has name $n1;
  $c2 has name $n2;
fetch { ""character1"": $n1, ""character2"": $n2, ""weight"": $w };"
184,Who are the top 3 characters with the highest degree in community 795?,"MATCH (c:Character)
WHERE c.community = 795
RETURN c.name, c.degree
ORDER BY c.degree DESC
LIMIT 3","match
  $c isa character;
  $c has community $c_community;
  $c has degree $c_degree;
  $c_community == 795;
sort $c_degree desc;
limit 3;
fetch { ""c_name"": $c.name, ""c_degree"": $c.degree };"
185,List the characters with a centrality between 0.2 and 0.5.,"MATCH (c:Character)
WHERE c.centrality >= 0.2 AND c.centrality <= 0.5
RETURN c.name AS character, c.centrality","match
  $c isa character;
  $c has centrality $c_centrality;
  $c_centrality >= 0.2;
  $c_centrality <= 0.5;
fetch { ""character"": $c.name, ""c_centrality"": $c.centrality };"
186,Which characters have a book1BetweennessCentrality of zero?,"MATCH (c:Character)
WHERE c.book1BetweennessCentrality = 0
RETURN c.name","match
  $c isa character;
  $c has book1_betweenness_centrality $c_book1_betweenness_centrality;
  $c_book1_betweenness_centrality == 0;
fetch { ""c_name"": $c.name };"
187,What are the names of characters with a degree of exactly 0?,"MATCH (c:Character)
WHERE c.degree = 0
RETURN c.name","match
  $c isa character;
  $c has degree $c_degree;
  $c_degree == 0;
fetch { ""c_name"": $c.name };"
188,List characters within louvain communities 0 to 5 with a pagerank greater than 0.5.,"MATCH (c:Character)
WHERE c.louvain >= 0 AND c.louvain <= 5 AND c.pagerank > 0.5
RETURN c.name, c.louvain, c.pagerank","match
  $c isa character;
  $c has louvain $c_louvain;
  $c has pagerank $c_pagerank;
  $c_louvain >= 0;
  $c_louvain <= 5;
  $c_pagerank > 0.5;
fetch { ""c_name"": $c.name, ""c_louvain"": $c.louvain, ""c_pagerank"": $c.pagerank };"
189,Find characters with a book1PageRank and book45PageRank both above 3.,"MATCH (c:Character)
WHERE c.book1PageRank > 3 AND c.book45PageRank > 3
RETURN c","match
  $c isa character;
  $c has book1_page_rank $c_book1_page_rank;
  $c has book45_page_rank $c_book45_page_rank;
  $c_book1_page_rank > 3;
  $c_book45_page_rank > 3;
fetch { ""c_name"": $c.name };"
190,Who are the characters with a louvain value higher than 5?,"MATCH (c:Character)
WHERE c.louvain > 5
RETURN c.name","match
  $c isa character;
  $c has louvain $c_louvain;
  $c_louvain > 5;
fetch { ""c_name"": $c.name };"
191,List the characters with a pagerank less than 0.2.,"MATCH (c:Character)
WHERE c.pagerank < 0.2
RETURN c.name","match
  $c isa character;
  $c has pagerank $c_pagerank;
  $c_pagerank < 0.2;
fetch { ""c_name"": $c.name };"
192,Which characters belong to the community with the highest number of relationships?,"MATCH (c:Character)
WITH c.community AS community, count(c) AS num_characters, count{(c)-[:INTERACTS|INTERACTS1|INTERACTS2|INTERACTS3|INTERACTS45]->()} AS num_relationships
ORDER BY num_relationships DESC
LIMIT 1
WITH community
MATCH (c:Character {community: community})
RETURN c.name AS character","match
$c isa character, has community $comm;
$rel isa $t ($c);
{ $t label interacts; } or { $t label interacts1; } or { $t label interacts2; } or { $t label interacts3; } or { $t label interacts45; };
reduce $rel_count = count($rel) groupby $comm;
sort $rel_count desc;
limit 1;
match $member isa character, has community $comm;
fetch { ""character"": $member.name };"
193,Identify characters with a centrality greater than 0.8 and a pagerank less than 0.4.,"MATCH (c:Character)
WHERE c.centrality > 0.8 AND c.pagerank < 0.4
RETURN c.name AS character, c.centrality, c.pagerank","match
  $c isa character;
  $c has centrality $c_centrality;
  $c has pagerank $c_pagerank;
  $c_centrality > 0.8;
  $c_pagerank < 0.4;
fetch { ""character"": $c.name, ""c_centrality"": $c.centrality, ""c_pagerank"": $c.pagerank };"
194,What are the names of characters who have a pagerank and a centrality of 0?,"MATCH (c:Character)
WHERE c.pagerank = 0 AND c.centrality = 0
RETURN c.name","match
  $c isa character;
  $c has pagerank $c_pagerank;
  $c has centrality $c_centrality;
  $c_pagerank == 0;
  $c_centrality == 0;
fetch { ""c_name"": $c.name };"
195,List all characters with a book1BetweennessCentrality lower than 50 and a book1PageRank higher than 2.,"MATCH (c:Character)
WHERE c.book1BetweennessCentrality < 50 AND c.book1PageRank > 2
RETURN c","match
  $c isa character;
  $c has book1_betweenness_centrality $c_book1_betweenness_centrality;
  $c has book1_page_rank $c_book1_page_rank;
  $c_book1_betweenness_centrality < 50;
  $c_book1_page_rank > 2;
fetch { ""c_name"": $c.name };"
196,Who are the characters in community 504?,"MATCH (c:Character)
WHERE c.community = 504
RETURN c.name","match
  $c isa character;
  $c has community $c_community;
  $c_community == 504;
fetch { ""c_name"": $c.name };"
197,Find characters with a book45PageRank in the top 5 highest values.,"MATCH (c:Character)
WITH c
ORDER BY c.book45PageRank DESC
LIMIT 5
RETURN c.name AS character, c.book45PageRank AS book45PageRank","match
  $c isa character, has name $n, has book45_page_rank $pr;
sort $pr desc;
limit 5;
fetch { ""character"": $n, ""book45_page_rank"": $pr };"
198,Which characters have a centrality less than 0.1?,"MATCH (c:Character)
WHERE c.centrality < 0.1
RETURN c.name","match
  $c isa character;
  $c has centrality $c_centrality;
  $c_centrality < 0.1;
fetch { ""c_name"": $c.name };"
199,List characters with the highest 5 book1PageRanks in community 795.,"MATCH (c:Character)
WHERE c.community = 795
RETURN c.name, c.book1PageRank
ORDER BY c.book1PageRank DESC
LIMIT 5","match
  $c isa character;
  $c has community $c_community;
  $c has book1_page_rank $c_book1_page_rank;
  $c_community == 795;
sort $c_book1_page_rank desc;
limit 5;
fetch { ""c_name"": $c.name, ""c_book1_page_rank"": $c.book1_page_rank };"
200,Identify characters in community 578 with a pagerank above 0.3.,"MATCH (c:Character)
WHERE c.community = 578 AND c.pagerank > 0.3
RETURN c.name, c.pagerank","match
  $c isa character;
  $c has community $c_community;
  $c has pagerank $c_pagerank;
  $c_community == 578;
  $c_pagerank > 0.3;
fetch { ""c_name"": $c.name, ""c_pagerank"": $c.pagerank };"
201,What are the names of characters with a degree between 50 and 100?,"MATCH (c:Character)
WHERE c.degree >= 50 AND c.degree <= 100
RETURN c.name","match
  $c isa character;
  $c has degree $c_degree;
  $c_degree >= 50;
  $c_degree <= 100;
fetch { ""c_name"": $c.name };"
202,List all characters with a centrality of 1.,"MATCH (c:Character)
WHERE c.centrality = 1.0
RETURN c.name","match
  $c isa character;
  $c has centrality $c_centrality;
  $c_centrality == 1.0;
fetch { ""c_name"": $c.name };"
203,Who are the characters with a louvain value of 1 and a pagerank above 0.5?,"MATCH (c:Character)
WHERE c.louvain = 1 AND c.pagerank > 0.5
RETURN c.name AS character","match
  $c isa character;
  $c has louvain $c_louvain;
  $c has pagerank $c_pagerank;
  $c_louvain == 1;
  $c_pagerank > 0.5;
fetch { ""character"": $c.name };"
204,Find characters with a book1PageRank less than 1 and a degree greater than 10.,"MATCH (c:Character)
WHERE c.book1PageRank < 1 AND c.degree > 10
RETURN c","match
  $c isa character;
  $c has book1_page_rank $c_book1_page_rank;
  $c has degree $c_degree;
  $c_book1_page_rank < 1;
  $c_degree > 10;
fetch { ""c_name"": $c.name };"
205,Which characters are connected by INTERACTS1 with a weight less than 10?,"MATCH (c1:Character)-[i:INTERACTS1]->(c2:Character)
WHERE i.weight < 10
RETURN c1.name AS character1, c2.name AS character2, i.weight AS weight","match
  $c1 isa character;
  $c2 isa character;
  (character1: $c1, character2: $c2) isa interacts1, has weight $rel_weight;
  $rel_weight < 10;
fetch { ""character1"": $c1.name, ""character2"": $c2.name, ""weight"": $rel_weight };"
206,Identify the top 3 most frequent communities in INTERACTS relationships.,"MATCH (c1:Character)-[i:INTERACTS]->(c2:Character)
RETURN c1.community, count(*) AS frequency
ORDER BY frequency DESC
LIMIT 3","match
  interacts (character1: $c1, character2: $c2);
  $c1 has community $comm;
reduce $count = count groupby $comm;
sort $count desc;
limit 3;
fetch { ""community"": $comm, ""frequency"": $count };
"
207,List characters who interact in book 45 with a weight greater than 90.,"MATCH (c1:Character)-[i:INTERACTS45]->(c2:Character)
WHERE i.weight > 90
RETURN c1.name AS character1, c2.name AS character2, i.weight AS weight","match
  $c1 isa character;
  $c2 isa character;
  (character1: $c1, character2: $c2) isa interacts45, has weight $rel_weight;
  $rel_weight > 90;
fetch { ""character1"": $c1.name, ""character2"": $c2.name, ""weight"": $rel_weight };"
208,Who are the characters with an INTERACTS2 relationship with a weight exactly 92?,"MATCH (c1:Character)-[r:INTERACTS2]->(c2:Character)
WHERE r.weight = 92
RETURN c1.name AS character1, c2.name AS character2","match
  $c1 isa character;
  $c2 isa character;
  (character1: $c1, character2: $c2) isa interacts2, has weight $rel_weight;
  $rel_weight == 92;
fetch { ""character1"": $c1.name, ""character2"": $c2.name };"
209,Which characters have an INTERACTS relationship in book 1 with a weight over 150?,"MATCH (c1:Character)-[r:INTERACTS1]->(c2:Character)
WHERE r.weight > 150
RETURN c1.name AS character1, c2.name AS character2, r.weight AS weight","match
  $c1 isa character;
  $c2 isa character;
  (character1: $c1, character2: $c2) isa interacts1, has weight $rel_weight;
  $rel_weight > 150;
fetch { ""character1"": $c1.name, ""character2"": $c2.name, ""weight"": $rel_weight };"
210,Identify characters with a centrality greater than 0.5 and a book1BetweennessCentrality less than 100.,"MATCH (c:Character)
WHERE c.centrality > 0.5 AND c.book1BetweennessCentrality < 100
RETURN c.name AS character, c.centrality, c.book1BetweennessCentrality","match
  $c isa character;
  $c has centrality $c_centrality;
  $c has book1_betweenness_centrality $c_book1_betweenness_centrality;
  $c_centrality > 0.5;
  $c_book1_betweenness_centrality < 100;
fetch { ""character"": $c.name, ""c_centrality"": $c.centrality, ""c_book1_betweenness_centrality"": $c.book1_betweenness_centrality };"
211,List characters with a pagerank greater than 7 and a degree less than 50.,"MATCH (c:Character)
WHERE c.pagerank > 7 AND c.degree < 50
RETURN c.name, c.pagerank, c.degree","match
  $c isa character;
  $c has pagerank $c_pagerank;
  $c has degree $c_degree;
  $c_pagerank > 7;
  $c_degree < 50;
fetch { ""c_name"": $c.name, ""c_pagerank"": $c.pagerank, ""c_degree"": $c.degree };"
212,Find characters in the top 3 louvain communities by centrality.,"MATCH (c:Character)
WHERE c.louvain IN [0, 1, 2]
RETURN c.name AS character, c.louvain AS community, c.centrality
ORDER BY c.centrality DESC","match
  $c isa character, has louvain $l, has centrality $centrality;
  { $l == 0; } or { $l == 1; } or { $l == 2; };
sort $centrality desc;
fetch { ""character"": $c.name, ""community"": $l, ""centrality"": $centrality };"
213,Who has the lowest book1PageRank in community 579?,"MATCH (c:Character)
WHERE c.community = 579
RETURN c.name, c.book1PageRank
ORDER BY c.book1PageRank
LIMIT 1","match
  $c isa character;
  $c has community $c_community;
  $c has book1_page_rank $c_book1_page_rank;
  $c_community == 579;
sort $c_book1_page_rank asc;
limit 1;
fetch { ""c_name"": $c.name, ""c_book1_page_rank"": $c.book1_page_rank };"
214,List the characters with a centrality between 0.5 and 0.8.,"MATCH (c:Character)
WHERE c.centrality >= 0.5 AND c.centrality <= 0.8
RETURN c.name AS character, c.centrality","match
  $c isa character;
  $c has centrality $c_centrality;
  $c_centrality >= 0.5;
  $c_centrality <= 0.8;
fetch { ""character"": $c.name, ""c_centrality"": $c.centrality };"
215,Which characters have a book1BetweennessCentrality of exactly 2604.7556467555924?,"MATCH (c:Character)
WHERE c.book1BetweennessCentrality = 2604.7556467555924
RETURN c.name","match
  $c isa character;
  $c has book1_betweenness_centrality $c_book1_betweenness_centrality;
  $c_book1_betweenness_centrality == 2604.7556467555924;
fetch { ""c_name"": $c.name };"
216,Identify characters with a degree greater than 20 and a pagerank less than 0.3.,"MATCH (c:Character)
WHERE c.degree > 20 AND c.pagerank < 0.3
RETURN c.name, c.degree, c.pagerank","match
  $c isa character;
  $c has degree $c_degree;
  $c has pagerank $c_pagerank;
  $c_degree > 20;
  $c_pagerank < 0.3;
fetch { ""c_name"": $c.name, ""c_degree"": $c.degree, ""c_pagerank"": $c.pagerank };"
217,What are the names of characters with a degree of 300?,"MATCH (c:Character)
WHERE c.degree = 300
RETURN c.name","match
  $c isa character;
  $c has degree $c_degree;
  $c_degree == 300;
fetch { ""c_name"": $c.name };"
218,List characters within louvain community 1 with a pagerank greater than 0.4.,"MATCH (c:Character)
WHERE c.louvain = 1 AND c.pagerank > 0.4
RETURN c.name, c.pagerank","match
  $c isa character;
  $c has louvain $c_louvain;
  $c has pagerank $c_pagerank;
  $c_louvain == 1;
  $c_pagerank > 0.4;
fetch { ""c_name"": $c.name, ""c_pagerank"": $c.pagerank };"
219,Find characters with a book1PageRank and book45PageRank both under 2.,"MATCH (c:Character)
WHERE c.book1PageRank < 2 AND c.book45PageRank < 2
RETURN c","match
  $c isa character;
  $c has book1_page_rank $c_book1_page_rank;
  $c has book45_page_rank $c_book45_page_rank;
  $c_book1_page_rank < 2;
  $c_book45_page_rank < 2;
fetch { ""c_name"": $c.name };"
220,Who are the characters with a louvain value less than 1?,"MATCH (c:Character)
WHERE c.louvain < 1
RETURN c.name","match
  $c isa character;
  $c has louvain $c_louvain;
  $c_louvain < 1;
fetch { ""c_name"": $c.name };"
221,List the characters with a pagerank less than 0.15.,"MATCH (c:Character)
WHERE c.pagerank < 0.15
RETURN c.name","match
  $c isa character;
  $c has pagerank $c_pagerank;
  $c_pagerank < 0.15;
fetch { ""c_name"": $c.name };"
222,Which characters belong to the community with the lowest number of relationships?,"MATCH (c:Character)
WHERE c.community IS NOT NULL
WITH c.community AS community, count{(c)-[:INTERACTS]->()} AS num_relationships
ORDER BY num_relationships
LIMIT 1
WITH community
MATCH (c:Character {community: community})
RETURN c.name AS character","match
$c isa character, has community $comm;
$rel isa interacts ($c);
reduce $rel_count = count($rel) groupby $comm;
sort $rel_count asc;
limit 1;
match $member isa character, has community $comm;
fetch { ""character"": $member.name };"
223,Identify characters with a centrality greater than 0.9 and a pagerank less than 0.5.,"MATCH (c:Character)
WHERE c.centrality > 0.9 AND c.pagerank < 0.5
RETURN c.name AS character, c.centrality, c.pagerank","match
  $c isa character;
  $c has centrality $c_centrality;
  $c has pagerank $c_pagerank;
  $c_centrality > 0.9;
  $c_pagerank < 0.5;
fetch { ""character"": $c.name, ""c_centrality"": $c.centrality, ""c_pagerank"": $c.pagerank };"
224,What are the names of characters who have a pagerank and a centrality of 1?,"MATCH (c:Character)
WHERE c.pagerank = 1 AND c.centrality = 1
RETURN c.name","match
  $c isa character;
  $c has pagerank $c_pagerank;
  $c has centrality $c_centrality;
  $c_pagerank == 1;
  $c_centrality == 1;
fetch { ""c_name"": $c.name };"
225,List all characters with a book1BetweennessCentrality higher than 2000 and a book1PageRank lower than 3.,"MATCH (c:Character)
WHERE c.book1BetweennessCentrality > 2000 AND c.book1PageRank < 3
RETURN c.name AS character, c.book1BetweennessCentrality AS betweenness, c.book1PageRank AS pagerank","match
  $c isa character;
  $c has book1_betweenness_centrality $c_book1_betweenness_centrality;
  $c has book1_page_rank $c_book1_page_rank;
  $c_book1_betweenness_centrality > 2000;
  $c_book1_page_rank < 3;
fetch { ""character"": $c.name, ""betweenness"": $c.book1_betweenness_centrality, ""pagerank"": $c.book1_page_rank };"
226,Who are the characters in community 795 with a pagerank above 0.5?,"MATCH (c:Character)
WHERE c.community = 795 AND c.pagerank > 0.5
RETURN c.name AS character, c.pagerank AS pagerank","match
  $c isa character;
  $c has community $c_community;
  $c has pagerank $c_pagerank;
  $c_community == 795;
  $c_pagerank > 0.5;
fetch { ""character"": $c.name, ""pagerank"": $c.pagerank };"
227,Find characters with a book45PageRank in the top 10 highest values.,"MATCH (c:Character)
WITH c
ORDER BY c.book45PageRank DESC
LIMIT 10
RETURN c.name AS character, c.book45PageRank AS book45PageRank","match
  $c isa character, has name $n, has book45_page_rank $pr;
sort $pr desc;
limit 10;
fetch { ""character"": $n, ""book45_page_rank"": $pr };"
228,Which characters have a centrality less than 0.05?,"MATCH (c:Character)
WHERE c.centrality < 0.05
RETURN c.name","match
  $c isa character;
  $c has centrality $c_centrality;
  $c_centrality < 0.05;
fetch { ""c_name"": $c.name };"
229,List characters with the highest 3 book1PageRanks in community 504.,"MATCH (c:Character)
WHERE c.community = 504
RETURN c.name, c.book1PageRank
ORDER BY c.book1PageRank DESC
LIMIT 3","match
  $c isa character;
  $c has community $c_community;
  $c has book1_page_rank $c_book1_page_rank;
  $c_community == 504;
sort $c_book1_page_rank desc;
limit 3;
fetch { ""c_name"": $c.name, ""c_book1_page_rank"": $c.book1_page_rank };"
230,Identify characters in community 759 with a pagerank above 0.4.,"MATCH (c:Character)
WHERE c.community = 759 AND c.pagerank > 0.4
RETURN c.name, c.pagerank","match
  $c isa character;
  $c has community $c_community;
  $c has pagerank $c_pagerank;
  $c_community == 759;
  $c_pagerank > 0.4;
fetch { ""c_name"": $c.name, ""c_pagerank"": $c.pagerank };"
231,What are the names of characters with a degree between 10 and 20?,"MATCH (c:Character)
WHERE c.degree >= 10 AND c.degree <= 20
RETURN c.name","match
  $c isa character;
  $c has degree $c_degree;
  $c_degree >= 10;
  $c_degree <= 20;
fetch { ""c_name"": $c.name };"
232,List all characters with a centrality of 0.5.,"MATCH (c:Character)
WHERE c.centrality = 0.5
RETURN c","match
  $c isa character;
  $c has centrality $c_centrality;
  $c_centrality == 0.5;
fetch { ""c_name"": $c.name };"
233,Who are the characters with a louvain value of 3 and a pagerank above 0.6?,"MATCH (c:Character)
WHERE c.louvain = 3 AND c.pagerank > 0.6
RETURN c.name AS character","match
  $c isa character;
  $c has louvain $c_louvain;
  $c has pagerank $c_pagerank;
  $c_louvain == 3;
  $c_pagerank > 0.6;
fetch { ""character"": $c.name };"
234,Find characters with a book1PageRank less than 0.5 and a degree greater than 5.,"MATCH (c:Character)
WHERE c.book1PageRank < 0.5 AND c.degree > 5
RETURN c","match
  $c isa character;
  $c has book1_page_rank $c_book1_page_rank;
  $c has degree $c_degree;
  $c_book1_page_rank < 0.5;
  $c_degree > 5;
fetch { ""c_name"": $c.name };"
235,Which characters are connected by INTERACTS1 with a weight greater than 200?,"MATCH (c1:Character)-[i:INTERACTS1]->(c2:Character)
WHERE i.weight > 200
RETURN c1.name AS character1, c2.name AS character2, i.weight AS weight","match
  $c1 isa character;
  $c2 isa character;
  (character1: $c1, character2: $c2) isa interacts1, has weight $rel_weight;
  $rel_weight > 200;
fetch { ""character1"": $c1.name, ""character2"": $c2.name, ""weight"": $rel_weight };"
236,Identify the top 5 most frequent communities in INTERACTS1 relationships.,"MATCH (c1:Character)-[i:INTERACTS1]->(c2:Character)
RETURN c1.community AS community, count(*) AS frequency
ORDER BY frequency DESC
LIMIT 5","match
  interacts1 (character1: $c1, character2: $c2);
  $c1 has community $comm;
reduce $count = count groupby $comm;
sort $count desc;
limit 5;
fetch { ""community"": $comm, ""frequency"": $count };
"
237,List characters who interact in book 45 with a weight greater than 95.,"MATCH (c1:Character)-[i:INTERACTS45]->(c2:Character)
WHERE i.weight > 95
RETURN c1.name AS character1, c2.name AS character2, i.weight AS weight","match
  $c1 isa character;
  $c2 isa character;
  (character1: $c1, character2: $c2) isa interacts45, has weight $rel_weight;
  $rel_weight > 95;
fetch { ""character1"": $c1.name, ""character2"": $c2.name, ""weight"": $rel_weight };"
238,Who are the characters with an INTERACTS3 relationship with a weight exactly 95?,"MATCH (c1:Character)-[i:INTERACTS3 {weight: 95}]->(c2:Character)
RETURN c1.name AS character1, c2.name AS character2","match
  $c1 isa character;
  $c2 isa character;
  (character1: $c1, character2: $c2) isa interacts3, has weight $rel_weight;
  $rel_weight == 95;
fetch { ""character1"": $c1.name, ""character2"": $c2.name };"
239,Which characters have an INTERACTS relationship in book 1 with a weight over 250?,"MATCH (c1:Character)-[r:INTERACTS1]->(c2:Character)
WHERE r.weight > 250
RETURN c1.name AS character1, c2.name AS character2, r.weight AS weight","match
  $c1 isa character;
  $c2 isa character;
  (character1: $c1, character2: $c2) isa interacts1, has weight $rel_weight;
  $rel_weight > 250;
fetch { ""character1"": $c1.name, ""character2"": $c2.name, ""weight"": $rel_weight };"
240,Which characters have a book1PageRank greater than 3?,"MATCH (c:Character)
WHERE c.book1PageRank > 3
RETURN c.name, c.book1PageRank","match
  $c isa character;
  $c has book1_page_rank $c_book1_page_rank;
  $c_book1_page_rank > 3;
fetch { ""c_name"": $c.name, ""c_book1_page_rank"": $c.book1_page_rank };"
241,List all characters with a degree higher than 100.,"MATCH (c:Character)
WHERE c.degree > 100
RETURN c.name, c.degree","match
  $c isa character;
  $c has degree $c_degree;
  $c_degree > 100;
fetch { ""c_name"": $c.name, ""c_degree"": $c.degree };"
242,Find characters with a book45PageRank below 1.,"MATCH (c:Character)
WHERE c.book45PageRank < 1
RETURN c","match
  $c isa character;
  $c has book45_page_rank $c_book45_page_rank;
  $c_book45_page_rank < 1;
fetch { ""c_name"": $c.name };"
243,Who are the top 5 characters by pagerank?,"MATCH (c:Character)
RETURN c.name, c.pagerank
ORDER BY c.pagerank DESC
LIMIT 5","match
  $c isa character;
  $c has pagerank $c_pagerank;
sort $c_pagerank desc;
limit 5;
fetch { ""c_name"": $c.name, ""c_pagerank"": $c.pagerank };"
244,Identify characters that have a centrality of 0.,"MATCH (c:Character)
WHERE c.centrality = 0
RETURN c.name","match
  $c isa character;
  $c has centrality $c_centrality;
  $c_centrality == 0;
fetch { ""c_name"": $c.name };"
245,Which characters are part of community 584?,"MATCH (c:Character)
WHERE c.community = 584
RETURN c.name","match
  $c isa character;
  $c has community $c_community;
  $c_community == 584;
fetch { ""c_name"": $c.name };"
246,Who has the highest book1BetweennessCentrality?,"MATCH (c:Character)
RETURN c.name, c.book1BetweennessCentrality
ORDER BY c.book1BetweennessCentrality DESC
LIMIT 1","match
  $c isa character;
  $c has book1_betweenness_centrality $c_book1_betweenness_centrality;
sort $c_book1_betweenness_centrality desc;
limit 1;
fetch { ""c_name"": $c.name, ""c_book1_betweenness_centrality"": $c.book1_betweenness_centrality };"
247,List characters with a centrality greater than 0.5.,"MATCH (c:Character)
WHERE c.centrality > 0.5
RETURN c.name","match
  $c isa character;
  $c has centrality $c_centrality;
  $c_centrality > 0.5;
fetch { ""c_name"": $c.name };"
248,Which characters belong to the louvain community 3?,"MATCH (c:Character)
WHERE c.louvain = 3
RETURN c.name","match
  $c isa character;
  $c has louvain $c_louvain;
  $c_louvain == 3;
fetch { ""c_name"": $c.name };"
249,List the top 3 characters by book1BetweennessCentrality.,"MATCH (c:Character)
RETURN c.name, c.book1BetweennessCentrality
ORDER BY c.book1BetweennessCentrality DESC
LIMIT 3","match
  $c isa character;
  $c has book1_betweenness_centrality $c_book1_betweenness_centrality;
sort $c_book1_betweenness_centrality desc;
limit 3;
fetch { ""c_name"": $c.name, ""c_book1_betweenness_centrality"": $c.book1_betweenness_centrality };"
250,Who interacts in book 45 with a weight greater than 90?,"MATCH (c1:Character)-[i:INTERACTS45]->(c2:Character)
WHERE i.weight > 90
RETURN c1.name AS character1, c2.name AS character2, i.weight AS weight","match
  $c1 isa character;
  $c2 isa character;
  (character1: $c1, character2: $c2) isa interacts45, has weight $rel_weight;
  $rel_weight > 90;
fetch { ""character1"": $c1.name, ""character2"": $c2.name, ""weight"": $rel_weight };"
251,Find characters with an INTERACTS relationship having a weight over 100.,"MATCH (c1:Character)-[r:INTERACTS]->(c2:Character)
WHERE r.weight > 100
RETURN c1, r, c2","match
  $c1 isa character;
  $c2 isa character;
  (character1: $c1, character2: $c2) isa interacts, has weight $rel_weight;
  $rel_weight > 100;
fetch { ""c1_name"": $c1.name, ""rel_weight"": $rel_weight, ""c2_name"": $c2.name };"
252,Which characters have an INTERACTS2 relationship in book 2?,"MATCH (c1:Character)-[r:INTERACTS2]->(c2:Character)
WHERE r.book = 2
RETURN c1.name, c2.name","match
  $c1 isa character;
  $c2 isa character;
  (character1: $c1, character2: $c2) isa interacts2, has book $rel_book;
  $rel_book == 2;
fetch { ""c1_name"": $c1.name, ""c2_name"": $c2.name };"
253,List characters with INTERACTS3 relationships in book 3 with weights greater than 50.,"MATCH (c1:Character)-[i:INTERACTS3]->(c2:Character)
WHERE i.book = 3 AND i.weight > 50
RETURN c1.name AS character1, c2.name AS character2, i.weight AS weight","match
  $c1 isa character;
  $c2 isa character;
  (character1: $c1, character2: $c2) isa interacts3, has book $rel_book, has weight $rel_weight;
  $rel_book == 3;
  $rel_weight > 50;
fetch { ""character1"": $c1.name, ""character2"": $c2.name, ""weight"": $rel_weight };"
254,Who has the highest weight in an INTERACTS1 relationship?,"MATCH (c1:Character)-[r:INTERACTS1]->(c2:Character)
WITH r
ORDER BY r.weight DESC
LIMIT 1
MATCH (c1:Character)-[r]->(c2:Character)
RETURN c1.name, c2.name, r.weight","match
  (character1: $c1, character2: $c2) isa interacts1, has weight $w;
  $c1 has name $n1;
  $c2 has name $n2;
sort $w desc;
limit 1;
fetch { ""character1"": $n1, ""character2"": $n2, ""weight"": $w };"
255,Find characters that interact with a weight of exactly 92 in book 2.,"MATCH (c1:Character)-[i:INTERACTS2 {weight: 92}]->(c2:Character)
RETURN c1, i, c2","match
  $c1 isa character;
  $c2 isa character;
  (character1: $c1, character2: $c2) isa interacts2, has weight $rel_weight;
  $rel_weight == 92;
fetch { ""c1_name"": $c1.name, ""rel_weight"": $rel_weight, ""c2_name"": $c2.name };"
256,Which characters have the least centrality but more than 30 degree?,"MATCH (c:Character)
WHERE c.centrality IS NOT NULL AND c.degree > 30
RETURN c.name, c.centrality, c.degree
ORDER BY c.centrality ASC
LIMIT 10","match
  $c isa character, has name $n, has centrality $cent, has degree $deg;
  $deg > 30;
sort $cent asc;
limit 10;
fetch { ""name"": $n, ""centrality"": $cent, ""degree"": $deg };"
257,List characters with a pagerank less than 1 but more than 0.5.,"MATCH (c:Character)
WHERE c.pagerank < 1 AND c.pagerank > 0.5
RETURN c.name, c.pagerank","match
  $c isa character;
  $c has pagerank $c_pagerank;
  $c_pagerank < 1;
  $c_pagerank > 0.5;
fetch { ""c_name"": $c.name, ""c_pagerank"": $c.pagerank };"
258,Who are the top 5 characters with the highest degree?,"MATCH (c:Character)
RETURN c.name, c.degree
ORDER BY c.degree DESC
LIMIT 5","match
  $c isa character;
  $c has degree $c_degree;
sort $c_degree desc;
limit 5;
fetch { ""c_name"": $c.name, ""c_degree"": $c.degree };"
259,Find characters with a louvain value of 0 and a community above 750.,"MATCH (c:Character)
WHERE c.louvain = 0 AND c.community > 750
RETURN c","match
  $c isa character;
  $c has louvain $c_louvain;
  $c has community $c_community;
  $c_louvain == 0;
  $c_community > 750;
fetch { ""c_name"": $c.name };"
260,Which characters have a book1PageRank exactly 0.15?,"MATCH (c:Character)
WHERE c.book1PageRank = 0.15
RETURN c.name AS character","match
  $c isa character;
  $c has book1_page_rank $c_book1_page_rank;
  $c_book1_page_rank == 0.15;
fetch { ""character"": $c.name };"
261,List all characters with a book45PageRank above 10.,"MATCH (c:Character)
WHERE c.book45PageRank > 10
RETURN c.name, c.book45PageRank","match
  $c isa character;
  $c has book45_page_rank $c_book45_page_rank;
  $c_book45_page_rank > 10;
fetch { ""c_name"": $c.name, ""c_book45_page_rank"": $c.book45_page_rank };"
262,Find characters in community 578 with a degree of 0.,"MATCH (c:Character)
WHERE c.community = 578 AND c.degree = 0
RETURN c","match
  $c isa character;
  $c has community $c_community;
  $c has degree $c_degree;
  $c_community == 578;
  $c_degree == 0;
fetch { ""c_name"": $c.name };"
263,Who are the top 3 characters with the lowest book1BetweennessCentrality?,"MATCH (c:Character)
WHERE c.book1BetweennessCentrality IS NOT NULL
RETURN c.name AS character, c.book1BetweennessCentrality AS centrality
ORDER BY centrality
LIMIT 3","match
  $c isa character, has name $n, has book1_betweenness_centrality $bc;
sort $bc asc;
limit 3;
fetch { ""character"": $n, ""centrality"": $bc };"
264,Which characters belong to louvain community 1 and have a pagerank above 1?,"MATCH (c:Character)
WHERE c.louvain = 1 AND c.pagerank > 1
RETURN c.name AS character, c.pagerank AS pagerank","match
  $c isa character;
  $c has louvain $c_louvain;
  $c has pagerank $c_pagerank;
  $c_louvain == 1;
  $c_pagerank > 1;
fetch { ""character"": $c.name, ""pagerank"": $c.pagerank };"
265,List characters with an INTERACTS relationship having a weight below 10.,"MATCH (c1:Character)-[r:INTERACTS]->(c2:Character)
WHERE r.weight < 10
RETURN c1.name AS character1, c2.name AS character2, r.weight AS weight","match
  $c1 isa character;
  $c2 isa character;
  (character1: $c1, character2: $c2) isa interacts, has weight $rel_weight;
  $rel_weight < 10;
fetch { ""character1"": $c1.name, ""character2"": $c2.name, ""weight"": $rel_weight };"
266,Find characters with INTERACTS2 relationships in book 2 with a weight less than 20.,"MATCH (c1:Character)-[i2:INTERACTS2]->(c2:Character)
WHERE i2.book = 2 AND i2.weight < 20
RETURN c1, i2, c2","match
  $c1 isa character;
  $c2 isa character;
  (character1: $c1, character2: $c2) isa interacts2, has book $rel_book, has weight $rel_weight;
  $rel_book == 2;
  $rel_weight < 20;
fetch { ""c1_name"": $c1.name, ""rel_weight"": $rel_weight, ""c2_name"": $c2.name };"
267,Who has the lowest weight in an INTERACTS3 relationship?,"MATCH (c1:Character)-[r:INTERACTS3]->(c2:Character)
RETURN c1.name, c2.name, r.weight AS weight
ORDER BY r.weight
LIMIT 1","match
  $c1 isa character;
  $c2 isa character;
  (character1: $c1, character2: $c2) isa interacts3, has weight $rel_weight;
sort $rel_weight asc;
limit 1;
fetch { ""c1_name"": $c1.name, ""c2_name"": $c2.name, ""weight"": $rel_weight };"
268,List characters with a louvain value of 1 and a degree above 50.,"MATCH (c:Character)
WHERE c.louvain = 1 AND c.degree > 50
RETURN c","match
  $c isa character;
  $c has louvain $c_louvain;
  $c has degree $c_degree;
  $c_louvain == 1;
  $c_degree > 50;
fetch { ""c_name"": $c.name };"
269,Find characters with a book1PageRank between 2 and 4.,"MATCH (c:Character)
WHERE c.book1PageRank >= 2 AND c.book1PageRank <= 4
RETURN c","match
  $c isa character;
  $c has book1_page_rank $c_book1_page_rank;
  $c_book1_page_rank >= 2;
  $c_book1_page_rank <= 4;
fetch { ""c_name"": $c.name };"
270,Who are the top 5 characters with the highest book1PageRank?,"MATCH (c:Character)
WHERE c.book1PageRank IS NOT NULL
RETURN c.name, c.book1PageRank
ORDER BY c.book1PageRank DESC
LIMIT 5","match
  $c isa character, has name $n, has book1_page_rank $pr;
sort $pr desc;
limit 5;
fetch { ""name"": $n, ""book1_page_rank"": $pr };"
271,List characters with a book45PageRank of exactly 2.,"MATCH (c:Character)
WHERE c.book45PageRank = 2
RETURN c.name","match
  $c isa character;
  $c has book45_page_rank $c_book45_page_rank;
  $c_book45_page_rank == 2;
fetch { ""c_name"": $c.name };"
272,Find characters in community 759 with a pagerank less than 1.,"MATCH (c:Character)
WHERE c.community = 759 AND c.pagerank < 1
RETURN c","match
  $c isa character;
  $c has community $c_community;
  $c has pagerank $c_pagerank;
  $c_community == 759;
  $c_pagerank < 1;
fetch { ""c_name"": $c.name };"
273,Who are the top 3 characters by centrality?,"MATCH (c:Character)
RETURN c.name, c.centrality
ORDER BY c.centrality DESC
LIMIT 3","match
  $c isa character;
  $c has centrality $c_centrality;
sort $c_centrality desc;
limit 3;
fetch { ""c_name"": $c.name, ""c_centrality"": $c.centrality };"
274,Which characters have a degree exactly 300?,"MATCH (c:Character)
WHERE c.degree = 300
RETURN c.name","match
  $c isa character;
  $c has degree $c_degree;
  $c_degree == 300;
fetch { ""c_name"": $c.name };"
275,List characters with a pagerank greater than 8.,"MATCH (c:Character)
WHERE c.pagerank > 8
RETURN c.name, c.pagerank","match
  $c isa character;
  $c has pagerank $c_pagerank;
  $c_pagerank > 8;
fetch { ""c_name"": $c.name, ""c_pagerank"": $c.pagerank };"
276,Find characters with a centrality less than 0.1 and a book1PageRank above 5.,"MATCH (c:Character)
WHERE c.centrality < 0.1 AND c.book1PageRank > 5
RETURN c","match
  $c isa character;
  $c has centrality $c_centrality;
  $c has book1_page_rank $c_book1_page_rank;
  $c_centrality < 0.1;
  $c_book1_page_rank > 5;
fetch { ""c_name"": $c.name };"
277,Who are the top 5 characters with the lowest pagerank?,"MATCH (c:Character)
RETURN c.name, c.pagerank
ORDER BY c.pagerank
LIMIT 5","match
  $c isa character;
  $c has pagerank $c_pagerank;
sort $c_pagerank asc;
limit 5;
fetch { ""c_name"": $c.name, ""c_pagerank"": $c.pagerank };"
278,List characters with a louvain value of 0 and a community below 600.,"MATCH (c:Character)
WHERE c.louvain = 0 AND c.community < 600
RETURN c","match
  $c isa character;
  $c has louvain $c_louvain;
  $c has community $c_community;
  $c_louvain == 0;
  $c_community < 600;
fetch { ""c_name"": $c.name };"
279,Find characters with a degree between 50 and 100.,"MATCH (c:Character)
WHERE c.degree >= 50 AND c.degree <= 100
RETURN c","match
  $c isa character;
  $c has degree $c_degree;
  $c_degree >= 50;
  $c_degree <= 100;
fetch { ""c_name"": $c.name };"
280,Who are the top 5 characters with the lowest book45PageRank?,"MATCH (c:Character)
WHERE c.book45PageRank IS NOT NULL
RETURN c.name, c.book45PageRank
ORDER BY c.book45PageRank
LIMIT 5","match
  $c isa character, has name $n, has book45_page_rank $pr;
sort $pr asc;
limit 5;
fetch { ""name"": $n, ""book45_page_rank"": $pr };"
281,List characters with a centrality above 0.5 and a book1PageRank below 1.,"MATCH (c:Character)
WHERE c.centrality > 0.5 AND c.book1PageRank < 1
RETURN c.name AS character","match
  $c isa character;
  $c has centrality $c_centrality;
  $c has book1_page_rank $c_book1_page_rank;
  $c_centrality > 0.5;
  $c_book1_page_rank < 1;
fetch { ""character"": $c.name };"
282,Find characters in community 584 with a pagerank above 9.,"MATCH (c:Character)
WHERE c.community = 584 AND c.pagerank > 9
RETURN c","match
  $c isa character;
  $c has community $c_community;
  $c has pagerank $c_pagerank;
  $c_community == 584;
  $c_pagerank > 9;
fetch { ""c_name"": $c.name };"
283,Who are the top 3 characters by book45PageRank?,"MATCH (c:Character)
RETURN c.name, c.book45PageRank
ORDER BY c.book45PageRank DESC
LIMIT 3","match
  $c isa character;
  $c has book45_page_rank $c_book45_page_rank;
sort $c_book45_page_rank desc;
limit 3;
fetch { ""c_name"": $c.name, ""c_book45_page_rank"": $c.book45_page_rank };"
284,Which characters have a degree less than 10?,"MATCH (c:Character)
WHERE c.degree < 10
RETURN c.name","match
  $c isa character;
  $c has degree $c_degree;
  $c_degree < 10;
fetch { ""c_name"": $c.name };"
285,List characters with a pagerank of exactly 0.15.,"MATCH (c:Character)
WHERE c.pagerank = 0.15
RETURN c.name","match
  $c isa character;
  $c has pagerank $c_pagerank;
  $c_pagerank == 0.15;
fetch { ""c_name"": $c.name };"
286,Find characters with a centrality above 0.2 and a book1BetweennessCentrality above 1000.,"MATCH (c:Character)
WHERE c.centrality > 0.2 AND c.book1BetweennessCentrality > 1000
RETURN c","match
  $c isa character;
  $c has centrality $c_centrality;
  $c has book1_betweenness_centrality $c_book1_betweenness_centrality;
  $c_centrality > 0.2;
  $c_book1_betweenness_centrality > 1000;
fetch { ""c_name"": $c.name };"
287,Who are the top 5 characters with the highest centrality?,"MATCH (c:Character)
RETURN c.name, c.centrality
ORDER BY c.centrality DESC
LIMIT 5","match
  $c isa character;
  $c has centrality $c_centrality;
sort $c_centrality desc;
limit 5;
fetch { ""c_name"": $c.name, ""c_centrality"": $c.centrality };"
288,List characters with a louvain value of 2 and a degree above 20.,"MATCH (c:Character)
WHERE c.louvain = 2 AND c.degree > 20
RETURN c","match
  $c isa character;
  $c has louvain $c_louvain;
  $c has degree $c_degree;
  $c_louvain == 2;
  $c_degree > 20;
fetch { ""c_name"": $c.name };"
289,Find characters with a book1PageRank of exactly 8.,"MATCH (c:Character)
WHERE c.book1PageRank = 8
RETURN c","match
  $c isa character;
  $c has book1_page_rank $c_book1_page_rank;
  $c_book1_page_rank == 8;
fetch { ""c_name"": $c.name };"
290,Who are the top 3 characters with the lowest degree?,"MATCH (c:Character)
RETURN c.name, c.degree
ORDER BY c.degree
LIMIT 3","match
  $c isa character;
  $c has degree $c_degree;
sort $c_degree asc;
limit 3;
fetch { ""c_name"": $c.name, ""c_degree"": $c.degree };"
291,List characters with a centrality below 0.1 and a pagerank above 2.,"MATCH (c:Character)
WHERE c.centrality < 0.1 AND c.pagerank > 2
RETURN c.name AS character, c.centrality, c.pagerank","match
  $c isa character;
  $c has centrality $c_centrality;
  $c has pagerank $c_pagerank;
  $c_centrality < 0.1;
  $c_pagerank > 2;
fetch { ""character"": $c.name, ""c_centrality"": $c.centrality, ""c_pagerank"": $c.pagerank };"
292,Find characters in community 759 with a book45PageRank less than 4.,"MATCH (c:Character)
WHERE c.community = 759 AND c.book45PageRank < 4
RETURN c","match
  $c isa character;
  $c has community $c_community;
  $c has book45_page_rank $c_book45_page_rank;
  $c_community == 759;
  $c_book45_page_rank < 4;
fetch { ""c_name"": $c.name };"
293,Who are the top 5 characters by book1BetweennessCentrality?,"MATCH (c:Character)
RETURN c.name, c.book1BetweennessCentrality
ORDER BY c.book1BetweennessCentrality DESC
LIMIT 5","match
  $c isa character;
  $c has book1_betweenness_centrality $c_book1_betweenness_centrality;
sort $c_book1_betweenness_centrality desc;
limit 5;
fetch { ""c_name"": $c.name, ""c_book1_betweenness_centrality"": $c.book1_betweenness_centrality };"
294,List characters with a book45PageRank above 5 and a community of 584.,"MATCH (c:Character)
WHERE c.book45PageRank > 5 AND c.community = 584
RETURN c.name AS character","match
  $c isa character;
  $c has book45_page_rank $c_book45_page_rank;
  $c has community $c_community;
  $c_book45_page_rank > 5;
  $c_community == 584;
fetch { ""character"": $c.name };"
295,Find characters with a pagerank above 7 and a degree above 150.,"MATCH (c:Character)
WHERE c.pagerank > 7 AND c.degree > 150
RETURN c.name, c.pagerank, c.degree","match
  $c isa character;
  $c has pagerank $c_pagerank;
  $c has degree $c_degree;
  $c_pagerank > 7;
  $c_degree > 150;
fetch { ""c_name"": $c.name, ""c_pagerank"": $c.pagerank, ""c_degree"": $c.degree };"
296,Who are the top 3 characters with the highest weight in INTERACTS relationships?,"MATCH (c:Character)-[i:INTERACTS]->(other:Character)
RETURN c.name AS character, sum(i.weight) AS total_weight
ORDER BY total_weight DESC
LIMIT 3","match
  $c isa character, has name $cn;
  $rel isa interacts ($c), has weight $w;
reduce $total = sum($w) groupby $c, $cn;
sort $total desc;
limit 3;
fetch { ""character"": $cn, ""total_weight"": $total };"
297,List characters with a book1PageRank below 0.2 and a degree above 10.,"MATCH (c:Character)
WHERE c.book1PageRank < 0.2 AND c.degree > 10
RETURN c","match
  $c isa character;
  $c has book1_page_rank $c_book1_page_rank;
  $c has degree $c_degree;
  $c_book1_page_rank < 0.2;
  $c_degree > 10;
fetch { ""c_name"": $c.name };"
298,Find characters with a centrality above 0.3 and a louvain value of 1.,"MATCH (c:Character)
WHERE c.centrality > 0.3 AND c.louvain = 1
RETURN c","match
  $c isa character;
  $c has centrality $c_centrality;
  $c has louvain $c_louvain;
  $c_centrality > 0.3;
  $c_louvain == 1;
fetch { ""c_name"": $c.name };"
299,Who are the top 5 characters with the lowest book1PageRank?,"MATCH (c:Character)
WHERE c.book1PageRank IS NOT NULL
RETURN c.name, c.book1PageRank
ORDER BY c.book1PageRank
LIMIT 5","match
  $c isa character, has name $n, has book1_page_rank $pr;
sort $pr asc;
limit 5;
fetch { ""name"": $n, ""book1_page_rank"": $pr };"
300,List characters with a pagerank below 0.5.,"MATCH (c:Character)
WHERE c.pagerank < 0.5
RETURN c.name, c.pagerank","match
  $c isa character;
  $c has pagerank $c_pagerank;
  $c_pagerank < 0.5;
fetch { ""c_name"": $c.name, ""c_pagerank"": $c.pagerank };"
301,Find characters in community 578 with a book1BetweennessCentrality above 500.,"MATCH (c:Character)
WHERE c.community = 578 AND c.book1BetweennessCentrality > 500
RETURN c","match
  $c isa character;
  $c has community $c_community;
  $c has book1_betweenness_centrality $c_book1_betweenness_centrality;
  $c_community == 578;
  $c_book1_betweenness_centrality > 500;
fetch { ""c_name"": $c.name };"
302,Who are the top 3 characters with the lowest pagerank?,"MATCH (c:Character)
RETURN c.name, c.pagerank
ORDER BY c.pagerank
LIMIT 3","match
  $c isa character;
  $c has pagerank $c_pagerank;
sort $c_pagerank asc;
limit 3;
fetch { ""c_name"": $c.name, ""c_pagerank"": $c.pagerank };"
303,List characters with a louvain value of 3 and a degree below 5.,"MATCH (c:Character)
WHERE c.louvain = 3 AND c.degree < 5
RETURN c","match
  $c isa character;
  $c has louvain $c_louvain;
  $c has degree $c_degree;
  $c_louvain == 3;
  $c_degree < 5;
fetch { ""c_name"": $c.name };"
304,Find characters with a centrality below 0.2 and a book45PageRank above 3.,"MATCH (c:Character)
WHERE c.centrality < 0.2 AND c.book45PageRank > 3
RETURN c","match
  $c isa character;
  $c has centrality $c_centrality;
  $c has book45_page_rank $c_book45_page_rank;
  $c_centrality < 0.2;
  $c_book45_page_rank > 3;
fetch { ""c_name"": $c.name };"
305,Who are the top 5 characters by degree?,"MATCH (c:Character)
RETURN c.name, c.degree
ORDER BY c.degree DESC
LIMIT 5","match
  $c isa character;
  $c has degree $c_degree;
sort $c_degree desc;
limit 5;
fetch { ""c_name"": $c.name, ""c_degree"": $c.degree };"
306,List characters with a pagerank above 9.,"MATCH (c:Character)
WHERE c.pagerank > 9
RETURN c.name, c.pagerank","match
  $c isa character;
  $c has pagerank $c_pagerank;
  $c_pagerank > 9;
fetch { ""c_name"": $c.name, ""c_pagerank"": $c.pagerank };"
307,Find characters with a centrality above 0.4 and a book1PageRank below 0.3.,"MATCH (c:Character)
WHERE c.centrality > 0.4 AND c.book1PageRank < 0.3
RETURN c","match
  $c isa character;
  $c has centrality $c_centrality;
  $c has book1_page_rank $c_book1_page_rank;
  $c_centrality > 0.4;
  $c_book1_page_rank < 0.3;
fetch { ""c_name"": $c.name };"
308,Who are the top 3 characters with the highest weight in INTERACTS1 relationships?,"MATCH (c:Character)-[i:INTERACTS1]->(other:Character)
RETURN c.name AS character, max(i.weight) AS max_weight
ORDER BY max_weight DESC
LIMIT 3","match
  $c isa character, has name $cn;
  $other isa character;
  $rel isa interacts1 (character1: $c, character2: $other), has weight $w;
sort $w desc;
limit 3;
fetch { ""character"": $cn };"
309,List characters with a book1BetweennessCentrality above 2000.,"MATCH (c:Character)
WHERE c.book1BetweennessCentrality > 2000
RETURN c.name, c.book1BetweennessCentrality","match
  $c isa character;
  $c has book1_betweenness_centrality $c_book1_betweenness_centrality;
  $c_book1_betweenness_centrality > 2000;
fetch { ""c_name"": $c.name, ""c_book1_betweenness_centrality"": $c.book1_betweenness_centrality };"
310,Find characters with a centrality below 0.1 and a louvain value above 5.,"MATCH (c:Character)
WHERE c.centrality < 0.1 AND c.louvain > 5
RETURN c","match
  $c isa character;
  $c has centrality $c_centrality;
  $c has louvain $c_louvain;
  $c_centrality < 0.1;
  $c_louvain > 5;
fetch { ""c_name"": $c.name };"
311,Who are the top 5 characters with the lowest centrality?,"MATCH (c:Character)
WHERE c.centrality IS NOT NULL
RETURN c.name, c.centrality
ORDER BY c.centrality
LIMIT 5","match
  $c isa character, has name $n, has centrality $cent;
sort $cent asc;
limit 5;
fetch { ""name"": $n, ""centrality"": $cent };"
312,List characters with a book45PageRank below 1.5.,"MATCH (c:Character)
WHERE c.book45PageRank < 1.5
RETURN c.name AS character","match
  $c isa character;
  $c has book45_page_rank $c_book45_page_rank;
  $c_book45_page_rank < 1.5;
fetch { ""character"": $c.name };"
313,Find characters in community 759 with a degree above 30.,"MATCH (c:Character)
WHERE c.community = 759 AND c.degree > 30
RETURN c","match
  $c isa character;
  $c has community $c_community;
  $c has degree $c_degree;
  $c_community == 759;
  $c_degree > 30;
fetch { ""c_name"": $c.name };"
314,Who are the top 3 characters with the highest book1BetweennessCentrality?,"MATCH (c:Character)
RETURN c.name, c.book1BetweennessCentrality
ORDER BY c.book1BetweennessCentrality DESC
LIMIT 3","match
  $c isa character;
  $c has book1_betweenness_centrality $c_book1_betweenness_centrality;
sort $c_book1_betweenness_centrality desc;
limit 3;
fetch { ""c_name"": $c.name, ""c_book1_betweenness_centrality"": $c.book1_betweenness_centrality };"
315,List characters with a centrality above 0.6 and a pagerank below 1.,"MATCH (c:Character)
WHERE c.centrality > 0.6 AND c.pagerank < 1
RETURN c.name AS character","match
  $c isa character;
  $c has centrality $c_centrality;
  $c has pagerank $c_pagerank;
  $c_centrality > 0.6;
  $c_pagerank < 1;
fetch { ""character"": $c.name };"
316,Find characters with a book1PageRank above 5 and a community of 578.,"MATCH (c:Character)
WHERE c.book1PageRank > 5 AND c.community = 578
RETURN c","match
  $c isa character;
  $c has book1_page_rank $c_book1_page_rank;
  $c has community $c_community;
  $c_book1_page_rank > 5;
  $c_community == 578;
fetch { ""c_name"": $c.name };"
317,Who are the top 5 characters with the highest weight in INTERACTS2 relationships?,"MATCH (c:Character)-[i:INTERACTS2]->(other:Character)
RETURN c.name AS character, max(i.weight) AS max_weight
ORDER BY max_weight DESC
LIMIT 5","match
  $c isa character, has name $cn;
  $other isa character;
  $rel isa interacts2 (character1: $c, character2: $other), has weight $w;
sort $w desc;
limit 5;
fetch { ""character"": $cn };"
318,List characters with a centrality below 0.4 and a book45PageRank above 2.,"MATCH (c:Character)
WHERE c.centrality < 0.4 AND c.book45PageRank > 2
RETURN c.name AS character, c.centrality, c.book45PageRank","match
  $c isa character;
  $c has centrality $c_centrality;
  $c has book45_page_rank $c_book45_page_rank;
  $c_centrality < 0.4;
  $c_book45_page_rank > 2;
fetch { ""character"": $c.name, ""c_centrality"": $c.centrality, ""c_book45_page_rank"": $c.book45_page_rank };"
319,Find characters with a pagerank below 0.6 and a degree above 20.,"MATCH (c:Character)
WHERE c.pagerank < 0.6 AND c.degree > 20
RETURN c","match
  $c isa character;
  $c has pagerank $c_pagerank;
  $c has degree $c_degree;
  $c_pagerank < 0.6;
  $c_degree > 20;
fetch { ""c_name"": $c.name };"
320,Who are the top 3 characters with the lowest book45PageRank?,"MATCH (c:Character)
WHERE c.book45PageRank IS NOT NULL
RETURN c.name, c.book45PageRank
ORDER BY c.book45PageRank
LIMIT 3","match
  $c isa character, has name $n, has book45_page_rank $pr;
sort $pr asc;
limit 3;
fetch { ""name"": $n, ""book45_page_rank"": $pr };"
321,List characters with a community above 750 and a pagerank below 1.,"MATCH (c:Character)
WHERE c.community > 750 AND c.pagerank < 1
RETURN c.name AS character","match
  $c isa character;
  $c has community $c_community;
  $c has pagerank $c_pagerank;
  $c_community > 750;
  $c_pagerank < 1;
fetch { ""character"": $c.name };"
322,Find characters with a centrality above 0.5 and a book1BetweennessCentrality above 3000.,"MATCH (c:Character)
WHERE c.centrality > 0.5 AND c.book1BetweennessCentrality > 3000
RETURN c","match
  $c isa character;
  $c has centrality $c_centrality;
  $c has book1_betweenness_centrality $c_book1_betweenness_centrality;
  $c_centrality > 0.5;
  $c_book1_betweenness_centrality > 3000;
fetch { ""c_name"": $c.name };"
323,Who are the top 5 characters with the lowest weight in INTERACTS3 relationships?,"MATCH (c:Character)-[i:INTERACTS3]->(other:Character)
RETURN c.name, min(i.weight) AS minWeight
ORDER BY minWeight
LIMIT 5","match
  $c isa character;
  $other isa character;
  $rel isa interacts3 (character1: $c, character2: $other), has weight $w;
sort $w asc;
limit 5;
fetch { ""name"": $c.name, ""weight"": $w };"
324,List characters with a louvain value of 0 and a pagerank above 8.,"MATCH (c:Character)
WHERE c.louvain = 0 AND c.pagerank > 8
RETURN c.name, c.pagerank","match
  $c isa character;
  $c has louvain $c_louvain;
  $c has pagerank $c_pagerank;
  $c_louvain == 0;
  $c_pagerank > 8;
fetch { ""c_name"": $c.name, ""c_pagerank"": $c.pagerank };"
325,Find characters with a book1PageRank below 0.25 and a degree above 5.,"MATCH (c:Character)
WHERE c.book1PageRank < 0.25 AND c.degree > 5
RETURN c","match
  $c isa character;
  $c has book1_page_rank $c_book1_page_rank;
  $c has degree $c_degree;
  $c_book1_page_rank < 0.25;
  $c_degree > 5;
fetch { ""c_name"": $c.name };"
326,Who are the top 3 characters with the highest centrality?,"MATCH (c:Character)
RETURN c.name, c.centrality
ORDER BY c.centrality DESC
LIMIT 3","match
  $c isa character;
  $c has centrality $c_centrality;
sort $c_centrality desc;
limit 3;
fetch { ""c_name"": $c.name, ""c_centrality"": $c.centrality };"
327,List characters with a community of 795 and a pagerank below 0.2.,"MATCH (c:Character)
WHERE c.community = 795 AND c.pagerank < 0.2
RETURN c","match
  $c isa character;
  $c has community $c_community;
  $c has pagerank $c_pagerank;
  $c_community == 795;
  $c_pagerank < 0.2;
fetch { ""c_name"": $c.name };"
328,Find characters with a centrality above 0.8 and a book1BetweennessCentrality above 4000.,"MATCH (c:Character)
WHERE c.centrality > 0.8 AND c.book1BetweennessCentrality > 4000
RETURN c","match
  $c isa character;
  $c has centrality $c_centrality;
  $c has book1_betweenness_centrality $c_book1_betweenness_centrality;
  $c_centrality > 0.8;
  $c_book1_betweenness_centrality > 4000;
fetch { ""c_name"": $c.name };"
329,Who are the top 5 characters with the highest weight in INTERACTS45 relationships?,"MATCH (c:Character)-[i:INTERACTS45]->(other:Character)
RETURN c.name AS character, sum(i.weight) AS total_weight
ORDER BY total_weight DESC
LIMIT 5","match
  $c isa character;
  $other isa character;
  $rel isa interacts45 ($c, $other), has weight $w;
reduce $total_weight = sum($w) groupby $c;
sort $total_weight desc;
limit 5;
fetch { ""character"": $c.name, ""total_weight"": $total_weight };"
330,What are the names of the top 5 characters with the highest book1PageRank?,"MATCH (c:Character)
RETURN c.name AS character, c.book1PageRank AS pageRank
ORDER BY pageRank DESC
LIMIT 5","match
  $c isa character;
  $c has book1_page_rank $c_book1_page_rank;
sort $c_book1_page_rank desc;
limit 5;
fetch { ""character"": $c.name, ""pageRank"": $c.book1_page_rank };"
331,List the top 3 characters with the highest degree of centrality.,"MATCH (c:Character)
RETURN c.name, c.centrality
ORDER BY c.centrality DESC
LIMIT 3","match
  $c isa character;
  $c has centrality $c_centrality;
sort $c_centrality desc;
limit 3;
fetch { ""c_name"": $c.name, ""c_centrality"": $c.centrality };"
332,Which characters have a louvain community number less than 5? Limit to 5 characters.,"MATCH (c:Character)
WHERE c.louvain < 5
RETURN c.name
LIMIT 5","match
  $c isa character;
  $c has louvain $c_louvain;
  $c_louvain < 5;
limit 5;
fetch { ""c_name"": $c.name };"
333,Identify 3 characters with a book45PageRank greater than 5.,"MATCH (c:Character)
WHERE c.book45PageRank > 5
RETURN c.name
LIMIT 3","match
  $c isa character;
  $c has book45_page_rank $c_book45_page_rank;
  $c_book45_page_rank > 5;
limit 3;
fetch { ""c_name"": $c.name };"
334,Who are the top 5 characters by pagerank in the entire dataset?,"MATCH (c:Character)
RETURN c.name, c.pagerank
ORDER BY c.pagerank DESC
LIMIT 5","match
  $c isa character;
  $c has pagerank $c_pagerank;
sort $c_pagerank desc;
limit 5;
fetch { ""c_name"": $c.name, ""c_pagerank"": $c.pagerank };"
335,What are the names of the characters who have a degree greater than 50?,"MATCH (c:Character)
WHERE c.degree > 50
RETURN c.name","match
  $c isa character;
  $c has degree $c_degree;
  $c_degree > 50;
fetch { ""c_name"": $c.name };"
336,Name 3 characters from the community with the highest number of members.,"MATCH (c:Character)
WITH c.community AS community, count(*) AS members
ORDER BY members DESC
LIMIT 1
WITH collect(community)[0] AS top_community
MATCH (c:Character {community: top_community})
RETURN c.name
LIMIT 3","match
  $c isa character, has community $comm;
reduce $count = count($c) groupby $comm;
sort $count desc;
limit 1;
match
  $c2 isa character, has community $comm, has name $n;
limit 3;
fetch { ""name"": $n };"
337,List the top 3 characters with the least betweenness centrality in book 1.,"MATCH (c:Character)
WHERE c.book1BetweennessCentrality IS NOT NULL
RETURN c.name AS character, c.book1BetweennessCentrality AS betweenness 
ORDER BY betweenness
LIMIT 3","match
  $c isa character, has name $n, has book1_betweenness_centrality $bc;
sort $bc asc;
limit 3;
fetch { ""character"": $n, ""betweenness"": $bc };"
338,Who are the characters with a louvain value of 0? Limit to top 5.,"MATCH (c:Character)
WHERE c.louvain = 0
RETURN c.name
LIMIT 5","match
  $c isa character;
  $c has louvain $c_louvain;
  $c_louvain == 0;
limit 5;
fetch { ""c_name"": $c.name };"
339,Find the top 5 characters with the highest weight in INTERACTS relationship.,"MATCH (c:Character)-[i:INTERACTS]->(other:Character)
RETURN c.name AS character, sum(i.weight) AS total_weight
ORDER BY total_weight DESC
LIMIT 5","match
  $c isa character;
  $other isa character;
  $rel isa interacts ($c, $other), has weight $w;
reduce $total_weight = sum($w) groupby $c;
sort $total_weight desc;
limit 5;
fetch { ""character"": $c.name, ""total_weight"": $total_weight };"
340,Which characters interact in book 1 with a weight greater than 100?,"MATCH (c1:Character)-[i:INTERACTS1]->(c2:Character)
WHERE i.weight > 100
RETURN c1.name AS character1, c2.name AS character2, i.weight AS weight","match
  $c1 isa character;
  $c2 isa character;
  (character1: $c1, character2: $c2) isa interacts1, has weight $rel_weight;
  $rel_weight > 100;
fetch { ""character1"": $c1.name, ""character2"": $c2.name, ""weight"": $rel_weight };"
341,Name the characters involved in the INTERACTS2 relationship with the highest weights. Limit to 3 characters.,"MATCH (c1:Character)-[i:INTERACTS2]->(c2:Character)
RETURN c1.name, c2.name, i.weight AS weight
ORDER BY i.weight DESC
LIMIT 3","match
  $c1 isa character;
  $c2 isa character;
  (character1: $c1, character2: $c2) isa interacts2, has weight $rel_weight;
sort $rel_weight desc;
limit 3;
fetch { ""c1_name"": $c1.name, ""c2_name"": $c2.name, ""weight"": $rel_weight };"
342,Who are the top 5 characters with the lowest book1PageRank but more than zero degree?,"MATCH (c:Character)
WHERE c.degree > 0
RETURN c.name, c.book1PageRank
ORDER BY c.book1PageRank
LIMIT 5","match
  $c isa character;
  $c has degree $c_degree;
  $c has book1_page_rank $c_book1_page_rank;
  $c_degree > 0;
sort $c_book1_page_rank asc;
limit 5;
fetch { ""c_name"": $c.name, ""c_book1_page_rank"": $c.book1_page_rank };"
344,What are the top 3 characters with a community number exactly 579?,"MATCH (c:Character)
WHERE c.community = 579
RETURN c.name
ORDER BY c.pagerank DESC
LIMIT 3","match
  $c isa character;
  $c has community $c_community;
  $c has pagerank $c_pagerank;
  $c_community == 579;
sort $c_pagerank desc;
limit 3;
fetch { ""c_name"": $c.name };"
345,Identify characters who have both high pagerank and high degree of centrality. Limit to top 5.,"MATCH (c:Character)
WHERE c.pagerank IS NOT NULL AND c.centrality IS NOT NULL
RETURN c.name AS character, c.pagerank AS pagerank, c.centrality AS centrality
ORDER BY c.pagerank DESC, c.centrality DESC
LIMIT 5","match
  $c isa character, has name $n, has pagerank $pr, has centrality $cent;
sort $pr desc;
limit 5;
fetch { ""character"": $n, ""pagerank"": $pr, ""centrality"": $cent };"
346,Which characters have a book45PageRank less than 1 but a book1PageRank greater than 2?,"MATCH (c:Character)
WHERE c.book45PageRank < 1 AND c.book1PageRank > 2
RETURN c.name AS character, c.book45PageRank AS book45PageRank, c.book1PageRank AS book1PageRank","match
  $c isa character;
  $c has book45_page_rank $c_book45_page_rank;
  $c has book1_page_rank $c_book1_page_rank;
  $c_book45_page_rank < 1;
  $c_book1_page_rank > 2;
fetch { ""character"": $c.name, ""book45PageRank"": $c.book45_page_rank, ""book1PageRank"": $c.book1_page_rank };"
347,Name the 3 characters with the highest INTERACTS3 relationship weight.,"MATCH (c:Character)-[i:INTERACTS3]->(other:Character)
RETURN c.name, other.name, i.weight AS weight
ORDER BY i.weight DESC
LIMIT 3","match
  $c isa character;
  $other isa character;
  (character1: $c, character2: $other) isa interacts3, has weight $rel_weight;
sort $rel_weight desc;
limit 3;
fetch { ""c_name"": $c.name, ""other_name"": $other.name, ""weight"": $rel_weight };"
348,List the top 5 characters based on the sum weight of their INTERACTS1 and INTERACTS2 relationships.,"MATCH (c:Character)
OPTIONAL MATCH (c)-[i1:INTERACTS1]->(other1)
OPTIONAL MATCH (c)-[i2:INTERACTS2]->(other2)
WITH c, sum(i1.weight) AS weight1, sum(i2.weight) AS weight2
RETURN c.name AS character, weight1 + weight2 AS totalWeight
ORDER BY totalWeight DESC
LIMIT 5","with fun interacts1_weight_sum($c: character) -> integer:
  match $rel isa interacts1 ($c), has weight $w;
  return sum($w);
with fun interacts2_weight_sum($c: character) -> integer:
  match $rel isa interacts2 ($c), has weight $w;
  return sum($w);
match
$c isa character;
let $w1 = interacts1_weight_sum($c);
let $w2 = interacts2_weight_sum($c);
let $total = $w1 + $w2;
sort $total desc;
limit 5;
fetch { ""character"": $c.name, ""totalWeight"": $total };"
350,Who has the highest book1BetweennessCentrality and is from community 759?,"MATCH (c:Character)
WHERE c.community = 759
RETURN c.name AS name, c.book1BetweennessCentrality AS centrality
ORDER BY centrality DESC
LIMIT 1","match
  $c isa character;
  $c has community $c_community;
  $c has book1_betweenness_centrality $c_book1_betweenness_centrality;
  $c_community == 759;
sort $c_book1_betweenness_centrality desc;
limit 1;
fetch { ""name"": $c.name, ""centrality"": $c.book1_betweenness_centrality };"
351,What are the names of characters with a louvain value of 1 and degree greater than 10?,"MATCH (c:Character)
WHERE c.louvain = 1 AND c.degree > 10
RETURN c.name","match
  $c isa character;
  $c has louvain $c_louvain;
  $c has degree $c_degree;
  $c_louvain == 1;
  $c_degree > 10;
fetch { ""c_name"": $c.name };"
352,Identify the top 3 characters with the lowest pagerank but who interact in book 45.,"MATCH (c:Character)-[:INTERACTS45]->(other:Character)
WHERE exists {(c)-[:INTERACTS45]->()} 
RETURN c.name, c.pagerank
ORDER BY c.pagerank
LIMIT 3","match
  $c isa character, has name $n, has pagerank $pr;
  (character1: $c, character2: $other) isa interacts45;
sort $pr asc;
limit 3;
fetch { ""name"": $n, ""pagerank"": $pr };"
353,List the characters who are part of both community 578 and 579. Limit to 5 characters.,"MATCH (c:Character)
WHERE c.community IN [578, 579]
RETURN c.name
LIMIT 5","match
  $c isa character, has community $comm;
  { $comm == 578; } or { $comm == 579; };
limit 5;
fetch { ""c_name"": $c.name };"
354,Name the characters with a degree of zero and a centrality greater than 0.5.,"MATCH (c:Character)
WHERE c.degree = 0 AND c.centrality > 0.5
RETURN c.name","match
  $c isa character;
  $c has degree $c_degree;
  $c has centrality $c_centrality;
  $c_degree == 0;
  $c_centrality > 0.5;
fetch { ""c_name"": $c.name };"
355,Who are the top 5 characters in terms of INTERACTS45 weight?,"MATCH (c:Character)-[i:INTERACTS45]->(other:Character)
RETURN c.name AS character, sum(i.weight) AS total_weight
ORDER BY total_weight DESC
LIMIT 5","match
  $c isa character;
  $other isa character;
  $rel isa interacts45 ($c, $other), has weight $w;
reduce $total_weight = sum($w) groupby $c;
sort $total_weight desc;
limit 5;
fetch { ""character"": $c.name, ""total_weight"": $total_weight };"
356,List 3 characters with a book1PageRank less than 1 but an INTERACTS weight greater than 150.,"MATCH (c:Character)
WHERE c.book1PageRank < 1 AND EXISTS {
  (c)-[i:INTERACTS]->(:Character)
  WHERE i.weight > 150
}
RETURN c.name
LIMIT 3","match
  $c isa character, has name $n, has book1_page_rank $pr;
  (character1: $c, character2: $other) isa interacts, has weight $w;
  $pr < 1;
  $w > 150;
limit 3;
fetch { ""name"": $n };"
357,Find the characters who have a louvain community number of 10 and a pagerank greater than 0.5.,"MATCH (c:Character)
WHERE c.louvain = 10 AND c.pagerank > 0.5
RETURN c","match
  $c isa character;
  $c has louvain $c_louvain;
  $c has pagerank $c_pagerank;
  $c_louvain == 10;
  $c_pagerank > 0.5;
fetch { ""c_name"": $c.name };"
358,Which characters have the lowest degree but are part of community 795? Limit to top 5.,"MATCH (c:Character)
WHERE c.community = 795
RETURN c.name, c.degree
ORDER BY c.degree
LIMIT 5","match
  $c isa character;
  $c has community $c_community;
  $c has degree $c_degree;
  $c_community == 795;
sort $c_degree asc;
limit 5;
fetch { ""c_name"": $c.name, ""c_degree"": $c.degree };"
359,Identify the top 3 characters based on the sum of their centrality values across all books.,"MATCH (c:Character)
WITH c, c.centrality + c.book45PageRank + c.book1BetweennessCentrality + c.book1PageRank + c.pagerank AS totalCentrality
RETURN c.name AS character, totalCentrality
ORDER BY totalCentrality DESC
LIMIT 3","match
$c isa character, has centrality $cent, has book45_page_rank $b45pr, 
  has book1_betweenness_centrality $b1bc, has book1_page_rank $b1pr, has pagerank $pr;
let $total = $cent + $b45pr + $b1bc + $b1pr + $pr;
sort $total desc;
limit 3;
fetch { ""character"": $c.name, ""totalCentrality"": $total };"
360,List the characters with the highest sum of INTERACTS weights across all books. Limit to top 5.,"MATCH (c:Character)-[i:INTERACTS|INTERACTS1|INTERACTS2|INTERACTS3|INTERACTS45]->(other)
WITH c, sum(i.weight) AS totalWeight
ORDER BY totalWeight DESC
LIMIT 5
RETURN c.name AS character, totalWeight","match
  $c isa character, has name $n;
  $rel isa $t (character1: $c), has weight $w;
  { $t label interacts; } or { $t label interacts1; } or { $t label interacts2; } or { $t label interacts3; } or { $t label interacts45; };
reduce $total = sum($w) groupby $c, $n;
sort $total desc;
limit 5;
fetch { ""character"": $n, ""totalWeight"": $total };"
361,Who are the top 3 characters based on the combination of book1PageRank and book45PageRank?,"MATCH (c:Character)
WHERE c.book1PageRank IS NOT NULL AND c.book45PageRank IS NOT NULL
RETURN c.name AS character, c.book1PageRank + c.book45PageRank AS combinedPageRank
ORDER BY combinedPageRank DESC
LIMIT 3","match
$c isa character, has book1_page_rank $b1pr, has book45_page_rank $b45pr;
let $combined = $b1pr + $b45pr;
sort $combined desc;
limit 3;
fetch { ""character"": $c.name, ""combinedPageRank"": $combined };"
362,Find the characters with a community number less than 600 and a centrality of 1.,"MATCH (c:Character)
WHERE c.community < 600 AND c.centrality = 1.0
RETURN c","match
  $c isa character;
  $c has community $c_community;
  $c has centrality $c_centrality;
  $c_community < 600;
  $c_centrality == 1.0;
fetch { ""c_name"": $c.name };"
363,Name the top 5 characters with the highest degree in the entire dataset.,"MATCH (c:Character)
RETURN c.name, c.degree
ORDER BY c.degree DESC
LIMIT 5","match
  $c isa character;
  $c has degree $c_degree;
sort $c_degree desc;
limit 5;
fetch { ""c_name"": $c.name, ""c_degree"": $c.degree };"
364,What are the names of characters who have an INTERACTS1 book value of 1 and a weight greater than 50?,"MATCH (c:Character)-[i:INTERACTS1]->(other:Character)
WHERE i.book = 1 AND i.weight > 50
RETURN c.name","match
  $c isa character;
  $other isa character;
  (character1: $c, character2: $other) isa interacts1, has book $rel_book, has weight $rel_weight;
  $rel_book == 1;
  $rel_weight > 50;
fetch { ""c_name"": $c.name };"
365,List the top 3 characters with the highest book1BetweennessCentrality.,"MATCH (c:Character)
RETURN c.name, c.book1BetweennessCentrality
ORDER BY c.book1BetweennessCentrality DESC
LIMIT 3","match
  $c isa character;
  $c has book1_betweenness_centrality $c_book1_betweenness_centrality;
sort $c_book1_betweenness_centrality desc;
limit 3;
fetch { ""c_name"": $c.name, ""c_book1_betweenness_centrality"": $c.book1_betweenness_centrality };"
366,Identify characters with a pagerank less than 0.2 but a degree greater than 10.,"MATCH (c:Character)
WHERE c.pagerank < 0.2 AND c.degree > 10
RETURN c.name, c.pagerank, c.degree","match
  $c isa character;
  $c has pagerank $c_pagerank;
  $c has degree $c_degree;
  $c_pagerank < 0.2;
  $c_degree > 10;
fetch { ""c_name"": $c.name, ""c_pagerank"": $c.pagerank, ""c_degree"": $c.degree };"
367,Which characters are in the top 5 for louvain community size?,"MATCH (c:Character)
WITH c.louvain AS community, count(*) AS size
ORDER BY size DESC
LIMIT 5
MATCH (c:Character)
WHERE c.louvain = community
RETURN community, collect(c.name) AS characters","match
  $c isa character, has louvain $l;
reduce $count = count($c) groupby $l;
sort $count desc;
limit 5;
match
  $c2 isa character, has louvain $l, has name $n;
fetch { ""louvain"": $l, ""name"": $n };"
369,Identify the top 5 characters with the most interactions in book 3.,"MATCH (c:Character)-[i:INTERACTS3]->(other:Character)
RETURN c.name AS character, sum(i.weight) AS total_interactions
ORDER BY total_interactions DESC
LIMIT 5","match
  $c isa character, has name $cn;
  $rel isa interacts3 ($c), has weight $w;
reduce $total = sum($w) groupby $c, $cn;
sort $total desc;
limit 5;
fetch { ""character"": $cn, ""total_interactions"": $total };"
370,List the characters who have a centrality value of exactly 0.8. Limit to top 5.,"MATCH (c:Character)
WHERE c.centrality = 0.8
RETURN c.name
LIMIT 5","match
  $c isa character;
  $c has centrality $c_centrality;
  $c_centrality == 0.8;
limit 5;
fetch { ""c_name"": $c.name };"
371,Name the 3 characters with the highest pagerank in book 45.,"MATCH (c:Character)
RETURN c.name, c.book45PageRank
ORDER BY c.book45PageRank DESC
LIMIT 3","match
  $c isa character;
  $c has book45_page_rank $c_book45_page_rank;
sort $c_book45_page_rank desc;
limit 3;
fetch { ""c_name"": $c.name, ""c_book45_page_rank"": $c.book45_page_rank };"
372,What are the names of the top 5 characters by degree who are also in louvain community 2?,"MATCH (c:Character)
WHERE c.louvain = 2
RETURN c.name
ORDER BY c.degree DESC
LIMIT 5","match
  $c isa character;
  $c has louvain $c_louvain;
  $c has degree $c_degree;
  $c_louvain == 2;
sort $c_degree desc;
limit 5;
fetch { ""c_name"": $c.name };"
373,Find the characters with a book1PageRank greater than 3 and a book45PageRank less than 2.,"MATCH (c:Character)
WHERE c.book1PageRank > 3 AND c.book45PageRank < 2
RETURN c","match
  $c isa character;
  $c has book1_page_rank $c_book1_page_rank;
  $c has book45_page_rank $c_book45_page_rank;
  $c_book1_page_rank > 3;
  $c_book45_page_rank < 2;
fetch { ""c_name"": $c.name };"
374,Who are the top 3 characters based on the sum of weights in their INTERACTS and INTERACTS3 relationships?,"MATCH (c:Character)
OPTIONAL MATCH (c)-[i:INTERACTS]->()
OPTIONAL MATCH (c)-[i3:INTERACTS3]->()
WITH c, sum(i.weight) AS interactsWeight, sum(i3.weight) AS interacts3Weight
RETURN c.name AS character, interactsWeight + interacts3Weight AS totalWeight
ORDER BY totalWeight DESC
LIMIT 3","with fun interacts_weight_sum($c: character) -> integer:
  match $rel isa interacts ($c), has weight $w;
  return sum($w);
with fun interacts3_weight_sum($c: character) -> integer:
  match $rel isa interacts3 ($c), has weight $w;
  return sum($w);
match
$c isa character;
let $w1 = interacts_weight_sum($c);
let $w2 = interacts3_weight_sum($c);
let $total = $w1 + $w2;
sort $total desc;
limit 3;
fetch { ""character"": $c.name, ""totalWeight"": $total };"
375,List the characters who are part of community 504 and have a degree greater than 20.,"MATCH (c:Character)
WHERE c.community = 504 AND c.degree > 20
RETURN c","match
  $c isa character;
  $c has community $c_community;
  $c has degree $c_degree;
  $c_community == 504;
  $c_degree > 20;
fetch { ""c_name"": $c.name };"
376,Identify the top 5 characters based on the average of their centrality values across all books.,"MATCH (c:Character)
WHERE c.centrality IS NOT NULL
  AND exists {(c)-[:INTERACTS1]->()}
  AND exists {(c)-[:INTERACTS2]->()}
  AND exists {(c)-[:INTERACTS3]->()}
  AND exists {(c)-[:INTERACTS45]->()}
WITH c, 
  (coalesce(c.book1PageRank, 0) + 
   coalesce(c.book45PageRank, 0) +
   coalesce(c.pagerank, 0)) / 3 AS avgCentrality
RETURN c.name AS character, avgCentrality
ORDER BY avgCentrality DESC
LIMIT 5","match
  $c isa character, has name $n, has centrality $cent, has book1_page_rank $b1pr, has book45_page_rank $b45pr, has pagerank $pr;
  interacts1 (character1: $c);
  interacts2 (character1: $c);
  interacts3 (character1: $c);
  interacts45 (character1: $c);
let $avg_centrality = ($b1pr + $b45pr + $pr) / 3;
sort $avg_centrality desc;
limit 5;
fetch { ""character"": $n, ""avgCentrality"": $avg_centrality };
"
377,Which characters have the highest sum of pagerank values across all books? Limit to top 5.,"MATCH (c:Character)
RETURN c.name AS character,
       c.pagerank + c.book1PageRank + c.book45PageRank AS totalPageRank
ORDER BY totalPageRank DESC
LIMIT 5","match
  $c isa character;
  $c has pagerank $pr;
  $c has book1_page_rank $b1pr;
  $c has book45_page_rank $b45pr;
let $total = $pr + $b1pr + $b45pr;
sort $total desc;
limit 5;
fetch { ""character"": $c.name, ""totalPageRank"": $total };
"
378,Name the characters with a louvain value of 6 and a pagerank greater than 0.3.,"MATCH (c:Character)
WHERE c.louvain = 6 AND c.pagerank > 0.3
RETURN c.name","match
  $c isa character;
  $c has louvain $c_louvain;
  $c has pagerank $c_pagerank;
  $c_louvain == 6;
  $c_pagerank > 0.3;
fetch { ""c_name"": $c.name };"
379,List the top 5 characters with a community number exactly 795.,"MATCH (c:Character)
WHERE c.community = 795
RETURN c.name
ORDER BY c.pagerank DESC
LIMIT 5","match
  $c isa character;
  $c has community $c_community;
  $c has pagerank $c_pagerank;
  $c_community == 795;
sort $c_pagerank desc;
limit 5;
fetch { ""c_name"": $c.name };"
380,Find the characters who have a degree of zero and a book1PageRank greater than 0.5.,"MATCH (c:Character)
WHERE c.degree = 0 AND c.book1PageRank > 0.5
RETURN c","match
  $c isa character;
  $c has degree $c_degree;
  $c has book1_page_rank $c_book1_page_rank;
  $c_degree == 0;
  $c_book1_page_rank > 0.5;
fetch { ""c_name"": $c.name };"
381,Who are the top 5 characters with the lowest book45PageRank but a book1PageRank greater than 4?,"MATCH (c:Character)
WHERE c.book1PageRank > 4
RETURN c.name, c.book45PageRank, c.book1PageRank
ORDER BY c.book45PageRank
LIMIT 5","match
  $c isa character;
  $c has book1_page_rank $c_book1_page_rank;
  $c has book45_page_rank $c_book45_page_rank;
  $c_book1_page_rank > 4;
sort $c_book45_page_rank asc;
limit 5;
fetch { ""c_name"": $c.name, ""c_book45_page_rank"": $c.book45_page_rank, ""c_book1_page_rank"": $c.book1_page_rank };"
382,List the characters with a pagerank above 0.5 and an INTERACTS weight over 200.,"MATCH (c:Character)
WHERE c.pagerank > 0.5 AND EXISTS {
  (c)-[i:INTERACTS]->(other:Character)
  WHERE i.weight > 200
}
RETURN c.name AS character, c.pagerank AS pagerank","match
  $c isa character, has name $n, has pagerank $pr;
  (character1: $c, character2: $other) isa interacts, has weight $w;
  $pr > 0.5;
  $w > 200;
fetch { ""character"": $n, ""pagerank"": $pr };"
383,What are the names of characters who have an INTERACTS2 book value of 2 and a weight greater than 50?,"MATCH (c:Character)-[i:INTERACTS2]->(other:Character)
WHERE i.book = 2 AND i.weight > 50
RETURN c.name","match
  $c isa character;
  $other isa character;
  (character1: $c, character2: $other) isa interacts2, has book $rel_book, has weight $rel_weight;
  $rel_book == 2;
  $rel_weight > 50;
fetch { ""c_name"": $c.name };"
384,Identify the top 3 characters with the highest book1BetweennessCentrality and a community number of 759.,"MATCH (c:Character)
WHERE c.community = 759
RETURN c.name, c.book1BetweennessCentrality
ORDER BY c.book1BetweennessCentrality DESC
LIMIT 3","match
  $c isa character;
  $c has community $c_community;
  $c has book1_betweenness_centrality $c_book1_betweenness_centrality;
  $c_community == 759;
sort $c_book1_betweenness_centrality desc;
limit 3;
fetch { ""c_name"": $c.name, ""c_book1_betweenness_centrality"": $c.book1_betweenness_centrality };"
385,Which characters are in the top 5 for the sum of their INTERACTS1 and INTERACTS2 weights?,"MATCH (c:Character)
OPTIONAL MATCH (c)-[i1:INTERACTS1]->(other1)
OPTIONAL MATCH (c)-[i2:INTERACTS2]->(other2)
WITH c, sum(i1.weight) AS weight1, sum(i2.weight) AS weight2
RETURN c.name AS character, weight1 + weight2 AS totalWeight
ORDER BY totalWeight DESC
LIMIT 5","with fun interacts1_weight_sum($c: character) -> integer:
  match $rel isa interacts1 ($c), has weight $w;
  return sum($w);
with fun interacts2_weight_sum($c: character) -> integer:
  match $rel isa interacts2 ($c), has weight $w;
  return sum($w);
match
$c isa character;
let $w1 = interacts1_weight_sum($c);
let $w2 = interacts2_weight_sum($c);
let $total = $w1 + $w2;
sort $total desc;
limit 5;
fetch { ""character"": $c.name, ""totalWeight"": $total };"
386,Name the top 3 characters based on the sum of their book1PageRank and book45PageRank.,"MATCH (c:Character)
WHERE c.book1PageRank IS NOT NULL AND c.book45PageRank IS NOT NULL
RETURN c.name, c.book1PageRank + c.book45PageRank AS totalPageRank
ORDER BY totalPageRank DESC
LIMIT 3","match
$c isa character, has book1_page_rank $b1pr, has book45_page_rank $b45pr;
let $total = $b1pr + $b45pr;
sort $total desc;
limit 3;
fetch { ""name"": $c.name, ""totalPageRank"": $total };"
387,List the characters with a community number less than 600 and a pagerank greater than 0.4.,"MATCH (c:Character)
WHERE c.community < 600 AND c.pagerank > 0.4
RETURN c.name, c.community, c.pagerank","match
  $c isa character;
  $c has community $c_community;
  $c has pagerank $c_pagerank;
  $c_community < 600;
  $c_pagerank > 0.4;
fetch { ""c_name"": $c.name, ""c_community"": $c.community, ""c_pagerank"": $c.pagerank };"
388,Who are the top 5 characters based on the combination of centrality and degree?,"MATCH (c:Character)
RETURN c.name, c.centrality, c.degree
ORDER BY c.centrality DESC, c.degree DESC
LIMIT 5","match
  $c isa character;
  $c has centrality $c_centrality;
  $c has degree $c_degree;
sort $c_centrality desc, $c_degree desc;
limit 5;
fetch { ""c_name"": $c.name, ""c_centrality"": $c_centrality, ""c_degree"": $c_degree };"
389,Find the characters with a book1PageRank less than 2 and a community number greater than 750.,"MATCH (c:Character)
WHERE c.book1PageRank < 2 AND c.community > 750
RETURN c","match
  $c isa character;
  $c has book1_page_rank $c_book1_page_rank;
  $c has community $c_community;
  $c_book1_page_rank < 2;
  $c_community > 750;
fetch { ""c_name"": $c.name };"
390,What are the names of the top 5 characters by pagerank who also have a centrality greater than 0.5?,"MATCH (c:Character)
WHERE c.centrality > 0.5
RETURN c.name
ORDER BY c.pagerank DESC
LIMIT 5","match
  $c isa character;
  $c has centrality $c_centrality;
  $c has pagerank $c_pagerank;
  $c_centrality > 0.5;
sort $c_pagerank desc;
limit 5;
fetch { ""c_name"": $c.name };"
391,List the top 3 characters with the highest INTERACTS3 relationship weight.,"MATCH (c:Character)-[i:INTERACTS3]->(other:Character)
RETURN c.name AS character, max(i.weight) AS max_weight
ORDER BY max_weight DESC
LIMIT 3","match
  $c isa character, has name $cn;
  $other isa character;
  $rel isa interacts3 (character1: $c, character2: $other), has weight $w;
sort $w desc;
limit 3;
fetch { ""character"": $cn };"
