original_index,question,cypher,typeql
0,Which organizations have more than 100 employees?,"MATCH (o:Organization)
WHERE o.nbrEmployees > 100
RETURN o.name, o.nbrEmployees","match
$o isa organization, has nbr_employees $n;
$n > 100;
fetch {
  ""name"": $o.name,
  ""nbr_employees"": $n
};"
1,Identify the top 3 organizations with the most subsidiaries headquartered in a city named 'Seattle'.,"MATCH (c:City {name: ""Seattle""})<-[:IN_CITY]-(org:Organization)-[:HAS_SUBSIDIARY]->(sub:Organization)
WITH org, COUNT(sub) AS numSubsidiaries
ORDER BY numSubsidiaries DESC
LIMIT 3
RETURN org.name AS organizationName, numSubsidiaries","match
$c isa city, has city_name ""Seattle"";
located_in (organization: $org, city: $c);
$org isa organization;
subsidiary_of (parent: $org, subsidiary: $sub);
reduce $numSubsidiaries = count($sub) groupby $org;
sort $numSubsidiaries desc;
limit 3;
fetch { ""organizationName"": $org.name, ""numSubsidiaries"": $numSubsidiaries };"
2,What are the first 3 cities located in the United States of America?,"MATCH (c:City)-[:IN_COUNTRY]->(co:Country {name: ""United States of America""})
RETURN c.name
LIMIT 3","match
$co isa country, has country_name ""United States of America"";
$c isa city;
location-contains (parent: $co, child: $c);
$c has city_name $cn;
limit 3;
fetch {
  ""city_name"": $cn
};"
3,Who are the CEOs of the first 3 organizations in the database?,"MATCH (o:Organization)-[:HAS_CEO]->(ceo:Person)
RETURN o.name AS organization, ceo.name AS ceo
ORDER BY o.id
LIMIT 3","match
$o isa organization, has organization_id $oid;
$ceo isa person;
ceo_of (organization: $o, ceo: $ceo);
sort $oid;
limit 3;
fetch {
  ""organization"": $o.name,
  ""ceo"": $ceo.name
};"
4,List top 5 organizations that have a revenue greater than 100 million.,"MATCH (o:Organization)
WHERE o.revenue > 100000000
RETURN o.name, o.revenue
ORDER BY o.revenue DESC
LIMIT 5","match
$o isa organization, has revenue $r;
$r > 100000000;
sort $r desc;
limit 5;
fetch {
  ""name"": $o.name,
  ""revenue"": $r
};"
5,What are the first 3 articles that mention the organization 'Accenture'?,"MATCH (o:Organization {name: ""Accenture""})<-[:MENTIONS]-(a:Article)
RETURN a.title, a.date, a.author
ORDER BY a.date ASC
LIMIT 3","match
$o isa organization, has name ""Accenture"";
mentions (article: $a, mentioned: $o);
$a has date $d;
sort $d asc;
limit 3;
fetch {
  ""title"": $a.title,
  ""date"": $d,
  ""author"": $a.author
};"
6,Which organizations are located in Seattle?,"MATCH (o:Organization)-[:IN_CITY]->(c:City {name: ""Seattle""})
RETURN o.name AS organizationName","match
$o isa organization;
$c isa city, has city_name ""Seattle"";
located_in (organization: $o, city: $c);
fetch {
  ""organizationName"": $o.name
};"
7,List the first 5 industry categories mentioned in the database.,"MATCH (ic:IndustryCategory)
RETURN ic.name
LIMIT 5","match
$ic isa industry_category;
limit 5;
fetch {
  ""name"": $ic.industry_category_name
};"
8,Which organizations have a CEO named 'Julie Spellman Sweet' and a summary mentioning 'Accenture'?,"MATCH (ceo:Person {name: ""Julie Spellman Sweet""})
MATCH (org:Organization)-[:HAS_CEO]->(ceo)
WHERE org.summary CONTAINS ""Accenture""
RETURN org.name, org.summary","match
$ceo isa person, has name ""Julie Spellman Sweet"";
$org isa organization, has summary $s;
$s like "".*Accenture.*"";
ceo_of (ceo: $ceo, organization: $org);
fetch {
  ""name"": $org.name,
  ""summary"": $s
};"
9,List the first 5 organizations that have a CEO with a name mentioned in more than one article.,"MATCH (org:Organization)-[:HAS_CEO]->(ceo:Person)
WITH org, ceo
MATCH (a1:Article)-[:MENTIONS]->(org1:Organization)-[:HAS_CEO]->(ceo)
MATCH (a2:Article)-[:MENTIONS]->(org2:Organization)-[:HAS_CEO]->(ceo)
WHERE a1.id <> a2.id
RETURN DISTINCT org.name AS organization_name
LIMIT 5","match
$org isa organization, has name $org_name;
$ceo isa person;
ceo_of (organization: $org, ceo: $ceo);
$a1 isa article, has article_id $aid1;
$a2 isa article, has article_id $aid2;
$org1 isa organization;
$org2 isa organization;
ceo_of (organization: $org1, ceo: $ceo);
ceo_of (organization: $org2, ceo: $ceo);
mentions (article: $a1, mentioned: $org1);
mentions (article: $a2, mentioned: $org2);
$aid1 != $aid2;
select $org_name;
distinct;
limit 5;
fetch { ""organization_name"": $org_name };"
10,Find the top 3 articles that mention organizations based in 'Seattle'.,"MATCH (org:Organization)-[:IN_CITY]->(city:City {name: ""Seattle""})
MATCH (article:Article)-[:MENTIONS]->(org)
RETURN article.title, article.date, article.sentiment
ORDER BY article.sentiment DESC
LIMIT 3","match
$org isa organization;
$city isa city, has city_name ""Seattle"";
located_in (organization: $org, city: $city);
$article isa article;
mentions (article: $article, mentioned: $org);
$article has sentiment $s;
sort $s desc;
limit 3;
fetch {
  ""title"": $article.title,
  ""date"": $article.date,
  ""sentiment"": $s
};"
11,What are the names of the organizations that have a CEO with a summary mentioning 'Accenture' and a revenue greater than 100 million?,"MATCH (o:Organization)-[:HAS_CEO]->(p:Person)
WHERE p.summary CONTAINS 'Accenture' AND o.revenue > 100000000
RETURN o.name","match
$o isa organization, has revenue $r;
$r > 100000000;
$p isa person, has summary $s;
$s like "".*Accenture.*"";
ceo_of (organization: $o, ceo: $p);
fetch {
  ""name"": $o.name
};"
12,Identify the top 3 organizations that have a subsidiary with the largest number of employees.,"MATCH (parentOrg:Organization)-[:HAS_SUBSIDIARY]->(subOrg:Organization)
WHERE subOrg.nbrEmployees IS NOT NULL
RETURN parentOrg.name AS ParentOrganization, subOrg.name AS Subsidiary, subOrg.nbrEmployees AS NumberOfEmployees
ORDER BY subOrg.nbrEmployees DESC
LIMIT 3","match
$parentOrg isa organization, has name $parentName;
$subOrg isa organization, has nbr_employees $nbrEmployees;
subsidiary_of (parent: $parentOrg, subsidiary: $subOrg);
sort $nbrEmployees desc;
limit 3;
fetch {
  ""ParentOrganization"": $parentName,
  ""Subsidiary"": $subOrg.name,
  ""NumberOfEmployees"": $nbrEmployees
};"
13,Which organizations have a CEO who has authored an article with a sentiment score greater than 0.5?,"MATCH (org:Organization)-[:HAS_CEO]->(ceo:Person)
MATCH (ceo)-[:HAS_PARENT]->(article:Article)
WHERE article.sentiment > 0.5
RETURN org.name AS OrganizationName, ceo.name AS CEOName, article.title AS ArticleTitle, article.sentiment AS SentimentScore","match
$org isa organization, has name $org_name;
$ceo isa person, has name $ceo_name;
ceo_of (organization: $org, ceo: $ceo);
$article isa article, has author $author, has title $article_title, has sentiment $s;
$s > 0.5;
$ceo_name == $author;
fetch {
  ""OrganizationName"": $org_name,
  ""CEOName"": $ceo_name,
  ""ArticleTitle"": $article_title,
  ""SentimentScore"": $s
};"
14,List the first 5 organizations that have a supplier headquartered in a city named 'Seattle'.,"MATCH (o:Organization)-[:HAS_SUPPLIER]->(supplier:Organization)-[:IN_CITY]->(city:City {name: 'Seattle'})
RETURN o.name AS organizationName
LIMIT 5","match
$o isa organization;
$supplier isa organization;
supplies (customer: $o, supplier: $supplier);
$city isa city, has city_name ""Seattle"";
located_in (organization: $supplier, city: $city);
limit 5;
fetch {
  ""organizationName"": $o.name
};"
15,Find the top 3 organizations that have a CEO with a summary mentioning 'Accenture' and a revenue greater than 50 million.,"MATCH (ceo:Person)-[:HAS_CEO]->(org:Organization)
WHERE ceo.summary CONTAINS 'Accenture' AND org.revenue > 50000000
RETURN org.name, org.revenue
ORDER BY org.revenue DESC
LIMIT 3","match
  $ceo isa person, has summary $s;
  $s like "".*Accenture.*"";
  $org isa organization, has revenue $r;
  $r > 50000000.0;
  ceo_of (ceo: $ceo, organization: $org);
sort $r desc;
limit 3;
fetch {
  ""name"": $org.name,
  ""revenue"": $r
};"
16,What are the names of the first 3 articles authored by 'James Blackman'?,"MATCH (a:Article {author: ""James Blackman""})
RETURN a.title
ORDER BY a.date
LIMIT 3","match
$a isa article, has author ""James Blackman"", has date $d;
sort $d asc;
limit 3;
fetch {
  ""title"": $a.title
};"
17,What are the names of the organizations that have a board member named 'Julie Spellman Sweet' and a revenue greater than 100 million?,"MATCH (o:Organization)-[:HAS_BOARD_MEMBER]->(p:Person {name: ""Julie Spellman Sweet""})
WHERE o.revenue > 100000000
RETURN o.name","match
$o isa organization, has name $n, has revenue $r;
$p isa person, has name ""Julie Spellman Sweet"";
board_member_of (organization: $o, member: $p);
$r > 100000000.0;
fetch {
  ""name"": $n
};"
18,List the first 5 organizations that have a CEO with a name mentioned in at least two different articles and a revenue greater than 50 million.,"MATCH (org:Organization)-[:HAS_CEO]->(ceo:Person)
WHERE org.revenue > 50000000
WITH org, ceo
MATCH (a1:Article)-[:MENTIONS]->(ceo)
WITH org, ceo, COUNT(DISTINCT a1) AS articleCount
WHERE articleCount >= 2
RETURN org.name AS OrganizationName, ceo.name AS CEOName, org.revenue AS Revenue
LIMIT 5","match
  $o isa organization, has name $on;
  $ceo isa person, has name $ceon;
  $a1 isa article;
  $a2 isa article;
  (organization: $o, ceo: $ceo) isa ceo_of;
  (article: $a1, mentioned: $o) isa mentions;
  (article: $a2, mentioned: $o) isa mentions;
  $a1 has article_id $aid1;
  $a2 has article_id $aid2;
  $aid1 != $aid2;
  $o has revenue $r;
  $r > 50000000;
limit 5;
fetch { ""organization"": $on, ""ceo"": $ceon };"
19,Can you provide the first 3 organizations that have been dissolved?,"MATCH (o:Organization)
WHERE o.isDissolved = true
RETURN o.name
ORDER BY o.name
LIMIT 3","match
$o isa organization, has is_dissolved true, has name $n;
sort $n asc;
limit 3;
fetch {
  ""name"": $n
};"
20,Name 3 organizations that are listed as dissolved.,"MATCH (o:Organization)
WHERE o.isDissolved = true
RETURN o.name
LIMIT 3","match
$o isa organization, has is_dissolved true;
limit 3;
fetch {
  ""name"": $o.name
};"
21,Which organizations are public companies?,"MATCH (o:Organization)
WHERE o.isPublic = true
RETURN o.name","match
$o isa organization, has is_public true, has name $n;
fetch {
  ""name"": $n
};"
22,What are the industry categories for organizations headquartered in Chattanooga?,"MATCH (city:City {name: ""Chattanooga""})<-[:IN_CITY]-(org:Organization)-[:HAS_CATEGORY]->(category:IndustryCategory)
RETURN DISTINCT category.name AS IndustryCategory","match
$city isa city, has city_name ""Chattanooga"";
located_in (organization: $org, city: $city);
in_category (organization: $org, category: $cat);
$cat has industry_category_name $name;
select $name;
distinct;
fetch { ""IndustryCategory"": $name };"
23,List the cities where organizations with a public status are located.,"MATCH (o:Organization)-[:IN_CITY]->(c:City)
WHERE o.isPublic = true
RETURN DISTINCT c.name AS cityName","match
$o isa organization, has is_public true;
$c isa city, has city_name $cn;
located_in (organization: $o, city: $c);
select $cn;
distinct;
fetch { ""cityName"": $cn };"
24,Which organizations have a parent organization with a revenue of more than $100 million?,"MATCH (parent:Organization)-[:HAS_SUBSIDIARY]->(child:Organization)
WHERE parent.revenue > 100000000
RETURN child.name AS OrganizationName, parent.name AS ParentOrganizationName, parent.revenue AS ParentRevenue","match
$parent isa organization, has revenue $rev;
$child isa organization;
subsidiary_of (parent: $parent, subsidiary: $child);
$rev > 100000000;
fetch {
  ""OrganizationName"": $child.name,
  ""ParentOrganizationName"": $parent.name,
  ""ParentRevenue"": $rev
};"
25,Which organizations are mentioned in articles about cybersecurity?,"MATCH (a:Article)-[:MENTIONS]->(o:Organization)
WHERE a.title CONTAINS ""cybersecurity"" OR a.summary CONTAINS ""cybersecurity""
RETURN DISTINCT o.name","match
$a isa article, has title $t;
mentions (article: $a, mentioned: $o);
$o isa organization, has name $n;
{ $t like "".*cybersecurity.*""; } or { $a has article_summary $s; $s like "".*cybersecurity.*""; };
select $n;
distinct;
fetch { ""name"": $n };"
26,What are the names of the top 5 organizations in terms of number of employees?,"MATCH (o:Organization)
RETURN o.name, o.nbrEmployees
ORDER BY o.nbrEmployees DESC
LIMIT 5","match
$o isa organization, has nbr_employees $n;
sort $n desc;
limit 5;
fetch {
  ""name"": $o.name,
  ""nbrEmployees"": $n
};"
27,Which organizations have a CEO named 'Julie Spellman Sweet'?,"MATCH (ceo:Person {name: ""Julie Spellman Sweet""})<-[:HAS_CEO]-(org:Organization)
RETURN org.name","match
$ceo isa person, has name ""Julie Spellman Sweet"";
ceo_of (ceo: $ceo, organization: $org);
$org isa organization;
fetch {
  ""name"": $org.name
};"
28,List the articles that have a sentiment score below 0.3.,"MATCH (a:Article)
WHERE a.sentiment < 0.3
RETURN a.title, a.date, a.author, a.siteName, a.summary, a.sentiment","match
$a isa article, has sentiment $s;
$s < 0.3;
fetch {
  ""title"": $a.title,
  ""date"": $a.date,
  ""author"": $a.author,
  ""site_name"": $a.site_name,
  ""summary"": $a.article_summary,
  ""sentiment"": $s
};"
29,"Which organizations have more than 10,000 employees and are located in a city that is not the capital of a country?","MATCH (o:Organization)-[:IN_CITY]->(c:City)-[:IN_COUNTRY]->(co:Country)
WHERE o.nbrEmployees > 10000 AND NOT EXISTS {
    MATCH (capital:City)-[:IN_COUNTRY {capital: true}]->(co)
    WHERE c = capital
}
RETURN o.name AS OrganizationName, o.nbrEmployees AS NumberOfEmployees, c.name AS CityName, co.name AS CountryName","match $o isa organization; $c isa city; $country isa country; (organization: $o, city: $c) isa located_in; $o has nbr_employees $o_nbr_employees; $o_nbr_employees > 10000; (child: $c, parent: $country) isa location-contains; fetch { ""organization"": $o.name, ""city"": $c.city_name, ""country"": $country.country_name };"
30,What is the revenue and employee number for organizations headquartered in Rome?,"MATCH (o:Organization)-[:IN_CITY]->(c:City {name: ""Rome""})
RETURN o.name AS organizationName, o.revenue AS revenue, o.nbrEmployees AS employeeNumber","match
$o isa organization;
$c isa city, has city_name ""Rome"";
located_in (organization: $o, city: $c);
fetch {
  ""organizationName"": $o.name,
  ""revenue"": $o.revenue,
  ""employeeNumber"": $o.nbr_employees
};"
31,Who are the investors in the organization 'Accenture' who are also people?,"MATCH (o:Organization {name: ""Accenture""})-[:HAS_INVESTOR]->(p:Person)
RETURN p.name AS investorName, p.id AS investorId, p.summary AS investorSummary","match
$o isa organization, has name ""Accenture"";
invested_in (organization: $o, investor: $p);
$p isa person;
fetch {
  ""investorName"": $p.name,
  ""investorId"": $p.person_id,
  ""investorSummary"": $p.summary
};"
32,Which organizations have a summary that mentions the word 'software'?,"MATCH (o:Organization)
WHERE o.summary CONTAINS 'software'
RETURN o.name, o.summary","match
$o isa organization, has summary $s;
$s like "".*software.*"";
fetch {
  ""name"": $o.name,
  ""summary"": $s
};"
33,List all organizations that are not public but have subsidiaries.,"MATCH (o:Organization)-[:HAS_SUBSIDIARY]->(:Organization)
WHERE o.isPublic = false
RETURN o.name","match
$o isa organization, has is_public false;
subsidiary_of (parent: $o, subsidiary: $sub);
$sub isa organization;
fetch {
  ""name"": $o.name
};"
34,List the authors who have mentioned more than three different organizations in their articles.,"MATCH (a:Article)-[:MENTIONS]->(o:Organization)
WITH a.author AS author, COUNT(DISTINCT o) AS orgCount
WHERE orgCount > 3
RETURN author","match
$a isa article, has author $author;
$o isa organization;
mentions (article: $a, mentioned: $o);
select $author, $o;
distinct;
reduce $orgCount = count($o) groupby $author;
match $orgCount > 3;
fetch { ""author"": $author };"
35,Which organizations have a motto that includes the word 'technology'?,"MATCH (o:Organization)
WHERE o.motto CONTAINS 'technology'
RETURN o.name, o.motto","match
$o isa organization, has motto $m;
$m like "".*technology.*"";
fetch {
  ""name"": $o.name,
  ""motto"": $m
};"
36,What is the summary of the city where New Energy Group is located?,"MATCH (o:Organization {name: ""New Energy Group""})-[:IN_CITY]->(c:City)
RETURN c.summary","match
$o isa organization, has name ""New Energy Group"";
located_in (organization: $o, city: $c);
fetch {
  ""summary"": $c.city_summary
};"
37,Which organizations have the most subsidiaries? Provide top 3.,"MATCH (parent:Organization)-[:HAS_SUBSIDIARY]->(subsidiary:Organization)
WITH parent, COUNT(subsidiary) AS numSubsidiaries
ORDER BY numSubsidiaries DESC
LIMIT 3
RETURN parent.name AS organizationName, numSubsidiaries","match
$parent isa organization;
$sub isa organization;
subsidiary_of (parent: $parent, subsidiary: $sub);
reduce $count = count($sub) groupby $parent;
sort $count desc;
limit 3;
fetch {
  ""organizationName"": $parent.name,
  ""numSubsidiaries"": $count
};"
38,List the organizations that have a sentiment score above 0.8 in their latest article mention.,"MATCH (o:Organization)<-[:MENTIONS]-(a:Article)
WHERE a.sentiment > 0.8
WITH o, a
ORDER BY a.date DESC
WITH o, collect(a)[0] AS latest_article
RETURN o.name AS organization_name, latest_article.sentiment AS sentiment_score, latest_article.date AS article_date","with fun latest_article_date($o: organization) -> datetime:
  match
    mentions (article: $a, mentioned: $o);
    $a has date $d;
  return max($d);
match
  $o isa organization;
  let $max_date = latest_article_date($o);
  mentions (article: $a, mentioned: $o);
  $a has date $d;
  $d == $max_date;
  $a has sentiment $s;
  $s > 0.8;
fetch {
  ""organization_name"": $o.name,
  ""sentiment_score"": $s,
  ""article_date"": $d
};"
39,Which organizations have more than 3 suppliers?,"MATCH (o:Organization)-[:HAS_SUPPLIER]->(s:Organization)
WITH o, COUNT(s) AS supplierCount
WHERE supplierCount > 3
RETURN o.name AS organizationName, supplierCount","match
$o isa organization;
$s isa organization;
supplies (supplier: $s, customer: $o);
reduce $supplierCount = count($s) groupby $o;
match
$supplierCount > 3;
$o has name $name;
fetch {
  ""organizationName"": $name,
  ""supplierCount"": $supplierCount
};"
40,What are the names of organizations that have Accenture as their CEO?,"MATCH (ceo:Person {name: ""Accenture""})<-[:HAS_CEO]-(org:Organization)
RETURN org.name","match
$ceo isa person, has name ""Accenture"";
$org isa organization;
ceo_of (ceo: $ceo, organization: $org);
fetch {
  ""name"": $org.name
};"
41,List all organizations that are public and have no employees listed.,"MATCH (o:Organization)
WHERE o.isPublic = true AND o.nbrEmployees IS NULL
RETURN o.name","match
$o isa organization, has is_public true;
not { $o has nbr_employees $ne; };
fetch {
  ""name"": $o.name
};"
42,What are the names of organizations that are subsidiaries of Accenture?,"MATCH (parentOrg:Organization {name: ""Accenture""})-[:HAS_SUBSIDIARY]->(subsidiary:Organization)
RETURN subsidiary.name","match
$parentOrg isa organization, has name ""Accenture"";
subsidiary_of (parent: $parentOrg, subsidiary: $subsidiary);
$subsidiary isa organization;
fetch {
  ""name"": $subsidiary.name
};"
43,Who are the board members of organizations with more than $500 million in revenue?,"MATCH (o:Organization)-[:HAS_BOARD_MEMBER]->(p:Person)
WHERE o.revenue > 500000000
RETURN p.name AS BoardMember, o.name AS Organization","match
$o isa organization, has revenue $r, has name $org_name;
$r > 500000000.0;
$p isa person, has name $member_name;
board_member_of (organization: $o, member: $p);
fetch {
  ""BoardMember"": $member_name,
  ""Organization"": $org_name
};"
44,Which organizations are mentioned in articles posted on MrWeb?,"MATCH (a:Article)-[:MENTIONS]->(o:Organization)
WHERE a.siteName = ""MrWeb""
RETURN o.name AS organizationName","match
$a isa article, has site_name ""MrWeb"";
mentions (article: $a, mentioned: $o);
$o isa organization;
fetch {
  ""organizationName"": $o.name
};"
45,List the countries that have organizations with a motto.,"MATCH (o:Organization)-[:IN_CITY]->(c:City)-[:IN_COUNTRY]->(country:Country)
WHERE o.motto IS NOT NULL AND o.motto <> """"
RETURN DISTINCT country.name AS Country","match
$o isa organization, has motto $m;
$m != """";
located_in (organization: $o, city: $c);
$c isa city;
location-contains (parent: $country, child: $c);
$country isa country, has country_name $cn;
select $cn;
distinct;
fetch { ""Country"": $cn };"
46,Which organizations are mentioned in articles from the year 2022?,"MATCH (a:Article)-[:MENTIONS]->(o:Organization)
WHERE a.date >= date(""2022-01-01"") AND a.date < date(""2023-01-01"")
RETURN DISTINCT o.name","match
$a isa article, has date $d;
$o isa organization;
(article: $a, mentioned: $o) isa mentions;
$d >= 2022-01-01T00:00:00;
$d < 2023-01-01T00:00:00;
fetch { ""name"": $o.name };"
47,Which cities have more than three organizations based in them?,"MATCH (o:Organization)-[:IN_CITY]->(c:City)
WITH c, count(o) as orgCount
WHERE orgCount > 3
RETURN c.name as cityName, orgCount","match
$o isa organization;
$c isa city;
located_in (organization: $o, city: $c);
reduce $orgCount = count($o) groupby $c;
match
$orgCount > 3;
fetch {
  ""cityName"": $c.city_name,
  ""orgCount"": $orgCount
};"
48,What are the organizations that are headquartered in cities that are also mentioned in articles with a positive sentiment?,"MATCH (o:Organization)-[:IN_CITY]->(c:City)
MATCH (a:Article)-[:MENTIONS]->(o)
WHERE a.sentiment > 0
RETURN DISTINCT o.name AS OrganizationName, c.name AS CityName","match
$o isa organization, has name $on;
$c isa city, has city_name $cn;
located_in (organization: $o, city: $c);
$a isa article, has sentiment $s;
$s > 0.0;
mentions (article: $a, mentioned: $c);
select $on, $cn;
distinct;
fetch {
  ""OrganizationName"": $on,
  ""CityName"": $cn
};"
49,Which organizations have a CEO who has authored articles?,"MATCH (org:Organization)-[:HAS_CEO]->(ceo:Person)
MATCH (ceo)-[:HAS_AUTHORED]->(article:Article)
RETURN org.name AS OrganizationName, ceo.name AS CEOName, article.title AS ArticleTitle","match
$org isa organization, has name $org_name;
$ceo isa person, has name $ceo_name;
ceo_of (organization: $org, ceo: $ceo);
$article isa article, has title $article_title, has author $author;
$ceo_name == $author;
fetch {
  ""OrganizationName"": $org_name,
  ""CEOName"": $ceo_name,
  ""ArticleTitle"": $article_title
};"
50,List all organizations that have been mentioned in articles with a negative sentiment.,"MATCH (a:Article)-[:MENTIONS]->(o:Organization)
WHERE a.sentiment < 0
RETURN o.name","match
$a isa article, has sentiment $s;
$s < 0;
$o isa organization;
mentions (article: $a, mentioned: $o);
fetch {
  ""name"": $o.name
};"
51,Which organizations have a parent company named 'Accenture'?,"MATCH (parent:Organization {name: ""Accenture""})-[:HAS_SUBSIDIARY]->(subsidiary:Organization)
RETURN subsidiary.name AS subsidiaryName","match
$parent isa organization, has name ""Accenture"";
subsidiary_of (parent: $parent, subsidiary: $sub);
$sub isa organization;
fetch {
  ""subsidiaryName"": $sub.name
};"
52,What are the names of organizations that are suppliers to more than three other organizations?,"MATCH (supplier:Organization)<-[:HAS_SUPPLIER]-(org:Organization)
WITH supplier, COUNT(org) AS numSupplied
WHERE numSupplied > 3
RETURN supplier.name","match
$supplier isa organization;
supplies (supplier: $supplier, customer: $org);
$org isa organization;
reduce $count = count($org) groupby $supplier;
match
$count > 3;
fetch {
  ""name"": $supplier.name
};"
53,Who are the board members of the top 5 organizations by revenue?,"MATCH (o:Organization)
WITH o
ORDER BY o.revenue DESC
LIMIT 5
MATCH (o)-[:HAS_BOARD_MEMBER]->(p:Person)
RETURN o.name AS Organization, p.name AS BoardMember","match $o isa organization, has revenue $r;
sort $r desc;
limit 5;
match board_member_of (organization: $o, member: $p);
fetch { ""Organization"": $o.name, ""BoardMember"": $p.name };"
54,Which organizations have more than 500 employees and have been dissolved?,"MATCH (o:Organization)
WHERE o.nbrEmployees > 500 AND o.isDissolved = true
RETURN o.name, o.nbrEmployees, o.isDissolved","match
$o isa organization, has nbr_employees $n, has is_dissolved true, has name $name;
$n > 500;
fetch {
  ""name"": $name,
  ""nbrEmployees"": $n,
  ""isDissolved"": $o.is_dissolved
};"
55,List the industries that have organizations with CEOs named 'Julie Spellman Sweet'.,"MATCH (p:Person {name: ""Julie Spellman Sweet""})<-[:HAS_CEO]-(o:Organization)-[:HAS_CATEGORY]->(ic:IndustryCategory)
RETURN DISTINCT ic.name AS IndustryName","match
$p isa person, has name ""Julie Spellman Sweet"";
ceo_of (ceo: $p, organization: $o);
in_category (organization: $o, category: $ic);
select $ic;
distinct;
fetch {
  ""IndustryName"": $ic.industry_category_name
};"
56,What are the cities where organizations with the highest number of suppliers are located?,"MATCH (o:Organization)-[:HAS_SUPPLIER]->(s:Organization)
WITH o, COUNT(s) AS supplierCount
ORDER BY supplierCount DESC
LIMIT 1
MATCH (o)-[:IN_CITY]->(c:City)
RETURN c.name AS city, supplierCount","match
$o isa organization;
supplies (supplier: $s, customer: $o);
reduce $supplierCount = count($s) groupby $o;
sort $supplierCount desc;
limit 1;
match
located_in (organization: $o, city: $c);
$c has city_name $city;
fetch {
  ""city"": $city,
  ""supplierCount"": $supplierCount
};"
57,Which organizations are suppliers to companies in the energy sector?,"MATCH (org:Organization)-[:HAS_SUPPLIER]->(supplier:Organization),
      (org)-[:HAS_CATEGORY]->(category:IndustryCategory)
WHERE category.name CONTAINS ""Energy""
RETURN DISTINCT supplier.name AS SupplierName","match
$org isa organization;
$supplier isa organization;
supplies (supplier: $supplier, customer: $org);
$cat isa industry_category, has industry_category_name $catname;
$catname like "".*Energy.*"";
in_category (organization: $org, category: $cat);
select $supplier;
distinct;
fetch {
  ""SupplierName"": $supplier.name
};"
58,List all articles that mention organizations headquartered in the United States of America.,"MATCH (country:Country {name: ""United States of America""})<-[:IN_COUNTRY]-(city:City)<-[:IN_CITY]-(org:Organization)<-[:MENTIONS]-(article:Article)
RETURN article.id, article.title, article.date, article.author, article.siteName, article.summary","match
$country isa country, has country_name ""United States of America"";
location-contains (parent: $country, child: $city);
$city isa city;
located_in (organization: $org, city: $city);
$org isa organization;
mentions (article: $article, mentioned: $org);
$article isa article;
fetch {
  ""id"": $article.article_id,
  ""title"": $article.title,
  ""date"": $article.date,
  ""author"": $article.author,
  ""siteName"": $article.site_name,
  ""summary"": $article.article_summary
};"
59,Which organizations have a CEO and also have a subsidiary?,"MATCH (org:Organization)-[:HAS_CEO]->(ceo:Person)
MATCH (org)-[:HAS_SUBSIDIARY]->(subsidiary:Organization)
RETURN org.name AS OrganizationName, ceo.name AS CEOName, subsidiary.name AS SubsidiaryName","match
$org isa organization;
$ceo isa person;
$sub isa organization;
ceo_of (organization: $org, ceo: $ceo);
subsidiary_of (parent: $org, subsidiary: $sub);
fetch {
  ""OrganizationName"": $org.name,
  ""CEOName"": $ceo.name,
  ""SubsidiaryName"": $sub.name
};"
60,List the countries where organizations with a revenue less than $10 million are located.,"MATCH (o:Organization)-[:IN_CITY]->(c:City)-[:IN_COUNTRY]->(country:Country)
WHERE o.revenue < 10000000
RETURN DISTINCT country.name","match
$o isa organization, has revenue $r;
$r < 10000000.0;
$c isa city;
$country isa country, has country_name $cn;
located_in (organization: $o, city: $c);
location-contains (parent: $country, child: $c);
select $cn;
distinct;
fetch { ""country_name"": $cn };"
61,Who are the current CEOs of public organizations?,"MATCH (o:Organization {isPublic: true})-[:HAS_CEO]->(p:Person)
RETURN p.name AS CEO, o.name AS Organization","match
$o isa organization, has is_public true;
$p isa person;
ceo_of (organization: $o, ceo: $p);
fetch {
  ""CEO"": $p.name,
  ""Organization"": $o.name
};"
62,Which organizations have industry categories that include 'Electronic Products Manufacturers'?,"MATCH (org:Organization)-[:HAS_CATEGORY]->(cat:IndustryCategory {name: ""Electronic Products Manufacturers""})
RETURN org.name AS organizationName","match
$org isa organization;
$cat isa industry_category, has industry_category_name ""Electronic Products Manufacturers"";
in_category (organization: $org, category: $cat);
fetch {
  ""organizationName"": $org.name
};"
63,List the top 3 organizations with the highest sentiment score in their mentioned articles.,"MATCH (o:Organization)<-[:MENTIONS]-(a:Article)
RETURN o.name AS organization, MAX(a.sentiment) AS max_sentiment
ORDER BY max_sentiment DESC
LIMIT 3","match
$o isa organization;
$a isa article, has sentiment $s;
mentions (article: $a, mentioned: $o);
reduce $max_sentiment = max($s) groupby $o;
sort $max_sentiment desc;
limit 3;
fetch {
  ""organization"": $o.name,
  ""max_sentiment"": $max_sentiment
};"
64,Which organizations have more than two competitors?,"MATCH (o:Organization)-[:HAS_COMPETITOR]->(c:Organization)
WITH o, COUNT(c) AS competitorCount
WHERE competitorCount > 2
RETURN o.name AS organizationName, competitorCount","match
$o isa organization, has name $name;
competes_with ($o, $c);
$c isa organization;
not { $o is $c; };
reduce $count = count($c) groupby $o, $name;
match $count > 2;
fetch { ""organizationName"": $name, ""competitorCount"": $count };"
65,Who are the children of persons named in the organization board member directories?,"MATCH (org:Organization)-[:HAS_BOARD_MEMBER]->(parent:Person)
MATCH (parent)-[:HAS_CHILD]->(child:Person)
RETURN DISTINCT parent.name AS BoardMember, child.name AS Child","match
$org isa organization;
board_member_of (organization: $org, member: $parent);
parent_of (parent: $parent, child: $child);
$child isa person;
select $parent, $child;
distinct;
fetch {
  ""BoardMember"": $parent.name,
  ""Child"": $child.name
};"
66,List all organizations that have subsidiaries and are not dissolved.,"MATCH (o:Organization)-[:HAS_SUBSIDIARY]->(s:Organization)
WHERE o.isDissolved = false
RETURN o.name","match
$o isa organization, has is_dissolved false;
subsidiary_of (parent: $o, subsidiary: $s);
$s isa organization;
fetch {
  ""name"": $o.name
};"
67,Which countries are associated with cities that host major software companies?,"MATCH (o:Organization)-[:IN_CITY]->(c:City)-[:IN_COUNTRY]->(co:Country)
WHERE o.summary CONTAINS ""software""
RETURN DISTINCT co.name AS Country","match
$o isa organization, has summary $s;
$s like "".*software.*"";
located_in (organization: $o, city: $c);
location-contains (parent: $co, child: $c);
$co isa country, has country_name $cn;
select $cn;
distinct;
fetch {
  ""Country"": $cn
};"
68,What are the summaries of articles mentioning organizations in the electronics industry?,"MATCH (org:Organization)-[:HAS_CATEGORY]->(cat:IndustryCategory {name: ""Electronic Products Manufacturers""})
MATCH (article:Article)-[:MENTIONS]->(org)
RETURN article.summary","match
$org isa organization;
$cat isa industry_category, has industry_category_name ""Electronic Products Manufacturers"";
in_category (organization: $org, category: $cat);
$article isa article;
mentions (article: $article, mentioned: $org);
fetch {
  ""summary"": $article.article_summary
};"
69,Who are the parents of persons who are CEOs of major organizations?,"MATCH (org:Organization)-[:HAS_CEO]->(ceo:Person)
WHERE org.revenue > 1.0E8
MATCH (ceo)-[:HAS_PARENT]->(parent:Person)
RETURN ceo.name AS CEO, parent.name AS Parent","match
$org isa organization, has revenue $rev;
$rev > 1.0E8;
ceo_of (organization: $org, ceo: $ceo);
$ceo isa person;
parent_of (child: $ceo, parent: $parent);
$parent isa person;
fetch {
  ""CEO"": $ceo.name,
  ""Parent"": $parent.name
};"
70,Which organizations are headquartered in cities within the United States of America?,"MATCH (org:Organization)-[:IN_CITY]->(city:City)-[:IN_COUNTRY]->(country:Country {name: ""United States of America""})
RETURN org.name AS organizationName","match
$org isa organization;
$city isa city;
$country isa country, has country_name ""United States of America"";
located_in (organization: $org, city: $city);
location-contains (parent: $country, child: $city);
fetch {
  ""organizationName"": $org.name
};"
71,Provide the names of the organizations that have more than three board members.,"MATCH (o:Organization)-[:HAS_BOARD_MEMBER]->(p:Person)
WITH o, COUNT(p) AS boardMemberCount
WHERE boardMemberCount > 3
RETURN o.name","match
$o isa organization;
$p isa person;
board_member_of (organization: $o, member: $p);
reduce $count = count($p) groupby $o;
match $count > 3;
fetch { ""name"": $o.name };"
72,Which countries have cities that are mentioned in articles with a positive sentiment (>0.5)?,"MATCH (a:Article)-[:HAS_CHUNK]->(c:Chunk),
      (a)-[:MENTIONS]->(o:Organization)-[:IN_CITY]->(ci:City)-[:IN_COUNTRY]->(co:Country)
WHERE a.sentiment > 0.5
RETURN DISTINCT co.name AS Country","match
$a isa article, has sentiment $s;
$s > 0.5;
mentions (article: $a, mentioned: $ci);
$ci isa city;
location-contains (parent: $co, child: $ci);
$co isa country, has country_name $cn;
select $cn;
distinct;
fetch { ""Country"": $cn };"
73,List the articles that mention the organization 'New Energy Group'.,"MATCH (o:Organization {name: ""New Energy Group""})<-[:MENTIONS]-(a:Article)
RETURN a.title, a.date, a.author, a.summary","match
$o isa organization, has name ""New Energy Group"";
mentions (article: $a, mentioned: $o);
$a isa article;
fetch {
  ""title"": $a.title,
  ""date"": $a.date,
  ""author"": $a.author,
  ""summary"": $a.article_summary
};"
74,What are the top 3 articles mentioning 'New Energy Group'?,"MATCH (o:Organization {name: ""New Energy Group""})<-[:MENTIONS]-(a:Article)
RETURN a.title, a.date, a.sentiment
ORDER BY a.date DESC
LIMIT 3","match
$o isa organization, has name ""New Energy Group"";
mentions (article: $a, mentioned: $o);
$a has date $d;
sort $d desc;
limit 3;
fetch {
  ""title"": $a.title,
  ""date"": $d,
  ""sentiment"": $a.sentiment
};"
75,List the first 3 countries with organizations that have more than 100 employees.,"MATCH (o:Organization)-[:IN_CITY]->(:City)-[:IN_COUNTRY]->(c:Country)
WHERE o.nbrEmployees > 100
RETURN DISTINCT c.name
LIMIT 3","match
$o isa organization, has nbr_employees $ne;
$ne > 100;
located_in (organization: $o, city: $c);
location-contains (parent: $country, child: $c);
$country isa country, has country_name $cn;
select $cn;
distinct;
limit 3;
fetch {
  ""country_name"": $cn
};"
76,"Which organizations have a motto related to 'security', list the top 3.","MATCH (o:Organization)
WHERE o.motto CONTAINS 'security'
RETURN o.name, o.motto
ORDER BY o.name
LIMIT 3","match
$o isa organization, has motto $m, has name $n;
$m like "".*security.*"";
sort $n;
limit 3;
fetch {
  ""name"": $n,
  ""motto"": $m
};"
77,List the top 5 cities with the most organizations in the 'Healthcare' industry.,"MATCH (org:Organization)-[:HAS_CATEGORY]->(category:IndustryCategory {name: ""Healthcare""})
MATCH (org)-[:IN_CITY]->(city:City)
RETURN city.name AS city, COUNT(org) AS organization_count
ORDER BY organization_count DESC
LIMIT 5","match
$org isa organization;
$cat isa industry_category, has industry_category_name ""Healthcare"";
in_category (organization: $org, category: $cat);
located_in (organization: $org, city: $city);
$city isa city;
reduce $count = count($org) groupby $city;
sort $count desc;
limit 5;
fetch { ""city"": $city.city_name, ""organization_count"": $count };"
78,Who are the top 3 parents of 'Julie Spellman Sweet'?,"MATCH (p:Person {name: ""Julie Spellman Sweet""})-[:HAS_PARENT]->(parent:Person)
RETURN parent.name AS ParentName
LIMIT 3","match
$p isa person, has name ""Julie Spellman Sweet"";
parent_of (parent: $parent, child: $p);
$parent has name $n;
limit 3;
fetch {
  ""ParentName"": $n
};"
79,"Which organizations have more than 2 board members, list the top 3.","MATCH (o:Organization)-[:HAS_BOARD_MEMBER]->(p:Person)
WITH o, COUNT(p) AS boardMemberCount
WHERE boardMemberCount > 2
RETURN o.name AS organizationName, boardMemberCount
ORDER BY boardMemberCount DESC
LIMIT 3","match
$o isa organization;
$p isa person;
board_member_of (organization: $o, member: $p);
reduce $count = count($p) groupby $o;
match
$count > 2;
sort $count desc;
limit 3;
fetch {
  ""organizationName"": $o.name,
  ""boardMemberCount"": $count
};"
80,What are the top 5 articles with the highest sentiment scores mentioning organizations in 'Seattle'?,"MATCH (city:City {name: ""Seattle""})<-[:IN_CITY]-(org:Organization)<-[:MENTIONS]-(article:Article)
RETURN article.title, article.sentiment
ORDER BY article.sentiment DESC
LIMIT 5","match
$city isa city, has city_name ""Seattle"";
located_in (organization: $org, city: $city);
mentions (article: $article, mentioned: $org);
$article has sentiment $s;
sort $s desc;
limit 5;
fetch {
  ""title"": $article.title,
  ""sentiment"": $s
};"
81,List the first 3 organizations with the lowest revenue that are not dissolved.,"MATCH (o:Organization)
WHERE o.isDissolved = false
RETURN o.name, o.revenue
ORDER BY o.revenue ASC
LIMIT 3","match
$o isa organization, has is_dissolved false, has revenue $r;
sort $r asc;
limit 3;
fetch {
  ""name"": $o.name,
  ""revenue"": $r
};"
82,Which organizations have a CEO named 'Julie Spellman Sweet'?,"MATCH (p:Person {name: ""Julie Spellman Sweet""})<-[:HAS_CEO]-(o:Organization)
RETURN o.name","match
$p isa person, has name ""Julie Spellman Sweet"";
ceo_of (ceo: $p, organization: $o);
fetch {
  ""name"": $o.name
};"
83,List the top 5 organizations that have the most suppliers.,"MATCH (o:Organization)-[:HAS_SUPPLIER]->(s:Organization)
WITH o, COUNT(s) AS supplierCount
ORDER BY supplierCount DESC
LIMIT 5
RETURN o.name AS organizationName, supplierCount","match
$o isa organization;
supplies (customer: $o, supplier: $s);
reduce $count = count($s) groupby $o;
sort $count desc;
limit 5;
fetch {
  ""organizationName"": $o.name,
  ""supplierCount"": $count
};"
84,List the top 5 organizations that are public and have a revenue less than 10 million.,"MATCH (o:Organization)
WHERE o.isPublic = true AND o.revenue < 10000000
RETURN o.name, o.revenue
ORDER BY o.revenue DESC
LIMIT 5","match
$o isa organization, has is_public true, has revenue $rev, has name $name;
$rev < 10000000.0;
sort $rev desc;
limit 5;
fetch {
  ""name"": $name,
  ""revenue"": $rev
};"
85,Who are the board members of the first 3 organizations in the 'Technology' industry?,"MATCH (industry:IndustryCategory {name: ""Technology""})<-[:HAS_CATEGORY]-(org:Organization)
WITH org
ORDER BY org.name
LIMIT 3
MATCH (org)-[:HAS_BOARD_MEMBER]->(boardMember:Person)
RETURN org.name AS Organization, collect(boardMember.name) AS BoardMembers","match
$ic isa industry_category, has industry_category_name ""Technology"";
in_category (organization: $o, category: $ic);
board_member_of (organization: $o, member: $p);
$o has name $org_name;
sort $org_name;
limit 3;
fetch { ""organization"": $org_name, ""board_member"": $p.name };"
86,"Which organizations have more than 3 subsidiaries, list the top 3.","MATCH (o:Organization)-[:HAS_SUBSIDIARY]->(s:Organization)
WITH o, COUNT(s) AS numSubsidiaries
WHERE numSubsidiaries > 3
RETURN o.name AS organizationName, numSubsidiaries
ORDER BY numSubsidiaries DESC
LIMIT 3","match
$o isa organization;
subsidiary_of (parent: $o, subsidiary: $s);
reduce $count = count($s) groupby $o;
match $count > 3;
sort $count desc;
limit 3;
fetch { ""organizationName"": $o.name, ""numSubsidiaries"": $count };"
87,List the first 3 organizations that have 'Google' as a competitor.,"MATCH (o:Organization {name: ""Google""})-[:HAS_COMPETITOR]->(competitor:Organization)
RETURN competitor.name
LIMIT 3","match
$o isa organization, has name ""Google"";
$competitor isa organization, has name $name;
competes_with (competitor: $o, competitor: $competitor);
limit 3;
fetch {
  ""name"": $name
};"
88,What are the first 3 articles mentioning organizations based in the United States?,"MATCH (org:Organization)-[:IN_CITY]->(city:City)-[:IN_COUNTRY]->(country:Country {name: ""United States of America""})
MATCH (article:Article)-[:MENTIONS]->(org)
RETURN article.title, article.date, article.author, article.siteName
ORDER BY article.date DESC
LIMIT 3","match
$country isa country, has country_name ""United States of America"";
location-contains (parent: $country, child: $city);
$city isa city;
located_in (organization: $org, city: $city);
$org isa organization;
mentions (article: $article, mentioned: $org);
$article isa article, has date $d;
sort $d desc;
limit 3;
fetch {
  ""title"": $article.title,
  ""date"": $d,
  ""author"": $article.author,
  ""siteName"": $article.site_name
};"
89,"Which industries have more than 5 organizations associated with them, list the top 3.","MATCH (o:Organization)-[:HAS_CATEGORY]->(ic:IndustryCategory)
WITH ic, count(o) as orgCount
WHERE orgCount > 5
RETURN ic.name as Industry, orgCount
ORDER BY orgCount DESC
LIMIT 3","match
$ic isa industry_category;
$o isa organization;
in_category (organization: $o, category: $ic);
reduce $orgCount = count($o) groupby $ic;
match
$orgCount > 5;
sort $orgCount desc;
limit 3;
fetch {
  ""Industry"": $ic.industry_category_name,
  ""orgCount"": $orgCount
};"
90,List the top 5 CEOs of organizations with revenue greater than 50 million.,"MATCH (o:Organization)-[:HAS_CEO]->(p:Person)
WHERE o.revenue > 50000000
RETURN p.name AS CEO, o.name AS Organization, o.revenue AS Revenue
ORDER BY o.revenue DESC
LIMIT 5","match
$o isa organization, has name $org_name, has revenue $rev;
$p isa person, has name $ceo_name;
ceo_of (organization: $o, ceo: $p);
$rev > 50000000;
sort $rev desc;
limit 5;
fetch {
  ""CEO"": $ceo_name,
  ""Organization"": $org_name,
  ""Revenue"": $rev
};"
91,Who are the top 3 suppliers of 'New Energy Group'?,"MATCH (o:Organization {name: ""New Energy Group""})-[:HAS_SUPPLIER]->(supplier:Organization)
RETURN supplier.name AS SupplierName
ORDER BY supplier.revenue DESC
LIMIT 3","match
$o isa organization, has name ""New Energy Group"";
supplies (supplier: $supplier, customer: $o);
$supplier has revenue $rev;
sort $rev desc;
limit 3;
fetch {
  ""SupplierName"": $supplier.name
};"
92,Find the first 3 organizations that have been investors in more than 3 other organizations.,"MATCH (investor:Organization)-[:HAS_INVESTOR]->(investee:Organization)
WITH investor, COUNT(investee) AS investeeCount
WHERE investeeCount > 3
RETURN investor.name AS InvestorName, investeeCount
ORDER BY investeeCount DESC
LIMIT 3","match
$investor isa organization;
$investee isa organization;
invested_in (investor: $investor, organization: $investee);
reduce $count = count($investee) groupby $investor;
match
$count > 3;
sort $count desc;
limit 3;
fetch {
  ""InvestorName"": $investor.name,
  ""investeeCount"": $count
};"
93,What are the top 3 cities where the software companies are based?,"MATCH (o:Organization)-[:IN_CITY]->(c:City)
WHERE o.summary CONTAINS ""Software""
RETURN c.name AS city, COUNT(o) AS softwareCompanyCount
ORDER BY softwareCompanyCount DESC
LIMIT 3","match
$o isa organization, has summary $s;
$s like "".*Software.*"";
located_in (organization: $o, city: $c);
reduce $count = count($o) groupby $c;
sort $count desc;
limit 3;
fetch { ""city"": $c.city_name };"
94,List the first 3 organizations with the highest number of employees that are public.,"MATCH (o:Organization)
WHERE o.isPublic = true
RETURN o.name, o.nbrEmployees
ORDER BY o.nbrEmployees DESC
LIMIT 3","match
$o isa organization, has is_public true, has nbr_employees $n;
sort $n desc;
limit 3;
fetch {
  ""name"": $o.name,
  ""nbrEmployees"": $n
};"
95,Which organizations are mentioned in articles authored by 'David Correa'?,"MATCH (a:Article)-[:MENTIONS]->(o:Organization)
WHERE a.author = 'David Correa'
RETURN o.name","match
$a isa article, has author ""David Correa"";
mentions (article: $a, mentioned: $o);
$o isa organization;
fetch {
  ""name"": $o.name
};"
96,What are the top 5 organizations that are mentioned the most in articles with a sentiment below 0.5?,"MATCH (o:Organization)<-[:MENTIONS]-(a:Article)
WHERE a.sentiment < 0.5
RETURN o.name, COUNT(a) AS mentionCount
ORDER BY mentionCount DESC
LIMIT 5","match
$o isa organization;
$a isa article, has sentiment $s;
$s < 0.5;
mentions (article: $a, mentioned: $o);
reduce $count = count($a) groupby $o;
sort $count desc;
limit 5;
fetch {
  ""name"": $o.name,
  ""mentionCount"": $count
};"
97,"Which organizations in Rome have a 'Software' category, list the top 3.","MATCH (o:Organization)-[:IN_CITY]->(c:City {name: ""Rome""}),
      (o)-[:HAS_CATEGORY]->(ic:IndustryCategory {name: ""Software""})
RETURN o.name AS organizationName, o.revenue AS revenue
ORDER BY o.revenue DESC
LIMIT 3","match
$o isa organization, has revenue $rev;
$c isa city, has city_name ""Rome"";
$ic isa industry_category, has industry_category_name ""Software"";
located_in (organization: $o, city: $c);
in_category (organization: $o, category: $ic);
sort $rev desc;
limit 3;
fetch {
  ""organizationName"": $o.name,
  ""revenue"": $rev
};"
98,List the first 3 industries that have the most organizations with a CEO named 'Julie Spellman Sweet'.,"MATCH (p:Person {name: ""Julie Spellman Sweet""})<-[:HAS_CEO]-(o:Organization)-[:HAS_CATEGORY]->(ic:IndustryCategory)
WITH ic, COUNT(o) AS orgCount
ORDER BY orgCount DESC
LIMIT 3
RETURN ic.name AS Industry, orgCount AS NumberOfOrganizations","match
$p isa person, has name ""Julie Spellman Sweet"";
ceo_of (ceo: $p, organization: $o);
in_category (organization: $o, category: $ic);
$ic has industry_category_name $icn;
reduce $count = count($o) groupby $ic, $icn;
sort $count desc;
limit 3;
fetch {
  ""Industry"": $icn,
  ""NumberOfOrganizations"": $count
};"
99,What are the top 5 articles with the earliest publication dates mentioning 'Accenture'?,"MATCH (a:Article)-[:MENTIONS]->(o:Organization {name: ""Accenture""})
RETURN a.title, a.date
ORDER BY a.date ASC
LIMIT 5","match
$a isa article;
$o isa organization, has name ""Accenture"";
mentions (article: $a, mentioned: $o);
$a has date $d;
sort $d asc;
limit 5;
fetch {
  ""title"": $a.title,
  ""date"": $d
};"
100,Which cities host organizations with more than 100 employees?,"MATCH (o:Organization)-[:IN_CITY]->(c:City)
WHERE o.nbrEmployees > 100
RETURN DISTINCT c.name AS city","match
$o isa organization, has nbr_employees $n;
$n > 100;
located_in (organization: $o, city: $c);
$c has city_name $cn;
select $cn;
distinct;
fetch { ""city"": $cn };"
101,List all people who are board members of organizations in Houston.,"MATCH (city:City {name: ""Houston""})<-[:IN_CITY]-(org:Organization)-[:HAS_BOARD_MEMBER]->(person:Person)
RETURN person.name","match
$city isa city, has city_name ""Houston"";
located_in (organization: $org, city: $city);
board_member_of (organization: $org, member: $person);
$person isa person;
fetch {
  ""name"": $person.name
};"
102,Which industry categories does New Energy Group belong to?,"MATCH (o:Organization {name: ""New Energy Group""})-[:HAS_CATEGORY]->(ic:IndustryCategory)
RETURN ic.name AS IndustryCategories","match
$o isa organization, has name ""New Energy Group"";
in_category (organization: $o, category: $ic);
fetch {
  ""IndustryCategories"": $ic.industry_category_name
};"
103,What are the top 5 organizations with the highest revenue?,"MATCH (o:Organization)
RETURN o.name, o.revenue
ORDER BY o.revenue DESC
LIMIT 5","match
$o isa organization, has name $n, has revenue $r;
sort $r desc;
limit 5;
fetch {
  ""name"": $n,
  ""revenue"": $r
};"
104,Which organizations are suppliers to Accenture?,"MATCH (o:Organization {name: ""Accenture""})-[:HAS_SUPPLIER]->(supplier:Organization)
RETURN supplier.name","match
$accenture isa organization, has name ""Accenture"";
supplies (customer: $accenture, supplier: $supplier);
$supplier isa organization;
fetch {
  ""name"": $supplier.name
};"
105,What are the names of organizations that have 'Accenture' as an investor?,"MATCH (investor:Organization {name: ""Accenture""})<-[:HAS_INVESTOR]-(org:Organization)
RETURN org.name","match
  $investor isa organization, has name ""Accenture"";
  $org isa organization;
  invested_in (organization: $org, investor: $investor);
fetch {
  ""name"": $org.name
};"
106,"Which organizations have more than 1,000 employees and are not public?","MATCH (o:Organization)
WHERE o.nbrEmployees > 1000 AND o.isPublic = false
RETURN o.name, o.nbrEmployees","match
$o isa organization, has nbr_employees $n, has is_public false;
$n > 1000;
fetch {
  ""name"": $o.name,
  ""nbr_employees"": $n
};"
107,Which organizations are competitors of Deja vu Security?,"MATCH (o:Organization {name: ""Deja vu Security""})-[:HAS_COMPETITOR]->(competitor:Organization)
RETURN competitor.name","match
$o isa organization, has name ""Deja vu Security"";
$competitor isa organization;
competes_with (competitor: $o, competitor: $competitor);
not { $competitor is $o; };
fetch {
  ""competitor_name"": $competitor.name
};"
108,Who are the CEOs of organizations located in Seattle?,"MATCH (o:Organization)-[:IN_CITY]->(c:City {name: ""Seattle""})
MATCH (o)-[:HAS_CEO]->(ceo:Person)
RETURN ceo.name AS CEO, o.name AS Organization","match
$o isa organization;
$c isa city, has city_name ""Seattle"";
located_in (organization: $o, city: $c);
ceo_of (organization: $o, ceo: $ceo);
fetch {
  ""CEO"": $ceo.name,
  ""Organization"": $o.name
};"
109,What are the names of organizations dissolved and were public?,"MATCH (o:Organization)
WHERE o.isDissolved = true AND o.isPublic = true
RETURN o.name","match
$o isa organization, has is_dissolved true, has is_public true;
fetch {
  ""name"": $o.name
};"
110,List all organizations that have a revenue greater than $1 billion.,"MATCH (o:Organization)
WHERE o.revenue > 1.0E9
RETURN o.name, o.revenue","match
$o isa organization, has revenue $r;
$r > 1000000000.0;
fetch {
  ""name"": $o.name,
  ""revenue"": $r
};"
111,Which organizations are mentioned in articles authored by David Correa?,"MATCH (a:Article {author: ""David Correa""})-[:MENTIONS]->(o:Organization)
RETURN o.name","match
$a isa article, has author ""David Correa"";
mentions (article: $a, mentioned: $o);
$o isa organization;
fetch {
  ""name"": $o.name
};"
112,List the first 3 organizations in 'Chicago' that have been mentioned in articles with a sentiment below 0.6.,"MATCH (city:City {name: ""Chicago""})<-[:IN_CITY]-(org:Organization)
MATCH (article:Article)-[:MENTIONS]->(org)
WHERE article.sentiment < 0.6
RETURN org.name
LIMIT 3","match
$city isa city, has city_name ""Chicago"";
located_in (organization: $org, city: $city);
$article isa article, has sentiment $s;
mentions (article: $article, mentioned: $org);
$s < 0.6;
$org has name $n;
limit 3;
fetch {
  ""name"": $n
};"
113,Who are the top 3 suppliers of organizations in 'New York City'?,"MATCH (city:City {name: ""New York City""})<-[:IN_CITY]-(org:Organization)-[:HAS_SUPPLIER]->(supplier:Organization)
RETURN supplier.name, COUNT(*) AS supply_count
ORDER BY supply_count DESC
LIMIT 3","match
$city isa city, has city_name ""New York City"";
located_in (organization: $org, city: $city);
supplies (supplier: $supplier, customer: $org);
$supplier has name $sname;
reduce $supply_count = count($org) groupby $supplier, $sname;
sort $supply_count desc;
limit 3;
fetch { ""name"": $sname, ""supply_count"": $supply_count };"
114,List the top 5 organizations that have an investor named 'Julie Spellman Sweet'.,"MATCH (p:Person {name: ""Julie Spellman Sweet""})<-[:HAS_INVESTOR]-(o:Organization)
RETURN o.name AS organizationName
ORDER BY o.revenue DESC
LIMIT 5","match
$p isa person, has name ""Julie Spellman Sweet"";
invested_in (investor: $p, organization: $o);
$o has revenue $r;
sort $r desc;
limit 5;
fetch {
  ""organizationName"": $o.name
};"
115,"Which organizations have a board member named 'Julie Spellman Sweet', list the top 3.","MATCH (p:Person {name: ""Julie Spellman Sweet""})<-[:HAS_BOARD_MEMBER]-(o:Organization)
RETURN o.name AS organizationName
ORDER BY o.name
LIMIT 3","match
$p isa person, has name ""Julie Spellman Sweet"";
$o isa organization, has name $n;
board_member_of (member: $p, organization: $o);
sort $n asc;
limit 3;
fetch {
  ""organizationName"": $n
};"
116,List the top 3 articles mentioning organizations with a summary containing 'financial services'.,"MATCH (a:Article)-[:MENTIONS]->(o:Organization)
WHERE o.summary CONTAINS 'financial services'
RETURN a.title, a.date, a.author, a.siteName, a.summary
ORDER BY a.date DESC
LIMIT 3","match
$a isa article;
$o isa organization, has summary $s;
$s like "".*financial services.*"";
mentions (article: $a, mentioned: $o);
$a has date $d;
sort $d desc;
limit 3;
fetch {
  ""title"": $a.title,
  ""date"": $d,
  ""author"": $a.author,
  ""siteName"": $a.site_name,
  ""summary"": $a.article_summary
};"
117,What are the top 5 organizations in the 'Transportation' industry with the most revenue?,"MATCH (org:Organization)-[:HAS_CATEGORY]->(cat:IndustryCategory {name: ""Transportation""})
RETURN org.name AS organization, org.revenue AS revenue
ORDER BY org.revenue DESC
LIMIT 5","match
$org isa organization, has revenue $rev;
$cat isa industry_category, has industry_category_name ""Transportation"";
in_category (organization: $org, category: $cat);
sort $rev desc;
limit 5;
fetch {
  ""organization"": $org.name,
  ""revenue"": $rev
};"
118,List the first 3 CEOs of organizations with less than 50 employees.,"MATCH (o:Organization)-[:HAS_CEO]->(p:Person)
WHERE o.nbrEmployees < 50
RETURN p.name AS CEO, o.name AS Organization
LIMIT 3","match
$o isa organization, has nbr_employees $ne, has name $org_name;
$ne < 50;
$p isa person, has name $ceo_name;
ceo_of (organization: $o, ceo: $p);
limit 3;
fetch {
  ""CEO"": $ceo_name,
  ""Organization"": $org_name
};"
119,"Which organizations have 'Apple' as a competitor, list the top 3.","MATCH (apple:Organization {name: ""Apple""})<-[:HAS_COMPETITOR]-(competitor:Organization)
RETURN competitor.name AS organization_name
ORDER BY competitor.revenue DESC
LIMIT 3","match
$apple isa organization, has name ""Apple"";
$competitor isa organization, has name $comp_name;
competes_with (competitor: $apple, competitor: $competitor);
$competitor has revenue $rev;
sort $rev desc;
limit 3;
fetch {
  ""organization_name"": $comp_name
};"
120,List the top 5 cities where the electronic products manufacturers are based.,"MATCH (org:Organization)-[:HAS_CATEGORY]->(cat:IndustryCategory {name: ""Electronic Products Manufacturers""})
MATCH (org)-[:IN_CITY]->(city:City)
RETURN city.name AS city, COUNT(org) AS org_count
ORDER BY org_count DESC
LIMIT 5","match
$org isa organization;
in_category (organization: $org, category: $cat);
$cat isa industry_category, has industry_category_name ""Electronic Products Manufacturers"";
located_in (organization: $org, city: $city);
$city has city_name $cn;
reduce $org_count = count($org) groupby $city, $cn;
sort $org_count desc;
limit 5;
fetch {
  ""city"": $cn,
  ""org_count"": $org_count
};"
121,Who are the top 3 CEOs of dissolved organizations?,"MATCH (o:Organization)-[:HAS_CEO]->(p:Person)
WHERE o.isDissolved = true
RETURN p.name AS CEO, o.name AS Organization
ORDER BY o.revenue DESC
LIMIT 3","match
$o isa organization, has is_dissolved true, has revenue $rev, has name $org_name;
$p isa person, has name $ceo_name;
ceo_of (organization: $o, ceo: $p);
sort $rev desc;
limit 3;
fetch {
  ""CEO"": $ceo_name,
  ""Organization"": $org_name
};"
122,"Which organizations have been mentioned in articles with a sentiment greater than 0.7, list the top 3.","MATCH (a:Article)-[:MENTIONS]->(o:Organization)
WHERE a.sentiment > 0.7
RETURN o.name AS organization, COUNT(a) AS mentionCount
ORDER BY mentionCount DESC
LIMIT 3","match
$a isa article, has sentiment $s;
$s > 0.7;
$o isa organization;
mentions (article: $a, mentioned: $o);
reduce $count = count($a) groupby $o;
sort $count desc;
limit 3;
fetch {
  ""organization"": $o.name,
  ""mentionCount"": $count
};"
123,What are the names of the children of Julie Spellman Sweet?,"MATCH (p:Person {name: ""Julie Spellman Sweet""})-[:HAS_CHILD]->(child:Person)
RETURN child.name","match
$p isa person, has name ""Julie Spellman Sweet"";
$child isa person;
parent_of (parent: $p, child: $child);
fetch {
  ""name"": $child.name
};"
124,Which organizations have CEOs that are also board members of other organizations?,"MATCH (ceo:Person)-[:HAS_CEO]->(org1:Organization),
      (ceo)-[:HAS_BOARD_MEMBER]->(org2:Organization)
RETURN org1.name AS Organization, ceo.name AS CEO, org2.name AS BoardMemberOf","match
$ceo isa person;
$org1 isa organization;
$org2 isa organization;
ceo_of (ceo: $ceo, organization: $org1);
board_member_of (member: $ceo, organization: $org2);
fetch {
  ""Organization"": $org1.name,
  ""CEO"": $ceo.name,
  ""BoardMemberOf"": $org2.name
};"
125,"List the organizations that have subsidiaries and are headquartered in cities with more than 500,000 residents.","MATCH (org:Organization)-[:HAS_SUBSIDIARY]->(:Organization),
      (org)-[:IN_CITY]->(city:City)
WHERE city.nbrResidents > 500000
RETURN org.name AS OrganizationName","match
$org isa organization;
subsidiary_of (parent: $org, subsidiary: $sub);
$sub isa organization;
located_in (organization: $org, city: $city);
$city has population $pop;
$pop > 500000;
fetch {
  ""OrganizationName"": $org.name
};"
126,Who are the investors of organizations with a revenue exceeding $500 million?,"MATCH (o:Organization)-[:HAS_INVESTOR]->(investor)
WHERE o.revenue > 500000000
RETURN DISTINCT investor.name AS InvestorName, o.name AS OrganizationName","match
$o isa organization, has revenue $r, has name $oname;
$r > 500000000;
invested_in (organization: $o, investor: $inv);
$inv has name $iname;
select $iname, $oname;
distinct;
fetch {
  ""InvestorName"": $iname,
  ""OrganizationName"": $oname
};"
127,What are the names of the organizations that have a CEO named after a person with a summary mentioning 'CEO at Accenture'?,"MATCH (p:Person {summary: ""CEO at Accenture""})
MATCH (o:Organization)-[:HAS_CEO]->(p)
RETURN o.name","match
$p isa person, has summary ""CEO at Accenture"";
$o isa organization;
ceo_of (organization: $o, ceo: $p);
fetch {
  ""name"": $o.name
};"
128,List the first 5 organizations that have a supplier with a revenue greater than 100 million.,"MATCH (o:Organization)-[:HAS_SUPPLIER]->(supplier:Organization)
WHERE supplier.revenue > 100000000
RETURN o.name AS OrganizationName
LIMIT 5","match
$o isa organization;
$supplier isa organization, has revenue $r;
$r > 100000000;
supplies (supplier: $supplier, customer: $o);
limit 5;
fetch {
  ""OrganizationName"": $o.name
};"
129,Identify the top 3 organizations with the most board members.,"MATCH (o:Organization)-[:HAS_BOARD_MEMBER]->(p:Person)
WITH o, COUNT(p) AS boardMemberCount
ORDER BY boardMemberCount DESC
LIMIT 3
RETURN o.name AS organizationName, boardMemberCount","match
$o isa organization;
$p isa person;
board_member_of (organization: $o, member: $p);
reduce $count = count($p) groupby $o;
sort $count desc;
limit 3;
fetch { ""organizationName"": $o.name, ""boardMemberCount"": $count };"
130,Which organizations have a subsidiary in a city named 'Seattle'?,"MATCH (org:Organization)-[:HAS_SUBSIDIARY]->(sub:Organization)-[:IN_CITY]->(city:City {name: 'Seattle'})
RETURN org.name AS OrganizationName, sub.name AS SubsidiaryName","match
$org isa organization;
$sub isa organization;
$city isa city, has city_name ""Seattle"";
subsidiary_of (parent: $org, subsidiary: $sub);
located_in (organization: $sub, city: $city);
fetch {
  ""OrganizationName"": $org.name,
  ""SubsidiaryName"": $sub.name
};"
131,List the first 5 organizations that have a CEO who is also a board member of a competitor.,"MATCH (org:Organization)-[:HAS_CEO]->(ceo:Person)
MATCH (org)-[:HAS_COMPETITOR]->(competitor:Organization)
MATCH (competitor)-[:HAS_BOARD_MEMBER]->(ceo)
RETURN org.name AS OrganizationName
LIMIT 5","match
$org isa organization;
$ceo isa person;
$competitor isa organization;
ceo_of (organization: $org, ceo: $ceo);
competes_with (competitor: $org, competitor: $competitor);
board_member_of (organization: $competitor, member: $ceo);
limit 5;
fetch {
  ""OrganizationName"": $org.name
};"
132,Find the top 3 cities mentioned in articles with the highest sentiment scores.,"MATCH (a:Article)-[:MENTIONS]->(o:Organization)-[:IN_CITY]->(c:City)
WITH c, a.sentiment AS sentiment
ORDER BY sentiment DESC
LIMIT 3
RETURN c.name AS city, sentiment","match
$a isa article, has sentiment $s;
mentions (article: $a, mentioned: $o);
$o isa organization;
located_in (organization: $o, city: $c);
$c has city_name $cn;
sort $s desc;
limit 3;
fetch {
  ""city"": $cn,
  ""sentiment"": $s
};"
133,What are the names of the organizations that have a CEO with a summary mentioning 'Accenture'?,"MATCH (ceo:Person)-[:HAS_CEO]-(org:Organization)
WHERE ceo.summary CONTAINS 'Accenture'
RETURN org.name","match
$ceo isa person, has summary $s;
$s like "".*Accenture.*"";
$org isa organization;
ceo_of (ceo: $ceo, organization: $org);
fetch {
  ""name"": $org.name
};"
134,List the first 5 organizations that have a subsidiary with a summary mentioning 'Dublin'.,"MATCH (org:Organization)-[:HAS_SUBSIDIARY]->(sub:Organization)
WHERE sub.summary CONTAINS 'Dublin'
RETURN org.name AS OrganizationName, sub.name AS SubsidiaryName, sub.summary AS SubsidiarySummary
LIMIT 5","match
$org isa organization;
$sub isa organization, has summary $s;
$s like "".*Dublin.*"";
subsidiary_of (parent: $org, subsidiary: $sub);
limit 5;
fetch {
  ""OrganizationName"": $org.name,
  ""SubsidiaryName"": $sub.name,
  ""SubsidiarySummary"": $s
};"
135,Identify the top 3 organizations with the most articles mentioning them.,"MATCH (o:Organization)<-[:MENTIONS]-(a:Article)
WITH o, COUNT(a) AS articleCount
ORDER BY articleCount DESC
LIMIT 3
RETURN o.name AS organizationName, articleCount","match
$o isa organization;
$a isa article;
mentions (article: $a, mentioned: $o);
reduce $count = count($a) groupby $o;
sort $count desc;
limit 3;
fetch { ""organizationName"": $o.name, ""articleCount"": $count };"
136,Which organizations have a CEO with the name 'Julie Spellman Sweet' and a revenue greater than 100 million?,"MATCH (ceo:Person {name: ""Julie Spellman Sweet""})<-[:HAS_CEO]-(org:Organization)
WHERE org.revenue > 100000000
RETURN org.name, org.revenue","match
$ceo isa person, has name ""Julie Spellman Sweet"";
ceo_of (ceo: $ceo, organization: $org);
$org isa organization, has revenue $rev;
$rev > 100000000.0;
fetch {
  ""name"": $org.name,
  ""revenue"": $rev
};"
137,Find the top 3 industry categories with the most organizations.,"MATCH (o:Organization)-[:HAS_CATEGORY]->(ic:IndustryCategory)
WITH ic, count(o) as orgCount
RETURN ic.name as IndustryCategory, orgCount
ORDER BY orgCount DESC
LIMIT 3","match
$o isa organization;
in_category (organization: $o, category: $ic);
$ic isa industry_category;
reduce $orgCount = count($o) groupby $ic;
sort $orgCount desc;
limit 3;
fetch {
  ""IndustryCategory"": $ic.industry_category_name,
  ""orgCount"": $orgCount
};"
138,List the first 5 people who have children that are CEOs of an organization.,"MATCH (child:Person)-[:HAS_CHILD]->(parent:Person)
MATCH (org:Organization)-[:HAS_CEO]->(parent)
RETURN DISTINCT parent.name AS ParentName, child.name AS ChildName
LIMIT 5","match
$parent isa person, has name $parent_name;
$child isa person, has name $child_name;
parent_of (parent: $parent, child: $child);
$org isa organization;
ceo_of (organization: $org, ceo: $child);
select $parent_name, $child_name;
distinct;
limit 5;
fetch {
  ""ParentName"": $parent_name,
  ""ChildName"": $child_name
};"
139,What are the names of the organizations that have a supplier with a revenue less than 5 million?,"MATCH (supplier:Organization)-[:HAS_SUPPLIER]->(org:Organization)
WHERE supplier.revenue < 5000000
RETURN org.name","match
$supplier isa organization, has revenue $r;
$org isa organization;
supplies (supplier: $supplier, customer: $org);
$r < 5000000.0;
fetch {
  ""name"": $org.name
};"
140,List the first 5 organizations that have a CEO who is also a board member of another organization.,"MATCH (org1:Organization)-[:HAS_CEO]->(ceo:Person)-[:HAS_BOARD_MEMBER]->(org2:Organization)
RETURN org1.name AS Organization, ceo.name AS CEO, org2.name AS BoardMemberOf
LIMIT 5","match
$org1 isa organization;
$ceo isa person;
$org2 isa organization;
ceo_of (organization: $org1, ceo: $ceo);
board_member_of (member: $ceo, organization: $org2);
limit 5;
fetch {
  ""Organization"": $org1.name,
  ""CEO"": $ceo.name,
  ""BoardMemberOf"": $org2.name
};"
141,Identify the top 3 organizations with the most subsidiaries.,"MATCH (parent:Organization)-[:HAS_SUBSIDIARY]->(subsidiary:Organization)
WITH parent, COUNT(subsidiary) AS subsidiaryCount
ORDER BY subsidiaryCount DESC
LIMIT 3
RETURN parent.name AS organizationName, subsidiaryCount","match
$parent isa organization;
subsidiary_of (parent: $parent, subsidiary: $sub);
reduce $count = count($sub) groupby $parent;
sort $count desc;
limit 3;
fetch { ""organizationName"": $parent.name, ""subsidiaryCount"": $count };"
142,Which organizations are mentioned in articles with a sentiment score greater than 0.8?,"MATCH (a:Article)-[:MENTIONS]->(o:Organization)
WHERE a.sentiment > 0.8
RETURN o.name AS OrganizationName","match
$a isa article, has sentiment $s;
$s > 0.8;
$o isa organization;
mentions (article: $a, mentioned: $o);
fetch {
  ""OrganizationName"": $o.name
};"
143,List the first 5 industry categories that have organizations with a summary mentioning 'technology'.,"MATCH (o:Organization)-[:HAS_CATEGORY]->(ic:IndustryCategory)
WHERE o.summary CONTAINS 'technology'
RETURN DISTINCT ic.name
LIMIT 5","match
$o isa organization, has summary $s;
$s like "".*technology.*"";
$ic isa industry_category, has industry_category_name $icn;
in_category (organization: $o, category: $ic);
select $icn;
distinct;
limit 5;
fetch { ""name"": $icn };"
144,Find the top 3 articles that mention organizations based in Rome.,"MATCH (o:Organization)-[:IN_CITY]->(c:City {name: ""Rome""})
MATCH (a:Article)-[:MENTIONS]->(o)
RETURN a.title, a.date, a.summary
ORDER BY a.date DESC
LIMIT 3","match
$o isa organization;
$c isa city, has city_name ""Rome"";
located_in (organization: $o, city: $c);
$a isa article, has date $d;
mentions (article: $a, mentioned: $o);
sort $d desc;
limit 3;
fetch {
  ""title"": $a.title,
  ""date"": $d,
  ""summary"": $a.article_summary
};"
145,What are the names of the organizations that have a CEO with a summary mentioning 'CEO at Accenture'?,"MATCH (p:Person {summary: ""CEO at Accenture""})<-[:HAS_CEO]-(o:Organization)
RETURN o.name","match
$p isa person, has summary ""CEO at Accenture"";
$o isa organization;
ceo_of (ceo: $p, organization: $o);
fetch {
  ""name"": $o.name
};"
146,List the first 5 organizations with a revenue greater than 50 million that have a competitor.,"MATCH (o:Organization)-[:HAS_COMPETITOR]->(:Organization)
WHERE o.revenue > 50000000
RETURN o.name, o.revenue
ORDER BY o.revenue DESC
LIMIT 5","match
$o isa organization, has revenue $r, has name $n;
$r > 50000000;
competes_with (competitor: $o);
sort $r desc;
limit 5;
fetch {
  ""name"": $n,
  ""revenue"": $r
};"
147,Identify the top 3 organizations with the smallest number of employees that are public.,"MATCH (o:Organization)
WHERE o.isPublic = true
RETURN o.name, o.nbrEmployees
ORDER BY o.nbrEmployees ASC
LIMIT 3","match
$o isa organization, has is_public true, has nbr_employees $n;
sort $n asc;
limit 3;
fetch {
  ""name"": $o.name,
  ""nbrEmployees"": $n
};"
148,Which organizations have a city with a summary mentioning 'county seat' as their location?,"MATCH (o:Organization)-[:IN_CITY]->(c:City)
WHERE c.summary CONTAINS 'county seat'
RETURN o.name AS organizationName, c.name AS cityName","match
$o isa organization, has name $org_name;
$c isa city, has city_summary $cs, has city_name $cn;
located_in (organization: $o, city: $c);
$cs like "".*county seat.*"";
fetch {
  ""organizationName"": $org_name,
  ""cityName"": $cn
};"
149,Find the top 3 organizations that are public and have been mentioned in the most articles.,"MATCH (o:Organization {isPublic: true})<-[:MENTIONS]-(a:Article)
WITH o, COUNT(a) AS articleCount
ORDER BY articleCount DESC
LIMIT 3
RETURN o.name AS organizationName, articleCount","match
$o isa organization, has is_public true, has name $n;
$a isa article;
mentions (article: $a, mentioned: $o);
reduce $count = count($a) groupby $o, $n;
sort $count desc;
limit 3;
fetch { ""organizationName"": $n, ""articleCount"": $count };"
150,List the first 5 organizations that have a board member with the same name as a CEO of another organization.,"MATCH (org1:Organization)-[:HAS_BOARD_MEMBER]->(person:Person)
MATCH (org2:Organization)-[:HAS_CEO]->(person)
WHERE org1.id <> org2.id
RETURN DISTINCT org1.name AS OrganizationName
LIMIT 5","match
$org1 isa organization, has organization_id $oid1, has name $n1;
$org2 isa organization, has organization_id $oid2;
$person isa person;
board_member_of (organization: $org1, member: $person);
ceo_of (organization: $org2, ceo: $person);
not { $oid1 == $oid2; };
select $n1;
distinct;
limit 5;
fetch {
  ""OrganizationName"": $n1
};"
151,Which organizations have a supplier named 'Accenture'?,"MATCH (supplier:Organization {name: 'Accenture'})<-[:HAS_SUPPLIER]-(org:Organization)
RETURN org.name","match
$supplier isa organization, has name ""Accenture"";
$org isa organization;
supplies (supplier: $supplier, customer: $org);
fetch {
  ""name"": $org.name
};"
152,Identify the top 3 organizations with the most children as subsidiaries.,"MATCH (parent:Organization)-[:HAS_SUBSIDIARY]->(child:Organization)
WITH parent, COUNT(child) AS numSubsidiaries
RETURN parent.name AS organizationName, numSubsidiaries
ORDER BY numSubsidiaries DESC
LIMIT 3","match
$parent isa organization;
subsidiary_of (parent: $parent, subsidiary: $child);
reduce $numSubsidiaries = count($child) groupby $parent;
sort $numSubsidiaries desc;
limit 3;
fetch { ""organizationName"": $parent.name, ""numSubsidiaries"": $numSubsidiaries };"
153,Which organizations have a board member with a name mentioned in more than one article?,"MATCH (o:Organization)-[:HAS_BOARD_MEMBER]->(p:Person)
WITH o, p
MATCH (a1:Article)-[:MENTIONS]->(o), (a2:Article)-[:MENTIONS]->(o)
WHERE a1 <> a2
RETURN DISTINCT o.name AS organizationName","match
$o isa organization;
board_member_of (organization: $o, member: $p);
$p isa person;
$a1 isa article;
$a2 isa article;
mentions (article: $a1, mentioned: $o);
mentions (article: $a2, mentioned: $o);
not { $a1 is $a2; };
select $o;
distinct;
fetch {
  ""organizationName"": $o.name
};"
154,List the first 5 organizations that have a CEO with a summary mentioning 'software'.,"MATCH (o:Organization)-[:HAS_CEO]->(p:Person)
WHERE p.summary CONTAINS 'software'
RETURN o.name AS organization_name, p.name AS ceo_name, p.summary AS ceo_summary
LIMIT 5","match
$o isa organization;
$p isa person, has summary $s;
$s like "".*software.*"";
ceo_of (organization: $o, ceo: $p);
limit 5;
fetch {
  ""organization_name"": $o.name,
  ""ceo_name"": $p.name,
  ""ceo_summary"": $s
};"
155,Find the top 3 organizations that have the most board members who are also CEOs of other organizations.,"MATCH (o:Organization)-[:HAS_BOARD_MEMBER]->(p:Person)-[:HAS_CEO]->(otherOrg:Organization)
WITH o, COUNT(DISTINCT p) AS boardMemberCEOs
ORDER BY boardMemberCEOs DESC
LIMIT 3
RETURN o.name AS organizationName, boardMemberCEOs","match
$o isa organization;
$p isa person;
$otherOrg isa organization;
board_member_of (organization: $o, member: $p);
ceo_of (organization: $otherOrg, ceo: $p);
not { $o is $otherOrg; };
select $o, $p;
distinct;
reduce $count = count($p) groupby $o;
sort $count desc;
limit 3;
fetch { ""organizationName"": $o.name, ""boardMemberCEOs"": $count };"
156,What are the names of the organizations that have a CEO with a name mentioned in an article with a sentiment score greater than 0.8?,"MATCH (a:Article)-[:MENTIONS]->(o:Organization)-[:HAS_CEO]->(p:Person)
WHERE a.sentiment > 0.8
RETURN DISTINCT o.name","match
$a isa article, has sentiment $s;
$s > 0.8;
mentions (article: $a, mentioned: $o);
$o isa organization;
ceo_of (organization: $o, ceo: $p);
$p isa person;
select $o;
distinct;
fetch {
  ""name"": $o.name
};"
157,List the first 5 organizations with a subsidiary in a country named 'United States of America'.,"MATCH (country:Country {name: ""United States of America""})<-[:IN_COUNTRY]-(city:City)<-[:IN_CITY]-(subsidiary:Organization)<-[:HAS_SUBSIDIARY]-(org:Organization)
RETURN org.name AS OrganizationName
LIMIT 5","match
$country isa country, has country_name ""United States of America"";
location-contains (parent: $country, child: $city);
$city isa city;
located_in (organization: $subsidiary, city: $city);
$subsidiary isa organization;
subsidiary_of (parent: $org, subsidiary: $subsidiary);
$org isa organization;
limit 5;
fetch {
  ""OrganizationName"": $org.name
};"
158,Which organizations have a CEO named 'Julie Spellman Sweet' and are headquartered in 'Seattle'?,"MATCH (ceo:Person {name: ""Julie Spellman Sweet""})
MATCH (org:Organization)-[:HAS_CEO]->(ceo)
MATCH (org)-[:IN_CITY]->(city:City {name: ""Seattle""})
RETURN org.name AS organizationName","match
  $ceo isa person, has name ""Julie Spellman Sweet"";
  ceo_of (organization: $org, ceo: $ceo);
  $city isa city, has city_name ""Seattle"";
  located_in (organization: $org, city: $city);
fetch {
  ""organizationName"": $org.name
};"
159,List the first 5 organizations that are public and have a CEO with a summary mentioning 'Accenture'.,"MATCH (o:Organization {isPublic: true})-[:HAS_CEO]->(ceo:Person)
WHERE ceo.summary CONTAINS 'Accenture'
RETURN o.name AS organizationName, ceo.name AS ceoName
LIMIT 5","match
$o isa organization, has is_public true;
$ceo isa person, has summary $s;
$s like "".*Accenture.*"";
ceo_of (organization: $o, ceo: $ceo);
limit 5;
fetch {
  ""organizationName"": $o.name,
  ""ceoName"": $ceo.name
};"
160,Find the top 3 organizations with the most suppliers.,"MATCH (o:Organization)-[:HAS_SUPPLIER]->(s:Organization)
WITH o, COUNT(s) AS supplierCount
ORDER BY supplierCount DESC
LIMIT 3
RETURN o.name AS organizationName, supplierCount","match
$o isa organization;
$s isa organization;
supplies (customer: $o, supplier: $s);
reduce $supplierCount = count($s) groupby $o;
sort $supplierCount desc;
limit 3;
fetch { ""organizationName"": $o.name, ""supplierCount"": $supplierCount };"
161,What are the names of the organizations that have a subsidiary with a revenue greater than 50 million?,"MATCH (parentOrg:Organization)-[:HAS_SUBSIDIARY]->(subsidiary:Organization)
WHERE subsidiary.revenue > 50000000
RETURN parentOrg.name","match
$parentOrg isa organization;
$subsidiary isa organization, has revenue $rev;
subsidiary_of (parent: $parentOrg, subsidiary: $subsidiary);
$rev > 50000000;
fetch {
  ""name"": $parentOrg.name
};"
162,List the first 5 organizations that have a summary mentioning 'software company'.,"MATCH (o:Organization)
WHERE o.summary CONTAINS 'software company'
RETURN o.name, o.summary
LIMIT 5","match
$o isa organization, has summary $s;
$s like "".*software company.*"";
limit 5;
fetch {
  ""name"": $o.name,
  ""summary"": $s
};"
163,Identify the top 3 organizations with a CEO who has a summary mentioning 'Accenture'.,"MATCH (ceo:Person)-[:HAS_CEO]-(org:Organization)
WHERE ceo.summary CONTAINS 'Accenture'
RETURN org.name AS organization, ceo.name AS ceo_name, ceo.summary AS ceo_summary
ORDER BY org.revenue DESC
LIMIT 3","match
$ceo isa person, has summary $s, has name $ceo_name;
$s like "".*Accenture.*"";
$org isa organization, has name $org_name, has revenue $rev;
ceo_of (ceo: $ceo, organization: $org);
sort $rev desc;
limit 3;
fetch {
  ""organization"": $org_name,
  ""ceo_name"": $ceo_name,
  ""ceo_summary"": $s
};"
164,Which organizations have a board member who has authored an article?,"MATCH (org:Organization)-[:HAS_BOARD_MEMBER]->(person:Person)
MATCH (person)-[:HAS_AUTHORED]->(article:Article)
RETURN DISTINCT org.name AS OrganizationName","match
$org isa organization;
$p isa person, has name $pname;
board_member_of (organization: $org, member: $p);
$a isa article, has author $auth;
$pname == $auth;
select $org;
distinct;
fetch {
  ""OrganizationName"": $org.name
};"
165,List the first 5 organizations that have a revenue greater than 10 million and are headquartered in a city named 'Seattle'.,"MATCH (o:Organization)-[:IN_CITY]->(c:City {name: ""Seattle""})
WHERE o.revenue > 10000000
RETURN o.name, o.revenue
LIMIT 5","match
$o isa organization, has revenue $r, has name $n;
$r > 10000000;
$c isa city, has city_name ""Seattle"";
located_in (organization: $o, city: $c);
sort $n;
limit 5;
fetch {
  ""name"": $n,
  ""revenue"": $r
};"
166,Find the top 3 articles with the lowest sentiment scores mentioning organizations based in Chicago.,"MATCH (org:Organization)-[:IN_CITY]->(city:City {name: ""Chicago""})
MATCH (article:Article)-[:MENTIONS]->(org)
RETURN article.title, article.sentiment
ORDER BY article.sentiment ASC
LIMIT 3","match
$org isa organization;
located_in (organization: $org, city: $city);
$city isa city, has city_name ""Chicago"";
$article isa article, has sentiment $s;
mentions (article: $article, mentioned: $org);
sort $s asc;
limit 3;
fetch {
  ""title"": $article.title,
  ""sentiment"": $s
};"
167,What are the names of the organizations that are competitors and have a CEO named 'Julie Spellman Sweet'?,"MATCH (ceo:Person {name: ""Julie Spellman Sweet""})
MATCH (org:Organization)-[:HAS_CEO]->(ceo)
MATCH (org)-[:HAS_COMPETITOR]->(competitor:Organization)
RETURN competitor.name","match
$ceo isa person, has name ""Julie Spellman Sweet"";
ceo_of (organization: $org, ceo: $ceo);
competes_with (competitor: $org, competitor: $competitor);
fetch {
  ""name"": $competitor.name
};"
168,List the first 5 organizations that have an investor with a name mentioned in at least two different articles.,"MATCH (o:Organization)-[:HAS_INVESTOR]->(p:Person)
WITH o, p
MATCH (a1:Article)-[:MENTIONS]->(o1:Organization)-[:HAS_INVESTOR]->(p)
MATCH (a2:Article)-[:MENTIONS]->(o2:Organization)-[:HAS_INVESTOR]->(p)
WHERE a1.id <> a2.id
WITH o, p, COUNT(DISTINCT a1) AS articleCount
WHERE articleCount >= 2
RETURN DISTINCT o.name AS organizationName
LIMIT 5","match
$o isa organization;
invested_in (organization: $o, investor: $p);
$p isa person;
$a isa article, has article_id $aid;
mentions (article: $a, mentioned: $o1);
$o1 isa organization;
invested_in (organization: $o1, investor: $p);
select $o, $p, $aid;
distinct;
reduce $article_count = count($aid) groupby $o, $p;
match $article_count >= 2;
select $o;
distinct;
limit 5;
fetch { ""organizationName"": $o.name };"
169,Identify the top 3 organizations with the most competitors.,"MATCH (o:Organization)-[:HAS_COMPETITOR]->(c:Organization)
WITH o, COUNT(c) AS competitorCount
ORDER BY competitorCount DESC
LIMIT 3
RETURN o.name AS organizationName, competitorCount","match
$o isa organization, has name $n;
$c isa organization;
competes_with (competitor: $o, competitor: $c);
reduce $count = count($c) groupby $o, $n;
sort $count desc;
limit 3;
fetch {
  ""organizationName"": $n,
  ""competitorCount"": $count
};"
170,Which organizations have a CEO with a name mentioned in more than one article?,"MATCH (org:Organization)-[:HAS_CEO]->(ceo:Person)
WITH org, ceo
MATCH (a1:Article)-[:MENTIONS]->(org), (a2:Article)-[:MENTIONS]->(org)
WHERE a1.id <> a2.id
RETURN DISTINCT org.name AS organizationName, ceo.name AS ceoName","match
$org isa organization;
$ceo isa person;
ceo_of (organization: $org, ceo: $ceo);
mentions (article: $a, mentioned: $org);
reduce $count = count($a) groupby $org, $ceo;
match $count > 1;
fetch { ""organizationName"": $org.name, ""ceoName"": $ceo.name };"
171,List the first 5 organizations with a motto mentioning 'security' and more than 500 employees.,"MATCH (o:Organization)
WHERE o.motto CONTAINS 'security' AND o.nbrEmployees > 500
RETURN o.name, o.motto, o.nbrEmployees
LIMIT 5","match
$o isa organization, has motto $m, has nbr_employees $e, has name $n;
$m like "".*security.*"";
$e > 500;
limit 5;
fetch {
  ""name"": $n,
  ""motto"": $m,
  ""nbr_employees"": $e
};"
172,Find the top 3 countries with the most cities mentioned in the schema.,"MATCH (c:City)-[:IN_COUNTRY]->(co:Country)
WITH co.name AS country, count(c) AS cityCount
RETURN country, cityCount
ORDER BY cityCount DESC
LIMIT 3","match
$c isa city;
$co isa country, has country_name $cn;
location-contains (parent: $co, child: $c);
reduce $city_count = count($c) groupby $co, $cn;
sort $city_count desc;
limit 3;
fetch {
  ""country"": $cn,
  ""cityCount"": $city_count
};"
173,What are the names of the organizations that have a board member named 'Julie Spellman Sweet'?,"MATCH (p:Person {name: ""Julie Spellman Sweet""})<-[:HAS_BOARD_MEMBER]-(o:Organization)
RETURN o.name","match
$p isa person, has name ""Julie Spellman Sweet"";
board_member_of (member: $p, organization: $o);
$o isa organization;
fetch {
  ""name"": $o.name
};"
174,List the first 5 organizations that have a CEO who has authored more than one article.,"MATCH (org:Organization)-[:HAS_CEO]->(ceo:Person)
WITH org, ceo
MATCH (ceo)-[:HAS_PARENT]->(article:Article)
WITH org, ceo, COUNT(article) AS articleCount
WHERE articleCount > 1
RETURN org.name AS OrganizationName, ceo.name AS CEOName
LIMIT 5","match
$org isa organization;
ceo_of (organization: $org, ceo: $ceo);
$ceo has name $ceo_name;
$article isa article, has author $auth;
$ceo_name == $auth;
reduce $count = count($article) groupby $org, $ceo;
match $count > 1;
limit 5;
fetch { ""OrganizationName"": $org.name, ""CEOName"": $ceo.name };"
175,List the first 5 organizations that have a CEO who has authored an article.,"MATCH (org:Organization)-[:HAS_CEO]->(ceo:Person)
MATCH (ceo)-[:HAS_AUTHORED]->(article:Article)
RETURN org.name AS OrganizationName, ceo.name AS CEOName, article.title AS ArticleTitle
LIMIT 5","match
$org isa organization;
ceo_of (organization: $org, ceo: $ceo);
$ceo has name $ceo_name;
$article isa article, has author $author_name;
$ceo_name == $author_name;
$article has title $article_title;
limit 5;
fetch {
  ""OrganizationName"": $org.name,
  ""CEOName"": $ceo_name,
  ""ArticleTitle"": $article_title
};"
176,Find the top 3 countries mentioned in articles that have the lowest sentiment scores.,"MATCH (a:Article)-[:MENTIONS]->(o:Organization)-[:IN_CITY]->(c:City)-[:IN_COUNTRY]->(co:Country)
WITH co.name AS country, a.sentiment AS sentiment
ORDER BY sentiment ASC
LIMIT 3
RETURN country, sentiment","match
$a isa article, has sentiment $s;
$o isa organization;
$co isa country, has country_name $cn;
$c isa city;
mentions (article: $a, mentioned: $o);
located_in (organization: $o, city: $c);
location-contains (parent: $co, child: $c);
sort $s asc;
limit 3;
fetch {
  ""country"": $cn,
  ""sentiment"": $s
};"
177,What are the names of the organizations that have a subsidiary named 'Accenture'?,"MATCH (subsidiary:Organization {name: ""Accenture""})<-[:HAS_SUBSIDIARY]-(parent:Organization)
RETURN parent.name AS organizationName","match
$sub isa organization, has name ""Accenture"";
$parent isa organization;
subsidiary_of (parent: $parent, subsidiary: $sub);
fetch {
  ""organizationName"": $parent.name
};"
178,List the first 5 organizations with the most number of employees that have a subsidiary.,"MATCH (o:Organization)-[:HAS_SUBSIDIARY]->(:Organization)
RETURN o.name, o.nbrEmployees
ORDER BY o.nbrEmployees DESC
LIMIT 5","match
$o isa organization, has name $n, has nbr_employees $e;
subsidiary_of (parent: $o, subsidiary: $s);
sort $e desc;
limit 5;
fetch {
  ""name"": $n,
  ""nbrEmployees"": $e
};"
179,Which organizations have the most articles mentioning them in 2022?,"MATCH (o:Organization)<-[:MENTIONS]-(a:Article)
WHERE a.date >= datetime(""2022-01-01T00:00:00Z"") AND a.date < datetime(""2023-01-01T00:00:00Z"")
WITH o, COUNT(a) AS articleCount
RETURN o.name AS organizationName, articleCount
ORDER BY articleCount DESC
LIMIT 10","match
$o isa organization, has name $n;
$a isa article, has date $d;
mentions (article: $a, mentioned: $o);
$d >= 2022-01-01T00:00:00;
$d < 2023-01-01T00:00:00;
reduce $count = count($a) groupby $o, $n;
sort $count desc;
limit 10;
fetch { ""organizationName"": $n, ""articleCount"": $count };"
180,Who are the parents of the board members of organizations with revenues over $1 million?,"MATCH (o:Organization)-[:HAS_BOARD_MEMBER]->(bm:Person)
WHERE o.revenue > 1000000
MATCH (bm)-[:HAS_PARENT]->(parent:Person)
RETURN DISTINCT parent.name AS ParentName, bm.name AS BoardMemberName, o.name AS OrganizationName","match
$o isa organization, has name $org_name, has revenue $rev;
$rev > 1000000.0;
board_member_of (organization: $o, member: $bm);
$bm isa person, has name $bm_name;
parent_of (parent: $parent, child: $bm);
$parent has name $parent_name;
select $parent_name, $bm_name, $org_name;
distinct;
fetch {
  ""ParentName"": $parent_name,
  ""BoardMemberName"": $bm_name,
  ""OrganizationName"": $org_name
};"
181,"List the articles mentioning organizations with revenues under $500,000.","MATCH (a:Article)-[:MENTIONS]->(o:Organization)
WHERE o.revenue < 500000
RETURN a.title AS articleTitle, a.date AS articleDate, o.name AS organizationName","match
$a isa article;
$o isa organization, has revenue $r;
$r < 500000.0;
mentions (article: $a, mentioned: $o);
fetch {
  ""articleTitle"": $a.title,
  ""articleDate"": $a.date,
  ""organizationName"": $o.name
};"
182,Which organizations have a city location with a summary mentioning 'county seat'?,"MATCH (o:Organization)-[:IN_CITY]->(c:City)
WHERE c.summary CONTAINS 'county seat'
RETURN o.name AS organizationName, c.name AS cityName","match
$o isa organization, has name $on;
$c isa city, has city_summary $cs, has city_name $cn;
located_in (organization: $o, city: $c);
$cs like "".*county seat.*"";
fetch {
  ""organizationName"": $on,
  ""cityName"": $cn
};"
183,What are the names of organizations that are suppliers to those in the telecommunications industry?,"MATCH (org:Organization)-[:HAS_SUPPLIER]->(supplier:Organization)
MATCH (org)-[:HAS_CATEGORY]->(category:IndustryCategory {name: ""Telecommunications""})
RETURN DISTINCT supplier.name","match
$org isa organization;
$supplier isa organization;
$cat isa industry_category, has industry_category_name ""Telecommunications"";
supplies (supplier: $supplier, customer: $org);
in_category (organization: $org, category: $cat);
fetch {
  ""name"": $supplier.name
};"
184,List the organizations that have a CEO with the name 'David Correa'.,"MATCH (ceo:Person {name: ""David Correa""})<-[:HAS_CEO]-(org:Organization)
RETURN org.name","match
$ceo isa person, has name ""David Correa"";
ceo_of (ceo: $ceo, organization: $org);
fetch {
  ""name"": $org.name
};"
185,Who are the CEOs of organizations that have been dissolved but mentioned in recent articles?,"MATCH (o:Organization)-[:HAS_CEO]->(ceo:Person)
WHERE o.isDissolved = true
WITH o, ceo
MATCH (a:Article)-[:MENTIONS]->(o)
WHERE a.date >= date(""2022-01-01"") // Assuming ""recent"" means articles from 2022 onwards
RETURN ceo.name AS CEOName, o.name AS OrganizationName, a.title AS ArticleTitle, a.date AS ArticleDate","match
$o isa organization, has is_dissolved true, has name $org_name;
$ceo isa person, has name $ceo_name;
ceo_of (organization: $o, ceo: $ceo);
$a isa article, has date $d, has title $article_title;
$d >= 2022-01-01T00:00:00;
mentions (article: $a, mentioned: $o);
fetch {
  ""CEOName"": $ceo_name,
  ""OrganizationName"": $org_name,
  ""ArticleTitle"": $article_title,
  ""ArticleDate"": $d
};"
186,List the organizations that have more than five categories listed in their industry classification.,"MATCH (o:Organization)-[:HAS_CATEGORY]->(ic:IndustryCategory)
WITH o, COUNT(ic) AS categoryCount
WHERE categoryCount > 5
RETURN o.name AS organizationName, categoryCount","match
$o isa organization;
$ic isa industry_category;
in_category (organization: $o, category: $ic);
reduce $categoryCount = count($ic) groupby $o;
match $categoryCount > 5;
fetch { ""organizationName"": $o.name, ""categoryCount"": $categoryCount };"
187,Which organizations are mentioned in articles with titles containing the word 'security'?,"MATCH (a:Article)-[:MENTIONS]->(o:Organization)
WHERE a.title CONTAINS 'security'
RETURN o.name AS organizationName","match
$a isa article, has title $t;
$t like "".*security.*"";
mentions (article: $a, mentioned: $o);
$o isa organization;
fetch {
  ""organizationName"": $o.name
};"
188,What are the countries where organizations with a public status are headquartered?,"MATCH (o:Organization)-[:IN_CITY]->(c:City)-[:IN_COUNTRY]->(co:Country)
WHERE o.isPublic = true
RETURN DISTINCT co.name AS country","match
$o isa organization, has is_public true;
located_in (organization: $o, city: $c);
location-contains (parent: $co, child: $c);
$co isa country, has country_name $cn;
select $co, $cn;
distinct;
fetch { ""country"": $cn };"
189,Which organizations have a summary that mentions 'consumer behavior'?,"MATCH (o:Organization)
WHERE o.summary CONTAINS 'consumer behavior'
RETURN o.name, o.summary","match
$o isa organization, has summary $s;
$s like "".*consumer behavior.*"";
fetch {
  ""name"": $o.name,
  ""summary"": $s
};"
190,List the organizations that have been mentioned in articles with a sentiment score of exactly 0.5.,"MATCH (a:Article)-[:MENTIONS]->(o:Organization)
WHERE a.sentiment = 0.5
RETURN o.name AS organizationName","match
$a isa article, has sentiment 0.5;
$o isa organization, has name $name;
mentions (article: $a, mentioned: $o);
fetch {
  ""organizationName"": $name
};"
191,Who are the parents of CEOs of organizations that are public?,"MATCH (org:Organization {isPublic: true})-[:HAS_CEO]->(ceo:Person)
MATCH (ceo)-[:HAS_PARENT]->(parent:Person)
RETURN ceo.name AS CEO, parent.name AS Parent","match
$org isa organization, has is_public true;
ceo_of (organization: $org, ceo: $ceo);
parent_of (parent: $parent, child: $ceo);
fetch {
  ""CEO"": $ceo.name,
  ""Parent"": $parent.name
};"
192,Which organizations have a board member named 'Julie Spellman Sweet'?,"MATCH (p:Person {name: ""Julie Spellman Sweet""})<-[:HAS_BOARD_MEMBER]-(o:Organization)
RETURN o.name","match
$p isa person, has name ""Julie Spellman Sweet"";
$o isa organization;
board_member_of (member: $p, organization: $o);
fetch {
  ""name"": $o.name
};"
193,What are the names of organizations that have been dissolved but still have a CEO listed?,"MATCH (o:Organization)-[:HAS_CEO]->(p:Person)
WHERE o.isDissolved = true
RETURN o.name","match
$o isa organization, has is_dissolved true;
ceo_of (organization: $o, ceo: $p);
fetch {
  ""name"": $o.name
};"
194,Which organizations have subsidiaries in more than three different countries?,"MATCH (o:Organization)-[:HAS_SUBSIDIARY]->(sub:Organization)-[:IN_CITY]->(c:City)-[:IN_COUNTRY]->(country:Country)
WITH o, COUNT(DISTINCT country) AS countryCount
WHERE countryCount > 3
RETURN o.name AS organizationName, countryCount","match
$o isa organization;
subsidiary_of (parent: $o, subsidiary: $sub);
located_in (organization: $sub, city: $c);
location-contains (parent: $country, child: $c);
$country isa country;
select $o, $country;
distinct;
reduce $countryCount = count($country) groupby $o;
match
$countryCount > 3;
$o has name $orgName;
fetch { ""organizationName"": $orgName, ""countryCount"": $countryCount };"
195,List the cities where organizations with more than 500 employees are headquartered.,"MATCH (o:Organization)-[:IN_CITY]->(c:City)
WHERE o.nbrEmployees > 500
RETURN DISTINCT c.name","match
$o isa organization, has nbr_employees $n;
$n > 500;
located_in (organization: $o, city: $c);
$c isa city, has city_name $cn;
select $cn;
distinct;
fetch { ""city_name"": $cn };"
196,Who are the children of CEOs of organizations with a revenue over $1 billion?,"MATCH (org:Organization)-[:HAS_CEO]->(ceo:Person)
WHERE org.revenue > 1.0E9
MATCH (ceo)-[:HAS_CHILD]->(child:Person)
RETURN ceo.name AS CEO, child.name AS Child","match
$org isa organization, has revenue $r;
$r > 1000000000.0;
ceo_of (organization: $org, ceo: $ceo);
$ceo isa person;
parent_of (parent: $ceo, child: $child);
$child isa person;
fetch {
  ""CEO"": $ceo.name,
  ""Child"": $child.name
};"
197,Which organizations are headquartered in cities named 'Rome' across different countries?,"MATCH (o:Organization)-[:IN_CITY]->(c:City {name: ""Rome""})
RETURN o.name AS organizationName, c.name AS cityName","match
$o isa organization, has name $org_name;
$c isa city, has city_name ""Rome"";
located_in (organization: $o, city: $c);
fetch {
  ""organizationName"": $org_name,
  ""cityName"": $c.city_name
};"
198,What are the names of organizations that have a motto mentioning 'innovation'?,"MATCH (o:Organization)
WHERE o.motto CONTAINS 'innovation'
RETURN o.name","match
$o isa organization, has motto $m;
$m like "".*innovation.*"";
fetch {
  ""name"": $o.name
};"
199,List articles that mention organizations based in countries not in North America.,"MATCH (a:Article)-[:MENTIONS]->(o:Organization)-[:IN_CITY]->(c:City)-[:IN_COUNTRY]->(co:Country)
WHERE co.name <> ""United States of America"" AND co.name <> ""Canada"" AND co.name <> ""Mexico""
RETURN a.title AS articleTitle, a.date AS publicationDate, o.name AS organizationName, co.name AS countryName","match
$a isa article;
$o isa organization;
$c isa city;
$co isa country, has country_name $cn;
mentions (article: $a, mentioned: $o);
located_in (organization: $o, city: $c);
location-contains (parent: $co, child: $c);
not { $cn == ""United States of America""; };
not { $cn == ""Canada""; };
not { $cn == ""Mexico""; };
fetch {
  ""articleTitle"": $a.title,
  ""publicationDate"": $a.date,
  ""organizationName"": $o.name,
  ""countryName"": $cn
};"
200,Which organizations have more than one industry category?,"MATCH (o:Organization)-[:HAS_CATEGORY]->(ic:IndustryCategory)
WITH o, COUNT(ic) AS categoryCount
WHERE categoryCount > 1
RETURN o.name AS organizationName, categoryCount","match
$o isa organization;
in_category (organization: $o, category: $ic);
reduce $categoryCount = count($ic) groupby $o;
match $categoryCount > 1;
fetch { ""organizationName"": $o.name, ""categoryCount"": $categoryCount };"
201,What are the names of the top 3 organizations in terms of revenue in the electronics industry?,"MATCH (org:Organization)-[:HAS_CATEGORY]->(cat:IndustryCategory {name: ""Electronic Products Manufacturers""})
RETURN org.name AS organizationName, org.revenue AS revenue
ORDER BY org.revenue DESC
LIMIT 3","match
$org isa organization, has name $n, has revenue $rev;
$cat isa industry_category, has industry_category_name ""Electronic Products Manufacturers"";
in_category (organization: $org, category: $cat);
sort $rev desc;
limit 3;
fetch {
  ""organizationName"": $n,
  ""revenue"": $rev
};"
202,List the top 5 countries by number of cities mentioned in the database.,"MATCH (c:City)-[:IN_COUNTRY]->(co:Country)
WITH co, count(c) as cityCount
RETURN co.name as country, cityCount
ORDER BY cityCount DESC
LIMIT 5","match
$c isa city;
$co isa country;
location-contains (parent: $co, child: $c);
reduce $cityCount = count($c) groupby $co;
sort $cityCount desc;
limit 5;
fetch {
  ""country"": $co.country_name,
  ""cityCount"": $cityCount
};"
203,Who are the investors of organizations mentioned in articles with a positive sentiment?,"MATCH (a:Article)-[:MENTIONS]->(o:Organization)-[:HAS_INVESTOR]->(investor)
WHERE a.sentiment > 0
RETURN DISTINCT investor.name AS InvestorName, o.name AS OrganizationName, a.title AS ArticleTitle, a.sentiment AS ArticleSentiment","match
$a isa article, has sentiment $s, has title $t;
$s > 0;
$o isa organization, has name $on;
mentions (article: $a, mentioned: $o);
invested_in (organization: $o, investor: $inv);
$inv has name $in;
select $in, $on, $t, $s;
distinct;
fetch {
  ""InvestorName"": $in,
  ""OrganizationName"": $on,
  ""ArticleTitle"": $t,
  ""ArticleSentiment"": $s
};"
204,"List the first 5 organizations that have been mentioned in articles published after January 1st, 2020.","MATCH (a:Article)-[:MENTIONS]->(o:Organization)
WHERE a.date > date(""2020-01-01"")
RETURN o.name
ORDER BY a.date
LIMIT 5","match
$a isa article, has date $d;
$o isa organization, has name $n;
mentions (article: $a, mentioned: $o);
$d > 2020-01-01T00:00:00;
sort $d;
limit 5;
fetch {
  ""name"": $n
};"
205,Identify the top 3 organizations that have been dissolved but still have a CEO listed.,"MATCH (o:Organization)-[:HAS_CEO]->(p:Person)
WHERE o.isDissolved = true
RETURN o.name AS organization, p.name AS ceo
ORDER BY o.name
LIMIT 3","match
$o isa organization, has is_dissolved true, has name $on;
$p isa person, has name $pn;
ceo_of (organization: $o, ceo: $p);
sort $on asc;
limit 3;
fetch {
  ""organization"": $on,
  ""ceo"": $pn
};"
206,Which organizations have a summary mentioning 'software' and are public companies?,"MATCH (o:Organization)
WHERE o.summary CONTAINS 'software' AND o.isPublic = true
RETURN o.name, o.summary","match
$o isa organization, has summary $s, has is_public true;
$s like "".*software.*"";
fetch {
  ""name"": $o.name,
  ""summary"": $o.summary
};"
207,List the first 5 people who are investors in more than one organization.,"MATCH (p:Person)-[:HAS_INVESTOR]->(o:Organization)
WITH p, COUNT(DISTINCT o) AS orgCount
WHERE orgCount > 1
RETURN p.name AS investorName, orgCount
ORDER BY orgCount DESC
LIMIT 5","match
$p isa person;
invested_in (investor: $p, organization: $o);
reduce $orgCount = count($o) groupby $p;
match
$orgCount > 1;
$p has name $name;
sort $orgCount desc;
limit 5;
fetch {
  ""investorName"": $name,
  ""orgCount"": $orgCount
};"
208,Find the top 3 articles with the highest sentiment scores mentioning organizations with over 1000 employees.,"MATCH (a:Article)-[:MENTIONS]->(o:Organization)
WHERE o.nbrEmployees > 1000
RETURN a.title, a.sentiment, a.date
ORDER BY a.sentiment DESC
LIMIT 3","match
$a isa article;
$o isa organization, has nbr_employees $ne;
$ne > 1000;
mentions (article: $a, mentioned: $o);
$a has sentiment $s;
sort $s desc;
limit 3;
fetch {
  ""title"": $a.title,
  ""sentiment"": $s,
  ""date"": $a.date
};"
209,What are the names of the organizations that have an industry category named 'Electronic Products Manufacturers'?,"MATCH (o:Organization)-[:HAS_CATEGORY]->(ic:IndustryCategory {name: 'Electronic Products Manufacturers'})
RETURN o.name","match
$o isa organization;
$ic isa industry_category, has industry_category_name ""Electronic Products Manufacturers"";
in_category (organization: $o, category: $ic);
fetch {
  ""name"": $o.name
};"
210,Which organizations are headquartered in a city that is not the capital of its country?,"MATCH (org:Organization)-[:IN_CITY]->(city:City)-[:IN_COUNTRY]->(country:Country)
WHERE NOT EXISTS {
  MATCH (capital:City)-[:IN_COUNTRY {capital: true}]->(country)
  WHERE city = capital
}
RETURN org.name AS organizationName, city.name AS cityName, country.name AS countryName","match $o isa organization; $c isa city; $country isa country; (organization: $o, city: $c) isa located_in; (child: $c, parent: $country) isa location-contains; fetch { ""organization"": $o.name, ""city"": $c.city_name, ""country"": $country.country_name };"
211,List the first 5 organizations that have a motto including the word 'security'.,"MATCH (o:Organization)
WHERE o.motto CONTAINS 'security'
RETURN o.name, o.motto
LIMIT 5","match
$o isa organization, has motto $m;
$m like "".*security.*"";
limit 5;
fetch {
  ""name"": $o.name,
  ""motto"": $m
};"
212,Identify the top 3 cities where organizations with a revenue less than 10 million are located.,"MATCH (o:Organization)-[:IN_CITY]->(c:City)
WHERE o.revenue < 10000000
RETURN c.name AS city, COUNT(o) AS organization_count
ORDER BY organization_count DESC
LIMIT 3","match
$o isa organization, has revenue $r;
$r < 10000000.0;
located_in (organization: $o, city: $c);
$c isa city;
reduce $count = count($o) groupby $c;
sort $count desc;
limit 3;
fetch {
  ""city"": $c.city_name,
  ""organization_count"": $count
};"
213,What are the names of the people who are board members of at least two different organizations?,"MATCH (p:Person)-[:HAS_BOARD_MEMBER]->(o1:Organization),
      (p)-[:HAS_BOARD_MEMBER]->(o2:Organization)
WHERE o1.id <> o2.id
RETURN DISTINCT p.name","match
$p isa person;
board_member_of (member: $p, organization: $o);
reduce $count = count($o) groupby $p;
match
$count >= 2;
fetch {
  ""name"": $p.name
};"
214,List the first 3 organizations with the highest revenue that are also dissolved.,"MATCH (o:Organization)
WHERE o.isDissolved = true
RETURN o.name, o.revenue
ORDER BY o.revenue DESC
LIMIT 3","match
$o isa organization, has is_dissolved true, has revenue $r;
sort $r desc;
limit 3;
fetch {
  ""name"": $o.name,
  ""revenue"": $r
};"
215,Which organizations have a board member who is also a CEO of another organization?,"MATCH (org1:Organization)-[:HAS_BOARD_MEMBER]->(person:Person)-[:HAS_CEO]->(org2:Organization)
RETURN org1.name AS OrganizationWithBoardMember, person.name AS BoardMemberAndCEO, org2.name AS OrganizationWithCEO","match
$org1 isa organization;
$person isa person;
$org2 isa organization;
board_member_of (organization: $org1, member: $person);
ceo_of (organization: $org2, ceo: $person);
not { $org1 is $org2; };
fetch {
  ""OrganizationWithBoardMember"": $org1.name,
  ""BoardMemberAndCEO"": $person.name,
  ""OrganizationWithCEO"": $org2.name
};"
216,Identify the first 5 articles that mention organizations headquartered in the United States of America.,"MATCH (country:Country {name: ""United States of America""})<-[:IN_COUNTRY]-(city:City)<-[:IN_CITY]-(org:Organization)<-[:MENTIONS]-(article:Article)
RETURN article.id, article.title, article.date, article.author, article.siteName
ORDER BY article.date
LIMIT 5","match
$country isa country, has country_name ""United States of America"";
location-contains (parent: $country, child: $city);
$city isa city;
located_in (organization: $org, city: $city);
mentions (article: $article, mentioned: $org);
$article has date $d;
sort $d asc;
limit 5;
fetch {
  ""id"": $article.article_id,
  ""title"": $article.title,
  ""date"": $d,
  ""author"": $article.author,
  ""siteName"": $article.site_name
};"
217,What are the names of the organizations that are headquartered in cities with a summary stating they are a county seat?,"MATCH (o:Organization)-[:IN_CITY]->(c:City)
WHERE c.summary CONTAINS ""county seat""
RETURN o.name","match
$o isa organization;
$c isa city, has city_summary $cs;
located_in (organization: $o, city: $c);
$cs like "".*county seat.*"";
fetch {
  ""name"": $o.name
};"
218,Find the top 3 organizations that have been invested in by more than one person.,"MATCH (o:Organization)<-[:HAS_INVESTOR]-(p:Person)
WITH o, COUNT(p) AS investorCount
WHERE investorCount > 1
RETURN o.name AS organizationName, investorCount
ORDER BY investorCount DESC
LIMIT 3","match
$o isa organization;
$p isa person;
invested_in (organization: $o, investor: $p);
reduce $count = count($p) groupby $o;
match $count > 1;
sort $count desc;
limit 3;
fetch { ""organizationName"": $o.name, ""investorCount"": $count };"
219,Which organizations have a CEO named 'Julie Spellman Sweet'?,"MATCH (ceo:Person {name: ""Julie Spellman Sweet""})<-[:HAS_CEO]-(org:Organization)
RETURN org.name AS organizationName","match
$ceo isa person, has name ""Julie Spellman Sweet"";
ceo_of (ceo: $ceo, organization: $org);
$org isa organization;
fetch {
  ""organizationName"": $org.name
};"
220,List the first 5 organizations that are competitors and are both public companies.,"MATCH (o1:Organization)-[:HAS_COMPETITOR]->(o2:Organization)
WHERE o1.isPublic = true AND o2.isPublic = true
RETURN o1.name AS Organization1, o2.name AS Organization2
LIMIT 5","match
$o1 isa organization, has is_public true, has name $n1;
$o2 isa organization, has is_public true, has name $n2;
competes_with (competitor: $o1, competitor: $o2);
limit 5;
fetch {
  ""Organization1"": $n1,
  ""Organization2"": $n2
};"
221,Identify the top 3 organizations that have the highest number of suppliers.,"MATCH (o:Organization)-[:HAS_SUPPLIER]->(s:Organization)
WITH o, COUNT(s) AS supplierCount
ORDER BY supplierCount DESC
LIMIT 3
RETURN o.name AS organizationName, supplierCount","match
$o isa organization;
$s isa organization;
supplies (supplier: $s, customer: $o);
reduce $supplierCount = count($s) groupby $o;
sort $supplierCount desc;
limit 3;
fetch {
  ""organizationName"": $o.name,
  ""supplierCount"": $supplierCount
};"
222,What are the names of the people who have both a parent and a child listed in the schema?,"MATCH (p:Person)-[:HAS_PARENT]->(:Person), (p)-[:HAS_CHILD]->(:Person)
RETURN p.name AS personName","match
$p isa person;
parent_of (parent: $parent, child: $p);
parent_of (parent: $p, child: $child);
fetch {
  ""personName"": $p.name
};"
223,List the first 3 countries that are home to more than one city mentioned in the schema.,"MATCH (c:City)-[:IN_COUNTRY]->(co:Country)
WITH co, COUNT(c) AS cityCount
WHERE cityCount > 1
RETURN co.name AS countryName
ORDER BY countryName
LIMIT 3","match
$c isa city;
$co isa country;
location-contains (parent: $co, child: $c);
reduce $city_count = count($c) groupby $co;
match
$city_count > 1;
$co has country_name $cn;
sort $cn;
limit 3;
fetch {
  ""countryName"": $cn
};"
224,Which organizations have a subsidiary with fewer than 50 employees?,"MATCH (org:Organization)-[:HAS_SUBSIDIARY]->(sub:Organization)
WHERE sub.nbrEmployees < 50
RETURN org.name AS OrganizationName, sub.name AS SubsidiaryName, sub.nbrEmployees AS SubsidiaryEmployees","match
$org isa organization;
$sub isa organization, has nbr_employees $emp;
$emp < 50;
subsidiary_of (parent: $org, subsidiary: $sub);
fetch {
  ""OrganizationName"": $org.name,
  ""SubsidiaryName"": $sub.name,
  ""SubsidiaryEmployees"": $emp
};"
225,Identify the first 5 people who are CEOs of public companies.,"MATCH (p:Person)<-[:HAS_CEO]-(o:Organization)
WHERE o.isPublic = true
RETURN p.name AS CEOName, o.name AS OrganizationName
LIMIT 5","match
$p isa person;
$o isa organization, has is_public true;
ceo_of (ceo: $p, organization: $o);
limit 5;
fetch {
  ""CEOName"": $p.name,
  ""OrganizationName"": $o.name
};"
226,What are the names of the industry categories that have at least three organizations associated with them?,"MATCH (ic:IndustryCategory)<-[:HAS_CATEGORY]-(o:Organization)
WITH ic, COUNT(o) AS orgCount
WHERE orgCount >= 3
RETURN ic.name","match
$ic isa industry_category;
$o isa organization;
in_category (organization: $o, category: $ic);
reduce $count = count($o) groupby $ic;
match
$count >= 3;
fetch {
  ""industry_category_name"": $ic.industry_category_name
};"
227,Find the top 3 cities where organizations with more than 500 employees are located.,"MATCH (o:Organization)-[:IN_CITY]->(c:City)
WHERE o.nbrEmployees > 500
RETURN c.name AS city, COUNT(o) AS organization_count
ORDER BY organization_count DESC
LIMIT 3","match
$o isa organization, has nbr_employees $ne;
$ne > 500;
$c isa city;
located_in (organization: $o, city: $c);
reduce $count = count($o) groupby $c;
sort $count desc;
limit 3;
fetch {
  ""city"": $c.city_name,
  ""organization_count"": $count
};"
228,Which organizations have a revenue greater than 100 million and are not dissolved?,"MATCH (o:Organization)
WHERE o.revenue > 100000000 AND o.isDissolved = false
RETURN o.name, o.revenue","match
$o isa organization, has revenue $r, has is_dissolved false;
$r > 100000000;
fetch {
  ""name"": $o.name,
  ""revenue"": $r
};"
229,Who are the board members of 'New Energy Group'?,"MATCH (o:Organization {name: ""New Energy Group""})-[:HAS_BOARD_MEMBER]->(p:Person)
RETURN p.name AS boardMemberName","match
$o isa organization, has name ""New Energy Group"";
board_member_of (organization: $o, member: $p);
$p isa person;
fetch {
  ""boardMemberName"": $p.name
};"
230,"Who are the children of 'Julie Spellman Sweet', list the first 3.","MATCH (p:Person {name: ""Julie Spellman Sweet""})-[:HAS_CHILD]->(child:Person)
RETURN child.name
LIMIT 3","match
$p isa person, has name ""Julie Spellman Sweet"";
parent_of (parent: $p, child: $child);
$child has name $child_name;
sort $child_name;
limit 3;
fetch {
  ""child_name"": $child_name
};"
231,What are the first 3 organizations that have a category and a CEO named 'Julie Spellman Sweet'?,"MATCH (o:Organization)-[:HAS_CATEGORY]->(:IndustryCategory),
      (o)-[:HAS_CEO]->(ceo:Person {name: ""Julie Spellman Sweet""})
RETURN o.name
LIMIT 3","match
$o isa organization;
in_category (organization: $o, category: $cat);
$ceo isa person, has name ""Julie Spellman Sweet"";
ceo_of (organization: $o, ceo: $ceo);
limit 3;
fetch {
  ""name"": $o.name
};"
232,List the first 5 organizations that have a CEO with a summary mentioning 'Leader'.,"MATCH (o:Organization)-[:HAS_CEO]->(p:Person)
WHERE p.summary CONTAINS 'Leader'
RETURN o.name AS organizationName, p.name AS ceoName, p.summary AS ceoSummary
LIMIT 5","match
$o isa organization;
$p isa person, has summary $s;
ceo_of (organization: $o, ceo: $p);
$s like "".*Leader.*"";
limit 5;
fetch {
  ""organizationName"": $o.name,
  ""ceoName"": $p.name,
  ""ceoSummary"": $s
};"
233,Which organizations have a CEO who was mentioned in an article on 'RCR Wireless News'?,"MATCH (o:Organization)-[:HAS_CEO]->(p:Person),
      (a:Article)-[:MENTIONS]->(p)
WHERE a.siteName = 'RCR Wireless News'
RETURN o.name AS organizationName, p.name AS ceoName, a.title AS articleTitle","match
  $o isa organization;
  $p isa person;
  $a isa article, has site_name ""RCR Wireless News"";
  ceo_of (organization: $o, ceo: $p);
  mentions (article: $a, mentioned: $o);
fetch {
  ""organizationName"": $o.name,
  ""ceoName"": $p.name,
  ""articleTitle"": $a.title
};"
234,List the first 3 organizations that have a competitor and a supplier in the same city.,"MATCH (org:Organization)-[:HAS_COMPETITOR]->(comp:Organization),
      (org)-[:HAS_SUPPLIER]->(sup:Organization),
      (org)-[:IN_CITY]->(city:City),
      (comp)-[:IN_CITY]->(city),
      (sup)-[:IN_CITY]->(city)
RETURN DISTINCT org.name AS OrganizationName
LIMIT 3","match
$org isa organization, has name $org_name;
$comp isa organization;
$sup isa organization;
$city isa city;
competes_with (competitor: $org, competitor: $comp);
supplies (supplier: $sup, customer: $org);
located_in (organization: $org, city: $city);
located_in (organization: $comp, city: $city);
located_in (organization: $sup, city: $city);
select $org_name;
distinct;
limit 3;
fetch {
  ""OrganizationName"": $org_name
};"
235,Name the first 3 organizations that have a CEO with a name containing 'Julie'.,"MATCH (ceo:Person)-[:HAS_CEO]->(org:Organization)
WHERE ceo.name CONTAINS 'Julie'
RETURN org.name
LIMIT 3","match
$ceo isa person, has name $n;
$org isa organization;
ceo_of (ceo: $ceo, organization: $org);
$n like "".*Julie.*"";
limit 3;
fetch {
  ""org_name"": $org.name
};"
236,Which organizations have been mentioned in articles authored by women?,"MATCH (a:Article)-[:MENTIONS]->(o:Organization)
WHERE a.author IN [""Julie Spellman Sweet"", ""Other Female Author Names""]
RETURN DISTINCT o.name","match
$a isa article;
{ $a has author ""Julie Spellman Sweet""; } or { $a has author ""Other Female Author Names""; };
mentions (article: $a, mentioned: $o);
$o isa organization;
select $o;
distinct;
fetch { ""name"": $o.name };"
237,What are the first 3 organizations with a CEO whose name ends with 'Sweet'?,"MATCH (ceo:Person)-[:HAS_CEO]->(org:Organization)
WHERE ceo.name ENDS WITH 'Sweet'
RETURN org.name AS organization_name, ceo.name AS ceo_name
ORDER BY org.name
LIMIT 3","match
$ceo isa person, has name $ceo_name;
$org isa organization, has name $org_name;
ceo_of (ceo: $ceo, organization: $org);
$ceo_name like "".*Sweet"";
sort $org_name;
limit 3;
fetch {
  ""organization_name"": $org_name,
  ""ceo_name"": $ceo_name
};"
238,List the first 5 organizations that have a category named 'Technology'.,"MATCH (o:Organization)-[:HAS_CATEGORY]->(c:IndustryCategory {name: 'Technology'})
RETURN o.name
LIMIT 5","match
$o isa organization;
$c isa industry_category, has industry_category_name ""Technology"";
in_category (organization: $o, category: $c);
limit 5;
fetch {
  ""name"": $o.name
};"
239,Which organizations have a CEO and are headquartered in a country other than the USA?,"MATCH (o:Organization)-[:HAS_CEO]->(ceo:Person),
      (o)-[:IN_CITY]->(c:City),
      (c)-[:IN_COUNTRY]->(country:Country)
WHERE country.name <> ""United States of America""
RETURN o.name AS OrganizationName, ceo.name AS CEOName, country.name AS CountryName","match
$o isa organization;
$ceo isa person;
ceo_of (organization: $o, ceo: $ceo);
$c isa city;
located_in (organization: $o, city: $c);
$country isa country, has country_name $cn;
location-contains (parent: $country, child: $c);
$cn != ""United States of America"";
fetch {
  ""OrganizationName"": $o.name,
  ""CEOName"": $ceo.name,
  ""CountryName"": $cn
};"
240,What are the first 3 organizations with a CEO who has a summary mentioning 'Technology'?,"MATCH (o:Organization)-[:HAS_CEO]->(p:Person)
WHERE p.summary CONTAINS 'Technology'
RETURN o.name AS organization_name, p.name AS ceo_name, p.summary AS ceo_summary
ORDER BY o.name
LIMIT 3","match
$o isa organization, has name $org_name;
$p isa person, has name $ceo_name, has summary $ceo_summary;
ceo_of (organization: $o, ceo: $p);
$ceo_summary like "".*Technology.*"";
sort $org_name;
limit 3;
fetch {
  ""organization_name"": $org_name,
  ""ceo_name"": $ceo_name,
  ""ceo_summary"": $ceo_summary
};"
241,Which organizations are mentioned in articles authored by 'David Correa'?,"MATCH (a:Article {author: ""David Correa""})-[:MENTIONS]->(o:Organization)
RETURN o.name","match
$a isa article, has author ""David Correa"";
mentions (article: $a, mentioned: $o);
$o isa organization;
fetch {
  ""name"": $o.name
};"
242,List the names of the first 3 organizations that have both a CEO and a board member named in their summary.,"MATCH (o:Organization)-[:HAS_CEO]->(ceo:Person), (o)-[:HAS_BOARD_MEMBER]->(boardMember:Person)
WHERE o.summary CONTAINS ceo.name AND o.summary CONTAINS boardMember.name
RETURN o.name
LIMIT 3","match
$o isa organization, has name $oname, has summary $s;
$ceo isa person, has name $ceoname;
$bm isa person, has name $bmname;
ceo_of (organization: $o, ceo: $ceo);
board_member_of (organization: $o, member: $bm);
$s contains $ceoname;
$s contains $bmname;
limit 3;
fetch { ""name"": $oname };"
243,Which organization in Seattle has the most employees?,"MATCH (o:Organization)-[:IN_CITY]->(c:City {name: ""Seattle""})
RETURN o.name AS organization, o.nbrEmployees AS numberOfEmployees
ORDER BY o.nbrEmployees DESC
LIMIT 1","match
$o isa organization, has nbr_employees $n;
$c isa city, has city_name ""Seattle"";
located_in (organization: $o, city: $c);
sort $n desc;
limit 1;
fetch {
  ""organization"": $o.name,
  ""numberOfEmployees"": $n
};"
244,What are the first 3 articles mentioning an organization with more than 1000 employees?,"MATCH (o:Organization)-[:MENTIONS]-(a:Article)
WHERE o.nbrEmployees > 1000
RETURN a.title, a.date, a.author, a.summary
ORDER BY a.date DESC
LIMIT 3","match
$o isa organization, has nbr_employees $ne;
$ne > 1000;
$a isa article, has date $d;
mentions (article: $a, mentioned: $o);
sort $d desc;
limit 3;
fetch {
  ""title"": $a.title,
  ""date"": $d,
  ""author"": $a.author,
  ""summary"": $a.article_summary
};"
245,List the first 5 organizations that have more than one category.,"MATCH (o:Organization)-[:HAS_CATEGORY]->(c:IndustryCategory)
WITH o, COUNT(c) AS categoryCount
WHERE categoryCount > 1
RETURN o.name AS organizationName
LIMIT 5","match
$o isa organization;
in_category (organization: $o, category: $c);
reduce $category_count = count($c) groupby $o;
match
$category_count > 1;
limit 5;
fetch {
  ""organizationName"": $o.name
};"
246,Name the first 3 organizations that have a CEO and a board member with different nationalities.,"MATCH (org:Organization)-[:HAS_CEO]->(ceo:Person),
      (org)-[:HAS_BOARD_MEMBER]->(boardMember:Person),
      (ceo)-[:HAS_PARENT|HAS_CHILD*0..]->(ceoCountry:Country),
      (boardMember)-[:HAS_PARENT|HAS_CHILD*0..]->(boardMemberCountry:Country)
WHERE ceoCountry.name <> boardMemberCountry.name
RETURN org.name AS OrganizationName
LIMIT 3","match $o isa organization; $ceo isa person; $board isa person; $ceoCountry isa country; $boardCountry isa country; (organization: $o, ceo: $ceo) isa ceo_of; (organization: $o, member: $board) isa board_member_of; limit 3; fetch { ""organization"": $o.name, ""ceo"": $ceo.name, ""ceoCountry"": $ceoCountry.country_name };"
247,Which organizations have been mentioned in articles with a sentiment score lower than 0.5?,"MATCH (a:Article)-[:MENTIONS]->(o:Organization)
WHERE a.sentiment < 0.5
RETURN o.name AS organizationName","match
$a isa article, has sentiment $s;
$s < 0.5;
$o isa organization;
mentions (article: $a, mentioned: $o);
fetch {
  ""organizationName"": $o.name
};"
248,Who are the investors of the first 3 organizations with a revenue above 50 million?,"MATCH (o:Organization)
WHERE o.revenue > 50000000
WITH o
ORDER BY o.revenue DESC
LIMIT 3
MATCH (o)<-[:HAS_INVESTOR]-(investor)
RETURN o.name AS organization, investor.name AS investor_name","match
$o isa organization, has revenue $r;
$r > 50000000;
sort $r desc;
limit 3;
match
invested_in (organization: $o, investor: $inv);
fetch {
  ""organization"": $o.name,
  ""investor_name"": $inv.name
};"
249,What are the first 3 organizations with a CEO who has written an article?,"MATCH (org:Organization)-[:HAS_CEO]->(ceo:Person)
MATCH (ceo)-[:HAS_WRITTEN]->(article:Article)
RETURN org.name AS organization_name, ceo.name AS ceo_name, article.title AS article_title
LIMIT 3","match
$org isa organization;
ceo_of (organization: $org, ceo: $ceo);
$ceo has name $ceo_name;
$article isa article, has author $a;
$ceo_name == $a;
limit 3;
fetch {
  ""organization_name"": $org.name,
  ""ceo_name"": $ceo_name,
  ""article_title"": $article.title
};"
250,List the first 5 organizations that have a supplier and are public companies.,"MATCH (o:Organization)-[:HAS_SUPPLIER]->(:Organization)
WHERE o.isPublic = true
RETURN o.name
LIMIT 5","match
$o isa organization, has is_public true;
supplies (customer: $o, supplier: $s);
$s isa organization;
limit 5;
fetch {
  ""name"": $o.name
};"
251,Which organizations have a category and are located in a city with a name containing 'Rome'?,"MATCH (o:Organization)-[:HAS_CATEGORY]->(:IndustryCategory),
      (o)-[:IN_CITY]->(c:City)
WHERE c.name CONTAINS 'Rome'
RETURN o.name","match
$o isa organization;
in_category (organization: $o, category: $cat);
located_in (organization: $o, city: $c);
$c has city_name $cn;
$cn like "".*Rome.*"";
fetch {
  ""name"": $o.name
};"
252,What are the names of the first 3 organizations that have a CEO with a name starting with 'J'?,"MATCH (ceo:Person)-[:HAS_CEO]->(org:Organization)
WHERE ceo.name STARTS WITH 'J'
RETURN org.name
LIMIT 3","match
$ceo isa person, has name $n;
$org isa organization;
ceo_of (ceo: $ceo, organization: $org);
$n like ""J.*"";
limit 3;
fetch {
  ""name"": $org.name
};"
253,Name the first 3 CEOs of organizations that are headquartered in a city starting with 'S'.,"MATCH (o:Organization)-[:IN_CITY]->(c:City), (o)-[:HAS_CEO]->(ceo:Person)
WHERE c.name STARTS WITH 'S'
RETURN ceo.name AS CEO_Name, o.name AS Organization_Name, c.name AS City_Name
LIMIT 3","match
$o isa organization;
$ceo isa person;
$c isa city, has city_name $cn;
$cn like ""S.*"";
located_in (organization: $o, city: $c);
ceo_of (organization: $o, ceo: $ceo);
limit 3;
fetch {
  ""CEO_Name"": $ceo.name,
  ""Organization_Name"": $o.name,
  ""City_Name"": $cn
};"
254,List the top 5 organizations that have more than 100 employees and are not dissolved.,"MATCH (o:Organization)
WHERE o.nbrEmployees > 100 AND o.isDissolved = false
RETURN o.name, o.nbrEmployees
ORDER BY o.nbrEmployees DESC
LIMIT 5","match
$o isa organization, has nbr_employees $ne, has is_dissolved false;
$ne > 100;
sort $ne desc;
limit 5;
fetch {
  ""name"": $o.name,
  ""nbr_employees"": $ne
};"
255,What are the names of the organizations that have a public status and revenue greater than 100000000?,"MATCH (o:Organization)
WHERE o.isPublic = true AND o.revenue > 100000000
RETURN o.name","match
$o isa organization, has is_public true, has revenue $r;
$r > 100000000;
fetch {
  ""name"": $o.name
};"
256,Name 3 organizations that are suppliers to 'New Energy Group'.,"MATCH (o:Organization {name: ""New Energy Group""})<-[:HAS_SUPPLIER]-(supplier:Organization)
RETURN supplier.name
LIMIT 3","match
$o isa organization, has name ""New Energy Group"";
$supplier isa organization, has name $n;
supplies (supplier: $supplier, customer: $o);
limit 3;
fetch {
  ""name"": $n
};"
257,List the CEOs of organizations that have a category in 'Electronic Products Manufacturers'.,"MATCH (org:Organization)-[:HAS_CATEGORY]->(cat:IndustryCategory {name: ""Electronic Products Manufacturers""})
MATCH (org)-[:HAS_CEO]->(ceo:Person)
RETURN ceo.name AS CEOName, org.name AS OrganizationName","match
$org isa organization;
$cat isa industry_category, has industry_category_name ""Electronic Products Manufacturers"";
in_category (organization: $org, category: $cat);
$ceo isa person;
ceo_of (organization: $org, ceo: $ceo);
fetch {
  ""CEOName"": $ceo.name,
  ""OrganizationName"": $org.name
};"
258,Identify the organizations that have more than one subsidiary.,"MATCH (parentOrg:Organization)-[:HAS_SUBSIDIARY]->(subOrg:Organization)
WITH parentOrg, COUNT(subOrg) AS numSubsidiaries
WHERE numSubsidiaries > 1
RETURN parentOrg.name AS OrganizationName, numSubsidiaries","match
$parentOrg isa organization;
$subOrg isa organization;
subsidiary_of (parent: $parentOrg, subsidiary: $subOrg);
reduce $numSubsidiaries = count($subOrg) groupby $parentOrg;
match $numSubsidiaries > 1;
fetch { ""OrganizationName"": $parentOrg.name, ""numSubsidiaries"": $numSubsidiaries };"
259,Which articles mention organizations that have been dissolved?,"MATCH (a:Article)-[:MENTIONS]->(o:Organization)
WHERE o.isDissolved = true
RETURN a.title, a.date, a.author, a.summary","match
$a isa article;
$o isa organization, has is_dissolved true;
mentions (article: $a, mentioned: $o);
fetch {
  ""title"": $a.title,
  ""date"": $a.date,
  ""author"": $a.author,
  ""summary"": $a.article_summary
};"
260,Name the children and parents of persons who are CEOs of organizations with more than 50 employees.,"MATCH (ceo:Person)<-[:HAS_CEO]-(org:Organization)
WHERE org.nbrEmployees > 50
WITH ceo
OPTIONAL MATCH (ceo)-[:HAS_CHILD]->(child:Person)
OPTIONAL MATCH (ceo)-[:HAS_PARENT]->(parent:Person)
RETURN ceo.name AS CEO, 
       collect(DISTINCT child.name) AS Children, 
       collect(DISTINCT parent.name) AS Parents","match
$ceo isa person;
$org isa organization, has nbr_employees $ne;
$ne > 50;
ceo_of (ceo: $ceo, organization: $org);
try { parent_of (parent: $ceo, child: $child); $child isa person; };
try { parent_of (parent: $parent, child: $ceo); $parent isa person; };
fetch {
  ""CEO"": $ceo.name,
  ""Children"": [ $child.name ],
  ""Parents"": [ $parent.name ]
};"
261,Which cities have organizations with a public status?,"MATCH (o:Organization)-[:IN_CITY]->(c:City)
WHERE o.isPublic = true
RETURN DISTINCT c.name","match
$o isa organization, has is_public true;
$c isa city, has city_name $cn;
located_in (organization: $o, city: $c);
select $cn;
distinct;
fetch {
  ""city_name"": $cn
};"
262,List the organizations that have a category named 'Electronic Products Manufacturers'.,"MATCH (o:Organization)-[:HAS_CATEGORY]->(c:IndustryCategory {name: ""Electronic Products Manufacturers""})
RETURN o.name","match
$o isa organization;
$c isa industry_category, has industry_category_name ""Electronic Products Manufacturers"";
in_category (organization: $o, category: $c);
fetch {
  ""name"": $o.name
};"
263,Who are the investors in 'New Energy Group'?,"MATCH (o:Organization {name: ""New Energy Group""})<-[:HAS_INVESTOR]-(investor)
RETURN investor.name AS InvestorName, labels(investor) AS InvestorType","match
  $o isa organization, has name ""New Energy Group"";
  invested_in (organization: $o, investor: $inv);
  $inv isa $type;
  $inv has name $n;
fetch {
  ""InvestorName"": $n,
  ""InvestorType"": $type
};"
264,Which organizations are located in cities within 'United States of America'?,"MATCH (org:Organization)-[:IN_CITY]->(city:City)-[:IN_COUNTRY]->(country:Country {name: ""United States of America""})
RETURN org.name AS organizationName","match
$org isa organization, has name $n;
$country isa country, has country_name ""United States of America"";
$city isa city;
located_in (organization: $org, city: $city);
location-contains (parent: $country, child: $city);
fetch {
  ""organizationName"": $n
};"
265,What are the top 3 latest articles mentioning any organization?,"MATCH (a:Article)-[:MENTIONS]->(o:Organization)
RETURN a.title AS title, a.date AS date, o.name AS organization
ORDER BY a.date DESC
LIMIT 3","match
$a isa article, has title $t, has date $d;
$o isa organization, has name $n;
mentions (article: $a, mentioned: $o);
sort $d desc;
limit 3;
fetch {
  ""title"": $t,
  ""date"": $d,
  ""organization"": $n
};"
266,Name 3 people who are board members for organizations with a motto.,"MATCH (o:Organization)-[:HAS_BOARD_MEMBER]->(p:Person)
WHERE o.motto IS NOT NULL AND o.motto <> """"
RETURN p.name
LIMIT 3","match
$o isa organization, has motto $m;
$m != """";
$p isa person, has name $n;
board_member_of (organization: $o, member: $p);
limit 3;
fetch { ""name"": $n };"
267,Which organizations have an investor named 'Accenture'?,"MATCH (investor:Organization {name: 'Accenture'})<-[:HAS_INVESTOR]-(org:Organization)
RETURN org.name","match
$investor isa organization, has name ""Accenture"";
$org isa organization;
invested_in (organization: $org, investor: $investor);
fetch {
  ""name"": $org.name
};"
268,Identify articles mentioning organizations based in 'Rome'.,"MATCH (o:Organization)-[:IN_CITY]->(c:City {name: ""Rome""})
MATCH (a:Article)-[:MENTIONS]->(o)
RETURN a.title, a.date, a.author, a.summary","match
$c isa city, has city_name ""Rome"";
$o isa organization;
located_in (organization: $o, city: $c);
$a isa article;
mentions (article: $a, mentioned: $o);
fetch {
  ""title"": $a.title,
  ""date"": $a.date,
  ""author"": $a.author,
  ""summary"": $a.article_summary
};"
269,List the countries where organizations with a revenue of over 50000000 are located.,"MATCH (o:Organization)-[:IN_CITY]->(c:City)-[:IN_COUNTRY]->(country:Country)
WHERE o.revenue > 50000000
RETURN DISTINCT country.name AS Country","match
$o isa organization, has revenue $r;
$r > 50000000;
$c isa city;
located_in (organization: $o, city: $c);
$country isa country;
location-contains (parent: $country, child: $c);
select $country;
distinct;
fetch {
  ""Country"": $country.country_name
};"
270,What are the names of the parents of people who work in organizations with more than 400 employees?,"MATCH (org:Organization)-[:HAS_CEO|:HAS_BOARD_MEMBER|:HAS_INVESTOR]->(person:Person)-[:HAS_PARENT]->(parent:Person)
WHERE org.nbrEmployees > 400
RETURN DISTINCT parent.name","match
$org isa organization, has nbr_employees $ne;
$ne > 400;
{ ceo_of (organization: $org, ceo: $person); } or { board_member_of (organization: $org, member: $person); } or { invested_in (organization: $org, investor: $person); };
$person isa person;
parent_of (parent: $parent, child: $person);
$parent has name $pname;
select $pname;
distinct;
fetch { ""name"": $pname };"
271,Who are the children of 'Julie Spellman Sweet' listed in the database?,"MATCH (p:Person {name: ""Julie Spellman Sweet""})-[:HAS_CHILD]->(child:Person)
RETURN child.name","match
$p isa person, has name ""Julie Spellman Sweet"";
parent_of (parent: $p, child: $child);
$child isa person, has name $child_name;
fetch {
  ""child_name"": $child_name
};"
272,Which organizations have a summary mentioning 'software' and are located in a city with a population summary mentioning 'capital'?,"MATCH (o:Organization)-[:IN_CITY]->(c:City)
WHERE o.summary CONTAINS 'software' AND c.summary CONTAINS 'capital'
RETURN o.name AS organizationName, o.summary AS organizationSummary, c.name AS cityName, c.summary AS citySummary","match
$o isa organization, has summary $os, has name $on;
$c isa city, has city_summary $cs, has city_name $cn;
located_in (organization: $o, city: $c);
$os like "".*software.*"";
$cs like "".*capital.*"";
fetch {
  ""organizationName"": $on,
  ""organizationSummary"": $os,
  ""cityName"": $cn,
  ""citySummary"": $cs
};"
273,Who are the board members of organizations with revenue over 50000000?,"MATCH (o:Organization)-[:HAS_BOARD_MEMBER]->(p:Person)
WHERE o.revenue > 50000000
RETURN o.name AS organization, p.name AS board_member","match
$o isa organization, has name $org_name, has revenue $rev;
$rev > 50000000.0;
$p isa person, has name $member_name;
board_member_of (organization: $o, member: $p);
fetch {
  ""organization"": $org_name,
  ""board_member"": $member_name
};"
274,Which organizations are competitors of 'Deis'?,"MATCH (org:Organization {name: ""Deis""})-[:HAS_COMPETITOR]->(competitor:Organization)
RETURN competitor.name","match
$org isa organization, has name ""Deis"";
competes_with (competitor: $org, competitor: $competitor);
$competitor has name $name;
fetch {
  ""name"": $name
};"
275,List the industry categories for organizations located in 'Seattle'.,"MATCH (c:City {name: ""Seattle""})<-[:IN_CITY]-(o:Organization)-[:HAS_CATEGORY]->(ic:IndustryCategory)
RETURN DISTINCT ic.name AS IndustryCategory","match
$c isa city, has city_name ""Seattle"";
located_in (organization: $o, city: $c);
in_category (organization: $o, category: $ic);
$ic has industry_category_name $icn;
select $icn;
distinct;
fetch { ""IndustryCategory"": $icn };"
276,Which organizations have 'Julie Spellman Sweet' as a CEO?,"MATCH (p:Person {name: ""Julie Spellman Sweet""})<-[:HAS_CEO]-(o:Organization)
RETURN o.name","match
$p isa person, has name ""Julie Spellman Sweet"";
ceo_of (ceo: $p, organization: $o);
fetch {
  ""name"": $o.name
};"
277,What are the names of the organizations that are subsidiaries of 'Accenture'?,"MATCH (parentOrg:Organization {name: ""Accenture""})-[:HAS_SUBSIDIARY]->(subsidiary:Organization)
RETURN subsidiary.name","match
$parent isa organization, has name ""Accenture"";
$sub isa organization, has name $n;
subsidiary_of (parent: $parent, subsidiary: $sub);
fetch {
  ""name"": $n
};"
278,Identify the top 5 articles with a positive sentiment greater than 0.8.,"MATCH (a:Article)
WHERE a.sentiment > 0.8
RETURN a.title, a.sentiment
ORDER BY a.sentiment DESC
LIMIT 5","match
$a isa article, has sentiment $s, has title $t;
$s > 0.8;
sort $s desc;
limit 5;
fetch {
  ""title"": $t,
  ""sentiment"": $s
};"
279,Which cities are home to organizations with more than 300 employees?,"MATCH (o:Organization)-[:IN_CITY]->(c:City)
WHERE o.nbrEmployees > 300
RETURN DISTINCT c.name AS cityName","match
$o isa organization, has nbr_employees $ne;
$ne > 300;
$c isa city, has city_name $cn;
located_in (organization: $o, city: $c);
select $cn;
distinct;
fetch {
  ""cityName"": $cn
};"
280,List the first 3 organizations that have been competitors for more than 5 years.,"MATCH (o1:Organization)-[r:HAS_COMPETITOR]->(o2:Organization)
WHERE r.since <= date().year - 5
RETURN o1.name AS Organization1, o2.name AS Organization2
LIMIT 3","match $o1 isa organization; $o2 isa organization; (competitor: $o1, competitor: $o2) isa competes_with; limit 3; fetch { ""o1"": $o1, ""o2"": $o2 };"
281,Which organization has the highest number of employees and is located in a capital city?,"MATCH (o:Organization)-[:IN_CITY]->(c:City)-[:IN_COUNTRY]->(co:Country)
WHERE c.name CONTAINS ""capital"" AND co.name = ""United States of America""
RETURN o.name AS organization, o.nbrEmployees AS numberOfEmployees
ORDER BY o.nbrEmployees DESC
LIMIT 1","match
$o isa organization, has nbr_employees $ne, has name $on;
$c isa city, has city_name $cn;
$co isa country, has country_name $con;
located_in (organization: $o, city: $c);
location-contains (parent: $co, child: $c);
$cn like "".*capital.*"";
$con == ""United States of America"";
sort $ne desc;
limit 1;
fetch {
  ""organization"": $on,
  ""numberOfEmployees"": $ne
};"
282,Which organizations have a CEO named within the first 5 chunks of an article?,"MATCH (a:Article)-[:HAS_CHUNK]->(c:Chunk)
WITH a, c
ORDER BY c.text
LIMIT 5
MATCH (a)-[:MENTIONS]->(o:Organization)-[:HAS_CEO]->(p:Person)
RETURN DISTINCT o.name AS OrganizationName, p.name AS CEOName","match
$a isa article;
has_chunk (article: $a, chunk: $c);
$c has text $t;
mentions (article: $a, mentioned: $o);
$o isa organization, has name $org_name;
ceo_of (organization: $o, ceo: $p);
$p has name $ceo_name;
sort $t;
limit 5;
fetch {
  ""OrganizationName"": $org_name,
  ""CEOName"": $ceo_name
};"
283,Who are the CEOs of the first 3 organizations that have a category 'Electronic Products Manufacturers'?,"MATCH (o:Organization)-[:HAS_CATEGORY]->(c:IndustryCategory {name: ""Electronic Products Manufacturers""})
MATCH (o)-[:HAS_CEO]->(ceo:Person)
RETURN ceo.name AS CEO, o.name AS Organization
LIMIT 3","match
$o isa organization, has name $org_name;
$c isa industry_category, has industry_category_name ""Electronic Products Manufacturers"";
in_category (organization: $o, category: $c);
$ceo isa person, has name $ceo_name;
ceo_of (organization: $o, ceo: $ceo);
limit 3;
fetch {
  ""CEO"": $ceo_name,
  ""Organization"": $org_name
};"
284,List the first 5 organizations that have a CEO named 'Julie Spellman Sweet'.,"MATCH (ceo:Person {name: ""Julie Spellman Sweet""})<-[:HAS_CEO]-(org:Organization)
RETURN org.name
LIMIT 5","match
$ceo isa person, has name ""Julie Spellman Sweet"";
$org isa organization;
ceo_of (ceo: $ceo, organization: $org);
$org has name $n;
limit 5;
fetch {
  ""name"": $n
};"
285,What are the first 3 organizations mentioned in the article titled 'Funds for Consumer Behavior Specialist Infinite An'?,"MATCH (a:Article {title: 'Funds for Consumer Behavior Specialist Infinite An'})-[:MENTIONS]->(o:Organization)
RETURN o.name
LIMIT 3","match
$a isa article, has title ""Funds for Consumer Behavior Specialist Infinite An"";
mentions (article: $a, mentioned: $o);
$o isa organization;
limit 3;
fetch {
  ""name"": $o.name
};"
286,Which person has the ID 'Eaf0bpz6NNoqLVUCqNZPAew'?,"MATCH (p:Person {id: 'Eaf0bpz6NNoqLVUCqNZPAew'})
RETURN p.name","match
$p isa person, has person_id ""Eaf0bpz6NNoqLVUCqNZPAew"";
fetch {
  ""name"": $p.name
};"
287,Provide the names and IDs of the first 3 persons who are CEOs of public companies.,"MATCH (p:Person)<-[:HAS_CEO]-(o:Organization)
WHERE o.isPublic = true
RETURN p.name AS name, p.id AS id
LIMIT 3","match
$p isa person;
$o isa organization, has is_public true;
ceo_of (ceo: $p, organization: $o);
limit 3;
fetch {
  ""name"": $p.name,
  ""id"": $p.person_id
};"
288,What are the summaries of the first 3 cities in the database?,"MATCH (c:City)
RETURN c.summary
ORDER BY c.id
LIMIT 3","match
$c isa city, has city_id $id;
sort $id;
limit 3;
fetch {
  ""summary"": $c.city_summary
};"
289,Which organizations have a motto?,"MATCH (o:Organization)
WHERE o.motto IS NOT NULL AND o.motto <> """"
RETURN o.name, o.motto","match
$o isa organization, has motto $m, has name $n;
fetch {
  ""name"": $n,
  ""motto"": $m
};"
290,What are the top 5 highest revenue organizations in the database?,"MATCH (o:Organization)
RETURN o.name, o.revenue
ORDER BY o.revenue DESC
LIMIT 5","match
$o isa organization, has name $n, has revenue $r;
sort $r desc;
limit 5;
fetch {
  ""name"": $n,
  ""revenue"": $r
};"
291,What is the summary of the person with ID 'Eaf0bpz6NNoqLVUCqNZPAew'?,"MATCH (p:Person {id: 'Eaf0bpz6NNoqLVUCqNZPAew'})
RETURN p.summary","match
$p isa person, has person_id ""Eaf0bpz6NNoqLVUCqNZPAew"";
fetch {
  ""summary"": $p.summary
};"
292,Who are the first 3 parents of 'Julie Spellman Sweet'?,"MATCH (p:Person {name: ""Julie Spellman Sweet""})-[:HAS_PARENT*1..3]->(parent:Person)
RETURN parent.name AS ParentName
LIMIT 3","match
$p isa person, has name ""Julie Spellman Sweet"";
{
  parent_of (parent: $ancestor, child: $p);
} or {
  parent_of (parent: $mid1, child: $p);
  parent_of (parent: $ancestor, child: $mid1);
} or {
  parent_of (parent: $mid2, child: $p);
  parent_of (parent: $mid3, child: $mid2);
  parent_of (parent: $ancestor, child: $mid3);
};
limit 3;
fetch {
  ""ParentName"": $ancestor.name
};"
293,What are the first 3 children of the person named 'Julie Spellman Sweet'?,"MATCH (p:Person {name: ""Julie Spellman Sweet""})-[:HAS_CHILD]->(child:Person)
RETURN child.name
LIMIT 3","match
$p isa person, has name ""Julie Spellman Sweet"";
parent_of (parent: $p, child: $child);
limit 3;
fetch {
  ""name"": $child.name
};"
294,Which organizations have subsidiaries within the same city?,"MATCH (org1:Organization)-[:HAS_SUBSIDIARY]->(sub:Organization),
      (org1)-[:IN_CITY]->(city:City),
      (sub)-[:IN_CITY]->(city)
RETURN org1.name AS ParentOrganization, sub.name AS SubsidiaryOrganization, city.name AS City","match
$org1 isa organization, has name $parent_name;
$sub isa organization, has name $sub_name;
$city isa city, has city_name $cn;
subsidiary_of (parent: $org1, subsidiary: $sub);
located_in (organization: $org1, city: $city);
located_in (organization: $sub, city: $city);
fetch {
  ""ParentOrganization"": $parent_name,
  ""SubsidiaryOrganization"": $sub_name,
  ""City"": $cn
};"
295,Which organizations are involved in the industry category 'Electronic Products Manufacturers'?,"MATCH (o:Organization)-[:HAS_CATEGORY]->(ic:IndustryCategory {name: ""Electronic Products Manufacturers""})
RETURN o.name AS OrganizationName","match
$o isa organization;
$ic isa industry_category, has industry_category_name ""Electronic Products Manufacturers"";
in_category (organization: $o, category: $ic);
fetch {
  ""OrganizationName"": $o.name
};"
296,What are the first 3 articles that have a sentiment score above 0.5?,"MATCH (a:Article)
WHERE a.sentiment > 0.5
RETURN a.title, a.date, a.sentiment
ORDER BY a.date ASC
LIMIT 3","match
$a isa article, has sentiment $s, has date $d;
$s > 0.5;
sort $d asc;
limit 3;
fetch {
  ""title"": $a.title,
  ""date"": $d,
  ""sentiment"": $s
};"
297,Which organizations are competitors of 'Deja vu Security'?,"MATCH (org:Organization {name: ""Deja vu Security""})-[:HAS_COMPETITOR]->(competitor:Organization)
RETURN competitor.name","match
  $org isa organization, has name ""Deja vu Security"";
  competes_with ($org, $competitor);
  $competitor isa organization;
fetch {
  ""competitor_name"": $competitor.name
};"
298,Who are the investors of the first 3 organizations in the list?,"MATCH (o:Organization)
WITH o
ORDER BY o.name
LIMIT 3
MATCH (o)-[:HAS_INVESTOR]->(investor)
RETURN o.name AS organization, investor.name AS investor","match
$o isa organization, has name $on;
invested_in (organization: $o, investor: $investor);
$investor has name $in;
sort $on asc;
limit 3;
fetch {
  ""organization"": $on,
  ""investor"": $in
};"
299,Can you provide the names of top 5 articles published before 2020?,"MATCH (a:Article)
WHERE a.date < datetime(""2020-01-01T00:00:00Z"")
RETURN a.title
ORDER BY a.date DESC
LIMIT 5","match
$a isa article, has date $d, has title $t;
$d < 2020-01-01T00:00:00;
sort $d desc;
limit 5;
fetch {
  ""title"": $t
};"
300,What are the first 3 industry categories for organizations in Rome?,"MATCH (o:Organization)-[:IN_CITY]->(c:City {name: ""Rome""}),
      (o)-[:HAS_CATEGORY]->(ic:IndustryCategory)
RETURN ic.name
LIMIT 3","match
$o isa organization;
$c isa city, has city_name ""Rome"";
located_in (organization: $o, city: $c);
in_category (organization: $o, category: $ic);
limit 3;
fetch {
  ""name"": $ic.industry_category_name
};"
301,List the first 5 cities that have organizations with more than 300 employees.,"MATCH (o:Organization)-[:IN_CITY]->(c:City)
WHERE o.nbrEmployees > 300
RETURN DISTINCT c.name
LIMIT 5","match
$o isa organization, has nbr_employees $n;
$n > 300;
located_in (organization: $o, city: $c);
$c has city_name $cn;
select $cn;
distinct;
limit 5;
fetch {
  ""city_name"": $cn
};"
302,Which organizations does 'New Energy Group' supply?,"MATCH (supplier:Organization {name: ""New Energy Group""})-[:HAS_SUPPLIER]->(supplied:Organization)
RETURN supplied.name AS SuppliedOrganizations","match
$supplier isa organization, has name ""New Energy Group"";
supplies (supplier: $supplier, customer: $supplied);
$supplied isa organization;
fetch {
  ""SuppliedOrganizations"": $supplied.name
};"
303,What are the names of the first 3 subsidiaries of 'Accenture'?,"MATCH (parentOrg:Organization {name: ""Accenture""})-[:HAS_SUBSIDIARY]->(subsidiary:Organization)
RETURN subsidiary.name
LIMIT 3","match
$parent isa organization, has name ""Accenture"";
subsidiary_of (parent: $parent, subsidiary: $sub);
$sub has name $n;
limit 3;
fetch {
  ""name"": $n
};"
304,List the first 3 parent companies of 'Accenture'.,"MATCH (o:Organization {name: ""Accenture""})-[:HAS_PARENT*1..3]->(parent:Organization)
RETURN parent.name
LIMIT 3","match
$o isa organization, has name ""Accenture"";
{
  subsidiary_of (subsidiary: $o, parent: $parent);
} or {
  subsidiary_of (subsidiary: $o, parent: $mid1);
  subsidiary_of (subsidiary: $mid1, parent: $parent);
} or {
  subsidiary_of (subsidiary: $o, parent: $mid2a);
  subsidiary_of (subsidiary: $mid2a, parent: $mid2b);
  subsidiary_of (subsidiary: $mid2b, parent: $parent);
};
limit 3;
fetch {
  ""parent_name"": $parent.name
};"
305,What are the sentiment scores of the first 3 articles mentioning 'Deja vu Security'?,"MATCH (a:Article)-[:MENTIONS]->(o:Organization {name: ""Deja vu Security""})
RETURN a.sentiment
ORDER BY a.date ASC
LIMIT 3","match
  $o isa organization, has name ""Deja vu Security"";
  mentions (article: $a, mentioned: $o);
  $a has date $d;
sort $d asc;
limit 3;
fetch {
  ""sentiment"": $a.sentiment
};"
306,List the first 3 countries mentioned in the database.,"MATCH (c:Country)
RETURN c.name
LIMIT 3","match
$c isa country;
limit 3;
fetch {
  ""country_name"": $c.country_name
};"
307,Name the first 3 organizations that have been mentioned in an article from 'MrWeb'.,"MATCH (a:Article {siteName: ""MrWeb""})-[:MENTIONS]->(o:Organization)
RETURN o.name
LIMIT 3","match
$a isa article, has site_name ""MrWeb"";
mentions (article: $a, mentioned: $o);
$o isa organization;
limit 3;
fetch {
  ""name"": $o.name
};"
308,What are the names of the first 3 CEOs who work at organizations with a revenue greater than 10 million?,"MATCH (ceo:Person)<-[:HAS_CEO]-(org:Organization)
WHERE org.revenue > 10000000
RETURN ceo.name
ORDER BY ceo.name
LIMIT 3","match
$ceo isa person, has name $n;
$org isa organization, has revenue $r;
$r > 10000000;
ceo_of (ceo: $ceo, organization: $org);
sort $n asc;
limit 3;
fetch {
  ""name"": $n
};"
309,Who are the investors of 'Deja vu Security'?,"MATCH (o:Organization {name: ""Deja vu Security""})<-[:HAS_INVESTOR]-(investor)
RETURN investor.name AS InvestorName, investor.id AS InvestorID","match
$o isa organization, has name ""Deja vu Security"";
invested_in (organization: $o, investor: $inv);
$inv has name $inv_name;
fetch {
  ""InvestorName"": $inv_name
};"
310,Which organization has the highest revenue in Seattle?,"MATCH (o:Organization)-[:IN_CITY]->(c:City {name: ""Seattle""})
RETURN o.name AS organization, o.revenue AS revenue
ORDER BY o.revenue DESC
LIMIT 1","match
$o isa organization;
$c isa city, has city_name ""Seattle"";
located_in (organization: $o, city: $c);
$o has revenue $rev;
sort $rev desc;
limit 1;
fetch {
  ""organization"": $o.name,
  ""revenue"": $rev
};"
311,List the first 5 organizations that have a CEO with a summary mentioning 'Accenture'.,"MATCH (ceo:Person)-[:HAS_CEO]-(org:Organization)
WHERE ceo.summary CONTAINS 'Accenture'
RETURN org.name
LIMIT 5","match
$ceo isa person, has summary $s;
$s like "".*Accenture.*"";
$org isa organization;
ceo_of (ceo: $ceo, organization: $org);
limit 5;
fetch {
  ""name"": $org.name
};"
312,What are the first 3 organizations that have a CEO and a board member with the same name?,"MATCH (org:Organization)-[:HAS_CEO]->(ceo:Person), 
      (org)-[:HAS_BOARD_MEMBER]->(boardMember:Person)
WHERE ceo.name = boardMember.name
RETURN org.name AS OrganizationName, ceo.name AS PersonName
LIMIT 3","match
$org isa organization;
$ceo isa person, has name $ceo_name;
$board_member isa person, has name $board_name;
ceo_of (organization: $org, ceo: $ceo);
board_member_of (organization: $org, member: $board_member);
$ceo_name == $board_name;
limit 3;
fetch {
  ""OrganizationName"": $org.name,
  ""PersonName"": $ceo_name
};"
313,Name the first 3 organizations that have their CEOs with a summary containing 'CEO at'.,"MATCH (o:Organization)-[:HAS_CEO]->(p:Person)
WHERE p.summary CONTAINS 'CEO at'
RETURN o.name
LIMIT 3","match
$o isa organization;
$p isa person, has summary $s;
$s like "".*CEO at.*"";
ceo_of (organization: $o, ceo: $p);
limit 3;
fetch {
  ""name"": $o.name
};"
314,Which cities have more than three organizations located within them?,"MATCH (o:Organization)-[:IN_CITY]->(c:City)
WITH c, count(o) as orgCount
WHERE orgCount > 3
RETURN c.name as cityName, orgCount","match
$o isa organization;
$c isa city;
located_in (organization: $o, city: $c);
reduce $orgCount = count($o) groupby $c;
match $orgCount > 3;
fetch { ""cityName"": $c.city_name, ""orgCount"": $orgCount };"
315,List the first 3 organizations that have a subsidiary and an investor.,"MATCH (org:Organization)-[:HAS_SUBSIDIARY]->(:Organization),
      (org)-[:HAS_INVESTOR]->(:Organization)
RETURN org.name
LIMIT 3","match
$org isa organization;
subsidiary_of (parent: $org, subsidiary: $sub);
invested_in (organization: $org, investor: $inv);
limit 3;
fetch {
  ""name"": $org.name
};"
316,What are the top 5 organizations by number of employees?,"MATCH (o:Organization)
RETURN o.name AS organization, o.nbrEmployees AS numberOfEmployees
ORDER BY o.nbrEmployees DESC
LIMIT 5","match
$o isa organization;
$o has nbr_employees $n;
sort $n desc;
limit 5;
fetch {
  ""organization"": $o.name,
  ""numberOfEmployees"": $n
};"
317,Who are the first 3 persons mentioned as investors in organizations?,"MATCH (p:Person)-[:HAS_INVESTOR]->(o:Organization)
RETURN p.name AS investorName, o.name AS organizationName
LIMIT 3","match
$p isa person;
$o isa organization;
invested_in (investor: $p, organization: $o);
limit 3;
fetch {
  ""investorName"": $p.name,
  ""organizationName"": $o.name
};"
318,Which organizations have more than two competitors?,"MATCH (o:Organization)-[:HAS_COMPETITOR]->(c:Organization)
WITH o, COUNT(c) AS competitorCount
WHERE competitorCount > 2
RETURN o.name AS organizationName, competitorCount","match
$o isa organization, has name $org_name;
$c isa organization;
competes_with (competitor: $o, competitor: $c);
reduce $count = count($c) groupby $o, $org_name;
match
$count > 2;
sort $org_name;
fetch {
  ""organizationName"": $org_name,
  ""competitorCount"": $count
};"
319,What are the first 3 organizations that have been mentioned in articles by 'David Correa'?,"MATCH (a:Article {author: ""David Correa""})-[:MENTIONS]->(o:Organization)
RETURN o.name
LIMIT 3","match
$a isa article, has author ""David Correa"";
mentions (article: $a, mentioned: $o);
$o isa organization;
limit 3;
fetch {
  ""name"": $o.name
};"
320,List the first 5 organizations that have a motto containing 'world'.,"MATCH (o:Organization)
WHERE o.motto CONTAINS 'world'
RETURN o.name, o.motto
LIMIT 5","match
$o isa organization, has motto $m;
$m like "".*world.*"";
limit 5;
fetch {
  ""name"": $o.name,
  ""motto"": $m
};"
321,Who are the first 3 CEOs of organizations that have been dissolved?,"MATCH (o:Organization)-[:HAS_CEO]->(p:Person)
WHERE o.isDissolved = true
RETURN p.name AS CEO, o.name AS Organization
LIMIT 3","match
$o isa organization, has is_dissolved true, has name $org_name;
$p isa person, has name $ceo_name;
ceo_of (organization: $o, ceo: $p);
limit 3;
fetch {
  ""CEO"": $ceo_name,
  ""Organization"": $org_name
};"
322,Which organizations have a parent organization within the same city?,"MATCH (parentOrg:Organization)-[:HAS_SUBSIDIARY]->(subOrg:Organization),
      (parentOrg)-[:IN_CITY]->(city:City),
      (subOrg)-[:IN_CITY]->(city)
RETURN parentOrg.name AS ParentOrganization, subOrg.name AS SubsidiaryOrganization, city.name AS City","match
$parentOrg isa organization;
$subOrg isa organization;
subsidiary_of (parent: $parentOrg, subsidiary: $subOrg);
$city isa city;
located_in (organization: $parentOrg, city: $city);
located_in (organization: $subOrg, city: $city);
fetch {
  ""ParentOrganization"": $parentOrg.name,
  ""SubsidiaryOrganization"": $subOrg.name,
  ""City"": $city.city_name
};"
323,"What are the first 3 articles with a date after January 1, 2021?","MATCH (a:Article)
WHERE a.date > datetime(""2021-01-01T00:00:00Z"")
RETURN a
ORDER BY a.date
LIMIT 3","match
$a isa article, has date $d;
$d > 2021-01-01T00:00:00;
sort $d asc;
limit 3;
fetch {
  ""article_id"": $a.article_id,
  ""title"": $a.title,
  ""date"": $d,
  ""author"": $a.author,
  ""site_name"": $a.site_name,
  ""sentiment"": $a.sentiment,
  ""summary"": $a.article_summary
};"
324,List the first 3 organizations that are competitors within the same industry category.,"MATCH (o1:Organization)-[:HAS_COMPETITOR]->(o2:Organization)
WITH o1, o2
MATCH (o1)-[:HAS_CATEGORY]->(ic:IndustryCategory)<-[:HAS_CATEGORY]-(o2)
RETURN o1.name AS Organization1, o2.name AS Organization2, ic.name AS IndustryCategory
LIMIT 3","match
$o1 isa organization, has name $n1;
$o2 isa organization, has name $n2;
competes_with (competitor: $o1, competitor: $o2);
$ic isa industry_category, has industry_category_name $icn;
in_category (organization: $o1, category: $ic);
in_category (organization: $o2, category: $ic);
limit 3;
fetch {
  ""Organization1"": $n1,
  ""Organization2"": $n2,
  ""IndustryCategory"": $icn
};"
325,Name the first 3 organizations that have a supplier named 'New Energy Group'.,"MATCH (supplier:Organization {name: ""New Energy Group""})<-[:HAS_SUPPLIER]-(org:Organization)
RETURN org.name
LIMIT 3","match
$supplier isa organization, has name ""New Energy Group"";
$org isa organization;
supplies (supplier: $supplier, customer: $org);
$org has name $n;
limit 3;
fetch { ""name"": $n };"
326,What are the first 3 organizations that have the industry category 'Software company'?,"MATCH (o:Organization)-[:HAS_CATEGORY]->(ic:IndustryCategory {name: ""Software company""})
RETURN o.name
LIMIT 3","match
$o isa organization;
$ic isa industry_category, has industry_category_name ""Software company"";
in_category (organization: $o, category: $ic);
limit 3;
fetch {
  ""name"": $o.name
};"
327,Who are the board members of the first 3 public organizations?,"MATCH (o:Organization)-[:HAS_BOARD_MEMBER]->(p:Person)
WHERE o.isPublic = true
RETURN o.name AS organization, p.name AS board_member
ORDER BY o.name
LIMIT 3","match
$o isa organization, has is_public true, has name $on;
$p isa person, has name $pn;
board_member_of (organization: $o, member: $p);
sort $on asc;
limit 3;
fetch {
  ""organization"": $on,
  ""board_member"": $pn
};"
328,List the first 3 articles that mention an organization with a revenue less than 5 million.,"MATCH (a:Article)-[:MENTIONS]->(o:Organization)
WHERE o.revenue < 5000000
RETURN a.title, a.date, a.author, a.summary
ORDER BY a.date DESC
LIMIT 3","match
$a isa article;
$o isa organization, has revenue $r;
$r < 5000000.0;
mentions (article: $a, mentioned: $o);
$a has date $d;
sort $d desc;
limit 3;
fetch {
  ""title"": $a.title,
  ""date"": $d,
  ""author"": $a.author,
  ""summary"": $a.article_summary
};"
329,Which organizations are headquartered in a city with a summary containing 'capital'?,"MATCH (o:Organization)-[:IN_CITY]->(c:City)
WHERE c.summary CONTAINS 'capital'
RETURN o.name","match
$o isa organization;
$c isa city, has city_summary $cs;
located_in (organization: $o, city: $c);
$cs like "".*capital.*"";
fetch {
  ""name"": $o.name
};"
330,Provide the names of the first 5 organizations that have at least one subsidiary.,"MATCH (o:Organization)-[:HAS_SUBSIDIARY]->(:Organization)
RETURN DISTINCT o.name
LIMIT 5","match
$o isa organization;
subsidiary_of (parent: $o, subsidiary: $s);
select $o;
distinct;
limit 5;
fetch {
  ""name"": $o.name
};"
331,What are the summaries of the first 3 organizations that have more than 200 employees?,"MATCH (o:Organization)
WHERE o.nbrEmployees > 200
RETURN o.summary
ORDER BY o.name
LIMIT 3","match
$o isa organization, has nbr_employees $n, has name $name;
$n > 200;
sort $name;
limit 3;
fetch {
  ""summary"": $o.summary
};"
332,List the first 3 organizations that have an investor who is a person.,"MATCH (o:Organization)-[:HAS_INVESTOR]->(p:Person)
RETURN o.name AS organization_name
LIMIT 3","match
$o isa organization;
$p isa person;
invested_in (organization: $o, investor: $p);
limit 3;
fetch {
  ""organization_name"": $o.name
};"
333,What are the first 3 organizations that have a public status and more than 500 employees?,"MATCH (o:Organization)
WHERE o.isPublic = true AND o.nbrEmployees > 500
RETURN o.name, o.nbrEmployees
ORDER BY o.name
LIMIT 3","match
$o isa organization, has is_public true, has nbr_employees $n, has name $name;
$n > 500;
sort $name;
limit 3;
fetch {
  ""name"": $name,
  ""nbr_employees"": $n
};"
334,What are the top 5 articles with the highest sentiment scores?,"MATCH (a:Article)
RETURN a.title, a.sentiment
ORDER BY a.sentiment DESC
LIMIT 5","match
$a isa article, has sentiment $s;
sort $s desc;
limit 5;
fetch {
  ""title"": $a.title,
  ""sentiment"": $s
};"
335,List all organizations that have a supplier named 'Accenture'.,"MATCH (supplier:Organization {name: 'Accenture'})<-[:HAS_SUPPLIER]-(org:Organization)
RETURN org.name","match
$supplier isa organization, has name ""Accenture"";
$org isa organization;
supplies (supplier: $supplier, customer: $org);
fetch {
  ""name"": $org.name
};"
336,Which organizations have a CEO and are also public companies?,"MATCH (o:Organization)-[:HAS_CEO]->(p:Person)
WHERE o.isPublic = true
RETURN o.name AS organizationName, p.name AS ceoName","match
$o isa organization, has is_public true;
$p isa person;
ceo_of (organization: $o, ceo: $p);
fetch {
  ""organizationName"": $o.name,
  ""ceoName"": $p.name
};"
337,Which 3 organizations have changed their CEOs in the last year?,"MATCH (o:Organization)-[:HAS_CEO]->(p:Person)
WHERE datetime().year - 1 <= datetime(p.startDate).year
RETURN o.name AS organization, p.name AS new_ceo
ORDER BY datetime(p.startDate) DESC
LIMIT 3","match
  $o isa organization;
  $p isa person;
  (organization: $o, ceo: $p) isa ceo_of;
  $a isa article;
  $p has name $p_name;
  $o has name $o_name;
sort $o_name asc;
limit 3;
fetch { ""organization"": $o.name, ""article_title"": $a.title };"
338,Who are the top 3 CEOs of tech companies by number of articles mentioning them?,"MATCH (o:Organization)-[:HAS_CEO]->(ceo:Person)
MATCH (a:Article)-[:MENTIONS]->(o)
WHERE o.name CONTAINS ""Tech"" OR o.name CONTAINS ""Technology"" // Assuming tech companies have ""Tech"" or ""Technology"" in their name
WITH ceo, COUNT(a) AS articleCount
ORDER BY articleCount DESC
LIMIT 3
RETURN ceo.name AS CEOName, articleCount","match
$ceo isa person;
$o isa organization, has name $n;
{ $n like "".*Tech.*""; } or { $n like "".*Technology.*""; };
ceo_of (ceo: $ceo, organization: $o);
$a isa article;
mentions (article: $a, mentioned: $o);
reduce $count = count($a) groupby $ceo;
sort $count desc;
limit 3;
fetch { ""CEOName"": $ceo.name, ""articleCount"": $count };"
339,List the 5 most recent articles that mention organizations in the technology sector.,"MATCH (org:Organization)-[:HAS_CATEGORY]->(cat:IndustryCategory {name: ""Technology""})
MATCH (article:Article)-[:MENTIONS]->(org)
RETURN article.title, article.date, article.author, article.siteName
ORDER BY article.date DESC
LIMIT 5","match
$cat isa industry_category, has industry_category_name ""Technology"";
in_category (organization: $org, category: $cat);
mentions (article: $article, mentioned: $org);
$article has date $d;
sort $d desc;
limit 5;
fetch {
  ""title"": $article.title,
  ""date"": $d,
  ""author"": $article.author,
  ""siteName"": $article.site_name
};"
340,List the first 5 organizations that have a CEO with a name mentioned in more than one article and a revenue greater than 100 million.,"MATCH (org:Organization)-[:HAS_CEO]->(ceo:Person)
WHERE org.revenue > 100000000
WITH org, ceo
MATCH (article1:Article)-[:MENTIONS]->(org1:Organization)-[:HAS_CEO]->(ceo)
MATCH (article2:Article)-[:MENTIONS]->(org2:Organization)-[:HAS_CEO]->(ceo)
WHERE article1.id <> article2.id
RETURN DISTINCT org.name AS OrganizationName, ceo.name AS CEOName
LIMIT 5","match
$org isa organization, has name $org_name, has revenue $rev;
$rev > 100000000.0;
$ceo isa person, has name $ceo_name;
ceo_of (organization: $org, ceo: $ceo);
$a1 isa article, has article_id $aid1;
$org1 isa organization;
ceo_of (organization: $org1, ceo: $ceo);
mentions (article: $a1, mentioned: $org1);
$a2 isa article, has article_id $aid2;
$org2 isa organization;
ceo_of (organization: $org2, ceo: $ceo);
mentions (article: $a2, mentioned: $org2);
$aid1 != $aid2;
select $org_name, $ceo_name;
distinct;
limit 5;
fetch {
  ""OrganizationName"": $org_name,
  ""CEOName"": $ceo_name
};"
341,What are the top 5 cities mentioned in recent articles?,"MATCH (a:Article)-[:MENTIONS]->(o:Organization)-[:IN_CITY]->(c:City)
WHERE a.date >= date() - duration({days: 30})
RETURN c.name AS city, COUNT(a) AS articleCount
ORDER BY articleCount DESC
LIMIT 5","match
  $a isa article;
  $o isa organization;
  $city isa city, has city_name $cn;
  (article: $a, mentioned: $o) isa mentions;
  (organization: $o, city: $city) isa located_in;
reduce $mentions = count($a) groupby $city, $cn;
sort $mentions desc;
limit 5;
fetch { ""city"": $cn, ""mentions"": $mentions };"
342,Who are the investors in the top 3 organizations by revenue?,"MATCH (o:Organization)
WITH o
ORDER BY o.revenue DESC
LIMIT 3
MATCH (o)-[:HAS_INVESTOR]->(investor)
RETURN o.name AS Organization, investor.name AS Investor","match
$o isa organization, has revenue $rev;
sort $rev desc;
limit 3;
match
invested_in (organization: $o, investor: $inv);
fetch {
  ""Organization"": $o.name,
  ""Investor"": $inv.name
};"
343,List 3 organizations that have a competitor in the same industry.,"MATCH (org1:Organization)-[:HAS_COMPETITOR]->(org2:Organization),
      (org1)-[:HAS_CATEGORY]->(category:IndustryCategory),
      (org2)-[:HAS_CATEGORY]->(category)
RETURN DISTINCT org1.name AS Organization, category.name AS IndustryCategory
LIMIT 3","match
$org1 isa organization, has name $org1_name;
$org2 isa organization;
competes_with (competitor: $org1, competitor: $org2);
$cat isa industry_category, has industry_category_name $cat_name;
in_category (organization: $org1, category: $cat);
in_category (organization: $org2, category: $cat);
select $org1_name, $cat_name;
distinct;
limit 3;
fetch {
  ""Organization"": $org1_name,
  ""IndustryCategory"": $cat_name
};"
344,Which 5 organizations have the most subsidiaries?,"MATCH (parent:Organization)-[:HAS_SUBSIDIARY]->(subsidiary:Organization)
WITH parent, COUNT(subsidiary) AS subsidiaryCount
RETURN parent.name AS organizationName, subsidiaryCount
ORDER BY subsidiaryCount DESC
LIMIT 5","match
$parent isa organization;
$subsidiary isa organization;
subsidiary_of (parent: $parent, subsidiary: $subsidiary);
reduce $count = count($subsidiary) groupby $parent;
sort $count desc;
limit 5;
fetch {
  ""organizationName"": $parent.name,
  ""subsidiaryCount"": $count
};"
345,Name 3 countries hosting organizations with revenue over 100 million.,"MATCH (o:Organization)-[:IN_CITY]->(c:City)-[:IN_COUNTRY]->(co:Country)
WHERE o.revenue > 100000000
RETURN DISTINCT co.name
LIMIT 3","match
$o isa organization, has revenue $r;
$r > 100000000.0;
$c isa city;
$co isa country, has country_name $cn;
located_in (organization: $o, city: $c);
location-contains (parent: $co, child: $c);
select $cn;
distinct;
limit 3;
fetch {
  ""country_name"": $cn
};"
346,Name the top 5 industries by number of organizations associated with them.,"MATCH (o:Organization)-[:HAS_CATEGORY]->(ic:IndustryCategory)
WITH ic.name AS industry, COUNT(o) AS orgCount
RETURN industry, orgCount
ORDER BY orgCount DESC
LIMIT 5","match
$o isa organization;
$ic isa industry_category;
in_category (organization: $o, category: $ic);
reduce $count = count($o) groupby $ic;
sort $count desc;
limit 5;
fetch { ""industry"": $ic.industry_category_name, ""orgCount"": $count };"
347,What are the top 5 cities by number of organizations located in them?,"MATCH (o:Organization)-[:IN_CITY]->(c:City)
WITH c, count(o) as orgCount
RETURN c.name as cityName, orgCount
ORDER BY orgCount DESC
LIMIT 5","match
$o isa organization;
$c isa city;
located_in (organization: $o, city: $c);
reduce $orgCount = count($o) groupby $c;
sort $orgCount desc;
limit 5;
fetch {
  ""cityName"": $c.city_name,
  ""orgCount"": $orgCount
};"
348,Who are the board members of the top 3 organizations by revenue?,"MATCH (o:Organization)
WITH o
ORDER BY o.revenue DESC
LIMIT 3
MATCH (o)-[:HAS_BOARD_MEMBER]->(p:Person)
RETURN o.name AS Organization, p.name AS BoardMember","match
$o isa organization, has revenue $r;
sort $r desc;
limit 3;
match
board_member_of (organization: $o, member: $p);
fetch {
  ""Organization"": $o.name,
  ""BoardMember"": $p.name
};"
349,List the top 5 articles by positive sentiment.,"MATCH (a:Article)
RETURN a.title, a.sentiment
ORDER BY a.sentiment DESC
LIMIT 5","match
$a isa article, has sentiment $s;
sort $s desc;
limit 5;
fetch {
  ""title"": $a.title,
  ""sentiment"": $s
};"
350,Which 3 organizations have a CEO named 'Julie Spellman Sweet'?,"MATCH (ceo:Person {name: ""Julie Spellman Sweet""})<-[:HAS_CEO]-(org:Organization)
RETURN org.name
LIMIT 3","match
$ceo isa person, has name ""Julie Spellman Sweet"";
ceo_of (ceo: $ceo, organization: $org);
limit 3;
fetch {
  ""name"": $org.name
};"
351,Can you name 3 organizations that have subsidiaries?,"MATCH (o:Organization)-[:HAS_SUBSIDIARY]->(:Organization)
RETURN o.name
LIMIT 3","match
$o isa organization;
subsidiary_of (parent: $o, subsidiary: $s);
limit 3;
fetch { ""name"": $o.name };"
352,What are the 5 latest articles mentioning the organization 'New Energy Group'?,"MATCH (o:Organization {name: ""New Energy Group""})<-[:MENTIONS]-(a:Article)
RETURN a.title, a.date, a.author, a.summary
ORDER BY a.date DESC
LIMIT 5","match
$o isa organization, has name ""New Energy Group"";
$a isa article, has date $d;
mentions (article: $a, mentioned: $o);
sort $d desc;
limit 5;
fetch {
  ""title"": $a.title,
  ""date"": $d,
  ""author"": $a.author,
  ""summary"": $a.article_summary
};"
353,Which 3 industries are most commonly associated with organizations in Seattle?,"MATCH (c:City {name: ""Seattle""})<-[:IN_CITY]-(o:Organization)-[:HAS_CATEGORY]->(ic:IndustryCategory)
RETURN ic.name AS Industry, COUNT(o) AS OrganizationCount
ORDER BY OrganizationCount DESC
LIMIT 3","match
$c isa city, has city_name ""Seattle"";
located_in (organization: $o, city: $c);
in_category (organization: $o, category: $ic);
reduce $count = count($o) groupby $ic;
sort $count desc;
limit 3;
fetch {
  ""Industry"": $ic.industry_category_name,
  ""OrganizationCount"": $count
};"
354,Name 5 organizations that have been marked as public.,"MATCH (o:Organization)
WHERE o.isPublic = true
RETURN o.name
LIMIT 5","match
$o isa organization, has is_public true;
limit 5;
fetch {
  ""name"": $o.name
};"
355,List the top 3 organizations with the most employees.,"MATCH (o:Organization)
RETURN o.name, o.nbrEmployees
ORDER BY o.nbrEmployees DESC
LIMIT 3","match
$o isa organization, has nbr_employees $n;
sort $n desc;
limit 3;
fetch {
  ""name"": $o.name,
  ""nbr_employees"": $n
};"
356,Which 3 cities have organizations that are not dissolved?,"MATCH (o:Organization)-[:IN_CITY]->(c:City)
WHERE o.isDissolved = false
RETURN c.name AS city, COUNT(o) AS organization_count
ORDER BY organization_count DESC
LIMIT 3","match
$o isa organization, has is_dissolved false;
$c isa city;
located_in (organization: $o, city: $c);
reduce $count = count($o) groupby $c;
sort $count desc;
limit 3;
fetch {
  ""city"": $c.city_name,
  ""organization_count"": $count
};"
357,What are the top 5 organizations with the highest revenue?,"MATCH (o:Organization)
RETURN o.name, o.revenue
ORDER BY o.revenue DESC
LIMIT 5","match
$o isa organization, has revenue $r;
sort $r desc;
limit 5;
fetch {
  ""name"": $o.name,
  ""revenue"": $r
};"
358,Name 3 organizations that have suppliers.,"MATCH (o:Organization)-[:HAS_SUPPLIER]->(:Organization)
RETURN o.name
LIMIT 3","match
$o isa organization;
supplies (customer: $o, supplier: $s);
$s isa organization;
limit 3;
fetch {
  ""name"": $o.name
};"
359,What are the 3 latest investments made by organizations in the software industry?,"MATCH (org:Organization)-[:HAS_CATEGORY]->(cat:IndustryCategory {name: ""Software""})
MATCH (org)-[:HAS_INVESTOR]->(investorOrg:Organization)
MATCH (article:Article)-[:MENTIONS]->(org)
WHERE article.date IS NOT NULL
RETURN org.name AS Organization, investorOrg.name AS Investor, article.title AS ArticleTitle, article.date AS InvestmentDate
ORDER BY article.date DESC
LIMIT 3","match
$org isa organization;
$cat isa industry_category, has industry_category_name ""Software"";
in_category (organization: $org, category: $cat);
$investorOrg isa organization;
invested_in (organization: $org, investor: $investorOrg);
$article isa article, has title $t;
mentions (article: $article, mentioned: $org);
$article has date $d;
$org has name $orgName;
$investorOrg has name $investorName;
sort $d desc;
limit 3;
fetch {
  ""Organization"": $orgName,
  ""Investor"": $investorName,
  ""ArticleTitle"": $t,
  ""InvestmentDate"": $d
};"
360,List 5 organizations that have acquired other organizations in the past year.,"MATCH (acquirer:Organization)-[:HAS_SUBSIDIARY]->(acquired:Organization)
WHERE acquired.date >= date('2022-10-01') AND acquired.date <= date('2023-10-01')
RETURN acquirer.name AS Acquirer, acquired.name AS Acquired
LIMIT 5","match
$acquirer isa organization, has name $acq_name;
$acquired isa organization, has name $acqd_name;
subsidiary_of (parent: $acquirer, subsidiary: $acquired);
limit 5;
fetch {
  ""Acquirer"": $acq_name,
  ""Acquired"": $acqd_name
};"
361,Which 3 organizations have the highest number of board members?,"MATCH (o:Organization)-[:HAS_BOARD_MEMBER]->(p:Person)
WITH o, count(p) as boardMemberCount
RETURN o.name, boardMemberCount
ORDER BY boardMemberCount DESC
LIMIT 3","match
$o isa organization;
board_member_of (organization: $o, member: $p);
reduce $count = count($p) groupby $o;
sort $count desc;
limit 3;
fetch { ""name"": $o.name, ""board_member_count"": $count };"
362,"Which cities are linked to more than 5 organizations, list the first 3.","MATCH (o:Organization)-[:IN_CITY]->(c:City)
WITH c, count(o) as orgCount
WHERE orgCount > 5
RETURN c.name AS cityName, orgCount
ORDER BY orgCount DESC
LIMIT 3","match
$c isa city;
$o isa organization;
located_in (organization: $o, city: $c);
reduce $orgCount = count($o) groupby $c;
match
$orgCount > 5;
sort $orgCount desc;
limit 3;
fetch {
  ""cityName"": $c.city_name,
  ""orgCount"": $orgCount
};"
363,What are the top 3 articles mentioning organizations in the 'Financial Services' industry?,"MATCH (org:Organization)-[:HAS_CATEGORY]->(cat:IndustryCategory {name: ""Financial Services""})
MATCH (art:Article)-[:MENTIONS]->(org)
RETURN art.title, art.date, art.sentiment
ORDER BY art.sentiment DESC
LIMIT 3","match
$org isa organization;
$cat isa industry_category, has industry_category_name ""Financial Services"";
in_category (organization: $org, category: $cat);
$art isa article;
mentions (article: $art, mentioned: $org);
$art has sentiment $s;
sort $s desc;
limit 3;
fetch {
  ""title"": $art.title,
  ""date"": $art.date,
  ""sentiment"": $s
};"
364,"Which organizations have more than 2 competitors, list the top 3.","MATCH (o:Organization)-[:HAS_COMPETITOR]->(c:Organization)
WITH o, COUNT(c) AS competitorCount
WHERE competitorCount > 2
RETURN o.name AS organizationName, competitorCount
ORDER BY competitorCount DESC
LIMIT 3","match
$o isa organization;
$c isa organization;
competes_with (competitor: $o, competitor: $c);
reduce $count = count($c) groupby $o;
match $count > 2;
sort $count desc;
limit 3;
fetch { ""organizationName"": $o.name, ""competitorCount"": $count };"
365,List the first 3 organizations that have 'Accenture' as a supplier.,"MATCH (supplier:Organization {name: ""Accenture""})<-[:HAS_SUPPLIER]-(org:Organization)
RETURN org.name
LIMIT 3","match
$supplier isa organization, has name ""Accenture"";
$org isa organization, has name $n;
supplies (supplier: $supplier, customer: $org);
limit 3;
fetch { ""name"": $n };"
366,Who are the top 3 investors of 'New Energy Group'?,"MATCH (o:Organization {name: ""New Energy Group""})<-[:HAS_INVESTOR]-(investor)
RETURN investor.name AS investorName, investor.id AS investorId
ORDER BY investor.id
LIMIT 3","match
$o isa organization, has name ""New Energy Group"";
invested_in (organization: $o, investor: $investor);
$investor has name $n;
sort $n;
limit 3;
fetch {
  ""investorName"": $n
};"
367,List the first 3 organizations in the 'Software' industry category.,"MATCH (org:Organization)-[:HAS_CATEGORY]->(cat:IndustryCategory {name: ""Software""})
RETURN org.name
LIMIT 3","match
$org isa organization;
$cat isa industry_category, has industry_category_name ""Software"";
in_category (organization: $org, category: $cat);
limit 3;
fetch {
  ""name"": $org.name
};"
368,"Which organizations in New York City have the most employees, list the top 3.","MATCH (o:Organization)-[:IN_CITY]->(c:City {name: ""New York City""})
RETURN o.name, o.nbrEmployees
ORDER BY o.nbrEmployees DESC
LIMIT 3","match
$o isa organization, has name $n, has nbr_employees $e;
$c isa city, has city_name ""New York City"";
located_in (organization: $o, city: $c);
sort $e desc;
limit 3;
fetch {
  ""name"": $n,
  ""nbr_employees"": $e
};"
369,What are the top 5 highest revenue organizations that are not public?,"MATCH (o:Organization)
WHERE o.isPublic = false
RETURN o.name, o.revenue
ORDER BY o.revenue DESC
LIMIT 5","match
$o isa organization, has is_public false, has revenue $r;
sort $r desc;
limit 5;
fetch {
  ""name"": $o.name,
  ""revenue"": $r
};"
370,List the first 3 cities where 'Accenture' has subsidiaries.,"MATCH (org:Organization {name: ""Accenture""})-[:HAS_SUBSIDIARY]->(sub:Organization)-[:IN_CITY]->(city:City)
RETURN city.name
LIMIT 3","match
$org isa organization, has name ""Accenture"";
subsidiary_of (parent: $org, subsidiary: $sub);
located_in (organization: $sub, city: $city);
limit 3;
fetch {
  ""city_name"": $city.city_name
};"
371,What are the names of the top 5 organizations that have been dissolved?,"MATCH (o:Organization)
WHERE o.isDissolved = true
RETURN o.name
ORDER BY o.revenue DESC
LIMIT 5","match
$o isa organization, has is_dissolved true, has revenue $r;
sort $r desc;
limit 5;
fetch {
  ""name"": $o.name
};"
372,Who are the board members of the first 3 public organizations?,"MATCH (o:Organization)
WHERE o.isPublic = true
WITH o
ORDER BY o.name
LIMIT 3
MATCH (o)-[:HAS_BOARD_MEMBER]->(p:Person)
RETURN o.name AS OrganizationName, collect(p.name) AS BoardMembers","match
$o isa organization, has is_public true;
board_member_of (organization: $o, member: $p);
$o has name $org_name;
sort $org_name;
limit 3;
fetch { ""organization"": $org_name, ""board_member"": $p.name };"
373,Find the top 5 organizations with revenue over 100 million that have subsidiaries.,"MATCH (o:Organization)
WHERE o.revenue > 100000000
AND EXISTS {
    MATCH (o)-[:HAS_SUBSIDIARY]->(:Organization)
}
RETURN o.name, o.revenue
ORDER BY o.revenue DESC
LIMIT 5","match
$o isa organization, has revenue $r;
$r > 100000000.0;
subsidiary_of (parent: $o, subsidiary: $sub);
sort $r desc;
limit 5;
fetch {
  ""name"": $o.name,
  ""revenue"": $r
};"
374,Which organizations in the city of Chicago have more than 300 employees?,"MATCH (o:Organization)-[:IN_CITY]->(c:City {name: ""Chicago""})
WHERE o.nbrEmployees > 300
RETURN o.name AS organizationName, o.nbrEmployees AS numberOfEmployees","match
$o isa organization, has nbr_employees $ne;
$c isa city, has city_name ""Chicago"";
located_in (organization: $o, city: $c);
$ne > 300;
fetch {
  ""organizationName"": $o.name,
  ""numberOfEmployees"": $ne
};"
375,List the first 3 organizations mentioned in articles published by 'Silicon UK'.,"MATCH (a:Article {siteName: ""Silicon UK""})-[:MENTIONS]->(o:Organization)
RETURN o.name
LIMIT 3","match
$a isa article, has site_name ""Silicon UK"";
mentions (article: $a, mentioned: $o);
$o isa organization;
limit 3;
fetch {
  ""name"": $o.name
};"
376,Who are the top 5 CEOs of organizations based in Seattle?,"MATCH (o:Organization)-[:IN_CITY]->(c:City {name: ""Seattle""})
MATCH (o)-[:HAS_CEO]->(ceo:Person)
RETURN ceo.name AS CEO, o.name AS Organization
ORDER BY o.revenue DESC
LIMIT 5","match
$o isa organization, has revenue $rev;
$c isa city, has city_name ""Seattle"";
located_in (organization: $o, city: $c);
$ceo isa person;
ceo_of (organization: $o, ceo: $ceo);
sort $rev desc;
limit 5;
fetch {
  ""CEO"": $ceo.name,
  ""Organization"": $o.name
};"
377,Name the top 5 organizations by number of articles mentioning them.,"MATCH (o:Organization)<-[:MENTIONS]-(a:Article)
WITH o, COUNT(a) AS articleCount
ORDER BY articleCount DESC
LIMIT 5
RETURN o.name AS organizationName, articleCount","match
$o isa organization;
$a isa article;
mentions (article: $a, mentioned: $o);
reduce $count = count($a) groupby $o;
sort $count desc;
limit 5;
fetch {
  ""organizationName"": $o.name,
  ""articleCount"": $count
};"
378,Which 3 organizations have the most detailed organizational summaries?,"MATCH (o:Organization)
WHERE o.summary IS NOT NULL AND o.summary <> """"
RETURN o.name, o.summary
ORDER BY size(o.summary) DESC
LIMIT 3","match
$o isa organization, has summary $s;
not { $s == """"; };
let $len = len($s);
sort $len desc;
limit 3;
fetch {
  ""name"": $o.name,
  ""summary"": $s
};"
379,List the 5 organizations with the most diverse industry categories.,"MATCH (o:Organization)-[:HAS_CATEGORY]->(ic:IndustryCategory)
WITH o, count(DISTINCT ic) as categoryCount
RETURN o.name, categoryCount
ORDER BY categoryCount DESC
LIMIT 5","match
$o isa organization;
$ic isa industry_category;
in_category (organization: $o, category: $ic);
reduce $categoryCount = count($ic) groupby $o;
sort $categoryCount desc;
limit 5;
fetch {
  ""name"": $o.name,
  ""categoryCount"": $categoryCount
};"
380,Which 3 organizations have the most negative sentiment in recent articles?,"MATCH (a:Article)-[:MENTIONS]->(o:Organization)
WITH o, a
ORDER BY a.date DESC
WITH o, COLLECT(a)[..3] AS recent_articles
UNWIND recent_articles AS ra
WITH o, AVG(ra.sentiment) AS avg_sentiment
ORDER BY avg_sentiment ASC
LIMIT 3
RETURN o.name AS organization, avg_sentiment","match
  $o isa organization;
  $a isa article, has sentiment $s;
  $s < 0;
  mentions (article: $a, mentioned: $o);
reduce $avg = mean($s) groupby $o;
sort $avg asc;
limit 3;
fetch { ""organization"": $o.name, ""avgSentiment"": $avg };"
381,Who are the 3 most recently appointed CEOs in the tech industry?,"MATCH (org:Organization)-[:HAS_CEO]->(ceo:Person)
MATCH (org)-[:HAS_CATEGORY]->(category:IndustryCategory {name: ""Technology""})
RETURN ceo.name AS CEO, org.name AS Organization, ceo.summary AS Summary
ORDER BY ceo.id DESC
LIMIT 3","match
  $org isa organization;
  $ceo isa person, has person_id $pid;
  $cat isa industry_category, has industry_category_name ""Technology"";
  ceo_of (organization: $org, ceo: $ceo);
  in_category (organization: $org, category: $cat);
sort $pid desc;
limit 3;
fetch {
  ""CEO"": $ceo.name,
  ""Organization"": $org.name,
  ""Summary"": $ceo.summary
};"
382,What are the 5 most recent articles about organizations in 'Seattle'?,"MATCH (city:City {name: ""Seattle""})<-[:IN_CITY]-(org:Organization)<-[:MENTIONS]-(article:Article)
RETURN article.title, article.date, article.summary
ORDER BY article.date DESC
LIMIT 5","match
  $city isa city, has city_name ""Seattle"";
  located_in (organization: $org, city: $city);
  mentions (article: $article, mentioned: $org);
  $article has date $d;
sort $d desc;
limit 5;
fetch {
  ""title"": $article.title,
  ""date"": $d,
  ""summary"": $article.article_summary
};"
383,List the top 3 cities where tech organizations are based.,"MATCH (o:Organization)-[:HAS_CATEGORY]->(ic:IndustryCategory {name: ""Technology""}), 
      (o)-[:IN_CITY]->(c:City)
RETURN c.name AS city, COUNT(o) AS tech_org_count
ORDER BY tech_org_count DESC
LIMIT 3","match
$o isa organization;
in_category (organization: $o, category: $ic);
$ic isa industry_category, has industry_category_name ""Technology"";
located_in (organization: $o, city: $c);
$c isa city;
reduce $count = count($o) groupby $c;
sort $count desc;
limit 3;
fetch { ""city"": $c.city_name };"
384,Name 3 organizations that have been involved in legal disputes according to recent articles.,"MATCH (a:Article)-[:MENTIONS]->(o:Organization)
WHERE a.title CONTAINS ""legal dispute"" OR a.summary CONTAINS ""legal dispute""
RETURN DISTINCT o.name
LIMIT 3","match
$a isa article;
$o isa organization, has name $n;
mentions (article: $a, mentioned: $o);
{
  $a has title $t;
  $t like "".*legal dispute.*"";
} or {
  $a has article_summary $s;
  $s like "".*legal dispute.*"";
};
select $n;
distinct;
limit 3;
fetch {
  ""name"": $n
};"
385,Identify organizations that have both a CEO and an investor named 'Julie Spellman Sweet'.,"MATCH (ceo:Person {name: ""Julie Spellman Sweet""})
MATCH (investor:Person {name: ""Julie Spellman Sweet""})
MATCH (org:Organization)-[:HAS_CEO]->(ceo)
MATCH (org)-[:HAS_INVESTOR]->(investor)
RETURN org.name AS organizationName","match
$ceo isa person, has name ""Julie Spellman Sweet"";
$investor isa person, has name ""Julie Spellman Sweet"";
$org isa organization;
ceo_of (organization: $org, ceo: $ceo);
invested_in (organization: $org, investor: $investor);
fetch {
  ""organizationName"": $org.name
};"
386,What are the top 3 articles mentioning organizations with more than 200 employees?,"MATCH (a:Article)-[:MENTIONS]->(o:Organization)
WHERE o.nbrEmployees > 200
RETURN a.title, a.date, a.sentiment, o.name
ORDER BY a.date DESC
LIMIT 3","match
$a isa article;
$o isa organization, has nbr_employees $ne;
$ne > 200;
mentions (article: $a, mentioned: $o);
$a has date $d;
sort $d desc;
limit 3;
fetch {
  ""title"": $a.title,
  ""date"": $d,
  ""sentiment"": $a.sentiment,
  ""organization_name"": $o.name
};"
387,List the organizations that have a public status and a summary mentioning 'software'.,"MATCH (o:Organization)
WHERE o.isPublic = true AND o.summary CONTAINS 'software'
RETURN o.name, o.summary","match
$o isa organization, has is_public true, has summary $s;
$s like "".*software.*"";
fetch {
  ""name"": $o.name,
  ""summary"": $s
};"
388,Which organizations have a CEO named 'Julie Spellman Sweet' and have a revenue exceeding 50000000?,"MATCH (ceo:Person {name: ""Julie Spellman Sweet""})
MATCH (org:Organization)-[:HAS_CEO]->(ceo)
WHERE org.revenue > 50000000
RETURN org.name, org.revenue","match
$ceo isa person, has name ""Julie Spellman Sweet"";
$org isa organization, has revenue $rev;
ceo_of (ceo: $ceo, organization: $org);
$rev > 50000000.0;
fetch {
  ""name"": $org.name,
  ""revenue"": $rev
};"
389,Which organizations have more than two categories and are located in 'United States of America'?,"MATCH (o:Organization)-[:HAS_CATEGORY]->(c:IndustryCategory), 
      (o)-[:IN_CITY]->(city:City)-[:IN_COUNTRY]->(country:Country {name: ""United States of America""})
WITH o, COUNT(c) AS categoryCount
WHERE categoryCount > 2
RETURN o.name AS organizationName, categoryCount","match
$o isa organization;
in_category (organization: $o, category: $c);
located_in (organization: $o, city: $city);
location-contains (parent: $country, child: $city);
$country isa country, has country_name ""United States of America"";
reduce $categoryCount = count($c) groupby $o;
match $categoryCount > 2;
fetch {
  ""organizationName"": $o.name,
  ""categoryCount"": $categoryCount
};"
390,Identify the organizations that are suppliers to public companies.,"MATCH (supplier:Organization)-[:HAS_SUPPLIER]->(publicCompany:Organization)
WHERE publicCompany.isPublic = true
RETURN supplier.name AS SupplierName, publicCompany.name AS PublicCompanyName","match
$supplier isa organization;
$publicCompany isa organization, has is_public true;
supplies (supplier: $supplier, customer: $publicCompany);
fetch {
  ""SupplierName"": $supplier.name,
  ""PublicCompanyName"": $publicCompany.name
};"
391,List the cities where organizations with a summary mentioning 'financial services' are based.,"MATCH (o:Organization)-[:IN_CITY]->(c:City)
WHERE o.summary CONTAINS 'financial services'
RETURN DISTINCT c.name","match
$o isa organization, has summary $s;
$s like "".*financial services.*"";
located_in (organization: $o, city: $c);
$c has city_name $cn;
select $cn;
distinct;
fetch {
  ""city_name"": $cn
};"
392,What are the organizations mentioned in articles with a sentiment score below 0.5?,"MATCH (a:Article)-[:MENTIONS]->(o:Organization)
WHERE a.sentiment < 0.5
RETURN o.name","match
$a isa article, has sentiment $s;
$s < 0.5;
$o isa organization;
mentions (article: $a, mentioned: $o);
fetch {
  ""name"": $o.name
};"
393,Who are the CEOs of organizations that have a competitor named 'New Energy Group'?,"MATCH (competitor:Organization {name: ""New Energy Group""})<-[:HAS_COMPETITOR]-(org:Organization)
MATCH (org)-[:HAS_CEO]->(ceo:Person)
RETURN ceo.name AS CEOName, org.name AS OrganizationName","match
  $competitor isa organization, has name ""New Energy Group"";
  competes_with (competitor: $competitor, competitor: $org);
  $org isa organization;
  ceo_of (organization: $org, ceo: $ceo);
  $ceo isa person;
fetch {
  ""CEOName"": $ceo.name,
  ""OrganizationName"": $org.name
};"
394,Which organizations have subsidiaries and are located in the same city?,"MATCH (org:Organization)-[:HAS_SUBSIDIARY]->(sub:Organization),
      (org)-[:IN_CITY]->(city:City),
      (sub)-[:IN_CITY]->(city)
RETURN org.name AS Organization, city.name AS City","match
  $org isa organization;
  $sub isa organization;
  subsidiary_of (parent: $org, subsidiary: $sub);
  $city isa city;
  located_in (organization: $org, city: $city);
  located_in (organization: $sub, city: $city);
fetch {
  ""Organization"": $org.name,
  ""City"": $city.city_name
};"
395,What are the relationships of 'Julie Spellman Sweet' within the context of the organization she is associated with?,"MATCH (p:Person {name: ""Julie Spellman Sweet""})-[:HAS_CEO]-(o:Organization)
OPTIONAL MATCH (o)-[r]-(related)
RETURN p.name AS person, o.name AS organization, type(r) AS relationship, related","match
$p isa person, has name ""Julie Spellman Sweet"";
ceo_of (ceo: $p, organization: $o);
try {
  $rel isa $t ($o, $related);
  not { $related is $o; };
};
fetch {
  ""person"": $p.name,
  ""organization"": $o.name,
  ""relationship"": $t,
  ""related"": $related
};"
396,List the industry categories of organizations that have a revenue above 100000000.,"MATCH (o:Organization)-[:HAS_CATEGORY]->(ic:IndustryCategory)
WHERE o.revenue > 100000000
RETURN DISTINCT ic.name AS IndustryCategory","match
$o isa organization, has revenue $r;
$r > 100000000.0;
in_category (organization: $o, category: $ic);
$ic isa industry_category, has industry_category_name $name;
select $name;
distinct;"
397,Which organizations are public and have been mentioned in articles with a positive sentiment?,"MATCH (o:Organization)-[:MENTIONS]-(a:Article)
WHERE o.isPublic = true AND a.sentiment > 0
RETURN o.name","match
$o isa organization, has is_public true;
$a isa article, has sentiment $s;
$s > 0;
mentions (article: $a, mentioned: $o);
fetch {
  ""name"": $o.name
};"
398,Identify the organizations that have an investor with more than 50 employees.,"MATCH (o:Organization)-[:HAS_INVESTOR]->(i:Organization)
WHERE i.nbrEmployees > 50
RETURN o.name AS OrganizationName, i.name AS InvestorName, i.nbrEmployees AS InvestorEmployees","match
$o isa organization, has name $on;
$i isa organization, has name $in, has nbr_employees $ne;
invested_in (organization: $o, investor: $i);
$ne > 50;
fetch {
  ""OrganizationName"": $on,
  ""InvestorName"": $in,
  ""InvestorEmployees"": $ne
};"
399,What are the titles of articles that report negative sentiments and mention organizations?,"MATCH (a:Article)-[:MENTIONS]->(o:Organization)
WHERE a.sentiment < 0
RETURN a.title","match
$a isa article, has sentiment $s;
$s < 0;
mentions (article: $a, mentioned: $o);
$o isa organization;
fetch {
  ""title"": $a.title
};"
400,List the articles that mention organizations headquartered in 'Rome'.,"MATCH (o:Organization)-[:IN_CITY]->(c:City {name: ""Rome""})
MATCH (a:Article)-[:MENTIONS]->(o)
RETURN a.title AS title, a.date AS date, a.author AS author, a.summary AS summary","match
$o isa organization;
$c isa city, has city_name ""Rome"";
located_in (organization: $o, city: $c);
mentions (article: $a, mentioned: $o);
fetch {
  ""title"": $a.title,
  ""date"": $a.date,
  ""author"": $a.author,
  ""summary"": $a.article_summary
};"
401,Which organizations have board members who are also CEOs of other organizations?,"MATCH (org1:Organization)-[:HAS_BOARD_MEMBER]->(person:Person)-[:HAS_CEO]->(org2:Organization)
RETURN org1.name AS OrganizationWithBoardMember, person.name AS BoardMember, org2.name AS OrganizationWhereCEO","match
$org1 isa organization;
$person isa person;
$org2 isa organization;
board_member_of (organization: $org1, member: $person);
ceo_of (organization: $org2, ceo: $person);
fetch {
  ""OrganizationWithBoardMember"": $org1.name,
  ""BoardMember"": $person.name,
  ""OrganizationWhereCEO"": $org2.name
};"
402,Name the organizations that have subsidiaries and are located in cities with a summary mentioning 'county seat'.,"MATCH (org:Organization)-[:HAS_SUBSIDIARY]->(:Organization),
      (org)-[:IN_CITY]->(city:City)
WHERE city.summary CONTAINS 'county seat'
RETURN org.name AS organizationName","match
$org isa organization;
subsidiary_of (parent: $org, subsidiary: $sub);
located_in (organization: $org, city: $city);
$city has city_summary $cs;
$cs like "".*county seat.*"";
fetch {
  ""organizationName"": $org.name
};"
403,What is the sentiment of articles authored by 'David Correa' regarding organizations in the tech industry?,"MATCH (a:Article)-[:MENTIONS]->(o:Organization)-[:HAS_CATEGORY]->(ic:IndustryCategory {name: ""Tech""})
WHERE a.author = ""David Correa""
RETURN a.title AS articleTitle, a.sentiment AS sentiment","match
$a isa article, has author ""David Correa"";
$o isa organization;
$ic isa industry_category, has industry_category_name ""Tech"";
mentions (article: $a, mentioned: $o);
in_category (organization: $o, category: $ic);
fetch {
  ""articleTitle"": $a.title,
  ""sentiment"": $a.sentiment
};"
404,Which organizations in 'United States of America' have more than 200 employees?,"MATCH (org:Organization)-[:IN_CITY]->(city:City)-[:IN_COUNTRY]->(country:Country {name: ""United States of America""})
WHERE org.nbrEmployees > 200
RETURN org.name AS OrganizationName, org.nbrEmployees AS NumberOfEmployees","match
$org isa organization, has nbr_employees $n;
$n > 200;
$city isa city;
$country isa country, has country_name ""United States of America"";
located_in (organization: $org, city: $city);
location-contains (parent: $country, child: $city);
fetch {
  ""OrganizationName"": $org.name,
  ""NumberOfEmployees"": $n
};"
405,List the organizations that have 'Julie Spellman Sweet' as an investor.,"MATCH (p:Person {name: ""Julie Spellman Sweet""})-[:HAS_INVESTOR]->(o:Organization)
RETURN o.name AS organizationName","match
$p isa person, has name ""Julie Spellman Sweet"";
$o isa organization;
invested_in (investor: $p, organization: $o);
fetch {
  ""organizationName"": $o.name
};"
406,Who are the children of people working in organizations in 'Seattle'?,"MATCH (city:City {name: ""Seattle""})<-[:IN_CITY]-(org:Organization)<-[:HAS_CEO|:HAS_BOARD_MEMBER|:HAS_INVESTOR]-(person:Person)
MATCH (person)-[:HAS_CHILD]->(child:Person)
RETURN DISTINCT child.name AS ChildName, child.id AS ChildID","match
$city isa city, has city_name ""Seattle"";
located_in (organization: $org, city: $city);
$rel isa $t ($person, organization: $org);
{ $t label ceo_of; } or { $t label board_member_of; } or { $t label invested_in; };
$person isa person;
parent_of (parent: $person, child: $child);
$child isa person;
select $child;
distinct;
fetch { ""ChildName"": $child.name, ""ChildID"": $child.person_id };"
407,What are the summaries of organizations that have a CEO named 'Julie Spellman Sweet'?,"MATCH (ceo:Person {name: ""Julie Spellman Sweet""})<-[:HAS_CEO]-(org:Organization)
RETURN org.name AS organizationName, org.summary AS organizationSummary","match
$ceo isa person, has name ""Julie Spellman Sweet"";
$org isa organization;
ceo_of (ceo: $ceo, organization: $org);
fetch {
  ""organizationName"": $org.name,
  ""organizationSummary"": $org.summary
};"
408,Identify the organizations that have been mentioned in articles published after 2021-01-01.,"MATCH (a:Article)-[:MENTIONS]->(o:Organization)
WHERE a.date > date(""2021-01-01"")
RETURN o.name AS organizationName, a.title AS articleTitle, a.date AS publicationDate","match
$a isa article, has date $d, has title $title;
$d > 2021-01-01T00:00:00;
$o isa organization, has name $org_name;
mentions (article: $a, mentioned: $o);
fetch {
  ""organizationName"": $org_name,
  ""articleTitle"": $title,
  ""publicationDate"": $d
};"
409,Which articles have chunks containing the text 'consumer behavior analyses'?,"MATCH (a:Article)-[:HAS_CHUNK]->(c:Chunk {text: 'consumer behavior analyses'})
RETURN a.id, a.title, a.date, a.author, a.siteName, a.summary","match
$a isa article;
$c isa chunk, has text ""consumer behavior analyses"";
has_chunk (article: $a, chunk: $c);
fetch {
  ""id"": $a.article_id,
  ""title"": $a.title,
  ""date"": $a.date,
  ""author"": $a.author,
  ""siteName"": $a.site_name,
  ""summary"": $a.article_summary
};"
410,List 3 organizations that have their headquarters in a city that is also a capital.,"MATCH (org:Organization)-[:IN_CITY]->(city:City)-[:IN_COUNTRY]->(country:Country)
WHERE city.name = country.capital
RETURN org.name
LIMIT 3","match $o isa organization; $c isa city; $country isa country; (organization: $o, city: $c) isa located_in; (child: $c, parent: $country) isa location-contains; limit 3; fetch { ""organization"": $o.name, ""city"": $c.city_name };"
411,Name the organizations with competitors that have more than 300 employees.,"MATCH (org:Organization)-[:HAS_COMPETITOR]->(competitor:Organization)
WHERE competitor.nbrEmployees > 300
RETURN org.name","match
$org isa organization;
$competitor isa organization;
competes_with (competitor: $org, competitor: $competitor);
$competitor has nbr_employees $e;
$e > 300;
fetch {
  ""name"": $org.name
};"
412,Name the organizations headquartered in cities that are capitals and have more than one industry category.,"MATCH (o:Organization)-[:IN_CITY]->(c:City)-[:IN_COUNTRY]->(country:Country),
      (o)-[:HAS_CATEGORY]->(ic:IndustryCategory)
WHERE c.name CONTAINS ""Capital"" 
WITH o, c, COUNT(ic) AS categoryCount
WHERE categoryCount > 1
RETURN o.name AS OrganizationName, c.name AS CityName, categoryCount","match
$o isa organization;
$c isa city, has city_name $cn;
$cn like "".*Capital.*"";
$country isa country;
located_in (organization: $o, city: $c);
location-contains (parent: $country, child: $c);
$ic isa industry_category;
in_category (organization: $o, category: $ic);
reduce $category_count = count($ic) groupby $o, $c, $cn;
match $category_count > 1;
fetch {
  ""OrganizationName"": $o.name,
  ""CityName"": $cn,
  ""categoryCount"": $category_count
};"
413,List the top 5 organizations that are competitors of 'Accenture'.,"MATCH (o:Organization {name: ""Accenture""})-[:HAS_COMPETITOR]->(competitor:Organization)
RETURN competitor.name AS CompetitorName
ORDER BY competitor.revenue DESC
LIMIT 5","match
$o isa organization, has name ""Accenture"";
$comp isa organization, has name $comp_name;
competes_with (competitor: $o, competitor: $comp);
$comp has revenue $rev;
sort $rev desc;
limit 5;
fetch {
  ""CompetitorName"": $comp_name
};"
414,Which organizations have a CEO who is also a board member of another organization?,"MATCH (ceo:Person)<-[:HAS_CEO]-(org1:Organization),
      (ceo)-[:HAS_BOARD_MEMBER]->(org2:Organization)
RETURN org1.name AS Organization, ceo.name AS CEO, org2.name AS BoardMemberOf","match
  $ceo isa person;
  $org1 isa organization;
  $org2 isa organization;
  ceo_of (ceo: $ceo, organization: $org1);
  board_member_of (member: $ceo, organization: $org2);
fetch {
  ""Organization"": $org1.name,
  ""CEO"": $ceo.name,
  ""BoardMemberOf"": $org2.name
};"
415,What are the top 5 articles that mention organizations based in 'United States of America'?,"MATCH (c:Country {name: ""United States of America""})<-[:IN_COUNTRY]-(ci:City)<-[:IN_CITY]-(o:Organization)<-[:MENTIONS]-(a:Article)
RETURN a.title AS title, a.date AS date, a.sentiment AS sentiment, a.author AS author, a.siteName AS siteName
ORDER BY a.sentiment DESC
LIMIT 5","match
$c isa country, has country_name ""United States of America"";
location-contains (parent: $c, child: $ci);
$ci isa city;
located_in (organization: $o, city: $ci);
mentions (article: $a, mentioned: $o);
$a has sentiment $s;
sort $s desc;
limit 5;
fetch {
  ""title"": $a.title,
  ""date"": $a.date,
  ""sentiment"": $s,
  ""author"": $a.author,
  ""siteName"": $a.site_name
};"
416,Identify the organizations that have a CEO with a summary including 'executive' and are located in a country named 'United States of America'.,"MATCH (org:Organization)-[:HAS_CEO]->(ceo:Person), 
      (org)-[:IN_CITY]->(city:City)-[:IN_COUNTRY]->(country:Country)
WHERE ceo.summary CONTAINS 'executive' 
  AND country.name = 'United States of America'
RETURN org.name AS OrganizationName, ceo.name AS CEOName, ceo.summary AS CEOSummary, country.name AS CountryName","match
  $org isa organization;
  $ceo isa person, has summary $s;
  $s like "".*executive.*"";
  ceo_of (organization: $org, ceo: $ceo);
  $city isa city;
  located_in (organization: $org, city: $city);
  $country isa country, has country_name ""United States of America"";
  location-contains (parent: $country, child: $city);
fetch {
  ""OrganizationName"": $org.name,
  ""CEOName"": $ceo.name,
  ""CEOSummary"": $ceo.summary,
  ""CountryName"": $country.country_name
};"
417,What are the summaries of organizations that have a supplier named 'Accenture'?,"MATCH (supplier:Organization {name: ""Accenture""})<-[:HAS_SUPPLIER]-(org:Organization)
RETURN org.name AS organizationName, org.summary AS organizationSummary","match
$supplier isa organization, has name ""Accenture"";
$org isa organization;
supplies (supplier: $supplier, customer: $org);
fetch {
  ""organizationName"": $org.name,
  ""organizationSummary"": $org.summary
};"
418,List the children of CEOs who are mentioned as investors in the database.,"MATCH (ceo:Person)<-[:HAS_CEO]-(org:Organization)-[:HAS_INVESTOR]->(ceo)
MATCH (ceo)-[:HAS_CHILD]->(child:Person)
RETURN ceo.name AS CEOName, child.name AS ChildName","match
$ceo isa person;
$org isa organization;
ceo_of (ceo: $ceo, organization: $org);
invested_in (investor: $ceo, organization: $org);
parent_of (parent: $ceo, child: $child);
$child isa person;
fetch {
  ""CEOName"": $ceo.name,
  ""ChildName"": $child.name
};"
419,Name the organizations headquartered in 'Rome' that have a public status.,"MATCH (o:Organization)-[:IN_CITY]->(c:City {name: ""Rome""})
WHERE o.isPublic = true
RETURN o.name","match
$o isa organization, has is_public true, has name $n;
$c isa city, has city_name ""Rome"";
located_in (organization: $o, city: $c);
fetch {
  ""name"": $n
};"
420,Which organizations have a CEO and a motto that includes 'innovation'?,"MATCH (o:Organization)-[:HAS_CEO]->(p:Person)
WHERE o.motto CONTAINS 'innovation'
RETURN o.name AS organizationName, p.name AS ceoName, o.motto AS motto","match
$o isa organization, has name $on, has motto $m;
$p isa person, has name $pn;
ceo_of (organization: $o, ceo: $p);
$m like "".*innovation.*"";
fetch {
  ""organizationName"": $on,
  ""ceoName"": $pn,
  ""motto"": $m
};"
421,List the organizations that have competitors and a public status.,"MATCH (o:Organization)-[:HAS_COMPETITOR]->(:Organization)
WHERE o.isPublic = true
RETURN o.name","match
$o isa organization, has is_public true, has name $n;
competes_with (competitor: $o);
fetch {
  ""name"": $n
};"
422,Who are the investors in organizations that have subsidiaries in 'United States of America'?,"MATCH (country:Country {name: ""United States of America""})<-[:IN_COUNTRY]-(city:City)<-[:IN_CITY]-(org:Organization)-[:HAS_SUBSIDIARY]->(subsidiary:Organization)
MATCH (subsidiary)-[:HAS_INVESTOR]->(investor:Person)
RETURN DISTINCT investor.name AS InvestorName, investor.id AS InvestorID","match
$country isa country, has country_name ""United States of America"";
location-contains (parent: $country, child: $city);
$city isa city;
located_in (organization: $sub, city: $city);
$sub isa organization;
subsidiary_of (parent: $org, subsidiary: $sub);
$org isa organization;
invested_in (organization: $org, investor: $investor);
$investor isa person;
select $investor;
distinct;
fetch {
  ""InvestorName"": $investor.name,
  ""InvestorID"": $investor.person_id
};"
423,Identify the articles that mention organizations with a CEO named 'Julie Spellman Sweet' and a revenue over 100000000.,"MATCH (ceo:Person {name: ""Julie Spellman Sweet""})
MATCH (org:Organization)-[:HAS_CEO]->(ceo)
WHERE org.revenue > 100000000
MATCH (article:Article)-[:MENTIONS]->(org)
RETURN article.title, article.date, article.author, article.summary","match
$ceo isa person, has name ""Julie Spellman Sweet"";
ceo_of (ceo: $ceo, organization: $org);
$org isa organization, has revenue $rev;
$rev > 100000000;
mentions (article: $article, mentioned: $org);
fetch {
  ""title"": $article.title,
  ""date"": $article.date,
  ""author"": $article.author,
  ""summary"": $article.article_summary
};"
424,List the organizations located in cities that have been mentioned in articles with a high sentiment score.,"MATCH (o:Organization)-[:IN_CITY]->(c:City)<-[:MENTIONS]-(a:Article)
WHERE a.sentiment > 0.8
RETURN DISTINCT o.name AS OrganizationName, c.name AS CityName, a.sentiment AS SentimentScore","match
$o isa organization;
$c isa city;
$a isa article, has sentiment $s;
$s > 0.8;
located_in (organization: $o, city: $c);
mentions (article: $a, mentioned: $c);
select $o, $c, $s;
distinct;
fetch {
  ""OrganizationName"": $o.name,
  ""CityName"": $c.city_name,
  ""SentimentScore"": $s
};"
425,Name the organizations that are public and have a category in 'Electronic Products Manufacturers'.,"MATCH (o:Organization)-[:HAS_CATEGORY]->(c:IndustryCategory {name: ""Electronic Products Manufacturers""})
WHERE o.isPublic = true
RETURN o.name","match
$o isa organization, has is_public true, has name $n;
$c isa industry_category, has industry_category_name ""Electronic Products Manufacturers"";
in_category (organization: $o, category: $c);
fetch {
  ""name"": $n
};"
426,Which organizations have a board member named 'Julie Spellman Sweet'?,"MATCH (p:Person {name: ""Julie Spellman Sweet""})<-[:HAS_BOARD_MEMBER]-(o:Organization)
RETURN o.name","match
$p isa person, has name ""Julie Spellman Sweet"";
board_member_of (member: $p, organization: $o);
$o isa organization;
fetch {
  ""name"": $o.name
};"
427,List the organizations that have a subsidiary and also have a supplier named 'Accenture'.,"MATCH (o:Organization)-[:HAS_SUBSIDIARY]->(:Organization),
      (o)-[:HAS_SUPPLIER]->(supplier:Organization {name: ""Accenture""})
RETURN o.name","match
$o isa organization;
subsidiary_of (parent: $o, subsidiary: $sub);
$sub isa organization;
$supplier isa organization, has name ""Accenture"";
supplies (supplier: $supplier, customer: $o);
fetch {
  ""name"": $o.name
};"
428,What are the articles mentioning organizations that have a CEO with a name containing 'Sweet'?,"MATCH (ceo:Person)-[:HAS_CEO]-(org:Organization)<-[:MENTIONS]-(article:Article)
WHERE ceo.name CONTAINS 'Sweet'
RETURN article.title, article.date, article.author, article.summary","match
$ceo isa person, has name $n;
$n like "".*Sweet.*"";
$org isa organization;
ceo_of (ceo: $ceo, organization: $org);
$article isa article;
mentions (article: $article, mentioned: $org);
fetch {
  ""title"": $article.title,
  ""date"": $article.date,
  ""author"": $article.author,
  ""summary"": $article.article_summary
};"
429,Name the top 3 countries where organizations with a revenue of over 100000000 are based.,"MATCH (o:Organization)-[:IN_CITY]->(c:City)-[:IN_COUNTRY]->(co:Country)
WHERE o.revenue > 100000000
RETURN co.name AS country, COUNT(o) AS organization_count
ORDER BY organization_count DESC
LIMIT 3","match
$o isa organization, has revenue $r;
$r > 100000000;
$c isa city;
$co isa country, has country_name $cn;
located_in (organization: $o, city: $c);
location-contains (parent: $co, child: $c);
reduce $count = count($o) groupby $co, $cn;
sort $count desc;
limit 3;
fetch {
  ""country"": $cn,
  ""organization_count"": $count
};"
430,Which organizations have investors who are also board members?,"MATCH (org:Organization)-[:HAS_INVESTOR]->(person:Person)-[:HAS_BOARD_MEMBER]->(org)
RETURN org.name AS organizationName, person.name AS investorAndBoardMember","match
$org isa organization;
$person isa person;
invested_in (organization: $org, investor: $person);
board_member_of (organization: $org, member: $person);
fetch {
  ""organizationName"": $org.name,
  ""investorAndBoardMember"": $person.name
};"
431,What are the names of organizations with a CEO named 'Julie Spellman Sweet' and are located in a city named 'Seattle'?,"MATCH (ceo:Person {name: ""Julie Spellman Sweet""})
MATCH (org:Organization)-[:HAS_CEO]->(ceo)
MATCH (org)-[:IN_CITY]->(city:City {name: ""Seattle""})
RETURN org.name","match
$ceo isa person, has name ""Julie Spellman Sweet"";
$org isa organization;
ceo_of (organization: $org, ceo: $ceo);
$city isa city, has city_name ""Seattle"";
located_in (organization: $org, city: $city);
fetch {
  ""name"": $org.name
};"
432,List the industry categories of organizations that have a CEO with a summary mentioning 'executive'.,"MATCH (ceo:Person)-[:HAS_CEO]-(org:Organization)-[:HAS_CATEGORY]->(category:IndustryCategory)
WHERE ceo.summary CONTAINS 'executive'
RETURN DISTINCT category.name","match
$ceo isa person, has summary $s;
$s like "".*executive.*"";
$org isa organization;
ceo_of (ceo: $ceo, organization: $org);
$cat isa industry_category, has industry_category_name $cat_name;
in_category (organization: $org, category: $cat);
select $cat_name;
distinct;
fetch { ""category_name"": $cat_name };"
433,Which organizations are competitors and are located in the same country?,"MATCH (org1:Organization)-[:HAS_COMPETITOR]->(org2:Organization),
      (org1)-[:IN_CITY]->(city1:City)-[:IN_COUNTRY]->(country:Country),
      (org2)-[:IN_CITY]->(city2:City)-[:IN_COUNTRY]->(country)
RETURN org1.name AS Organization1, org2.name AS Organization2, country.name AS Country","match
  competes_with (competitor: $org1, competitor: $org2);
  located_in (organization: $org1, city: $city1);
  located_in (organization: $org2, city: $city2);
  location-contains (parent: $country, child: $city1);
  location-contains (parent: $country, child: $city2);
  $country isa country;
fetch {
  ""Organization1"": $org1.name,
  ""Organization2"": $org2.name,
  ""Country"": $country.country_name
};"
434,Identify the organizations that have CEOs who are also investors in other companies.,"MATCH (ceo:Person)-[:HAS_CEO]->(org:Organization)
MATCH (ceo)-[:HAS_INVESTOR]->(otherOrg:Organization)
RETURN org.name AS Organization, ceo.name AS CEO, otherOrg.name AS InvestedOrganization","match
$ceo isa person, has name $ceo_name;
$org isa organization, has name $org_name;
$otherOrg isa organization, has name $other_org_name;
ceo_of (ceo: $ceo, organization: $org);
invested_in (investor: $ceo, organization: $otherOrg);
fetch {
  ""Organization"": $org_name,
  ""CEO"": $ceo_name,
  ""InvestedOrganization"": $other_org_name
};"
435,What are the top 3 articles mentioning organizations with a public status?,"MATCH (a:Article)-[:MENTIONS]->(o:Organization)
WHERE o.isPublic = true
RETURN a.title AS title, a.date AS date, a.sentiment AS sentiment, o.name AS organization
ORDER BY a.date DESC
LIMIT 3","match
$a isa article;
$o isa organization, has is_public true;
mentions (article: $a, mentioned: $o);
$a has date $d;
sort $d desc;
limit 3;
fetch {
  ""title"": $a.title,
  ""date"": $d,
  ""sentiment"": $a.sentiment,
  ""organization"": $o.name
};"
436,List the cities that are home to organizations with a revenue exceeding 50000000.,"MATCH (o:Organization)-[:IN_CITY]->(c:City)
WHERE o.revenue > 50000000
RETURN DISTINCT c.name","match
$o isa organization, has revenue $r;
$r > 50000000;
$c isa city;
located_in (organization: $o, city: $c);
select $c;
distinct;
fetch {
  ""name"": $c.city_name
};"
437,Name the organizations that have investors named 'Julie Spellman Sweet'.,"MATCH (p:Person {name: ""Julie Spellman Sweet""})<-[:HAS_INVESTOR]-(o:Organization)
RETURN o.name","match
$p isa person, has name ""Julie Spellman Sweet"";
$o isa organization;
invested_in (organization: $o, investor: $p);
fetch {
  ""name"": $o.name
};"
438,Which organizations have a summary that includes 'based in San Francisco' and are not dissolved?,"MATCH (o:Organization)
WHERE o.summary CONTAINS 'based in San Francisco' AND o.isDissolved = false
RETURN o.name, o.summary","match
$o isa organization, has summary $s, has is_dissolved false, has name $n;
$s like "".*based in San Francisco.*"";
fetch {
  ""name"": $n,
  ""summary"": $s
};"
439,List the top 3 organizations by revenue that are located in a city with a summary mentioning 'metropolitan'.,"MATCH (o:Organization)-[:IN_CITY]->(c:City)
WHERE c.summary CONTAINS 'metropolitan'
RETURN o.name, o.revenue
ORDER BY o.revenue DESC
LIMIT 3","match
$o isa organization;
$c isa city, has city_summary $cs;
located_in (organization: $o, city: $c);
$cs like "".*metropolitan.*"";
$o has revenue $r;
sort $r desc;
limit 3;
fetch { ""name"": $o.name, ""revenue"": $r };"
440,Identify the top 3 organizations with the highest revenue that are headquartered in a country named 'United States of America'.,"MATCH (org:Organization)-[:IN_CITY]->(city:City)-[:IN_COUNTRY]->(country:Country {name: ""United States of America""})
RETURN org.name AS organization, org.revenue AS revenue
ORDER BY org.revenue DESC
LIMIT 3","match
$org isa organization, has revenue $rev;
$city isa city;
$country isa country, has country_name ""United States of America"";
located_in (organization: $org, city: $city);
location-contains (parent: $country, child: $city);
sort $rev desc;
limit 3;
fetch {
  ""organization"": $org.name,
  ""revenue"": $rev
};"
441,List the first 5 organizations that have a CEO with a name mentioned in at least two different articles.,"MATCH (org:Organization)-[:HAS_CEO]->(ceo:Person)
WITH org, ceo
MATCH (a1:Article)-[:MENTIONS]->(org), (a2:Article)-[:MENTIONS]->(org)
WHERE a1.id <> a2.id
WITH org, ceo, COUNT(DISTINCT a1) AS articleCount
WHERE articleCount >= 2
RETURN org.name AS OrganizationName, ceo.name AS CEOName
LIMIT 5","match
$org isa organization, has name $org_name;
$ceo isa person, has name $ceo_name;
ceo_of (organization: $org, ceo: $ceo);
$a isa article;
mentions (article: $a, mentioned: $org);
reduce $article_count = count($a) groupby $org, $ceo, $org_name, $ceo_name;
match $article_count >= 2;
limit 5;
fetch { ""OrganizationName"": $org_name, ""CEOName"": $ceo_name };"
442,What are the first 3 organizations that have subsidiaries and more than 500 employees?,"MATCH (o:Organization)-[:HAS_SUBSIDIARY]->(:Organization)
WHERE o.nbrEmployees > 500
RETURN o.name, o.nbrEmployees
LIMIT 3","match
$o isa organization, has nbr_employees $n;
$n > 500;
subsidiary_of (parent: $o, subsidiary: $sub);
limit 3;
fetch {
  ""name"": $o.name,
  ""nbr_employees"": $n
};"
443,Name 3 organizations that have been mentioned in articles with a sentiment score above 0.5.,"MATCH (a:Article)-[:MENTIONS]->(o:Organization)
WHERE a.sentiment > 0.5
RETURN o.name
LIMIT 3","match
$a isa article, has sentiment $s;
$s > 0.5;
mentions (article: $a, mentioned: $o);
$o isa organization;
limit 3;
fetch {
  ""name"": $o.name
};"
444,Who are the first 3 CEOs of organizations in the manufacturing industry?,"MATCH (org:Organization)-[:HAS_CATEGORY]->(cat:IndustryCategory {name: ""Manufacturing""}), 
      (org)-[:HAS_CEO]->(ceo:Person)
RETURN ceo.name AS CEO_Name, org.name AS Organization_Name
LIMIT 3","match
$cat isa industry_category, has industry_category_name ""Manufacturing"";
in_category (organization: $org, category: $cat);
ceo_of (organization: $org, ceo: $ceo);
limit 3;
fetch {
  ""CEO_Name"": $ceo.name,
  ""Organization_Name"": $org.name
};"
445,List the top 5 cities where the headquarters of public organizations are located.,"MATCH (o:Organization)-[:IN_CITY]->(c:City)
WHERE o.isPublic = true
RETURN c.name AS city, COUNT(o) AS publicOrganizations
ORDER BY publicOrganizations DESC
LIMIT 5","match
$o isa organization, has is_public true;
$c isa city, has city_name $name;
located_in (organization: $o, city: $c);
reduce $count = count($o) groupby $c, $name;
sort $count desc;
limit 5;
fetch {
  ""city"": $name,
  ""publicOrganizations"": $count
};"
446,Which 3 organizations have the largest number of competitors?,"MATCH (o:Organization)-[:HAS_COMPETITOR]->(c:Organization)
WITH o, COUNT(c) AS competitorCount
ORDER BY competitorCount DESC
LIMIT 3
RETURN o.name AS organizationName, competitorCount","match
$o isa organization;
competes_with (competitor: $o, competitor: $c);
$c isa organization;
reduce $count = count($c) groupby $o;
sort $count desc;
limit 3;
fetch {
  ""organizationName"": $o.name,
  ""competitorCount"": $count
};"
447,Name the first 3 organizations that have at least one board member who is also a CEO of another organization.,"MATCH (org1:Organization)-[:HAS_BOARD_MEMBER]->(person:Person)-[:HAS_CEO]->(org2:Organization)
RETURN DISTINCT org1.name
LIMIT 3","match
$org1 isa organization;
$person isa person;
$org2 isa organization;
board_member_of (organization: $org1, member: $person);
ceo_of (organization: $org2, ceo: $person);
select $org1;
distinct;
limit 3;
fetch {
  ""name"": $org1.name
};"
448,Which 3 people have the most children listed in the database?,"MATCH (p:Person)-[:HAS_CHILD]->(c:Person)
WITH p, COUNT(c) AS childrenCount
ORDER BY childrenCount DESC
LIMIT 3
RETURN p.name AS personName, childrenCount","match
$p isa person;
$c isa person;
parent_of (parent: $p, child: $c);
reduce $count = count($c) groupby $p;
sort $count desc;
limit 3;
fetch {
  ""personName"": $p.name,
  ""childrenCount"": $count
};"
449,What are the names of the first 3 organizations that are investors in other organizations?,"MATCH (investor:Organization)-[:HAS_INVESTOR]->(investee:Organization)
RETURN DISTINCT investor.name
LIMIT 3","match
$investor isa organization;
$investee isa organization;
invested_in (investor: $investor, organization: $investee);
select $investor;
distinct;
limit 3;
fetch {
  ""name"": $investor.name
};"
450,List the top 5 articles that mention organizations based in Seattle.,"MATCH (org:Organization)-[:IN_CITY]->(city:City {name: ""Seattle""})
MATCH (article:Article)-[:MENTIONS]->(org)
RETURN article.title, article.date, article.author, article.siteName
ORDER BY article.date DESC
LIMIT 5","match
$city isa city, has city_name ""Seattle"";
$org isa organization;
located_in (organization: $org, city: $city);
$article isa article;
mentions (article: $article, mentioned: $org);
$article has date $date;
sort $date desc;
limit 5;
fetch {
  ""title"": $article.title,
  ""date"": $date,
  ""author"": $article.author,
  ""siteName"": $article.site_name
};"
451,Name 3 organizations that are competitors in the software industry.,"MATCH (org1:Organization)-[:HAS_COMPETITOR]->(org2:Organization),
      (org1)-[:HAS_CATEGORY]->(category:IndustryCategory {name: ""Software""}),
      (org2)-[:HAS_CATEGORY]->(category)
RETURN DISTINCT org1.name, org2.name
LIMIT 3","match
$org1 isa organization, has name $n1;
$org2 isa organization, has name $n2;
competes_with (competitor: $org1, competitor: $org2);
$cat isa industry_category, has industry_category_name ""Software"";
in_category (organization: $org1, category: $cat);
in_category (organization: $org2, category: $cat);
select $n1, $n2;
distinct;
limit 3;
fetch { ""org1_name"": $n1, ""org2_name"": $n2 };"
452,Which 3 countries have the most cities with organizations based in them?,"MATCH (o:Organization)-[:IN_CITY]->(c:City)-[:IN_COUNTRY]->(co:Country)
WITH co, COUNT(DISTINCT c) AS cityCount
ORDER BY cityCount DESC
LIMIT 3
RETURN co.name AS country, cityCount","match
$o isa organization;
$c isa city;
$co isa country;
located_in (organization: $o, city: $c);
location-contains (parent: $co, child: $c);
select $c, $co;
distinct;
reduce $cityCount = count($c) groupby $co;
sort $cityCount desc;
limit 3;
fetch { ""country"": $co.country_name, ""cityCount"": $cityCount };"
453,What are the names of the first 3 organizations that have subsidiaries?,"MATCH (o:Organization)-[:HAS_SUBSIDIARY]->(:Organization)
RETURN o.name
LIMIT 3","match
$o isa organization;
subsidiary_of (parent: $o, subsidiary: $sub);
limit 3;
fetch { ""name"": $o.name };"
454,Who are the board members of the first 3 organizations with the highest revenue?,"MATCH (o:Organization)-[:HAS_BOARD_MEMBER]->(p:Person)
RETURN o.name AS organization, p.name AS board_member
ORDER BY o.revenue DESC
LIMIT 3","match
$o isa organization, has revenue $r, has name $org_name;
$p isa person, has name $member_name;
board_member_of (organization: $o, member: $p);
sort $r desc;
limit 3;
fetch {
  ""organization"": $org_name,
  ""board_member"": $member_name
};"
455,Which 3 industry categories have the most organizations with public status?,"MATCH (o:Organization)-[:HAS_CATEGORY]->(ic:IndustryCategory)
WHERE o.isPublic = true
WITH ic, count(o) as orgCount
ORDER BY orgCount DESC
LIMIT 3
RETURN ic.name as IndustryCategory, orgCount","match
$o isa organization, has is_public true;
$ic isa industry_category;
in_category (organization: $o, category: $ic);
reduce $count = count($o) groupby $ic;
sort $count desc;
limit 3;
fetch {
  ""IndustryCategory"": $ic.industry_category_name,
  ""orgCount"": $count
};"
456,Which 3 cities are mentioned most frequently in articles?,"MATCH (a:Article)-[:HAS_CHUNK]->(c:Chunk),
      (o:Organization)-[:IN_CITY]->(city:City)
WHERE c.text CONTAINS city.name
RETURN city.name, COUNT(a) AS articleCount
ORDER BY articleCount DESC
LIMIT 3","match
$a isa article;
$city isa city, has city_name $cn;
mentions (article: $a, mentioned: $city);
reduce $count = count($a) groupby $city, $cn;
sort $count desc;
limit 3;
fetch {
  ""city_name"": $cn,
  ""articleCount"": $count
};"
457,What are the names of 3 industry categories that the most organizations belong to?,"MATCH (o:Organization)-[:HAS_CATEGORY]->(ic:IndustryCategory)
WITH ic, count(o) as orgCount
ORDER BY orgCount DESC
LIMIT 3
RETURN ic.name","match
$ic isa industry_category;
$o isa organization;
in_category (organization: $o, category: $ic);
reduce $count = count($o) groupby $ic;
sort $count desc;
limit 3;
fetch { ""name"": $ic.industry_category_name };"
458,Can you identify 3 organizations mentioned in articles published in 2022?,"MATCH (a:Article)-[:MENTIONS]->(o:Organization)
WHERE a.date >= date(""2022-01-01"") AND a.date < date(""2023-01-01"")
RETURN DISTINCT o.name
LIMIT 3","match
$a isa article, has date $d;
$d >= 2022-01-01T00:00:00;
$d < 2023-01-01T00:00:00;
$o isa organization, has name $n;
mentions (article: $a, mentioned: $o);
select $n;
distinct;
limit 3;
fetch { ""name"": $n };"
459,Name the top 5 articles with the highest sentiment scores.,"MATCH (a:Article)
RETURN a.title, a.sentiment
ORDER BY a.sentiment DESC
LIMIT 5","match $a isa article, has sentiment $s;
sort $s desc;
limit 5;
fetch { ""title"": $a.title, ""sentiment"": $s };"
460,Which 3 organizations have the most employees?,"MATCH (o:Organization)
RETURN o.name, o.nbrEmployees
ORDER BY o.nbrEmployees DESC
LIMIT 3","match
$o isa organization, has nbr_employees $e;
sort $e desc;
limit 3;
fetch {
  ""name"": $o.name,
  ""nbrEmployees"": $e
};"
461,What are the names of the first 3 people who are CEOs of public organizations?,"MATCH (p:Person)<-[:HAS_CEO]-(o:Organization)
WHERE o.isPublic = true
RETURN p.name
ORDER BY p.name
LIMIT 3","match
$p isa person, has name $n;
$o isa organization, has is_public true;
ceo_of (ceo: $p, organization: $o);
sort $n;
limit 3;
fetch { ""name"": $n };"
462,Which 3 cities have the most organizations based in them?,"MATCH (o:Organization)-[:IN_CITY]->(c:City)
WITH c, count(o) as orgCount
ORDER BY orgCount DESC
LIMIT 3
RETURN c.name AS cityName, orgCount","match
$o isa organization;
$c isa city, has city_name $name;
located_in (organization: $o, city: $c);
reduce $count = count($o) groupby $c, $name;
sort $count desc;
limit 3;
fetch {
  ""cityName"": $name,
  ""orgCount"": $count
};"
463,List the names of 3 organizations that are dissolved.,"MATCH (o:Organization)
WHERE o.isDissolved = true
RETURN o.name
LIMIT 3","match
$o isa organization, has is_dissolved true;
limit 3;
fetch {
  ""name"": $o.name
};"
464,What are the names of the top 5 organizations with the highest revenue?,"MATCH (o:Organization)
RETURN o.name
ORDER BY o.revenue DESC
LIMIT 5","match
$o isa organization, has revenue $r;
sort $r desc;
limit 5;
fetch {
  ""name"": $o.name
};"
465,Who are the top 5 CEOs in terms of the revenue of the organizations they lead?,"MATCH (ceo:Person)<-[:HAS_CEO]-(org:Organization)
WHERE org.revenue IS NOT NULL
RETURN ceo.name AS CEO, org.name AS Organization, org.revenue AS Revenue
ORDER BY org.revenue DESC
LIMIT 5","match
$ceo isa person;
$org isa organization, has revenue $rev;
ceo_of (ceo: $ceo, organization: $org);
sort $rev desc;
limit 5;
fetch {
  ""CEO"": $ceo.name,
  ""Organization"": $org.name,
  ""Revenue"": $rev
};"
466,Which organizations have a CEO who is also a board member in another organization?,"MATCH (ceo:Person)-[:HAS_CEO]->(org1:Organization),
      (ceo)-[:HAS_BOARD_MEMBER]->(org2:Organization)
WHERE org1 <> org2
RETURN org1.name AS OrganizationWithCEO, org2.name AS OrganizationWithBoardMember","match
$ceo isa person;
$org1 isa organization, has name $org1_name;
$org2 isa organization, has name $org2_name;
ceo_of (ceo: $ceo, organization: $org1);
board_member_of (member: $ceo, organization: $org2);
not { $org1 is $org2; };
fetch {
  ""OrganizationWithCEO"": $org1_name,
  ""OrganizationWithBoardMember"": $org2_name
};"
467,What are the first 3 countries with organizations that have more than 1000 employees?,"MATCH (o:Organization)-[:IN_CITY]->(:City)-[:IN_COUNTRY]->(c:Country)
WHERE o.nbrEmployees > 1000
RETURN DISTINCT c.name
ORDER BY c.name
LIMIT 3","match
$o isa organization, has nbr_employees $e;
$e > 1000;
$c isa city;
$country isa country, has country_name $name;
located_in (organization: $o, city: $c);
location-contains (parent: $country, child: $c);
select $name;
distinct;
sort $name;
limit 3;
fetch { ""name"": $name };"
468,List the top 3 organizations by the number of articles mentioning them in 2021.,"MATCH (o:Organization)<-[:MENTIONS]-(a:Article)
WHERE a.date >= date(""2021-01-01"") AND a.date < date(""2022-01-01"")
WITH o, count(a) as articleCount
ORDER BY articleCount DESC
LIMIT 3
RETURN o.name as organizationName, articleCount","match
$o isa organization, has name $name;
$a isa article, has date $d;
mentions (article: $a, mentioned: $o);
$d >= 2021-01-01T00:00:00;
$d < 2022-01-01T00:00:00;
reduce $count = count($a) groupby $o, $name;
sort $count desc;
limit 3;
fetch {
  ""organizationName"": $name,
  ""articleCount"": $count
};"
469,List the names of 3 organizations that are suppliers to technology companies.,"MATCH (tech:Organization)-[:HAS_CATEGORY]->(category:IndustryCategory {name: ""Technology""})
MATCH (supplier:Organization)-[:HAS_SUPPLIER]->(tech)
RETURN DISTINCT supplier.name
LIMIT 3","match
$tech isa organization;
$cat isa industry_category, has industry_category_name ""Technology"";
in_category (organization: $tech, category: $cat);
$supplier isa organization;
supplies (supplier: $supplier, customer: $tech);
select $supplier;
distinct;
limit 3;
fetch {
  ""name"": $supplier.name
};"
470,Which organization has the most suppliers and what is its name?,"MATCH (o:Organization)-[:HAS_SUPPLIER]->(s:Organization)
WITH o, COUNT(s) AS supplierCount
ORDER BY supplierCount DESC
LIMIT 1
RETURN o.name AS organizationName, supplierCount","match
$o isa organization;
supplies (customer: $o, supplier: $s);
reduce $count = count($s) groupby $o;
sort $count desc;
limit 1;
fetch { ""organizationName"": $o.name, ""supplierCount"": $count };"
471,List the first 3 cities that are in countries with more than 100 organizations based in them.,"MATCH (c:City)-[:IN_COUNTRY]->(co:Country)<-[:IN_CITY]-(o:Organization)
WITH co, COUNT(o) AS orgCount, c
WHERE orgCount > 100
RETURN DISTINCT c.name
LIMIT 3","with fun org_count_in_country($country: country) -> integer:
  match
  $city isa city;
  $org isa organization;
  location-contains (parent: $country, child: $city);
  located_in (organization: $org, city: $city);
  return count;
match
$co isa country;
$c isa city, has city_name $cn;
location-contains (parent: $co, child: $c);
let $count = org_count_in_country($co);
$count > 100;
select $cn;
distinct;
limit 3;
fetch { ""name"": $cn };"
472,Which 3 organizations have the highest number of investors?,"MATCH (o:Organization)-[:HAS_INVESTOR]->(i)
WITH o, COUNT(i) AS investorCount
ORDER BY investorCount DESC
LIMIT 3
RETURN o.name AS organizationName, investorCount","match
$o isa organization;
invested_in (organization: $o, investor: $i);
reduce $count = count($i) groupby $o;
sort $count desc;
limit 3;
fetch {
  ""organizationName"": $o.name,
  ""investorCount"": $count
};"
473,List the first 3 articles that mention new energy technologies.,"MATCH (a:Article)-[:MENTIONS]->(o:Organization)
WHERE o.name CONTAINS ""New Energy""
RETURN a.title, a.date, a.author, a.summary
ORDER BY a.date DESC
LIMIT 3","match
$a isa article, has title $title, has date $date, has author $author, has article_summary $summary;
$o isa organization, has name $n;
$n like "".*New Energy.*"";
mentions (article: $a, mentioned: $o);
sort $date desc;
limit 3;
fetch {
  ""title"": $title,
  ""date"": $date,
  ""author"": $author,
  ""summary"": $summary
};"
474,Which 3 organizations have the most board members?,"MATCH (o:Organization)-[:HAS_BOARD_MEMBER]->(p:Person)
WITH o, COUNT(p) AS boardMemberCount
ORDER BY boardMemberCount DESC
LIMIT 3
RETURN o.name AS organizationName, boardMemberCount","match
$o isa organization;
board_member_of (organization: $o, member: $p);
reduce $count = count($p) groupby $o;
sort $count desc;
limit 3;
fetch { ""organizationName"": $o.name, ""boardMemberCount"": $count };"
475,Name the first 3 cities that have organizations with revenues exceeding $500 million.,"MATCH (o:Organization)-[:IN_CITY]->(c:City)
WHERE o.revenue > 500000000
RETURN DISTINCT c.name
ORDER BY c.name
LIMIT 3","match
$o isa organization, has revenue $r;
$r > 500000000;
$c isa city, has city_name $cn;
located_in (organization: $o, city: $c);
select $cn;
distinct;
sort $cn;
limit 3;
fetch { ""name"": $cn };"
476,Who are the first 3 people who have both parent and child roles in the database?,"MATCH (p:Person)-[:HAS_PARENT]->(:Person), (p)-[:HAS_CHILD]->(:Person)
RETURN p.name AS personName
LIMIT 3","match
$p isa person, has name $n;
parent_of (parent: $parent1, child: $p);
parent_of (parent: $p, child: $child1);
limit 3;
fetch { ""personName"": $n };"
477,List the names of the cities where the headquarters of the first 5 organizations founded before 1950 are located.,"MATCH (o:Organization)-[:IN_CITY]->(c:City)
WHERE o.foundedYear < 1950
RETURN c.name
ORDER BY o.foundedYear
LIMIT 5","match
$o isa organization, has founding-date $fd;
$fd < 1950-01-01;
located_in (organization: $o, city: $c);
$c has city_name $cn;
sort $fd;
limit 5;
fetch { ""name"": $cn };"
478,Which 3 organizations have the most articles mentioning them with a negative sentiment score?,"MATCH (o:Organization)<-[:MENTIONS]-(a:Article)
WHERE a.sentiment < 0
WITH o, COUNT(a) AS articleCount
ORDER BY articleCount DESC
LIMIT 3
RETURN o.name AS organizationName, articleCount","match
$o isa organization;
$a isa article, has sentiment $s;
$s < 0;
mentions (article: $a, mentioned: $o);
reduce $count = count($a) groupby $o;
sort $count desc;
limit 3;
fetch {
  ""organizationName"": $o.name,
  ""articleCount"": $count
};"
479,What are the names of 3 organizations that have a CEO who was previously a board member of a competitor?,"MATCH (org:Organization)-[:HAS_CEO]->(ceo:Person),
      (org)-[:HAS_COMPETITOR]->(competitor:Organization),
      (competitor)-[:HAS_BOARD_MEMBER]->(ceo)
RETURN org.name
LIMIT 3","match
$org isa organization, has name $n;
$competitor isa organization;
$ceo isa person;
ceo_of (organization: $org, ceo: $ceo);
competes_with (competitor: $org, competitor: $competitor);
board_member_of (organization: $competitor, member: $ceo);
limit 3;
fetch {
  ""name"": $n
};"
480,Name the first 3 organizations that have been dissolved but still have active subsidiaries.,"MATCH (org:Organization)-[:HAS_SUBSIDIARY]->(sub:Organization)
WHERE org.isDissolved = true AND sub.isDissolved = false
RETURN org.name AS DissolvedOrganization, sub.name AS ActiveSubsidiary
LIMIT 3","match
$org isa organization, has is_dissolved true;
$sub isa organization, has is_dissolved false;
subsidiary_of (parent: $org, subsidiary: $sub);
limit 3;
fetch {
  ""DissolvedOrganization"": $org.name,
  ""ActiveSubsidiary"": $sub.name
};"
481,List the names of the first 3 organizations that have a public motto.,"MATCH (o:Organization)
WHERE o.motto IS NOT NULL AND o.motto <> """"
RETURN o.name
ORDER BY o.name
LIMIT 3","match
\$o isa organization, has name \$n, has motto \$m;
\$m != """";
sort \$n;
limit 3;
fetch {
  ""name"": \$n
};"
482,Which 3 people are mentioned as investors in multiple organizations?,"MATCH (p:Person)-[:HAS_INVESTOR]->(o:Organization)
WITH p, COUNT(DISTINCT o) AS orgCount
WHERE orgCount > 1
RETURN p.name AS personName, orgCount
ORDER BY orgCount DESC
LIMIT 3","match
$p isa person, has name $n;
$o isa organization;
invested_in (investor: $p, organization: $o);
reduce $count = count($o) groupby $p, $n;
match $count > 1;
sort $count desc;
limit 3;
fetch { ""personName"": $n, ""orgCount"": $count };"
483,Name the top 3 articles that discuss organizations with a history of more than 50 years.,"MATCH (o:Organization)-[:MENTIONS]-(a:Article)
WHERE o.summary CONTAINS ""founded"" AND o.summary =~ "".*\\b(19[0-7][0-9]|19[0-6][0-9]|19[0-5][0-9]|18[0-9][0-9]|17[0-9][0-9]|16[0-9][0-9]|15[0-9][0-9]|14[0-9][0-9]|13[0-9][0-9]|12[0-9][0-9]|11[0-9][0-9]|10[0-9][0-9]|9[0-9][0-9]|8[0-9][0-9]|7[0-9][0-9]|6[0-9][0-9]|5[0-9][0-9]|4[0-9][0-9]|3[0-9][0-9]|2[0-9][0-9]|1[0-9][0-9])\\b.*""
RETURN a.title, a.date, a.sentiment
ORDER BY a.date DESC
LIMIT 3","match
$o isa organization, has founding-date $fd;
$fd < 1975-01-01;
mentions (article: $a, mentioned: $o);
$a has title $t, has date $d, has sentiment $s;
sort $d desc;
limit 3;
fetch {
  ""title"": $t,
  ""date"": $d,
  ""sentiment"": $s
};"
484,What are the names of the organizations where the CEOs have the same last name?,"MATCH (ceo1:Person)-[:HAS_CEO]-(org1:Organization),
      (ceo2:Person)-[:HAS_CEO]-(org2:Organization)
WHERE ceo1.name <> ceo2.name AND split(ceo1.name, "" "")[-1] = split(ceo2.name, "" "")[-1]
RETURN DISTINCT org1.name AS Organization1, org2.name AS Organization2","match
  $o1 isa organization;
  $ceo1 isa person;
  $o2 isa organization;
  $ceo2 isa person;
  (organization: $o1, ceo: $ceo1) isa ceo_of;
  (organization: $o2, ceo: $ceo2) isa ceo_of;
fetch { ""org1"": $o1.name, ""org2"": $o2.name };"
485,Which 3 countries have organizations that are major players in the electronics industry?,"MATCH (org:Organization)-[:HAS_CATEGORY]->(cat:IndustryCategory {name: ""Electronic Products Manufacturers""})
MATCH (org)-[:IN_CITY]->(city:City)-[:IN_COUNTRY]->(country:Country)
RETURN country.name AS country, COUNT(org) AS orgCount
ORDER BY orgCount DESC
LIMIT 3","match
$org isa organization;
$cat isa industry_category, has industry_category_name ""Electronic Products Manufacturers"";
in_category (organization: $org, category: $cat);
$city isa city;
located_in (organization: $org, city: $city);
$country isa country, has country_name $cn;
location-contains (parent: $country, child: $city);
reduce $count = count($org) groupby $country, $cn;
sort $count desc;
limit 3;
fetch { ""country"": $cn, ""orgCount"": $count };"
486,What are the names of the first 3 industry categories that have organizations with revenues over $100 million?,"MATCH (o:Organization)-[:HAS_CATEGORY]->(ic:IndustryCategory)
WHERE o.revenue > 100000000
RETURN DISTINCT ic.name
LIMIT 3","match
$o isa organization, has revenue $r;
$r > 100000000;
in_category (organization: $o, category: $ic);
$ic isa industry_category, has industry_category_name $name;
select $name;
distinct;
limit 3;
fetch { ""name"": $name };"
487,Name the first 3 organizations that are headquartered in cities with more than 5 million inhabitants.,"MATCH (o:Organization)-[:IN_CITY]->(c:City)
WHERE c.nbrInhabitants > 5000000
RETURN o.name
LIMIT 3","match
$o isa organization, has name $name;
$c isa city, has population $pop;
$pop > 5000000;
located_in (organization: $o, city: $c);
limit 3;
fetch { ""name"": $name };"
488,Which 3 cities are the most frequently mentioned settings in articles about finance?,"MATCH (a:Article)-[:HAS_CHUNK]->(c:Chunk), (o:Organization)-[:IN_CITY]->(city:City)
WHERE c.text CONTAINS ""finance"" OR a.title CONTAINS ""finance"" OR a.summary CONTAINS ""finance""
RETURN city.name AS city, COUNT(a) AS articleCount
ORDER BY articleCount DESC
LIMIT 3","match
$a isa article;
$c isa chunk;
has_chunk (article: $a, chunk: $c);
$city isa city, has city_name $cn;
mentions (article: $a, mentioned: $city);
{
  $a has title $t; $t like "".*finance.*"";
} or {
  $a has article_summary $s; $s like "".*finance.*"";
} or {
  $c has text $txt; $txt like "".*finance.*"";
};
reduce $count = count($a) groupby $city, $cn;
sort $count desc;
limit 3;
fetch { ""city"": $cn, ""articleCount"": $count };"
489,What are the names of organizations that have both a supplier and a subsidiary in Europe?,"MATCH (org:Organization)-[:HAS_SUPPLIER]->(supplier:Organization),
      (org)-[:HAS_SUBSIDIARY]->(subsidiary:Organization),
      (supplier)-[:IN_CITY]->(supplierCity:City)-[:IN_COUNTRY]->(supplierCountry:Country {name: ""Europe""}),
      (subsidiary)-[:IN_CITY]->(subsidiaryCity:City)-[:IN_COUNTRY]->(subsidiaryCountry:Country {name: ""Europe""})
RETURN DISTINCT org.name","match
$org isa organization, has name $n;
$supplier isa organization;
$subsidiary isa organization;
supplies (supplier: $supplier, customer: $org);
subsidiary_of (parent: $org, subsidiary: $subsidiary);
$supplierCity isa city;
$supplierCountry isa country, has country_name ""Europe"";
$subsidiaryCity isa city;
$subsidiaryCountry isa country, has country_name ""Europe"";
located_in (organization: $supplier, city: $supplierCity);
location-contains (parent: $supplierCountry, child: $supplierCity);
located_in (organization: $subsidiary, city: $subsidiaryCity);
location-contains (parent: $subsidiaryCountry, child: $subsidiaryCity);
select $n;
distinct;
fetch { ""name"": $n };"
490,List the first 3 organizations that have a CEO and a board member with the same name.,"MATCH (org:Organization)-[:HAS_CEO]->(ceo:Person)
MATCH (org)-[:HAS_BOARD_MEMBER]->(boardMember:Person)
WHERE ceo.name = boardMember.name
RETURN org.name AS organizationName, ceo.name AS personName
LIMIT 3","match
$org isa organization, has name $org_name;
$ceo isa person, has name $person_name;
$board_member isa person, has name $person_name;
ceo_of (organization: $org, ceo: $ceo);
board_member_of (organization: $org, member: $board_member);
limit 3;
fetch {
  ""organizationName"": $org_name,
  ""personName"": $person_name
};"
491,Which 3 organizations have the most suppliers?,"MATCH (o:Organization)-[:HAS_SUPPLIER]->(s:Organization)
WITH o, COUNT(s) AS supplierCount
ORDER BY supplierCount DESC
LIMIT 3
RETURN o.name AS organizationName, supplierCount","match
$o isa organization;
supplies (customer: $o, supplier: $s);
reduce $supplierCount = count($s) groupby $o;
sort $supplierCount desc;
limit 3;
fetch {
  ""organizationName"": $o.name,
  ""supplierCount"": $supplierCount
};"
492,Name the top 3 organizations by number of articles mentioning them in 2021.,"MATCH (o:Organization)<-[:MENTIONS]-(a:Article)
WHERE a.date >= date(""2021-01-01"") AND a.date < date(""2022-01-01"")
WITH o, count(a) AS articleCount
ORDER BY articleCount DESC
LIMIT 3
RETURN o.name AS organizationName, articleCount","match
$o isa organization;
$a isa article, has date $d;
mentions (article: $a, mentioned: $o);
$d >= 2021-01-01T00:00:00;
$d < 2022-01-01T00:00:00;
reduce $articleCount = count($a) groupby $o;
sort $articleCount desc;
limit 3;
fetch {
  ""organizationName"": $o.name,
  ""articleCount"": $articleCount
};"
493,Who are the first 3 children of people who are CEOs of public organizations?,"MATCH (ceo:Person)<-[:HAS_CEO]-(org:Organization)
WHERE org.isPublic = true
WITH ceo
MATCH (ceo)-[:HAS_CHILD]->(child:Person)
RETURN child.name AS ChildName, ceo.name AS CEOName
LIMIT 3","match
$org isa organization, has is_public true;
ceo_of (organization: $org, ceo: $ceo);
parent_of (parent: $ceo, child: $child);
$child has name $child_name;
$ceo has name $ceo_name;
limit 3;
fetch {
  ""ChildName"": $child_name,
  ""CEOName"": $ceo_name
};"
494,List the top 5 organizations that have a subsidiary in the same city where they are headquartered.,"MATCH (org:Organization)-[:HAS_SUBSIDIARY]->(sub:Organization),
      (org)-[:IN_CITY]->(city:City),
      (sub)-[:IN_CITY]->(city)
RETURN org.name AS Organization, city.name AS City
LIMIT 5","match
$org isa organization, has name $org_name;
$sub isa organization;
$city isa city, has city_name $city_name;
subsidiary_of (parent: $org, subsidiary: $sub);
located_in (organization: $org, city: $city);
located_in (organization: $sub, city: $city);
limit 5;
fetch {
  ""Organization"": $org_name,
  ""City"": $city_name
};"
495,Which 3 countries are mentioned the most in articles regarding technology advancements?,"MATCH (a:Article)-[:MENTIONS]->(o:Organization)-[:HAS_CATEGORY]->(ic:IndustryCategory {name: ""Technology""})
MATCH (o)-[:IN_CITY]->(c:City)-[:IN_COUNTRY]->(co:Country)
RETURN co.name AS country, COUNT(a) AS articleCount
ORDER BY articleCount DESC
LIMIT 3","match
$a isa article;
$o isa organization;
$ic isa industry_category, has industry_category_name ""Technology"";
$c isa city;
$co isa country;
mentions (article: $a, mentioned: $o);
in_category (organization: $o, category: $ic);
located_in (organization: $o, city: $c);
location-contains (parent: $co, child: $c);
reduce $count = count($a) groupby $co;
sort $count desc;
limit 3;
fetch {
  ""country"": $co.country_name,
  ""articleCount"": $count
};"
496,What are the names of 3 organizations that have been dissolved but are still mentioned in recent articles?,"MATCH (o:Organization)-[:MENTIONS]-(a:Article)
WHERE o.isDissolved = true
WITH o, a
ORDER BY a.date DESC
LIMIT 3
RETURN o.name","match
$o isa organization, has is_dissolved true, has name $n;
$a isa article, has date $d;
mentions (article: $a, mentioned: $o);
sort $d desc;
limit 3;
fetch { ""name"": $n };"
497,Name the first 3 organizations that have been mentioned in articles related to environmental issues.,"MATCH (a:Article)-[:MENTIONS]->(o:Organization)
WHERE a.summary CONTAINS ""environmental"" OR a.title CONTAINS ""environmental""
RETURN DISTINCT o.name
LIMIT 3","match
$a isa article;
$o isa organization, has name $n;
mentions (article: $a, mentioned: $o);
{ $a has article_summary $s; $s like "".*environmental.*""; } or { $a has title $t; $t like "".*environmental.*""; };
select $n;
distinct;
limit 3;
fetch { ""name"": $n };"
498,List the names of 3 organizations that have changed their CEOs more than twice according to the database.,"MATCH (o:Organization)-[:HAS_CEO]->(p:Person)
WITH o, COUNT(p) AS ceo_count
WHERE ceo_count > 2
RETURN o.name
LIMIT 3","match
$o isa organization;
ceo_of (organization: $o, ceo: $p);
reduce $ceo_count = count($p) groupby $o;
match $ceo_count > 2;
limit 3;
fetch { ""name"": $o.name };"
499,Who are the CEOs of organizations that have been dissolved?,"MATCH (o:Organization)-[:HAS_CEO]->(p:Person)
WHERE o.isDissolved = true
RETURN p.name AS CEO, o.name AS Organization","match
$o isa organization, has is_dissolved true, has name $org_name;
$p isa person, has name $ceo_name;
ceo_of (organization: $o, ceo: $p);
fetch {
  ""CEO"": $ceo_name,
  ""Organization"": $org_name
};"
500,What are the first 5 organizations that are mentioned in articles from 'RCR Wireless News'?,"MATCH (a:Article {siteName: ""RCR Wireless News""})-[:MENTIONS]->(o:Organization)
RETURN o.name
LIMIT 5","match
$a isa article, has site_name ""RCR Wireless News"";
$o isa organization;
mentions (article: $a, mentioned: $o);
limit 5;
fetch {
  ""name"": $o.name
};"
501,Which cities have the most organizations that are dissolved?,"MATCH (o:Organization)-[:IN_CITY]->(c:City)
WHERE o.isDissolved = true
RETURN c.name AS city, COUNT(o) AS dissolved_organizations
ORDER BY dissolved_organizations DESC
LIMIT 1","match
$o isa organization, has is_dissolved true;
$c isa city, has city_name $name;
located_in (organization: $o, city: $c);
reduce $count = count($o) groupby $c, $name;
sort $count desc;
limit 1;
fetch {
  ""city"": $name,
  ""dissolved_organizations"": $count
};"
502,Who are the children of 'Julie Spellman Sweet'?,"MATCH (p:Person {name: ""Julie Spellman Sweet""})-[:HAS_CHILD]->(child:Person)
RETURN child.name AS childName, child.id AS childId, child.summary AS childSummary","match
$p isa person, has name ""Julie Spellman Sweet"";
parent_of (parent: $p, child: $child);
$child isa person;
fetch {
  ""childName"": $child.name,
  ""childId"": $child.person_id,
  ""childSummary"": $child.summary
};"
503,Which city has the most organizations with public status?,"MATCH (o:Organization)-[:IN_CITY]->(c:City)
WHERE o.isPublic = true
RETURN c.name AS city, COUNT(o) AS publicOrganizations
ORDER BY publicOrganizations DESC
LIMIT 1","match
$o isa organization, has is_public true;
$c isa city;
located_in (organization: $o, city: $c);
reduce $count = count($o) groupby $c;
sort $count desc;
limit 1;
fetch {
  ""city"": $c.city_name,
  ""publicOrganizations"": $count
};"
504,What organizations are headquartered in cities that are in the 'United States of America'?,"MATCH (country:Country {name: ""United States of America""})<-[:IN_COUNTRY]-(city:City)<-[:IN_CITY]-(organization:Organization)
RETURN organization.name AS organizationName","match
$country isa country, has country_name ""United States of America"";
$city isa city;
location-contains (parent: $country, child: $city);
$org isa organization;
located_in (organization: $org, city: $city);
fetch {
  ""organizationName"": $org.name
};"
505,What are the first 3 articles about organizations with a public status?,"MATCH (o:Organization {isPublic: true})<-[:MENTIONS]-(a:Article)
RETURN a.title, a.summary, a.date
ORDER BY a.date DESC
LIMIT 3","match
$o isa organization, has is_public true;
$a isa article, has date $d;
mentions (article: $a, mentioned: $o);
sort $d desc;
limit 3;
fetch {
  ""title"": $a.title,
  ""summary"": $a.article_summary,
  ""date"": $d
};"
506,Who wrote the article with the highest sentiment score mentioning 'SAP'?,"MATCH (a:Article)-[:MENTIONS]->(o:Organization {name: ""SAP""})
WITH a
ORDER BY a.sentiment DESC
LIMIT 1
RETURN a.author AS author","match
$a isa article;
$o isa organization, has name ""SAP"";
mentions (article: $a, mentioned: $o);
$a has sentiment $s;
sort $s desc;
limit 1;
fetch { ""author"": $a.author };"
507,What are the industry categories of organizations located in 'Seattle'?,"MATCH (c:City {name: ""Seattle""})<-[:IN_CITY]-(o:Organization)-[:HAS_CATEGORY]->(ic:IndustryCategory)
RETURN DISTINCT ic.name AS IndustryCategory","match
$c isa city, has city_name ""Seattle"";
$o isa organization;
$ic isa industry_category, has industry_category_name $icn;
located_in (organization: $o, city: $c);
in_category (organization: $o, category: $ic);
select $icn;
distinct;
fetch { ""IndustryCategory"": $icn };"
508,Which countries host organizations that have a revenue over 50 million?,"MATCH (o:Organization)-[:IN_CITY]->(c:City)-[:IN_COUNTRY]->(country:Country)
WHERE o.revenue > 50000000
RETURN DISTINCT country.name AS Country","match
$o isa organization, has revenue $r;
$r > 50000000;
$c isa city;
$country isa country, has country_name $name;
located_in (organization: $o, city: $c);
location-contains (parent: $country, child: $c);
select $name;
distinct;
fetch { ""Country"": $name };"
509,List the organizations that have more than one subsidiary.,"MATCH (parentOrg:Organization)-[:HAS_SUBSIDIARY]->(subOrg:Organization)
WITH parentOrg, COUNT(subOrg) AS numSubsidiaries
WHERE numSubsidiaries > 1
RETURN parentOrg.name AS OrganizationName, numSubsidiaries","match
$parentOrg isa organization;
subsidiary_of (parent: $parentOrg, subsidiary: $subOrg);
reduce $numSubsidiaries = count($subOrg) groupby $parentOrg;
match $numSubsidiaries > 1;
fetch {
  ""OrganizationName"": $parentOrg.name,
  ""numSubsidiaries"": $numSubsidiaries
};"
510,Which organizations have a motto containing the word 'technology'?,"MATCH (o:Organization)
WHERE o.motto CONTAINS 'technology'
RETURN o.name, o.motto","match
$o isa organization, has motto $m;
$m like "".*technology.*"";
fetch {
  ""name"": $o.name,
  ""motto"": $m
};"
511,What is the sentiment of the article that has the highest sentiment score mentioning 'Accenture'?,"MATCH (o:Organization {name: ""Accenture""})<-[:MENTIONS]-(a:Article)
RETURN a.title, a.sentiment
ORDER BY a.sentiment DESC
LIMIT 1","match
$o isa organization, has name ""Accenture"";
$a isa article, has title $t, has sentiment $s;
mentions (article: $a, mentioned: $o);
sort $s desc;
limit 1;
fetch {
  ""title"": $t,
  ""sentiment"": $s
};"
512,List the first 3 organizations that were mentioned in articles published in 2022.,"MATCH (a:Article)-[:MENTIONS]->(o:Organization)
WHERE a.date >= date(""2022-01-01"") AND a.date < date(""2023-01-01"")
RETURN o.name AS organization_name
LIMIT 3","match
$a isa article, has date $d;
$d >= 2022-01-01T00:00:00;
$d < 2023-01-01T00:00:00;
$o isa organization, has name $n;
mentions (article: $a, mentioned: $o);
limit 3;
fetch { ""organization_name"": $n };"
513,Which organizations are competitors to 'SAP'?,"MATCH (o1:Organization {name: ""SAP""})-[:HAS_COMPETITOR]->(o2:Organization)
RETURN o2.name AS competitorName","match
$o1 isa organization, has name ""SAP"";
$o2 isa organization;
competes_with (competitor: $o1, competitor: $o2);
fetch {
  ""competitorName"": $o2.name
};"
514,Which cities are these organizations based in that have more than 50 employees but less than 200?,"MATCH (o:Organization)-[:IN_CITY]->(c:City)
WHERE o.nbrEmployees > 50 AND o.nbrEmployees < 200
RETURN DISTINCT c.name AS cityName","match
$o isa organization, has nbr_employees $e;
$e > 50;
$e < 200;
located_in (organization: $o, city: $c);
$c has city_name $cn;
select $cn;
distinct;
fetch { ""cityName"": $cn };"
515,List three persons who are both investors and board members in any organization.,"MATCH (p:Person)-[:HAS_INVESTOR]->(o:Organization), (p)-[:HAS_BOARD_MEMBER]->(o)
RETURN p.name AS personName
LIMIT 3","match
$p isa person;
$o isa organization;
invested_in (investor: $p, organization: $o);
board_member_of (member: $p, organization: $o);
limit 3;
fetch { ""personName"": $p.name };"
516,What organizations are mentioned in the article titled 'Funds for Consumer Behavior Specialist Infinite Analytics'?,"MATCH (a:Article {title: 'Funds for Consumer Behavior Specialist Infinite Analytics'})-[:MENTIONS]->(o:Organization)
RETURN o.name","match
$a isa article, has title ""Funds for Consumer Behavior Specialist Infinite Analytics"";
$o isa organization;
mentions (article: $a, mentioned: $o);
fetch {
  ""name"": $o.name
};"
517,How many organizations are there in the 'United States of America'?,"MATCH (c:Country {name: ""United States of America""})<-[:IN_COUNTRY]-(ci:City)<-[:IN_CITY]-(o:Organization)
RETURN count(o) AS numberOfOrganizations","match
$c isa country, has country_name ""United States of America"";
location-contains (parent: $c, child: $ci);
$ci isa city;
located_in (organization: $o, city: $ci);
reduce $count = count($o);"
518,What are the first 5 cities by the number of organizations located there?,"MATCH (o:Organization)-[:IN_CITY]->(c:City)
WITH c, count(o) as orgCount
ORDER BY orgCount DESC
LIMIT 5
RETURN c.name as cityName, orgCount","match
$o isa organization;
$c isa city;
located_in (organization: $o, city: $c);
reduce $orgCount = count($o) groupby $c;
sort $orgCount desc;
limit 5;
fetch {
  ""cityName"": $c.city_name,
  ""orgCount"": $orgCount
};"
519,Which organization has the highest number of employees?,"MATCH (o:Organization)
RETURN o.name AS organization, o.nbrEmployees AS numberOfEmployees
ORDER BY o.nbrEmployees DESC
LIMIT 1","match
$o isa organization, has nbr_employees $e;
sort $e desc;
limit 1;
fetch {
  ""organization"": $o.name,
  ""numberOfEmployees"": $e
};"
520,What are the top 3 articles by sentiment that mention an organization with a revenue of over 1 billion?,"MATCH (a:Article)-[:MENTIONS]->(o:Organization)
WHERE o.revenue > 1.0E9
RETURN a.title, a.sentiment, a.date
ORDER BY a.sentiment DESC
LIMIT 3","match
$a isa article, has sentiment $s;
$o isa organization, has revenue $r;
$r > 1000000000.0;
mentions (article: $a, mentioned: $o);
sort $s desc;
limit 3;
fetch {
  ""title"": $a.title,
  ""sentiment"": $s,
  ""date"": $a.date
};"
521,Who are the investors of 'New Energy Group'?,"MATCH (o:Organization {name: ""New Energy Group""})<-[:HAS_INVESTOR]-(investor)
RETURN investor.name AS InvestorName, investor.id AS InvestorID","match
$o isa organization, has name ""New Energy Group"";
invested_in (organization: $o, investor: $investor);
$investor has name $investor_name;
try { $investor has person_id $pid; };
try { $investor has organization_id $oid; };
fetch {
  ""InvestorName"": $investor_name,
  ""PersonID"": $pid,
  ""OrganizationID"": $oid
};"
522,List the top 5 articles mentioning 'Accenture'.,"MATCH (a:Article)-[:MENTIONS]->(o:Organization {name: ""Accenture""})
RETURN a.title, a.date, a.author, a.siteName, a.summary
ORDER BY a.date DESC
LIMIT 5","match
$a isa article, has date $d;
$o isa organization, has name ""Accenture"";
mentions (article: $a, mentioned: $o);
sort $d desc;
limit 5;
fetch {
  ""title"": $a.title,
  ""date"": $d,
  ""author"": $a.author,
  ""siteName"": $a.site_name,
  ""summary"": $a.article_summary
};"
523,Which organizations have dissolved and are no longer operational?,"MATCH (o:Organization)
WHERE o.isDissolved = true
RETURN o.name AS organizationName, o.summary AS organizationSummary","match
$o isa organization, has is_dissolved true;
fetch {
  ""organizationName"": $o.name,
  ""organizationSummary"": $o.summary
};"
524,What organizations have 'Electronic Products Manufacturers' as their industry category?,"MATCH (o:Organization)-[:HAS_CATEGORY]->(ic:IndustryCategory {name: ""Electronic Products Manufacturers""})
RETURN o.name AS organizationName","match
$o isa organization;
$ic isa industry_category, has industry_category_name ""Electronic Products Manufacturers"";
in_category (organization: $o, category: $ic);
fetch {
  ""organizationName"": $o.name
};"
525,List all the subsidiary companies of 'Accenture'.,"MATCH (parentOrg:Organization {name: ""Accenture""})-[:HAS_SUBSIDIARY]->(subsidiary:Organization)
RETURN subsidiary.name AS SubsidiaryName","match
$parent isa organization, has name ""Accenture"";
$subsidiary isa organization;
subsidiary_of (parent: $parent, subsidiary: $subsidiary);
fetch {
  ""SubsidiaryName"": $subsidiary.name
};"
526,What are the first 3 cities that have organizations with more than 500 employees?,"MATCH (o:Organization)-[:IN_CITY]->(c:City)
WHERE o.nbrEmployees > 500
RETURN DISTINCT c.name
LIMIT 3","match
$o isa organization, has nbr_employees $e;
$e > 500;
$c isa city, has city_name $name;
located_in (organization: $o, city: $c);
select $name;
distinct;
limit 3;
fetch { ""name"": $name };"
527,Which organizations are suppliers to 'Accenture'?,"MATCH (o:Organization {name: ""Accenture""})<-[:HAS_SUPPLIER]-(supplier:Organization)
RETURN supplier.name","match
$accenture isa organization, has name ""Accenture"";
$supplier isa organization;
supplies (supplier: $supplier, customer: $accenture);
fetch {
  ""name"": $supplier.name
};"
528,Which person has the most direct connections to other persons within the graph?,"MATCH (p:Person)-[:HAS_PARENT|:HAS_CHILD]->(other:Person)
WITH p, count(other) AS connections
RETURN p.name AS person, connections
ORDER BY connections DESC
LIMIT 1","match
$p isa person, has name $name;
$rel isa parent_of ($p, $other);
$other isa person;
reduce $connections = count($rel) groupby $p, $name;
sort $connections desc;
limit 1;
fetch {
  ""person"": $name,
  ""connections"": $connections
};"
529,What are the first 3 organizations mentioned in articles from 'MrWeb'?,"MATCH (a:Article {siteName: ""MrWeb""})-[:MENTIONS]->(o:Organization)
RETURN o.name
ORDER BY a.date
LIMIT 3","match
$a isa article, has site_name ""MrWeb"", has date $d;
mentions (article: $a, mentioned: $o);
$o isa organization, has name $n;
sort $d;
limit 3;
fetch { ""name"": $n };"
530,Which organizations are both public and have a CEO named 'Julie Spellman Sweet'?,"MATCH (o:Organization)-[:HAS_CEO]->(p:Person {name: ""Julie Spellman Sweet""})
WHERE o.isPublic = true
RETURN o.name","match
$o isa organization, has is_public true;
$p isa person, has name ""Julie Spellman Sweet"";
ceo_of (organization: $o, ceo: $p);
fetch {
  ""name"": $o.name
};"
531,List the organizations that are public and have a CEO who is a female.,"MATCH (o:Organization {isPublic: true})-[:HAS_CEO]->(ceo:Person)
WHERE ceo.summary CONTAINS ""female"" OR ceo.summary CONTAINS ""Female"" OR ceo.summary CONTAINS ""woman"" OR ceo.summary CONTAINS ""Woman""
RETURN o.name AS OrganizationName, ceo.name AS CEOName","match
$o isa organization, has is_public true, has name $org_name;
$ceo isa person, has summary $s, has name $ceo_name;
ceo_of (organization: $o, ceo: $ceo);
{ $s like "".*female.*""; } or { $s like "".*Female.*""; } or { $s like "".*woman.*""; } or { $s like "".*Woman.*""; };
fetch {
  ""OrganizationName"": $org_name,
  ""CEOName"": $ceo_name
};"
532,Which organizations are headquartered in a city that is not in 'United States of America' and have a revenue of over 100 million?,"MATCH (o:Organization)-[:IN_CITY]->(c:City)-[:IN_COUNTRY]->(co:Country)
WHERE co.name <> 'United States of America' AND o.revenue > 100000000
RETURN o.name AS OrganizationName, o.revenue AS Revenue, c.name AS CityName, co.name AS CountryName","match
$o isa organization, has revenue $r, has name $org_name;
$r > 100000000;
$c isa city, has city_name $city_name;
$co isa country, has country_name $country_name;
$country_name != ""United States of America"";
located_in (organization: $o, city: $c);
location-contains (parent: $co, child: $c);
fetch {
  ""OrganizationName"": $org_name,
  ""Revenue"": $r,
  ""CityName"": $city_name,
  ""CountryName"": $country_name
};"
533,Who are the top 3 investors in terms of the number of organizations they invest in?,"MATCH (p:Person)-[:HAS_INVESTOR]->(o:Organization)
WITH p, count(o) as numInvestments
ORDER BY numInvestments DESC
LIMIT 3
RETURN p.name as InvestorName, numInvestments","match
$p isa person;
invested_in (investor: $p, organization: $o);
reduce $count = count($o) groupby $p;
sort $count desc;
limit 3;
fetch {
  ""InvestorName"": $p.name,
  ""numInvestments"": $count
};"
534,What is the name of the organization with the most board members?,"MATCH (o:Organization)-[:HAS_BOARD_MEMBER]->(p:Person)
WITH o, COUNT(p) AS boardMemberCount
ORDER BY boardMemberCount DESC
LIMIT 1
RETURN o.name AS organizationName","match
$o isa organization;
$p isa person;
board_member_of (organization: $o, member: $p);
reduce $count = count($p) groupby $o;
sort $count desc;
limit 1;
fetch { ""organizationName"": $o.name };"
535,Which person has the most children within the graph?,"MATCH (p:Person)-[:HAS_CHILD]->(c:Person)
WITH p, COUNT(c) AS childrenCount
RETURN p.name AS personName, childrenCount
ORDER BY childrenCount DESC
LIMIT 1","match
$p isa person;
parent_of (parent: $p, child: $c);
reduce $childrenCount = count($c) groupby $p;
sort $childrenCount desc;
limit 1;
fetch {
  ""personName"": $p.name,
  ""childrenCount"": $childrenCount
};"
536,What is the name of the organization that has the highest number of employees and is headquartered in a city named 'Seattle'?,"MATCH (o:Organization)-[:IN_CITY]->(c:City {name: 'Seattle'})
RETURN o.name
ORDER BY o.nbrEmployees DESC
LIMIT 1","match
$o isa organization, has nbr_employees $e;
$c isa city, has city_name ""Seattle"";
located_in (organization: $o, city: $c);
sort $e desc;
limit 1;
fetch {
  ""name"": $o.name
};"
537,List the first 3 organizations that were mentioned in articles with a sentiment less than 0.5.,"MATCH (a:Article)-[:MENTIONS]->(o:Organization)
WHERE a.sentiment < 0.5
RETURN o.name
LIMIT 3","match
$a isa article, has sentiment $s;
$s < 0.5;
mentions (article: $a, mentioned: $o);
$o isa organization;
limit 3;
fetch { ""name"": $o.name };"
538,Which organizations have a city named 'Seattle' as their headquarters and more than 500 employees?,"MATCH (o:Organization)-[:IN_CITY]->(c:City {name: ""Seattle""})
WHERE o.nbrEmployees > 500
RETURN o.name, o.nbrEmployees","match
$o isa organization, has nbr_employees $n;
$c isa city, has city_name ""Seattle"";
located_in (organization: $o, city: $c);
$n > 500;
fetch {
  ""name"": $o.name,
  ""nbr_employees"": $n
};"
539,List the organizations that have the most number of competitors.,"MATCH (o:Organization)-[:HAS_COMPETITOR]->(c:Organization)
WITH o, COUNT(c) AS competitorCount
ORDER BY competitorCount DESC
RETURN o.name AS organizationName, competitorCount
LIMIT 1","match
$o isa organization, has name $n;
competes_with (competitor: $o, competitor: $c);
reduce $count = count($c) groupby $o, $n;
sort $count desc;
limit 1;
fetch { ""organizationName"": $n, ""competitorCount"": $count };"
540,Which articles mention any organizations that are suppliers to 'New Energy Group'?,"MATCH (org:Organization {name: ""New Energy Group""})-[:HAS_SUPPLIER]->(supplier:Organization)
MATCH (article:Article)-[:MENTIONS]->(supplier)
RETURN article.title, article.date, article.author, article.summary","match
$org isa organization, has name ""New Energy Group"";
supplies (customer: $org, supplier: $supplier);
$article isa article;
mentions (article: $article, mentioned: $supplier);
fetch {
  ""title"": $article.title,
  ""date"": $article.date,
  ""author"": $article.author,
  ""summary"": $article.article_summary
};"
541,Who are the children of CEOs who are also board members of other organizations?,"MATCH (ceo:Person)-[:HAS_CEO]->(org:Organization)
MATCH (ceo)-[:HAS_CHILD]->(child:Person)
MATCH (child)-[:HAS_BOARD_MEMBER]->(otherOrg:Organization)
RETURN ceo.name AS CEO, child.name AS Child, otherOrg.name AS BoardMemberOf","match
$ceo isa person, has name $ceo_name;
$child isa person, has name $child_name;
$org isa organization;
$otherOrg isa organization, has name $other_org_name;
ceo_of (ceo: $ceo, organization: $org);
parent_of (parent: $ceo, child: $child);
board_member_of (member: $child, organization: $otherOrg);
fetch {
  ""CEO"": $ceo_name,
  ""Child"": $child_name,
  ""BoardMemberOf"": $other_org_name
};"
542,Which organization has the most subsidiaries and what is its name?,"MATCH (o:Organization)-[:HAS_SUBSIDIARY]->(s:Organization)
WITH o, COUNT(s) AS numSubsidiaries
ORDER BY numSubsidiaries DESC
LIMIT 1
RETURN o.name AS organizationName, numSubsidiaries","match
$o isa organization;
subsidiary_of (parent: $o, subsidiary: $s);
reduce $count = count($s) groupby $o;
sort $count desc;
limit 1;
fetch { ""organizationName"": $o.name, ""numSubsidiaries"": $count };"
543,What are the first 3 organizations that have been mentioned in an article with a sentiment score greater than 0.9?,"MATCH (a:Article)-[:MENTIONS]->(o:Organization)
WHERE a.sentiment > 0.9
RETURN o.name
ORDER BY a.date
LIMIT 3","match
$a isa article, has sentiment $s, has date $d;
$s > 0.9;
$o isa organization, has name $n;
mentions (article: $a, mentioned: $o);
sort $d;
limit 3;
fetch { ""name"": $n };"
544,Who are the CEOs of the top 5 organizations by revenue?,"MATCH (o:Organization)-[:HAS_CEO]->(p:Person)
WITH o, p
ORDER BY o.revenue DESC
LIMIT 5
RETURN p.name AS CEO, o.name AS Organization, o.revenue AS Revenue","match
$o isa organization, has revenue $rev;
$p isa person;
ceo_of (organization: $o, ceo: $p);
sort $rev desc;
limit 5;
fetch {
  ""CEO"": $p.name,
  ""Organization"": $o.name,
  ""Revenue"": $rev
};"
545,Which countries have organizations with a revenue less than 10 million?,"MATCH (org:Organization)-[:IN_CITY]->(city:City)-[:IN_COUNTRY]->(country:Country)
WHERE org.revenue < 10000000
RETURN DISTINCT country.name","match
$org isa organization, has revenue $r;
$r < 10000000;
$city isa city;
$country isa country, has country_name $cn;
located_in (organization: $org, city: $city);
location-contains (parent: $country, child: $city);
select $cn;
distinct;
fetch { ""country_name"": $cn };"
546,What are the names of organizations that have at least 2 board members?,"MATCH (o:Organization)-[:HAS_BOARD_MEMBER]->(p:Person)
WITH o, COUNT(p) AS boardMemberCount
WHERE boardMemberCount >= 2
RETURN o.name","match
$o isa organization;
board_member_of (organization: $o, member: $p);
reduce $count = count($p) groupby $o;
match $count >= 2;
fetch { ""name"": $o.name };"
547,List the organizations that have less than 50 employees and are still operational.,"MATCH (o:Organization)
WHERE o.nbrEmployees < 50 AND o.isDissolved = false
RETURN o.name","match
$o isa organization, has nbr_employees $n, has is_dissolved false;
$n < 50;
fetch {
  ""name"": $o.name
};"
548,Which organizations have a city as their headquarters and have a revenue of over 1 million?,"MATCH (o:Organization)-[:IN_CITY]->(c:City)
WHERE o.revenue > 1000000
RETURN o.name AS organizationName, c.name AS cityName, o.revenue AS revenue","match
$o isa organization, has revenue $r;
$c isa city, has city_name $cn;
located_in (organization: $o, city: $c);
$r > 1000000;
fetch {
  ""organizationName"": $o.name,
  ""cityName"": $cn,
  ""revenue"": $r
};"
549,List the first 5 articles mentioning organizations that have a CEO named 'Julie Spellman Sweet'.,"MATCH (ceo:Person {name: ""Julie Spellman Sweet""})<-[:HAS_CEO]-(org:Organization)<-[:MENTIONS]-(article:Article)
RETURN article.title, article.date, article.author, article.siteName, article.summary
ORDER BY article.date DESC
LIMIT 5","match
$ceo isa person, has name ""Julie Spellman Sweet"";
ceo_of (ceo: $ceo, organization: $org);
$article isa article;
mentions (article: $article, mentioned: $org);
$article has date $d;
sort $d desc;
limit 5;
fetch {
  ""title"": $article.title,
  ""date"": $article.date,
  ""author"": $article.author,
  ""siteName"": $article.site_name,
  ""summary"": $article.article_summary
};"
550,"Which organizations have more than 10,000 employees and are located in a country outside of 'United States of America'?","MATCH (o:Organization)-[:IN_CITY]->(c:City)-[:IN_COUNTRY]->(co:Country)
WHERE o.nbrEmployees > 10000 AND co.name <> 'United States of America'
RETURN o.name AS OrganizationName, o.nbrEmployees AS NumberOfEmployees, co.name AS CountryName","match
$o isa organization, has nbr_employees $emp, has name $org_name;
$emp > 10000;
$c isa city;
located_in (organization: $o, city: $c);
$co isa country, has country_name $co_name;
location-contains (parent: $co, child: $c);
not { $co_name == ""United States of America""; };
fetch {
  ""OrganizationName"": $org_name,
  ""NumberOfEmployees"": $emp,
  ""CountryName"": $co_name
};"
551,Who are the investors of organizations that have been dissolved?,"MATCH (o:Organization {isDissolved: true})-[:HAS_INVESTOR]->(investor)
RETURN DISTINCT investor.name AS InvestorName, investor.id AS InvestorID","match
$o isa organization, has is_dissolved true;
invested_in (organization: $o, investor: $investor);
$investor has name $name;
select $investor, $name;
distinct;
fetch {
  ""InvestorName"": $name
};"
552,Which organization has the highest revenue and is not public?,"MATCH (o:Organization)
WHERE o.isPublic = false
RETURN o.name, o.revenue
ORDER BY o.revenue DESC
LIMIT 1","match
$o isa organization, has is_public false, has revenue $r, has name $n;
sort $r desc;
limit 1;
fetch {
  ""name"": $n,
  ""revenue"": $r
};"
553,List the latest 3 articles mentioning any organization based in 'Rome'.,"MATCH (o:Organization)-[:IN_CITY]->(c:City {name: ""Rome""})
MATCH (a:Article)-[:MENTIONS]->(o)
RETURN a.title, a.date, a.author, a.summary
ORDER BY a.date DESC
LIMIT 3","match
$c isa city, has city_name ""Rome"";
located_in (organization: $o, city: $c);
$a isa article;
mentions (article: $a, mentioned: $o);
$a has date $d;
sort $d desc;
limit 3;
fetch {
  ""title"": $a.title,
  ""date"": $d,
  ""author"": $a.author,
  ""summary"": $a.article_summary
};"
554,What are the top 3 industries by the number of organizations in each?,"MATCH (o:Organization)-[:HAS_CATEGORY]->(ic:IndustryCategory)
WITH ic, count(o) as orgCount
RETURN ic.name as Industry, orgCount
ORDER BY orgCount DESC
LIMIT 3","match
$o isa organization;
$ic isa industry_category;
in_category (organization: $o, category: $ic);
reduce $orgCount = count($o) groupby $ic;
sort $orgCount desc;
limit 3;
fetch {
  ""Industry"": $ic.industry_category_name,
  ""orgCount"": $orgCount
};"
555,Which cities have more than two industries represented by organizations within them?,"MATCH (o:Organization)-[:IN_CITY]->(c:City),
      (o)-[:HAS_CATEGORY]->(ic:IndustryCategory)
WITH c, COUNT(DISTINCT ic) AS industryCount
WHERE industryCount > 2
RETURN c.name AS cityName","match
$c isa city, has city_name $cn;
$o isa organization;
$ic isa industry_category;
located_in (organization: $o, city: $c);
in_category (organization: $o, category: $ic);
select $c, $cn, $ic;
distinct;
reduce $count = count($ic) groupby $c, $cn;
match $count > 2;
fetch { ""cityName"": $cn };"
556,List the top 5 countries by the number of organizations headquartered there.,"MATCH (o:Organization)-[:IN_CITY]->(c:City)-[:IN_COUNTRY]->(co:Country)
WITH co.name AS country, COUNT(o) AS orgCount
RETURN country, orgCount
ORDER BY orgCount DESC
LIMIT 5","match
$o isa organization;
$c isa city;
$co isa country;
located_in (organization: $o, city: $c);
location-contains (parent: $co, child: $c);
$co has country_name $country;
reduce $orgCount = count($o) groupby $co, $country;
sort $orgCount desc;
limit 5;
fetch { ""country"": $country, ""orgCount"": $orgCount };"
557,What is the summary description of the organization with the lowest number of employees?,"MATCH (o:Organization)
WHERE o.nbrEmployees IS NOT NULL
RETURN o.name, o.summary
ORDER BY o.nbrEmployees ASC
LIMIT 1","match
$o isa organization, has nbr_employees $n, has summary $s, has name $name;
sort $n asc;
limit 1;
fetch {
  ""name"": $name,
  ""summary"": $s
};"
558,Name the top 3 organizations in terms of number of times they are mentioned as competitors in different industries.,"MATCH (o:Organization)-[:HAS_COMPETITOR]->(competitor:Organization)
WITH competitor, COUNT(o) AS mentionCount
RETURN competitor.name AS organization, mentionCount
ORDER BY mentionCount DESC
LIMIT 3","match
$competitor isa organization;
competes_with (competitor: $competitor, competitor: $o);
$o isa organization;
reduce $mentionCount = count($o) groupby $competitor;
sort $mentionCount desc;
limit 3;
fetch {
  ""organization"": $competitor.name,
  ""mentionCount"": $mentionCount
};"
559,Who are the board members of 'New Energy Group'?,"MATCH (o:Organization {name: ""New Energy Group""})-[:HAS_BOARD_MEMBER]->(p:Person)
RETURN p.name AS boardMemberName, p.id AS boardMemberId, p.summary AS boardMemberSummary","match
$o isa organization, has name ""New Energy Group"";
board_member_of (organization: $o, member: $p);
$p isa person;
fetch {
  ""boardMemberName"": $p.name,
  ""boardMemberId"": $p.person_id,
  ""boardMemberSummary"": $p.summary
};"
560,Which 3 organizations have CEOs who have written articles about their own organizations?,"MATCH (ceo:Person)-[:HAS_CEO]->(org:Organization)
MATCH (ceo)-[:HAS_WRITTEN]->(article:Article)-[:MENTIONS]->(org)
RETURN org.name AS organization, ceo.name AS ceo, article.title AS article_title
LIMIT 3","match
$ceo isa person, has name $ceo_name;
$org isa organization, has name $org_name;
ceo_of (ceo: $ceo, organization: $org);
$article isa article, has author $author, has title $article_title;
mentions (article: $article, mentioned: $org);
let $name_val = $ceo_name;
let $author_val = $author;
$name_val == $author_val;
limit 3;
fetch {
  ""organization"": $org_name,
  ""ceo"": $ceo_name,
  ""article_title"": $article_title
};"
561,Name the first 3 organizations that have been mentioned in articles about cybersecurity.,"MATCH (a:Article)-[:MENTIONS]->(o:Organization)
WHERE a.title CONTAINS ""cybersecurity"" OR a.summary CONTAINS ""cybersecurity""
RETURN DISTINCT o.name
LIMIT 3","match
$a isa article;
mentions (article: $a, mentioned: $o);
$o isa organization;
{ $a has title $t; $t like "".*cybersecurity.*""; } or { $a has article_summary $s; $s like "".*cybersecurity.*""; };
$o has name $n;
select $n;
distinct;
limit 3;
fetch { ""name"": $n };"
562,Name the cities that are mentioned in articles about organizations in the 'Software' industry.,"MATCH (org:Organization)-[:HAS_CATEGORY]->(cat:IndustryCategory {name: ""Software""})
MATCH (article:Article)-[:MENTIONS]->(org)
MATCH (org)-[:IN_CITY]->(city:City)
RETURN DISTINCT city.name","match
$org isa organization;
$cat isa industry_category, has industry_category_name ""Software"";
in_category (organization: $org, category: $cat);
$article isa article;
mentions (article: $article, mentioned: $org);
$city isa city;
located_in (organization: $org, city: $city);
select $city;
distinct;
fetch { ""city_name"": $city.city_name };"
563,List the organizations that have been mentioned in articles related to security threats.,"MATCH (a:Article)-[:MENTIONS]->(o:Organization)
WHERE a.summary CONTAINS ""security threat"" OR a.title CONTAINS ""security threat""
RETURN DISTINCT o.name","match
$a isa article;
$o isa organization;
mentions (article: $a, mentioned: $o);
{ $a has article_summary $s; $s like "".*security threat.*""; } or { $a has title $t; $t like "".*security threat.*""; };
select $o;
distinct;
fetch { ""name"": $o.name };"
564,Which persons are investors in organizations that have a revenue over 100 million?,"MATCH (p:Person)-[:HAS_INVESTOR]->(o:Organization)
WHERE o.revenue > 100000000
RETURN p.name AS InvestorName, o.name AS OrganizationName","match
$p isa person;
$o isa organization, has revenue $r;
$r > 100000000;
invested_in (investor: $p, organization: $o);
fetch {
  ""InvestorName"": $p.name,
  ""OrganizationName"": $o.name
};"
565,What are the names of organizations that have both public and private subsidiaries?,"MATCH (parentOrg:Organization)-[:HAS_SUBSIDIARY]->(subOrg:Organization)
WHERE parentOrg.isPublic = true AND subOrg.isPublic = false
RETURN DISTINCT parentOrg.name AS OrganizationName","match
$parentOrg isa organization, has is_public true;
$subOrg isa organization, has is_public false;
subsidiary_of (parent: $parentOrg, subsidiary: $subOrg);
select $parentOrg;
distinct;
fetch { ""OrganizationName"": $parentOrg.name };"
566,Identify organizations that have more than 3 board members.,"MATCH (o:Organization)-[:HAS_BOARD_MEMBER]->(p:Person)
WITH o, COUNT(p) AS boardMemberCount
WHERE boardMemberCount > 3
RETURN o.name AS organizationName, boardMemberCount","match
$o isa organization;
board_member_of (organization: $o, member: $p);
reduce $count = count($p) groupby $o;
match $count > 3;
$o has name $name;
fetch { ""organizationName"": $name, ""boardMemberCount"": $count };"
567,Which organizations have been mentioned in the most negative sentiment articles?,"MATCH (a:Article)-[:MENTIONS]->(o:Organization)
WITH o, AVG(a.sentiment) AS avgSentiment, COUNT(a) AS articleCount
WHERE avgSentiment < 0
RETURN o.name AS organizationName, avgSentiment, articleCount
ORDER BY avgSentiment ASC, articleCount DESC
LIMIT 10","match
$a isa article, has sentiment $s;
$o isa organization;
mentions (article: $a, mentioned: $o);
reduce $avgSentiment = mean($s) groupby $o;
match $avgSentiment < 0;
sort $avgSentiment asc;
limit 10;
fetch { ""organizationName"": $o.name, ""avgSentiment"": $avgSentiment };"
568,Name the industry categories that have the most organizations associated with them.,"MATCH (o:Organization)-[:HAS_CATEGORY]->(ic:IndustryCategory)
WITH ic, COUNT(o) AS orgCount
RETURN ic.name AS industryCategory, orgCount
ORDER BY orgCount DESC
LIMIT 1","match
$o isa organization;
$ic isa industry_category, has industry_category_name $name;
in_category (organization: $o, category: $ic);
reduce $count = count($o) groupby $ic, $name;
sort $count desc;
limit 1;
fetch { ""industryCategory"": $name, ""orgCount"": $count };"
569,List all the organizations and their respective CEOs who are mentioned in the same article.,"MATCH (a:Article)-[:MENTIONS]->(o:Organization)
MATCH (o)-[:HAS_CEO]->(ceo:Person)
RETURN o.name AS Organization, ceo.name AS CEO, a.title AS ArticleTitle","match
$a isa article, has title $t;
$o isa organization, has name $org_name;
$ceo isa person, has name $ceo_name;
mentions (article: $a, mentioned: $o);
ceo_of (organization: $o, ceo: $ceo);
fetch {
  ""Organization"": $org_name,
  ""CEO"": $ceo_name,
  ""ArticleTitle"": $t
};"
570,Which organizations have the most articles mentioning them?,"MATCH (o:Organization)<-[:MENTIONS]-(a:Article)
WITH o, COUNT(a) AS articleCount
ORDER BY articleCount DESC
RETURN o.name AS organizationName, articleCount
LIMIT 10","match
$o isa organization;
$a isa article;
mentions (article: $a, mentioned: $o);
reduce $count = count($a) groupby $o;
sort $count desc;
limit 10;
fetch { ""organizationName"": $o.name, ""articleCount"": $count };"
571,What are the names of organizations that have at least three categories associated with them?,"MATCH (o:Organization)-[:HAS_CATEGORY]->(c:IndustryCategory)
WITH o, COUNT(c) AS categoryCount
WHERE categoryCount >= 3
RETURN o.name","match
$o isa organization;
in_category (organization: $o, category: $c);
reduce $count = count($c) groupby $o;
match $count >= 3;
fetch { ""name"": $o.name };"
572,Identify all organizations that have a motto containing the word 'security'.,"MATCH (o:Organization)
WHERE o.motto CONTAINS 'security'
RETURN o.name, o.motto","match
$o isa organization, has motto $m;
$m like "".*security.*"";
fetch {
  ""name"": $o.name,
  ""motto"": $m
};"
573,Which organizations are based in cities not in the 'United States of America'?,"MATCH (o:Organization)-[:IN_CITY]->(c:City)-[:IN_COUNTRY]->(co:Country)
WHERE co.name <> 'United States of America'
RETURN o.name AS OrganizationName, c.name AS CityName, co.name AS CountryName","match
$o isa organization, has name $org_name;
$c isa city, has city_name $city_name;
$co isa country, has country_name $country_name;
located_in (organization: $o, city: $c);
location-contains (parent: $co, child: $c);
$country_name != ""United States of America"";
fetch {
  ""OrganizationName"": $org_name,
  ""CityName"": $city_name,
  ""CountryName"": $country_name
};"
574,What is the revenue of the subsidiaries of 'Accenture'?,"MATCH (parentOrg:Organization {name: ""Accenture""})-[:HAS_SUBSIDIARY]->(subsidiary:Organization)
RETURN subsidiary.name AS SubsidiaryName, subsidiary.revenue AS Revenue","match
$parent isa organization, has name ""Accenture"";
$subsidiary isa organization;
subsidiary_of (parent: $parent, subsidiary: $subsidiary);
fetch {
  ""SubsidiaryName"": $subsidiary.name,
  ""Revenue"": $subsidiary.revenue
};"
575,Name the children of 'Julie Spellman Sweet'.,"MATCH (p:Person {name: ""Julie Spellman Sweet""})-[:HAS_CHILD]->(child:Person)
RETURN child.name","match
$p isa person, has name ""Julie Spellman Sweet"";
parent_of (parent: $p, child: $child);
fetch {
  ""name"": $child.name
};"
576,What are the names and summaries of organizations mentioned in articles with a high sentiment score (>0.9)?,"MATCH (a:Article)-[:MENTIONS]->(o:Organization)
WHERE a.sentiment > 0.9
RETURN o.name AS organizationName, o.summary AS organizationSummary","match
$a isa article, has sentiment $s;
$s > 0.9;
$o isa organization;
mentions (article: $a, mentioned: $o);
fetch {
  ""organizationName"": $o.name,
  ""organizationSummary"": $o.summary
};"
577,Which articles mention organizations with a revenue less than 10 million?,"MATCH (a:Article)-[:MENTIONS]->(o:Organization)
WHERE o.revenue < 10000000
RETURN a.title, a.date, a.author, o.name","match
$a isa article;
$o isa organization, has revenue $r;
$r < 10000000;
mentions (article: $a, mentioned: $o);
fetch {
  ""title"": $a.title,
  ""date"": $a.date,
  ""author"": $a.author,
  ""name"": $o.name
};"
578,Identify the organizations with the highest revenue in the 'Electronic Products Manufacturers' industry.,"MATCH (ic:IndustryCategory {name: ""Electronic Products Manufacturers""})<-[:HAS_CATEGORY]-(o:Organization)
RETURN o.name, o.revenue
ORDER BY o.revenue DESC
LIMIT 1","match
$ic isa industry_category, has industry_category_name ""Electronic Products Manufacturers"";
$o isa organization, has name $n, has revenue $r;
in_category (organization: $o, category: $ic);
sort $r desc;
limit 1;
fetch {
  ""name"": $n,
  ""revenue"": $r
};"
579,Which organizations are both suppliers and competitors to other organizations?,"MATCH (supplier:Organization)-[:HAS_SUPPLIER]->(org1:Organization),
      (competitor:Organization)-[:HAS_COMPETITOR]->(org2:Organization)
WHERE supplier = competitor
RETURN DISTINCT supplier.name AS organizationName","match
$org isa organization, has name $n;
supplies (supplier: $org);
competes_with (competitor: $org);
select $n;
distinct;
fetch { ""organizationName"": $n };"
580,List the top 5 organizations by number of employees.,"MATCH (o:Organization)
RETURN o.name, o.nbrEmployees
ORDER BY o.nbrEmployees DESC
LIMIT 5","match
$o isa organization, has nbr_employees $n;
sort $n desc;
limit 5;
fetch {
  ""name"": $o.name,
  ""nbrEmployees"": $n
};"
581,What are the names of organizations that have at least one investor but no subsidiaries?,"MATCH (o:Organization)
WHERE EXISTS {
    MATCH (o)-[:HAS_INVESTOR]->(:Person)
    UNION
    MATCH (o)-[:HAS_INVESTOR]->(:Organization)
}
AND NOT EXISTS {
    MATCH (o)-[:HAS_SUBSIDIARY]->(:Organization)
}
RETURN o.name","match
$o isa organization;
invested_in (organization: $o);
not { subsidiary_of (parent: $o); };
fetch {
  ""name"": $o.name
};"
582,Name the organizations that are suppliers to 'Accenture'.,"MATCH (o:Organization {name: ""Accenture""})-[:HAS_SUPPLIER]->(supplier:Organization)
RETURN supplier.name","match
$accenture isa organization, has name ""Accenture"";
$supplier isa organization;
supplies (supplier: $supplier, customer: $accenture);
fetch {
  ""name"": $supplier.name
};"
583,Which organizations are investors in more than two other organizations?,"MATCH (investor:Organization)-[:HAS_INVESTOR]->(investee:Organization)
WITH investor, COUNT(investee) AS investeeCount
WHERE investeeCount > 2
RETURN investor.name AS InvestorName, investeeCount","match
$investor isa organization;
$investee isa organization;
invested_in (investor: $investor, organization: $investee);
reduce $investee_count = count($investee) groupby $investor;
match $investee_count > 2;
fetch {
  ""InvestorName"": $investor.name,
  ""investeeCount"": $investee_count
};"
584,What is the summary of the country where 'Seattle' is located?,"MATCH (c:City {name: ""Seattle""})-[:IN_COUNTRY]->(country:Country)
RETURN country.summary","match
$c isa city, has city_name ""Seattle"";
location-contains (parent: $country, child: $c);
$country isa country;
fetch {
  ""summary"": $country.country_summary
};"
585,List the persons who have at least two children recorded in the schema.,"MATCH (p:Person)-[:HAS_CHILD]->(c:Person)
WITH p, COUNT(c) AS childrenCount
WHERE childrenCount >= 2
RETURN p.name AS personName, childrenCount","match
$p isa person;
parent_of (parent: $p, child: $c);
reduce $childrenCount = count($c) groupby $p;
match $childrenCount >= 2;
$p has name $personName;
fetch {
  ""personName"": $personName,
  ""childrenCount"": $childrenCount
};"
586,Which organizations are mentioned in articles published after 2020?,"MATCH (a:Article)-[:MENTIONS]->(o:Organization)
WHERE a.date > date('2020-01-01')
RETURN o.name AS organizationName, a.title AS articleTitle, a.date AS publicationDate","match
$a isa article, has date $d, has title $t;
$d > 2020-01-01T00:00:00;
$o isa organization, has name $n;
mentions (article: $a, mentioned: $o);
fetch {
  ""organizationName"": $n,
  ""articleTitle"": $t,
  ""publicationDate"": $d
};"
587,Name articles authored by 'David Correa' that mention any technology companies.,"MATCH (a:Article {author: ""David Correa""})-[:MENTIONS]->(o:Organization)-[:HAS_CATEGORY]->(ic:IndustryCategory {name: ""Technology""})
RETURN a.title, a.date, a.summary","match
$a isa article, has author ""David Correa"";
$o isa organization;
$ic isa industry_category, has industry_category_name ""Technology"";
mentions (article: $a, mentioned: $o);
in_category (organization: $o, category: $ic);
fetch {
  ""title"": $a.title,
  ""date"": $a.date,
  ""summary"": $a.article_summary
};"
588,List the organizations that have their CEOs also serving as board members in other organizations.,"MATCH (org1:Organization)-[:HAS_CEO]->(ceo:Person)-[:HAS_BOARD_MEMBER]->(org2:Organization)
RETURN org1.name AS Organization, ceo.name AS CEO, org2.name AS BoardMemberOf","match
$org1 isa organization, has name $org1_name;
$ceo isa person, has name $ceo_name;
$org2 isa organization, has name $org2_name;
ceo_of (organization: $org1, ceo: $ceo);
board_member_of (organization: $org2, member: $ceo);
fetch {
  ""Organization"": $org1_name,
  ""CEO"": $ceo_name,
  ""BoardMemberOf"": $org2_name
};"
589,What are the names of cities that host organizations with a public status?,"MATCH (o:Organization)-[:IN_CITY]->(c:City)
WHERE o.isPublic = true
RETURN DISTINCT c.name","match
$o isa organization, has is_public true;
located_in (organization: $o, city: $c);
$c has city_name $name;
select $name;
distinct;
fetch { ""name"": $name };"
590,List the organizations that have the most investors.,"MATCH (o:Organization)-[:HAS_INVESTOR]->(i)
WITH o, COUNT(i) AS investorCount
ORDER BY investorCount DESC
RETURN o.name AS organizationName, investorCount
LIMIT 10","match
$o isa organization;
invested_in (organization: $o, investor: $i);
reduce $count = count($i) groupby $o;
sort $count desc;
limit 10;
fetch {
  ""organizationName"": $o.name,
  ""investorCount"": $count
};"
591,Name the top 3 organizations by revenue within the 'Financial Services' category.,"MATCH (o:Organization)-[:HAS_CATEGORY]->(c:IndustryCategory {name: ""Financial Services""})
RETURN o.name AS organization, o.revenue AS revenue
ORDER BY o.revenue DESC
LIMIT 3","match
$o isa organization;
$c isa industry_category, has industry_category_name ""Financial Services"";
in_category (organization: $o, category: $c);
$o has revenue $rev;
sort $rev desc;
limit 3;
fetch {
  ""organization"": $o.name,
  ""revenue"": $rev
};"
592,List the organizations that have more than one category associated with them.,"MATCH (o:Organization)-[:HAS_CATEGORY]->(c:IndustryCategory)
WITH o, COUNT(c) AS categoryCount
WHERE categoryCount > 1
RETURN o.name AS organizationName, categoryCount","match
$o isa organization, has name $n;
in_category (organization: $o, category: $c);
reduce $count = count($c) groupby $o, $n;
match $count > 1;
fetch { ""organizationName"": $n, ""categoryCount"": $count };"
593,Name the organizations that have changed their CEO in the past year.,"MATCH (o:Organization)-[:HAS_CEO]->(p:Person)
WHERE datetime().year - 1 <= datetime(p.startDate).year
RETURN o.name AS organizationName","match
$rel isa ceo_of (organization: $o, ceo: $p);
$rel has start-date $sd;
$sd >= 2021-01-01T00:00:00;
fetch { ""organization"": $o.name, ""ceo"": $p.name };"
594,Which organizations have been mentioned in articles with a sentiment score lower than 0.5?,"MATCH (a:Article)-[:MENTIONS]->(o:Organization)
WHERE a.sentiment < 0.5
RETURN o.name AS organizationName","match
$a isa article, has sentiment $s;
$s < 0.5;
$o isa organization;
mentions (article: $a, mentioned: $o);
fetch {
  ""organizationName"": $o.name
};"
595,List the top 5 cities by number of public organizations.,"MATCH (o:Organization)-[:IN_CITY]->(c:City)
WHERE o.isPublic = true
WITH c, count(o) as publicOrgCount
RETURN c.name as cityName, publicOrgCount
ORDER BY publicOrgCount DESC
LIMIT 5","match
$o isa organization, has is_public true;
$c isa city;
located_in (organization: $o, city: $c);
reduce $count = count($o) groupby $c;
sort $count desc;
limit 5;
fetch {
  ""cityName"": $c.city_name,
  ""publicOrgCount"": $count
};"
596,Name the organizations with the most board members who are also CEOs of other organizations.,"MATCH (o:Organization)-[:HAS_BOARD_MEMBER]->(p:Person)-[:HAS_CEO]->(otherOrg:Organization)
WITH o, COUNT(DISTINCT p) AS boardMemberCount
ORDER BY boardMemberCount DESC
RETURN o.name AS organizationName, boardMemberCount
LIMIT 1","match
$o isa organization;
$otherOrg isa organization;
$p isa person;
board_member_of (organization: $o, member: $p);
ceo_of (organization: $otherOrg, ceo: $p);
not { $o is $otherOrg; };
reduce $boardMemberCount = count($p) groupby $o;
sort $boardMemberCount desc;
limit 1;
fetch {
  ""organizationName"": $o.name,
  ""boardMemberCount"": $boardMemberCount
};"
597,List the organizations that have both a high revenue and a high number of employees.,"MATCH (o:Organization)
WHERE o.revenue > 1.0E8 AND o.nbrEmployees > 1000
RETURN o.name, o.revenue, o.nbrEmployees","match
$o isa organization, has revenue $r, has nbr_employees $n, has name $name;
$r > 100000000.0;
$n > 1000;
fetch {
  ""name"": $name,
  ""revenue"": $r,
  ""nbr_employees"": $n
};"
598,Which organizations have a CEO who is also an investor in other organizations?,"MATCH (ceo:Person)-[:HAS_CEO]->(org:Organization),
      (ceo)-[:HAS_INVESTOR]->(otherOrg:Organization)
RETURN org.name AS Organization, ceo.name AS CEO, collect(otherOrg.name) AS InvestedOrganizations","match
$p isa person;
ceo_of (organization: $org, ceo: $p);
invested_in (investor: $p, organization: $otherOrg);
fetch { ""organization"": $org.name, ""ceo"": $p.name, ""invested_org"": $otherOrg.name };"
599,Name the industry categories for organizations that have been mentioned in articles about environmental issues.,"MATCH (a:Article)-[:HAS_CHUNK]->(c:Chunk)
WHERE c.text CONTAINS ""environmental issues""
MATCH (a)-[:MENTIONS]->(o:Organization)
MATCH (o)-[:HAS_CATEGORY]->(ic:IndustryCategory)
RETURN DISTINCT ic.name AS IndustryCategory","match
$a isa article;
has_chunk (article: $a, chunk: $c);
$c has text $t;
$t like "".*environmental issues.*"";
mentions (article: $a, mentioned: $o);
$o isa organization;
in_category (organization: $o, category: $ic);
select $ic;
distinct;
fetch {
  ""IndustryCategory"": $ic.industry_category_name
};"
600,List the articles that mention organizations headquartered in 'Seattle'.,"MATCH (org:Organization)-[:IN_CITY]->(city:City {name: ""Seattle""})
MATCH (article:Article)-[:MENTIONS]->(org)
RETURN article.title, article.date, article.author, article.summary","match
$city isa city, has city_name ""Seattle"";
located_in (organization: $org, city: $city);
mentions (article: $article, mentioned: $org);
fetch {
  ""title"": $article.title,
  ""date"": $article.date,
  ""author"": $article.author,
  ""summary"": $article.article_summary
};"
601,Which organizations have a board member named 'David Correa'?,"MATCH (p:Person {name: ""David Correa""})<-[:HAS_BOARD_MEMBER]-(o:Organization)
RETURN o.name AS organizationName","match
$p isa person, has name ""David Correa"";
$o isa organization;
board_member_of (member: $p, organization: $o);
fetch {
  ""organizationName"": $o.name
};"
602,Identify the organizations that have the most subsidiaries.,"MATCH (parent:Organization)-[:HAS_SUBSIDIARY]->(subsidiary:Organization)
WITH parent, COUNT(subsidiary) AS numSubsidiaries
ORDER BY numSubsidiaries DESC
LIMIT 1
RETURN parent.name AS organization, numSubsidiaries","match
$parent isa organization;
subsidiary_of (parent: $parent, subsidiary: $subsidiary);
reduce $count = count($subsidiary) groupby $parent;
sort $count desc;
limit 1;
fetch {
  ""organization"": $parent.name,
  ""numSubsidiaries"": $count
};"
603,List the board members of organizations in the 'Healthcare' industry.,"MATCH (org:Organization)-[:HAS_CATEGORY]->(category:IndustryCategory {name: ""Healthcare""})
MATCH (org)-[:HAS_BOARD_MEMBER]->(person:Person)
RETURN org.name AS Organization, person.name AS BoardMember","match
$org isa organization, has name $org_name;
$cat isa industry_category, has industry_category_name ""Healthcare"";
in_category (organization: $org, category: $cat);
$person isa person, has name $person_name;
board_member_of (organization: $org, member: $person);
fetch {
  ""Organization"": $org_name,
  ""BoardMember"": $person_name
};"
604,Identify the organizations that have been dissolved but still mentioned in recent articles.,"MATCH (o:Organization)-[:MENTIONS]-(a:Article)
WHERE o.isDissolved = true AND a.date >= date('2022-01-01')
RETURN o.name AS organizationName, a.title AS articleTitle, a.date AS articleDate
ORDER BY a.date DESC","match
$o isa organization, has is_dissolved true, has name $name;
$a isa article, has date $d, has title $title;
mentions (article: $a, mentioned: $o);
$d >= 2022-01-01T00:00:00;
sort $d desc;
fetch {
  ""organizationName"": $name,
  ""articleTitle"": $title,
  ""articleDate"": $d
};"
605,Name the CEOs of the top 5 organizations by number of employees.,"MATCH (o:Organization)-[:HAS_CEO]->(p:Person)
RETURN o.name AS organization, p.name AS ceo, o.nbrEmployees AS numberOfEmployees
ORDER BY o.nbrEmployees DESC
LIMIT 5","match
$o isa organization, has nbr_employees $n;
$p isa person;
ceo_of (organization: $o, ceo: $p);
sort $n desc;
limit 5;
fetch {
  ""organization"": $o.name,
  ""ceo"": $p.name,
  ""numberOfEmployees"": $n
};"
606,Which organizations have the most suppliers?,"MATCH (o:Organization)-[:HAS_SUPPLIER]->(s:Organization)
WITH o, COUNT(s) AS supplierCount
RETURN o.name AS organizationName, supplierCount
ORDER BY supplierCount DESC
LIMIT 1","match
$o isa organization;
supplies (customer: $o, supplier: $s);
reduce $count = count($s) groupby $o;
sort $count desc;
limit 1;
fetch { ""organizationName"": $o.name, ""supplierCount"": $count };"
607,List the cities that have organizations with a revenue exceeding 500 million.,"MATCH (o:Organization)-[:IN_CITY]->(c:City)
WHERE o.revenue > 500000000
RETURN DISTINCT c.name","match
$o isa organization, has revenue $r;
$r > 500000000;
$c isa city, has city_name $name;
located_in (organization: $o, city: $c);
select $name;
distinct;
fetch { ""name"": $name };"
608,Name the organizations that are headquartered in cities known for their technology industry.,"MATCH (o:Organization)-[:IN_CITY]->(c:City)-[:IN_COUNTRY]->(co:Country)
WHERE c.name IN [""Seattle"", ""San Francisco"", ""Austin"", ""Boston"", ""New York"", ""San Jose"", ""Los Angeles""]
RETURN o.name AS OrganizationName, c.name AS CityName","match
$o isa organization, has name $org_name;
$c isa city, has city_name $city_name;
located_in (organization: $o, city: $c);
location-contains (parent: $co, child: $c);
$co isa country;
{ $city_name == ""Seattle""; } or { $city_name == ""San Francisco""; } or { $city_name == ""Austin""; } or { $city_name == ""Boston""; } or { $city_name == ""New York""; } or { $city_name == ""San Jose""; } or { $city_name == ""Los Angeles""; };
fetch {
  ""OrganizationName"": $org_name,
  ""CityName"": $city_name
};"
609,Which organizations have been investors in 'New Energy Group'?,"MATCH (investor:Organization)-[:HAS_INVESTOR]->(org:Organization {name: ""New Energy Group""})
RETURN investor.name","match
$org isa organization, has name ""New Energy Group"";
$investor isa organization;
invested_in (organization: $org, investor: $investor);
fetch {
  ""name"": $investor.name
};"
610,List the organizations that are public and have more than one CEO.,"MATCH (o:Organization)-[:HAS_CEO]->(ceo:Person)
WHERE o.isPublic = true
WITH o, COUNT(ceo) AS ceoCount
WHERE ceoCount > 1
RETURN o.name AS organizationName","match
$o isa organization, has is_public true;
$ceo isa person;
ceo_of (organization: $o, ceo: $ceo);
reduce $ceo_count = count($ceo) groupby $o;
match $ceo_count > 1;
fetch { ""organizationName"": $o.name };"
611,What are the names of organizations that have been competitors for more than 10 years?,"MATCH (o1:Organization)-[r:HAS_COMPETITOR]->(o2:Organization)
WHERE r.since <= date().year - 10
RETURN o1.name AS Organization1, o2.name AS Organization2","match $o1 isa organization; $o2 isa organization; (competitor: $o1, competitor: $o2) isa competes_with; fetch { ""org1"": $o1.name, ""org2"": $o2.name };"
612,Identify the organizations where 'Julie Spellman Sweet' is a board member.,"MATCH (p:Person {name: ""Julie Spellman Sweet""})<-[:HAS_BOARD_MEMBER]-(o:Organization)
RETURN o.name AS organizationName","match
$p isa person, has name ""Julie Spellman Sweet"";
board_member_of (member: $p, organization: $o);
$o isa organization;
fetch {
  ""organizationName"": $o.name
};"
613,Which organizations have a CEO who has written an article?,"MATCH (org:Organization)-[:HAS_CEO]->(ceo:Person)
MATCH (ceo)-[:HAS_WRITTEN]->(article:Article)
RETURN org.name AS OrganizationName, ceo.name AS CEOName, article.title AS ArticleTitle","match
$org isa organization, has name $org_name;
$ceo isa person, has name $ceo_name;
ceo_of (organization: $org, ceo: $ceo);
$article isa article, has author $author, has title $article_title;
$author == $ceo_name;
fetch {
  ""OrganizationName"": $org_name,
  ""CEOName"": $ceo_name,
  ""ArticleTitle"": $article_title
};"
614,List the organizations that have been mentioned in the most articles.,"MATCH (o:Organization)<-[:MENTIONS]-(a:Article)
WITH o, COUNT(a) AS articleCount
ORDER BY articleCount DESC
RETURN o.name AS organizationName, articleCount","match
$o isa organization;
$a isa article;
mentions (article: $a, mentioned: $o);
reduce $count = count($a) groupby $o;
sort $count desc;
fetch { ""organizationName"": $o.name, ""articleCount"": $count };"
615,Which countries have the most cities with public organizations?,"MATCH (o:Organization)-[:IN_CITY]->(c:City)-[:IN_COUNTRY]->(co:Country)
WHERE o.isPublic = true
WITH co, COUNT(DISTINCT c) AS cityCount
RETURN co.name AS country, cityCount
ORDER BY cityCount DESC
LIMIT 1","match
$o isa organization, has is_public true;
$c isa city;
$co isa country;
located_in (organization: $o, city: $c);
location-contains (parent: $co, child: $c);
select $c, $co;
distinct;
reduce $city_count = count groupby $co;
sort $city_count desc;
limit 1;
fetch { ""country"": $co.country_name, ""city_count"": $city_count };"
616,Identify articles with a sentiment score above 0.8.,"MATCH (a:Article)
WHERE a.sentiment > 0.8
RETURN a.id, a.title, a.sentiment, a.author, a.date, a.siteName, a.summary","match $a isa article, has sentiment $s;
$s > 0.8;
fetch {
  ""id"": $a.article_id,
  ""title"": $a.title,
  ""sentiment"": $s,
  ""author"": $a.author,
  ""date"": $a.date,
  ""siteName"": $a.site_name,
  ""summary"": $a.article_summary
};"
617,What are the names of organizations with suppliers that have a revenue above 50 million?,"MATCH (supplier:Organization)-[:HAS_SUPPLIER]->(org:Organization)
WHERE supplier.revenue > 50000000
RETURN org.name","match
$supplier isa organization, has revenue $r;
$r > 50000000;
$org isa organization;
supplies (supplier: $supplier, customer: $org);
fetch {
  ""name"": $org.name
};"
618,Which organizations have competitors also based in the same country?,"MATCH (org1:Organization)-[:HAS_COMPETITOR]->(org2:Organization),
      (org1)-[:IN_CITY]->(city1:City)-[:IN_COUNTRY]->(country:Country),
      (org2)-[:IN_CITY]->(city2:City)-[:IN_COUNTRY]->(country)
RETURN DISTINCT org1.name AS Organization, org2.name AS Competitor, country.name AS Country","match
  $org1 isa organization, has name $org1_name;
  $org2 isa organization, has name $org2_name;
  competes_with (competitor: $org1, competitor: $org2);
  located_in (organization: $org1, city: $city1);
  located_in (organization: $org2, city: $city2);
  location-contains (parent: $country, child: $city1);
  location-contains (parent: $country, child: $city2);
  $country isa country, has country_name $country_name;
select $org1_name, $org2_name, $country_name;
distinct;
fetch {
  ""Organization"": $org1_name,
  ""Competitor"": $org2_name,
  ""Country"": $country_name
};"
619,List the names of the first 3 organizations that have a public commitment to diversity and inclusion.,"MATCH (o:Organization)
WHERE o.isPublic = true AND o.summary CONTAINS ""diversity and inclusion""
RETURN o.name
LIMIT 3","match
$o isa organization, has is_public true, has summary $s;
$s like "".*diversity and inclusion.*"";
limit 3;
fetch { ""name"": $o.name };"
620,Which 3 organizations have the most subsidiaries in different industries?,"MATCH (o:Organization)-[:HAS_SUBSIDIARY]->(s:Organization)-[:HAS_CATEGORY]->(c:IndustryCategory)
WITH o, COUNT(DISTINCT c) AS industryCount
ORDER BY industryCount DESC
LIMIT 3
RETURN o.name AS organization, industryCount","match
$o isa organization, has name $name;
subsidiary_of (parent: $o, subsidiary: $s);
in_category (organization: $s, category: $c);
select $o, $name, $c;
distinct;
reduce $count = count($c) groupby $o, $name;
sort $count desc;
limit 3;
fetch { ""organization"": $name, ""industryCount"": $count };"
621,Name the first 3 organizations that have a CEO who has authored a book on leadership.,"MATCH (org:Organization)-[:HAS_CEO]->(ceo:Person),
      (ceo)-[:HAS_PARENT]->(book:Article)
WHERE book.title CONTAINS ""leadership""
RETURN org.name
LIMIT 3","match
$org isa organization;
ceo_of (organization: $org, ceo: $ceo);
$ceo has name $ceo_name;
$article isa article, has author $author, has title $title;
$ceo_name == $author;
$title like "".*leadership.*"";
limit 3;
fetch { ""name"": $org.name };"
622,List the first 3 articles that mention organizations with a significant number of layoffs in the past year.,"MATCH (a:Article)-[:MENTIONS]->(o:Organization)
WHERE o.nbrEmployees < 1000 AND o.isDissolved = false
RETURN a.title, a.date, a.author, a.siteName
ORDER BY a.date DESC
LIMIT 3","match
$a isa article;
$o isa organization, has nbr_employees $n, has is_dissolved false;
$n < 1000;
mentions (article: $a, mentioned: $o);
$a has date $d;
sort $d desc;
limit 3;
fetch {
  ""title"": $a.title,
  ""date"": $d,
  ""author"": $a.author,
  ""siteName"": $a.site_name
};"
623,Which 3 organizations have been featured in the most articles about market expansions?,"MATCH (o:Organization)<-[:MENTIONS]-(a:Article)
WHERE a.title CONTAINS ""market expansion"" OR a.summary CONTAINS ""market expansion""
WITH o, COUNT(a) AS articleCount
ORDER BY articleCount DESC
LIMIT 3
RETURN o.name AS organizationName, articleCount","match
$o isa organization;
$a isa article;
mentions (article: $a, mentioned: $o);
{ $a has title $t; $t like "".*market expansion.*""; } or { $a has article_summary $s; $s like "".*market expansion.*""; };
reduce $count = count($a) groupby $o;
sort $count desc;
limit 3;
fetch {
  ""organizationName"": $o.name,
  ""articleCount"": $count
};"
624,Name the top 3 organizations in terms of revenue that are headquartered in countries with developing economies.,"MATCH (o:Organization)-[:IN_CITY]->(c:City)-[:IN_COUNTRY]->(co:Country)
WHERE co.name IN [""India"", ""Brazil"", ""China"", ""South Africa"", ""Mexico"", ""Indonesia"", ""Turkey"", ""Nigeria"", ""Argentina"", ""Thailand""] 
AND NOT o.isDissolved
RETURN o.name AS organization, o.revenue AS revenue
ORDER BY o.revenue DESC
LIMIT 3","match
$o isa organization, has name $org_name, has revenue $rev, has is_dissolved false;
$c isa city;
$co isa country, has country_name $cn;
located_in (organization: $o, city: $c);
location-contains (parent: $co, child: $c);
{ $cn == ""India""; } or { $cn == ""Brazil""; } or { $cn == ""China""; } or { $cn == ""South Africa""; } or { $cn == ""Mexico""; } or { $cn == ""Indonesia""; } or { $cn == ""Turkey""; } or { $cn == ""Nigeria""; } or { $cn == ""Argentina""; } or { $cn == ""Thailand""; };
sort $rev desc;
limit 3;
fetch {
  ""organization"": $org_name,
  ""revenue"": $rev
};"
625,List the names of 3 organizations that have at least one female board member.,"MATCH (o:Organization)-[:HAS_BOARD_MEMBER]->(p:Person)
WHERE p.summary CONTAINS ""female""
RETURN DISTINCT o.name
LIMIT 3","match
$o isa organization;
$p isa person, has summary $s;
$s like "".*female.*"";
board_member_of (organization: $o, member: $p);
select $o;
distinct;
limit 3;
fetch { ""name"": $o.name };"
626,Which 3 cities are most frequently cited in articles about urban development?,"MATCH (a:Article)-[:HAS_CHUNK]->(c:Chunk)
WHERE c.text CONTAINS ""urban development""
WITH a
MATCH (a)-[:MENTIONS]->(o:Organization)-[:IN_CITY]->(city:City)
RETURN city.name AS city, COUNT(a) AS articleCount
ORDER BY articleCount DESC
LIMIT 3","match
$a isa article;
has_chunk (article: $a, chunk: $c);
$c has text $t;
$t like "".*urban development.*"";
mentions (article: $a, mentioned: $o);
$o isa organization;
located_in (organization: $o, city: $city);
reduce $count = count($a) groupby $city;
sort $count desc;
limit 3;
fetch { ""city"": $city.city_name, ""articleCount"": $count };"
627,List the names of 3 organizations that have a motto related to sustainability.,"MATCH (o:Organization)
WHERE o.motto CONTAINS ""sustainability""
RETURN o.name
LIMIT 3","match
$o isa organization, has motto $m;
$m like "".*sustainability.*"";
limit 3;
fetch { ""name"": $o.name };"
628,Which 3 organizations have the most articles mentioning them with a sentiment score below 0.3?,"MATCH (o:Organization)<-[:MENTIONS]-(a:Article)
WHERE a.sentiment < 0.3
WITH o, COUNT(a) AS articleCount
ORDER BY articleCount DESC
LIMIT 3
RETURN o.name AS organizationName, articleCount","match
$o isa organization;
$a isa article, has sentiment $s;
$s < 0.3;
mentions (article: $a, mentioned: $o);
reduce $count = count($a) groupby $o;
sort $count desc;
limit 3;
fetch {
  ""organizationName"": $o.name,
  ""articleCount"": $count
};"
629,Name the top 3 countries by number of organizations that have been mentioned in articles related to healthcare.,"MATCH (o:Organization)-[:HAS_CATEGORY]->(ic:IndustryCategory {name: ""Healthcare""})
MATCH (a:Article)-[:MENTIONS]->(o)
MATCH (o)-[:IN_CITY]->(c:City)-[:IN_COUNTRY]->(co:Country)
WITH co, COUNT(DISTINCT o) AS orgCount
RETURN co.name AS country, orgCount
ORDER BY orgCount DESC
LIMIT 3","match
$o isa organization;
$ic isa industry_category, has industry_category_name ""Healthcare"";
in_category (organization: $o, category: $ic);
$a isa article;
mentions (article: $a, mentioned: $o);
$c isa city;
located_in (organization: $o, city: $c);
$co isa country;
location-contains (parent: $co, child: $c);
$co has country_name $country;
select $co, $o, $country;
distinct;
reduce $orgCount = count groupby $co, $country;
sort $orgCount desc;
limit 3;
fetch {
  ""country"": $country,
  ""orgCount"": $orgCount
};"
630,Name the top 3 organizations with the most mentions in articles about technology innovation.,"MATCH (o:Organization)<-[:MENTIONS]-(a:Article)
WHERE a.title CONTAINS ""technology innovation"" OR a.summary CONTAINS ""technology innovation""
WITH o, COUNT(a) AS mentionCount
ORDER BY mentionCount DESC
LIMIT 3
RETURN o.name AS organizationName, mentionCount","match
$o isa organization, has name $n;
$a isa article;
mentions (article: $a, mentioned: $o);
{ $a has title $t; $t like "".*technology innovation.*""; } or { $a has article_summary $s; $s like "".*technology innovation.*""; };
reduce $mentionCount = count($a) groupby $o, $n;
sort $mentionCount desc;
limit 3;
fetch {
  ""organizationName"": $n,
  ""mentionCount"": $mentionCount
};"
631,"List the names of the first 3 organizations that have more than 10,000 employees.","MATCH (o:Organization)
WHERE o.nbrEmployees > 10000
RETURN o.name
LIMIT 3","match $o isa organization, has nbr_employees $n;
$n > 10000;
limit 3;
fetch { ""name"": $o.name };"
632,Name the first 3 organizations that have both a CEO and a board member from the same family.,"MATCH (org:Organization)-[:HAS_CEO]->(ceo:Person),
      (org)-[:HAS_BOARD_MEMBER]->(boardMember:Person),
      (ceo)-[:HAS_PARENT|:HAS_CHILD]-(boardMember)
RETURN org.name AS organization
LIMIT 3","match
$org isa organization, has name $org_name;
$ceo isa person;
$board_member isa person;
ceo_of (organization: $org, ceo: $ceo);
board_member_of (organization: $org, member: $board_member);
parent_of ($ceo, $board_member);
limit 3;
fetch { ""organization"": $org_name };"
633,List the top 3 articles that focus on the impact of technology on education.,"MATCH (a:Article)-[:HAS_CHUNK]->(c:Chunk)
WHERE c.text CONTAINS ""technology"" AND c.text CONTAINS ""education""
RETURN a.title, a.date, a.author, a.sentiment
ORDER BY a.sentiment DESC
LIMIT 3","match
$a isa article, has title $title, has date $date, has author $author, has sentiment $sentiment;
$c isa chunk, has text $text;
has_chunk (article: $a, chunk: $c);
$text like "".*technology.*"";
$text like "".*education.*"";
sort $sentiment desc;
limit 3;
fetch {
  ""title"": $title,
  ""date"": $date,
  ""author"": $author,
  ""sentiment"": $sentiment
};"
634,Name the first 3 organizations that are headquartered in capital cities and are in the telecommunications industry.,"MATCH (org:Organization)-[:IN_CITY]->(city:City)-[:IN_COUNTRY]->(country:Country),
      (org)-[:HAS_CATEGORY]->(category:IndustryCategory)
WHERE category.name = ""Telecommunications"" AND city.name CONTAINS ""capital""
RETURN org.name
LIMIT 3","match
$org isa organization, has name $org_name;
$city isa city, has city_name $cn;
$cn like "".*capital.*"";
$category isa industry_category, has industry_category_name ""Telecommunications"";
located_in (organization: $org, city: $city);
in_category (organization: $org, category: $category);
limit 3;
fetch { ""name"": $org_name };"
635,List the names of organizations that have a CEO and an investor who are siblings.,"MATCH (ceo:Person)-[:HAS_PARENT]->(parent:Person)<-[:HAS_PARENT]-(investor:Person),
      (org:Organization)-[:HAS_CEO]->(ceo),
      (org)-[:HAS_INVESTOR]->(investor)
RETURN org.name","match
$org isa organization, has name $org_name;
$ceo isa person;
$investor isa person;
$parent isa person;
ceo_of (organization: $org, ceo: $ceo);
invested_in (organization: $org, investor: $investor);
parent_of (parent: $parent, child: $ceo);
parent_of (parent: $parent, child: $investor);
not { $ceo is $investor; };
fetch { ""name"": $org_name };"
636,Which 3 cities have the most organizations in the food industry?,"MATCH (org:Organization)-[:HAS_CATEGORY]->(cat:IndustryCategory {name: ""Food Industry""}), 
      (org)-[:IN_CITY]->(city:City)
RETURN city.name AS city, COUNT(org) AS organization_count
ORDER BY organization_count DESC
LIMIT 3","match
$org isa organization;
$cat isa industry_category, has industry_category_name ""Food Industry"";
in_category (organization: $org, category: $cat);
$city isa city, has city_name $cn;
located_in (organization: $org, city: $city);
reduce $count = count($org) groupby $city, $cn;
sort $count desc;
limit 3;
fetch {
  ""city"": $cn,
  ""organization_count"": $count
};"
637,Name the top 3 organizations with CEOs who have been in their position for over a decade.,"MATCH (ceo:Person)<-[:HAS_CEO]-(org:Organization)
WHERE datetime().year - datetime(ceo.startDate).year > 10
RETURN org.name AS organization, ceo.name AS ceo_name
ORDER BY datetime().year - datetime(ceo.startDate).year DESC
LIMIT 3","match
$rel isa ceo_of (organization: $o, ceo: $p);
$rel has start-date $sd;
$sd < 2012-01-01T00:00:00;
sort $sd asc;
limit 3;
fetch { ""organization"": $o.name, ""ceo"": $p.name };"
638,Which 3 organizations have the most diverse range of industry categories they belong to?,"MATCH (o:Organization)-[:HAS_CATEGORY]->(ic:IndustryCategory)
WITH o, count(DISTINCT ic) as categoryCount
ORDER BY categoryCount DESC
LIMIT 3
RETURN o.name as organizationName, categoryCount","match
$o isa organization;
in_category (organization: $o, category: $ic);
reduce $count = count($ic) groupby $o;
sort $count desc;
limit 3;
fetch {
  ""organizationName"": $o.name,
  ""categoryCount"": $count
};"
639,Name the top 3 cities by number of organizations that are involved in environmental technology.,"MATCH (o:Organization)-[:IN_CITY]->(c:City),
      (o)-[:HAS_CATEGORY]->(ic:IndustryCategory {name: ""Environmental Technology""})
RETURN c.name AS city, COUNT(o) AS organizationCount
ORDER BY organizationCount DESC
LIMIT 3","match
$o isa organization;
$c isa city, has city_name $cn;
$ic isa industry_category, has industry_category_name ""Environmental Technology"";
located_in (organization: $o, city: $c);
in_category (organization: $o, category: $ic);
reduce $count = count($o) groupby $c, $cn;
sort $count desc;
limit 3;
fetch {
  ""city"": $cn,
  ""organizationCount"": $count
};"
640,List the names of the first 3 organizations that have a CEO with a PhD.,"MATCH (o:Organization)-[:HAS_CEO]->(p:Person)
WHERE p.summary CONTAINS ""PhD""
RETURN o.name
LIMIT 3","match
$o isa organization;
$p isa person, has summary $s;
ceo_of (organization: $o, ceo: $p);
$s like "".*PhD.*"";
limit 3;
fetch {
  ""name"": $o.name
};"
641,Which 3 organizations are the most frequent collaborators in joint ventures?,"MATCH (o1:Organization)-[:HAS_SUPPLIER|:HAS_INVESTOR|:HAS_BOARD_MEMBER|:HAS_COMPETITOR|:HAS_SUBSIDIARY]->(o2:Organization)
WITH o1, o2, count(*) as collaborations
RETURN o1.name, o2.name, collaborations
ORDER BY collaborations DESC
LIMIT 3","match
$o1 isa organization, has name $n1;
$o2 isa organization, has name $n2;
$rel isa $t ($o1, $o2);
{ $t label supplies; } or { $t label invested_in; } or { $t label competes_with; } or { $t label subsidiary_of; };
reduce $collaborations = count($rel) groupby $n1, $n2;
sort $collaborations desc;
limit 3;
fetch {
  ""o1_name"": $n1,
  ""o2_name"": $n2,
  ""collaborations"": $collaborations
};"
642,Name the first 3 organizations that have a parent company with a revenue over $1 billion.,"MATCH (parent:Organization)-[:HAS_SUBSIDIARY]->(org:Organization)
WHERE parent.revenue > 1.0E9
RETURN org.name
LIMIT 3","match
$parent isa organization, has revenue $r;
$r > 1000000000.0;
$org isa organization;
subsidiary_of (parent: $parent, subsidiary: $org);
limit 3;
fetch { ""name"": $org.name };"
643,Name persons who are board members of more than three organizations.,"MATCH (p:Person)-[:HAS_BOARD_MEMBER]->(o:Organization)
WITH p, COUNT(o) AS orgCount
WHERE orgCount > 3
RETURN p.name","match
$p isa person;
board_member_of (member: $p, organization: $o);
reduce $count = count($o) groupby $p;
match $count > 3;
fetch { ""name"": $p.name };"
644,List all organizations that have subsidiaries.,"MATCH (parentOrg:Organization)-[:HAS_SUBSIDIARY]->(subOrg:Organization)
RETURN DISTINCT parentOrg.name AS OrganizationName","match
$org isa organization;
subsidiary_of (parent: $org, subsidiary: $sub);
select $org;
distinct;
fetch {
  ""OrganizationName"": $org.name
};"
645,Which cities have more than 10 organizations based in them?,"MATCH (o:Organization)-[:IN_CITY]->(c:City)
WITH c, count(o) as orgCount
WHERE orgCount > 10
RETURN c.name AS cityName, orgCount","match
$o isa organization;
$c isa city;
located_in (organization: $o, city: $c);
reduce $orgCount = count($o) groupby $c;
match $orgCount > 10;
$c has city_name $cityName;
fetch {
  ""cityName"": $cityName,
  ""orgCount"": $orgCount
};"
646,What are the names of industry categories that have associated organizations with more than 100 employees?,"MATCH (o:Organization)-[:HAS_CATEGORY]->(ic:IndustryCategory)
WHERE o.nbrEmployees > 100
RETURN DISTINCT ic.name AS IndustryCategoryName","match
$o isa organization, has nbr_employees $e;
$e > 100;
$ic isa industry_category, has industry_category_name $name;
in_category (organization: $o, category: $ic);
select $name;
distinct;
fetch { ""IndustryCategoryName"": $name };"
647,Identify organizations that have been dissolved.,"MATCH (o:Organization)
WHERE o.isDissolved = true
RETURN o.name, o.id, o.summary","match
$o isa organization, has is_dissolved true;
fetch {
  ""name"": $o.name,
  ""id"": $o.organization_id,
  ""summary"": $o.summary
};"
648,Which organizations are public and are based in cities within the United States of America?,"MATCH (org:Organization {isPublic: true})-[:IN_CITY]->(city:City)-[:IN_COUNTRY]->(country:Country {name: ""United States of America""})
RETURN org.name AS organizationName","match
$org isa organization, has is_public true;
$city isa city;
$country isa country, has country_name ""United States of America"";
located_in (organization: $org, city: $city);
location-contains (parent: $country, child: $city);
fetch {
  ""organizationName"": $org.name
};"
649,List the names of persons who are CEOs of organizations with more than 500 employees.,"MATCH (p:Person)-[:HAS_CEO]->(o:Organization)
WHERE o.nbrEmployees > 500
RETURN p.name","match
$p isa person;
$o isa organization, has nbr_employees $e;
$e > 500;
ceo_of (ceo: $p, organization: $o);
fetch {
  ""name"": $p.name
};"
650,What are the names of organizations that have a revenue greater than 100 million?,"MATCH (o:Organization)
WHERE o.revenue > 100000000
RETURN o.name","match
$o isa organization, has revenue $r;
$r > 100000000;
fetch {
  ""name"": $o.name
};"
651,Which 3 organizations have been mentioned the most in articles about financial crises?,"MATCH (a:Article)-[:MENTIONS]->(o:Organization)
WHERE a.title CONTAINS ""financial crisis"" OR a.summary CONTAINS ""financial crisis""
WITH o, COUNT(a) AS mentionCount
RETURN o.name AS organizationName, mentionCount
ORDER BY mentionCount DESC
LIMIT 3","match
$a isa article;
$o isa organization;
mentions (article: $a, mentioned: $o);
{ $a has title $t; $t like "".*financial crisis.*""; } or { $a has article_summary $s; $s like "".*financial crisis.*""; };
reduce $count = count($a) groupby $o;
sort $count desc;
limit 3;
fetch {
  ""organizationName"": $o.name,
  ""mentionCount"": $count
};"
652,Name the top 3 organizations with the most subsidiaries according to the database.,"MATCH (parent:Organization)-[:HAS_SUBSIDIARY]->(subsidiary:Organization)
WITH parent, COUNT(subsidiary) AS subsidiaryCount
RETURN parent.name AS organizationName, subsidiaryCount
ORDER BY subsidiaryCount DESC
LIMIT 3","match
$parent isa organization;
$subsidiary isa organization;
subsidiary_of (parent: $parent, subsidiary: $subsidiary);
reduce $count = count($subsidiary) groupby $parent;
sort $count desc;
limit 3;
fetch { ""organizationName"": $parent.name, ""subsidiaryCount"": $count };"
653,Name the first 3 organizations that have a board member who has been a government advisor.,"MATCH (org:Organization)-[:HAS_BOARD_MEMBER]->(person:Person)-[:HAS_PARENT]->(govAdvisor:Person {summary: ""Government Advisor""})
RETURN org.name
LIMIT 3","match
$org isa organization;
$person isa person;
$advisor isa person, has summary ""Government Advisor"";
board_member_of (organization: $org, member: $person);
parent_of (parent: $advisor, child: $person);
limit 3;
fetch { ""name"": $org.name };"
654,List the names of the first 3 organizations that have a CEO who is also a significant philanthropist.,"MATCH (o:Organization)-[:HAS_CEO]->(p:Person)
WHERE p.summary CONTAINS ""philanthropist""
RETURN o.name
LIMIT 3","match
$o isa organization, has name $n;
$p isa person, has summary $s;
ceo_of (organization: $o, ceo: $p);
$s like "".*philanthropist.*"";
limit 3;
fetch { ""name"": $n };"
655,Which 3 organizations have been consistently mentioned in articles about corporate social responsibility?,"MATCH (a:Article)-[:MENTIONS]->(o:Organization)
WHERE a.title CONTAINS ""corporate social responsibility"" OR a.summary CONTAINS ""corporate social responsibility""
WITH o, COUNT(a) AS mentionCount
ORDER BY mentionCount DESC
LIMIT 3
RETURN o.name AS organizationName, mentionCount","match
$a isa article;
$o isa organization;
mentions (article: $a, mentioned: $o);
{ $a has title $t; $t like "".*corporate social responsibility.*""; } or { $a has article_summary $s; $s like "".*corporate social responsibility.*""; };
reduce $count = count($a) groupby $o;
sort $count desc;
limit 3;
fetch { ""organizationName"": $o.name, ""mentionCount"": $count };"
656,Name the top 3 organizations in terms of environmental impact according to articles.,"MATCH (o:Organization)<-[:MENTIONS]-(a:Article)
WITH o, avg(a.sentiment) AS avgSentiment
ORDER BY avgSentiment DESC
LIMIT 3
RETURN o.name AS organizationName, avgSentiment","match
$o isa organization;
$a isa article, has sentiment $s;
mentions (article: $a, mentioned: $o);
reduce $avg = mean($s) groupby $o;
sort $avg desc;
limit 3;
fetch { ""organizationName"": $o.name, ""avgSentiment"": $avg };"
657,List the names of the first 3 organizations that have a significant influence in the media industry.,"MATCH (o:Organization)-[:HAS_CATEGORY]->(ic:IndustryCategory {name: ""Media""})
RETURN o.name
LIMIT 3","match
$o isa organization, has name $n;
$ic isa industry_category, has industry_category_name ""Media"";
in_category (organization: $o, category: $ic);
limit 3;
fetch { ""name"": $n };"
658,Which 3 organizations have the most diverse geographical distribution of subsidiaries?,"MATCH (o:Organization)-[:HAS_SUBSIDIARY]->(s:Organization)-[:IN_CITY]->(c:City)-[:IN_COUNTRY]->(country:Country)
WITH o, count(DISTINCT country) AS countryCount
ORDER BY countryCount DESC
LIMIT 3
RETURN o.name AS organizationName, countryCount","match
$o isa organization;
subsidiary_of (parent: $o, subsidiary: $s);
located_in (organization: $s, city: $c);
location-contains (parent: $country, child: $c);
$country isa country;
select $o, $country;
distinct;
reduce $countryCount = count groupby $o;
sort $countryCount desc;
limit 3;
fetch { ""organizationName"": $o.name, ""countryCount"": $countryCount };"
659,Name the first 3 organizations that have been involved in a public scandal according to articles.,"MATCH (o:Organization)<-[:MENTIONS]-(a:Article)
WHERE a.summary CONTAINS ""scandal"" AND o.isPublic = true
RETURN o.name
LIMIT 3","match
$o isa organization, has is_public true, has name $n;
$a isa article, has article_summary $s;
$s like "".*scandal.*"";
mentions (article: $a, mentioned: $o);
limit 3;
fetch { ""name"": $n };"
660,List the names of 3 organizations that have a CEO who has been featured in a major business magazine.,"MATCH (o:Organization)-[:HAS_CEO]->(p:Person)
MATCH (a:Article)-[:MENTIONS]->(o)
WHERE a.siteName CONTAINS ""Business""
RETURN o.name
LIMIT 3","match
$o isa organization, has name $n;
$p isa person;
ceo_of (organization: $o, ceo: $p);
$a isa article, has site_name $sn;
mentions (article: $a, mentioned: $o);
$sn like "".*Business.*"";
limit 3;
fetch { ""name"": $n };"
661,Name the top 3 articles that mention organizations affected by global economic changes.,"MATCH (a:Article)-[:MENTIONS]->(o:Organization)
WHERE a.summary CONTAINS ""global economic changes"" OR a.title CONTAINS ""global economic changes""
RETURN a.title AS ArticleTitle, a.date AS PublicationDate, a.sentiment AS Sentiment
ORDER BY a.date DESC
LIMIT 3","match
$a isa article, has title $t, has date $d, has sentiment $s;
mentions (article: $a, mentioned: $o);
$o isa organization;
{ $t like "".*global economic changes.*""; } or { $a has article_summary $sum; $sum like "".*global economic changes.*""; };
sort $d desc;
limit 3;
fetch {
  ""ArticleTitle"": $t,
  ""PublicationDate"": $d,
  ""Sentiment"": $s
};"
662,Which 3 organizations have the most complex supply chains according to the database?,"MATCH (o:Organization)-[:HAS_SUPPLIER*]->(s:Organization)
WITH o, COUNT(DISTINCT s) AS supplierCount
RETURN o.name AS organization, supplierCount
ORDER BY supplierCount DESC
LIMIT 3","with fun supply_chain($o: organization) -> { organization }:
  match
    {
      supplies (supplier: $s, customer: $o);
    } or {
      let $mid in supply_chain($o);
      supplies (supplier: $s, customer: $mid);
    };
  return { $s };
with fun supply_chain_size($o: organization) -> integer:
  match let $s in supply_chain($o);
  select $s;
  distinct;
  return count;
match
$o isa organization;
let $count = supply_chain_size($o);
sort $count desc;
limit 3;
fetch {
  ""organization"": $o.name,
  ""supply_chain_size"": $count
};"
663,Name the first 3 organizations that are involved in more than one industry category and have subsidiaries in at least two different countries.,"MATCH (org:Organization)-[:HAS_CATEGORY]->(cat:IndustryCategory),
      (org)-[:HAS_SUBSIDIARY]->(sub:Organization)-[:IN_CITY]->(city:City)-[:IN_COUNTRY]->(country:Country)
WITH org, COUNT(DISTINCT cat) AS categoryCount, COUNT(DISTINCT country) AS countryCount
WHERE categoryCount > 1 AND countryCount >= 2
RETURN org.name
ORDER BY org.name
LIMIT 3","match
$org isa organization;
in_category (organization: $org, category: $cat);
subsidiary_of (parent: $org, subsidiary: $sub);
located_in (organization: $sub, city: $city);
location-contains (parent: $country, child: $city);
$country isa country;
select $org, $cat, $country;
distinct;
reduce $cat_count = count($cat), $country_count = count($country) groupby $org;
match $cat_count > 1; $country_count >= 2;
$org has name $n;
sort $n;
limit 3;
fetch { ""name"": $n };"
664,List the names of the first 3 articles that discuss changes in corporate governance.,"MATCH (a:Article)-[:HAS_CHUNK]->(c:Chunk)
WHERE c.text CONTAINS ""corporate governance""
RETURN a.title AS articleTitle
ORDER BY a.date DESC
LIMIT 3","match
$a isa article, has title $t, has date $d;
$c isa chunk, has text $txt;
has_chunk (article: $a, chunk: $c);
$txt like "".*corporate governance.*"";
sort $d desc;
limit 3;
fetch { ""articleTitle"": $t };"
665,Which 3 countries have the highest number of organizations involved in the energy sector?,"MATCH (o:Organization)-[:HAS_CATEGORY]->(ic:IndustryCategory {name: ""Energy""})
MATCH (o)-[:IN_CITY]->(c:City)-[:IN_COUNTRY]->(co:Country)
RETURN co.name AS country, COUNT(o) AS organizationCount
ORDER BY organizationCount DESC
LIMIT 3","match
$o isa organization;
$ic isa industry_category, has industry_category_name ""Energy"";
in_category (organization: $o, category: $ic);
$c isa city;
located_in (organization: $o, city: $c);
$co isa country;
location-contains (parent: $co, child: $c);
reduce $count = count($o) groupby $co;
sort $count desc;
limit 3;
fetch { ""country"": $co.country_name, ""organizationCount"": $count };"
666,List the names of 3 organizations that have subsidiaries in more than 3 countries.,"MATCH (org:Organization)-[:HAS_SUBSIDIARY]->(sub:Organization)-[:IN_CITY]->(city:City)-[:IN_COUNTRY]->(country:Country)
WITH org, COUNT(DISTINCT country) AS countryCount
WHERE countryCount > 3
RETURN org.name
LIMIT 3","match
$org isa organization;
subsidiary_of (parent: $org, subsidiary: $sub);
located_in (organization: $sub, city: $city);
location-contains (parent: $country, child: $city);
$country isa country;
select $org, $country;
distinct;
reduce $country_count = count groupby $org;
match $country_count > 3;
limit 3;
fetch { ""name"": $org.name };"
667,Which organizations are public and have a revenue of over 500 million?,"MATCH (o:Organization)
WHERE o.isPublic = true AND o.revenue > 500000000
RETURN o.name, o.revenue","match
$o isa organization, has is_public true, has revenue $r;
$r > 500000000;
fetch {
  ""name"": $o.name,
  ""revenue"": $r
};"
668,What are the top 5 organizations in terms of revenue?,"MATCH (o:Organization)
RETURN o.name, o.revenue
ORDER BY o.revenue DESC
LIMIT 5","match
$o isa organization, has revenue $r;
sort $r desc;
limit 5;
fetch {
  ""name"": $o.name,
  ""revenue"": $r
};"
669,List the first 3 organizations that have more than 1000 employees.,"MATCH (o:Organization)
WHERE o.nbrEmployees > 1000
RETURN o.name, o.nbrEmployees
LIMIT 3","match
$o isa organization, has name $name, has nbr_employees $emp;
$emp > 1000;
limit 3;
fetch {
  ""name"": $name,
  ""nbrEmployees"": $emp
};"
670,List the organizations that have been mentioned in articles about environmental issues.,"MATCH (a:Article)-[:MENTIONS]->(o:Organization)
WHERE a.summary CONTAINS ""environmental"" OR a.title CONTAINS ""environmental""
RETURN DISTINCT o.name","match
$a isa article;
$o isa organization;
mentions (article: $a, mentioned: $o);
{ $a has article_summary $s; $s like "".*environmental.*""; } or { $a has title $t; $t like "".*environmental.*""; };
$o has name $n;
select $n;
distinct;
fetch { ""name"": $n };"
671,Which organizations have a CEO who has written an article?,"MATCH (org:Organization)-[:HAS_CEO]->(ceo:Person)
MATCH (ceo)-[:HAS_WRITTEN]->(article:Article)
RETURN org.name AS OrganizationName, ceo.name AS CEOName, article.title AS ArticleTitle","match
$org isa organization;
$ceo isa person, has name $ceo_name;
ceo_of (organization: $org, ceo: $ceo);
$article isa article, has author $author, has title $title;
$ceo_name == $author;
fetch {
  ""OrganizationName"": $org.name,
  ""CEOName"": $ceo_name,
  ""ArticleTitle"": $title
};"
672,List the top 5 cities by the number of organizations based there.,"MATCH (o:Organization)-[:IN_CITY]->(c:City)
WITH c, count(o) as orgCount
ORDER BY orgCount DESC
LIMIT 5
RETURN c.name as cityName, orgCount","match
$c isa city;
$o isa organization;
located_in (organization: $o, city: $c);
reduce $count = count($o) groupby $c;
sort $count desc;
limit 5;
fetch {
  ""cityName"": $c.city_name,
  ""orgCount"": $count
};"
673,Which organizations have a parent organization with a higher revenue?,"MATCH (parent:Organization)-[:HAS_SUBSIDIARY]->(child:Organization)
WHERE parent.revenue > child.revenue
RETURN child.name AS ChildOrganization, parent.name AS ParentOrganization, parent.revenue AS ParentRevenue, child.revenue AS ChildRevenue","match
$child isa organization, has name $child_name, has revenue $child_revenue;
$parent isa organization, has name $parent_name, has revenue $parent_revenue;
subsidiary_of (parent: $parent, subsidiary: $child);
$parent_revenue > $child_revenue;
fetch {
  ""ChildOrganization"": $child_name,
  ""ParentOrganization"": $parent_name,
  ""ParentRevenue"": $parent_revenue,
  ""ChildRevenue"": $child_revenue
};"
674,List the organizations that have a summary mentioning 'software' and are in the tech industry category.,"MATCH (o:Organization)-[:HAS_CATEGORY]->(ic:IndustryCategory {name: ""Tech""})
WHERE o.summary CONTAINS ""software""
RETURN o.name, o.summary","match
$o isa organization, has summary $s;
$ic isa industry_category, has industry_category_name ""Tech"";
in_category (organization: $o, category: $ic);
$s like "".*software.*"";
fetch {
  ""name"": $o.name,
  ""summary"": $s
};"
675,List the persons who are both investors and board members in the same organization.,"MATCH (p:Person)-[:HAS_INVESTOR]->(o:Organization)<-[:HAS_BOARD_MEMBER]-(p)
RETURN p.name AS personName, o.name AS organizationName","match
$p isa person;
$o isa organization;
invested_in (investor: $p, organization: $o);
board_member_of (member: $p, organization: $o);
fetch {
  ""personName"": $p.name,
  ""organizationName"": $o.name
};"
676,Which organizations have subsidiaries in more than three different cities?,"MATCH (org:Organization)-[:HAS_SUBSIDIARY]->(sub:Organization)-[:IN_CITY]->(city:City)
WITH org, COUNT(DISTINCT city) AS cityCount
WHERE cityCount > 3
RETURN org.name AS organizationName, cityCount","match
$org isa organization;
$sub isa organization;
$city isa city;
subsidiary_of (parent: $org, subsidiary: $sub);
located_in (organization: $sub, city: $city);
select $org, $city;
distinct;
reduce $city_count = count groupby $org;
match $city_count > 3;
fetch {
  ""organizationName"": $org.name,
  ""cityCount"": $city_count
};"
677,List the organizations that are investors in more than one other organization.,"MATCH (investor:Organization)-[:HAS_INVESTOR]->(org:Organization)
WITH investor, COUNT(org) AS investmentCount
WHERE investmentCount > 1
RETURN investor.name AS InvestorName, investmentCount","match
$investor isa organization;
$org isa organization;
invested_in (investor: $investor, organization: $org);
reduce $count = count($org) groupby $investor;
match $count > 1;
fetch {
  ""InvestorName"": $investor.name,
  ""investmentCount"": $count
};"
678,Who are the children of persons who are CEOs of public organizations?,"MATCH (org:Organization {isPublic: true})-[:HAS_CEO]->(ceo:Person)
MATCH (ceo)-[:HAS_CHILD]->(child:Person)
RETURN ceo.name AS CEO, child.name AS Child","match
$org isa organization, has is_public true;
ceo_of (organization: $org, ceo: $ceo);
parent_of (parent: $ceo, child: $child);
fetch {
  ""CEO"": $ceo.name,
  ""Child"": $child.name
};"
679,Which organizations have a revenue decrease mentioned in any articles?,"MATCH (o:Organization)<-[:MENTIONS]-(a:Article)
WHERE a.summary CONTAINS ""revenue decrease"" OR a.title CONTAINS ""revenue decrease""
RETURN DISTINCT o.name","match
$o isa organization, has name $n;
$a isa article;
mentions (article: $a, mentioned: $o);
{ $a has article_summary $s; $s like "".*revenue decrease.*""; } or { $a has title $t; $t like "".*revenue decrease.*""; };
fetch { ""name"": $n };"
680,List the organizations that are mentioned in the most articles.,"MATCH (o:Organization)<-[:MENTIONS]-(a:Article)
WITH o, COUNT(a) AS articleCount
ORDER BY articleCount DESC
RETURN o.name AS organizationName, articleCount
LIMIT 10","match
$o isa organization;
$a isa article;
mentions (article: $a, mentioned: $o);
reduce $articleCount = count($a) groupby $o;
sort $articleCount desc;
limit 10;
fetch {
  ""organizationName"": $o.name,
  ""articleCount"": $articleCount
};"
681,Which organizations are involved in legal disputes according to articles?,"MATCH (a:Article)-[:MENTIONS]->(o:Organization)
WHERE a.title CONTAINS ""legal dispute"" OR a.summary CONTAINS ""legal dispute"" OR a.text CONTAINS ""legal dispute""
RETURN DISTINCT o.name","match
$a isa article;
mentions (article: $a, mentioned: $o);
$o isa organization, has name $n;
{
  $a has title $t;
  $t like "".*legal dispute.*"";
} or {
  $a has article_summary $s;
  $s like "".*legal dispute.*"";
};
select $n;
distinct;
fetch {
  ""name"": $n
};"
682,Which organizations have their headquarters in a city that is also the country's capital?,"MATCH (org:Organization)-[:IN_CITY]->(city:City)-[:IN_COUNTRY]->(country:Country)
WHERE city.name = country.capital
RETURN org.name AS OrganizationName, city.name AS CityName, country.name AS CountryName","match
  $o isa organization;
  $c isa city;
  $country isa country;
  (organization: $o, city: $c) isa located_in;
(child: $c, parent: $country) isa location-contains; fetch { ""organization"": $o.name, ""capital"": $c.city_name };"
683,List the organizations that have a CEO named 'Julie Spellman Sweet'.,"MATCH (ceo:Person {name: ""Julie Spellman Sweet""})<-[:HAS_CEO]-(org:Organization)
RETURN org.name","match
$ceo isa person, has name ""Julie Spellman Sweet"";
ceo_of (organization: $org, ceo: $ceo);
$org isa organization;
fetch {
  ""name"": $org.name
};"
684,Which organizations have foreign investors (investors from a different country)?,"MATCH (org:Organization)-[:HAS_INVESTOR]->(investor:Organization)-[:IN_CITY]->(investorCity:City)-[:IN_COUNTRY]->(investorCountry:Country),
      (org)-[:IN_CITY]->(orgCity:City)-[:IN_COUNTRY]->(orgCountry:Country)
WHERE investorCountry.id <> orgCountry.id
RETURN org.name AS Organization, investor.name AS Investor, orgCountry.name AS OrganizationCountry, investorCountry.name AS InvestorCountry","match
$org isa organization, has name $org_name;
$investor isa organization, has name $investor_name;
invested_in (organization: $org, investor: $investor);
$org_city isa city;
$investor_city isa city;
$org_country isa country, has country_name $org_country_name, has country_id $org_country_id;
$investor_country isa country, has country_name $investor_country_name, has country_id $investor_country_id;
located_in (organization: $org, city: $org_city);
located_in (organization: $investor, city: $investor_city);
location-contains (parent: $org_country, child: $org_city);
location-contains (parent: $investor_country, child: $investor_city);
$org_country_id != $investor_country_id;
fetch {
  ""Organization"": $org_name,
  ""Investor"": $investor_name,
  ""OrganizationCountry"": $org_country_name,
  ""InvestorCountry"": $investor_country_name
};"
685,List the articles that mention both public and private organizations.,"MATCH (a:Article)-[:MENTIONS]->(o1:Organization), (a:Article)-[:MENTIONS]->(o2:Organization)
WHERE o1.isPublic = true AND o2.isPublic = false
RETURN a.id, a.title, a.date, a.author, a.siteName, a.summary","match
$a isa article;
$o1 isa organization, has is_public true;
$o2 isa organization, has is_public false;
mentions (article: $a, mentioned: $o1);
mentions (article: $a, mentioned: $o2);
fetch {
  ""id"": $a.article_id,
  ""title"": $a.title,
  ""date"": $a.date,
  ""author"": $a.author,
  ""siteName"": $a.site_name,
  ""summary"": $a.article_summary
};"
686,Which articles published in 2022 mention organizations with more than 100 employees?,"MATCH (a:Article)-[:MENTIONS]->(o:Organization)
WHERE a.date >= date(""2022-01-01"") AND a.date < date(""2023-01-01"") AND o.nbrEmployees > 100
RETURN a.title, a.date, o.name","match
$a isa article, has date $d, has title $t;
$o isa organization, has nbr_employees $e, has name $n;
mentions (article: $a, mentioned: $o);
$d >= 2022-01-01T00:00:00;
$d < 2023-01-01T00:00:00;
$e > 100;
fetch {
  ""title"": $t,
  ""date"": $d,
  ""name"": $n
};"
687,List the top 5 articles by sentiment that mention organizations based in California.,"MATCH (org:Organization)-[:IN_CITY]->(city:City)-[:IN_COUNTRY]->(country:Country {name: ""United States of America""})
WHERE city.name = ""California""
MATCH (article:Article)-[:MENTIONS]->(org)
RETURN article.title, article.sentiment
ORDER BY article.sentiment DESC
LIMIT 5","match
$org isa organization;
$city isa city, has city_name ""California"";
$country isa country, has country_name ""United States of America"";
located_in (organization: $org, city: $city);
location-contains (parent: $country, child: $city);
$article isa article, has sentiment $s, has title $t;
mentions (article: $article, mentioned: $org);
sort $s desc;
limit 5;
fetch { ""title"": $t, ""sentiment"": $s };"
688,Which organizations have a motto and are based in cities in the United States?,"MATCH (o:Organization)-[:IN_CITY]->(c:City)-[:IN_COUNTRY]->(co:Country {name: ""United States of America""})
WHERE o.motto IS NOT NULL
RETURN o.name AS organizationName, o.motto AS motto, c.name AS cityName","match
$o isa organization, has motto $m;
$c isa city, has city_name $cn;
$co isa country, has country_name ""United States of America"";
located_in (organization: $o, city: $c);
location-contains (parent: $co, child: $c);
fetch {
  ""organizationName"": $o.name,
  ""motto"": $m,
  ""cityName"": $cn
};"
689,What are the names of organizations that have suppliers also mentioned in articles?,"MATCH (o:Organization)-[:HAS_SUPPLIER]->(supplier:Organization)
MATCH (article:Article)-[:MENTIONS]->(supplier)
RETURN DISTINCT o.name AS organizationName","match
$o isa organization, has name $n;
$supplier isa organization;
supplies (customer: $o, supplier: $supplier);
$a isa article;
mentions (article: $a, mentioned: $supplier);
select $n;
distinct;
fetch { ""organizationName"": $n };"
690,Which organizations have 'Electronic Products Manufacturers' as their industry category?,"MATCH (o:Organization)-[:HAS_CATEGORY]->(ic:IndustryCategory {name: ""Electronic Products Manufacturers""})
RETURN o.name","match
$o isa organization;
$ic isa industry_category, has industry_category_name ""Electronic Products Manufacturers"";
in_category (organization: $o, category: $ic);
fetch {
  ""name"": $o.name
};"
691,List the cities where organizations with more than 500 employees are based.,"MATCH (o:Organization)-[:IN_CITY]->(c:City)
WHERE o.nbrEmployees > 500
RETURN DISTINCT c.name","match
$o isa organization, has nbr_employees $n;
$n > 500;
$c isa city;
located_in (organization: $o, city: $c);
select $c;
distinct;
fetch { ""name"": $c.city_name };"
692,Which organizations are competitors of 'New Energy Group'?,"MATCH (o:Organization {name: ""New Energy Group""})-[:HAS_COMPETITOR]->(competitor:Organization)
RETURN competitor.name","match
$o isa organization, has name ""New Energy Group"";
competes_with (competitor: $o, competitor: $competitor);
fetch {
  ""name"": $competitor.name
};"
693,Who are the CEOs of organizations that have subsidiaries?,"MATCH (org:Organization)-[:HAS_SUBSIDIARY]->(:Organization)
MATCH (org)-[:HAS_CEO]->(ceo:Person)
RETURN ceo.name AS CEOName, org.name AS OrganizationName","match
$org isa organization, has name $org_name;
$ceo isa person, has name $ceo_name;
subsidiary_of (parent: $org, subsidiary: $sub);
ceo_of (organization: $org, ceo: $ceo);
fetch {
  ""CEOName"": $ceo_name,
  ""OrganizationName"": $org_name
};"
694,Which organizations have a revenue greater than 100 million and are not public?,"MATCH (o:Organization)
WHERE o.revenue > 100000000 AND o.isPublic = false
RETURN o.name, o.revenue","match
$o isa organization, has revenue $r, has is_public false;
$r > 100000000;
fetch {
  ""name"": $o.name,
  ""revenue"": $r
};"
695,Who are the board members of organizations that have more than 1000 employees?,"MATCH (o:Organization)-[:HAS_BOARD_MEMBER]->(p:Person)
WHERE o.nbrEmployees > 1000
RETURN o.name AS OrganizationName, p.name AS BoardMemberName","match
$o isa organization, has nbr_employees $e, has name $org_name;
$e > 1000;
$p isa person, has name $member_name;
board_member_of (organization: $o, member: $p);
fetch {
  ""OrganizationName"": $org_name,
  ""BoardMemberName"": $member_name
};"
696,What are the names of the organizations dissolved and were founded in Sydney?,"MATCH (o:Organization)-[:IN_CITY]->(c:City {name: ""Sydney""})
WHERE o.isDissolved = true
RETURN o.name","match
$o isa organization, has is_dissolved true, has name $n;
$c isa city, has city_name ""Sydney"";
located_in (organization: $o, city: $c);
fetch { ""name"": $n };"
697,Who are the investors in organizations that have a motto mentioning 'innovation'?,"MATCH (o:Organization)-[:HAS_INVESTOR]->(investor)
WHERE o.motto CONTAINS 'innovation'
RETURN DISTINCT investor.name AS InvestorName, investor.id AS InvestorID","match
$o isa organization, has motto $m;
$m like "".*innovation.*"";
invested_in (organization: $o, investor: $investor);
$investor has name $name;
select $name;
distinct;
fetch { ""InvestorName"": $name };"
698,Which organizations have a supplier based in a different country?,"MATCH (org:Organization)-[:HAS_SUPPLIER]->(supplier:Organization),
      (org)-[:IN_CITY]->(orgCity:City)-[:IN_COUNTRY]->(orgCountry:Country),
      (supplier)-[:IN_CITY]->(supplierCity:City)-[:IN_COUNTRY]->(supplierCountry:Country)
WHERE orgCountry.id <> supplierCountry.id
RETURN org.name AS Organization, supplier.name AS Supplier, orgCountry.name AS OrganizationCountry, supplierCountry.name AS SupplierCountry","match
$org isa organization, has name $org_name;
$supplier isa organization, has name $supplier_name;
supplies (customer: $org, supplier: $supplier);
$org_city isa city;
located_in (organization: $org, city: $org_city);
$org_country isa country, has country_id $org_country_id, has country_name $org_country_name;
location-contains (parent: $org_country, child: $org_city);
$supplier_city isa city;
located_in (organization: $supplier, city: $supplier_city);
$supplier_country isa country, has country_id $supplier_country_id, has country_name $supplier_country_name;
location-contains (parent: $supplier_country, child: $supplier_city);
$org_country_id != $supplier_country_id;
fetch {
  ""Organization"": $org_name,
  ""Supplier"": $supplier_name,
  ""OrganizationCountry"": $org_country_name,
  ""SupplierCountry"": $supplier_country_name
};"
699,Name the first 3 cities in which organizations with more than 1000 employees are located.,"MATCH (o:Organization)-[:IN_CITY]->(c:City)
WHERE o.nbrEmployees > 1000
RETURN DISTINCT c.name
ORDER BY c.name
LIMIT 3","match
$o isa organization, has nbr_employees $n;
$n > 1000;
$c isa city, has city_name $cn;
located_in (organization: $o, city: $c);
select $cn;
distinct;
sort $cn;
limit 3;
fetch { ""name"": $cn };"
700,Which countries are mentioned in the latest 5 articles about organizations in the electronic products industry?,"MATCH (ic:IndustryCategory {name: ""Electronic Products Manufacturers""})<-[:HAS_CATEGORY]-(org:Organization)
MATCH (article:Article)-[:MENTIONS]->(org)
WITH article
ORDER BY article.date DESC
LIMIT 5
MATCH (article)-[:MENTIONS]->(org)-[:IN_CITY]->(city:City)-[:IN_COUNTRY]->(country:Country)
RETURN DISTINCT country.name","match
$ic isa industry_category, has industry_category_name ""Electronic Products Manufacturers"";
in_category (organization: $org, category: $ic);
$article isa article, has date $d;
mentions (article: $article, mentioned: $org);
sort $d desc;
limit 5;
match
mentions (article: $article, mentioned: $org2);
located_in (organization: $org2, city: $city);
location-contains (parent: $country, child: $city);
$country isa country, has country_name $cn;
select $cn;
distinct;
fetch { ""country_name"": $cn };"
701,Name 3 organizations mentioned in articles written by David Correa.,"MATCH (a:Article {author: ""David Correa""})-[:MENTIONS]->(o:Organization)
RETURN o.name
LIMIT 3","match
$a isa article, has author ""David Correa"";
mentions (article: $a, mentioned: $o);
$o isa organization, has name $n;
limit 3;
fetch { ""name"": $n };"
702,Which organizations have more than 500 employees and are located in Seattle?,"MATCH (o:Organization)-[:IN_CITY]->(c:City {name: ""Seattle""})
WHERE o.nbrEmployees > 500
RETURN o.name","match
$o isa organization, has nbr_employees $e, has name $n;
$c isa city, has city_name ""Seattle"";
located_in (organization: $o, city: $c);
$e > 500;
fetch {
  ""name"": $n
};"
703,What are the names of the first 3 organizations with a motto?,"MATCH (o:Organization)
WHERE o.motto IS NOT NULL AND o.motto <> """"
RETURN o.name
ORDER BY o.name
LIMIT 3","match
$o isa organization, has motto $m, has name $n;
$m != """";
sort $n;
limit 3;
fetch {
  ""name"": $n
};"
704,List the top 5 suppliers of Accenture.,"MATCH (o:Organization {name: ""Accenture""})-[:HAS_SUPPLIER]->(supplier:Organization)
RETURN supplier.name AS SupplierName
ORDER BY supplier.revenue DESC
LIMIT 5","match
$o isa organization, has name ""Accenture"";
$supplier isa organization, has revenue $r;
supplies (supplier: $supplier, customer: $o);
sort $r desc;
limit 5;
fetch {
  ""SupplierName"": $supplier.name
};"
705,Which organizations have a sentiment score higher than 0.8 in their latest article?,"MATCH (o:Organization)<-[:MENTIONS]-(a:Article)
WHERE a.sentiment > 0.8
WITH o, a
ORDER BY a.date DESC
WITH o, collect(a)[0] AS latest_article
RETURN o.name AS organization, latest_article.sentiment AS sentiment, latest_article.title AS title, latest_article.date AS date","match
$o isa organization;
$a isa article, has date $d;
mentions (article: $a, mentioned: $o);
reduce $max_date = max($d) groupby $o;
match
$o has name $org_name;
$a2 isa article, has date $d2, has sentiment $sent, has title $t;
mentions (article: $a2, mentioned: $o);
$d2 == $max_date;
$sent > 0.8;
fetch {
  ""organization"": $org_name,
  ""sentiment"": $sent,
  ""title"": $t,
  ""date"": $d2
};"
706,What are the first 3 companies that are competitors of New Energy Group?,"MATCH (o:Organization {name: ""New Energy Group""})-[:HAS_COMPETITOR]->(competitor:Organization)
RETURN competitor.name
LIMIT 3","match
$o isa organization, has name ""New Energy Group"";
competes_with (competitor: $o, competitor: $competitor);
limit 3;
fetch { ""name"": $competitor.name };"
707,List the first 3 subsidiaries of Accenture.,"MATCH (parentOrg:Organization {name: ""Accenture""})-[:HAS_SUBSIDIARY]->(subsidiary:Organization)
RETURN subsidiary.name
LIMIT 3","match
$parent isa organization, has name ""Accenture"";
$sub isa organization;
subsidiary_of (parent: $parent, subsidiary: $sub);
limit 3;
fetch {
  ""name"": $sub.name
};"
708,Who are the children of Julie Spellman Sweet?,"MATCH (p:Person {name: ""Julie Spellman Sweet""})-[:HAS_CHILD]->(child:Person)
RETURN child.name","match
$p isa person, has name ""Julie Spellman Sweet"";
parent_of (parent: $p, child: $child);
$child has name $child_name;
fetch {
  ""child.name"": $child_name
};"
709,What are the top 3 most recent articles mentioning Deja vu Security?,"MATCH (o:Organization {name: ""Deja vu Security""})<-[:MENTIONS]-(a:Article)
RETURN a.title, a.date, a.author, a.summary
ORDER BY a.date DESC
LIMIT 3","match
$o isa organization, has name ""Deja vu Security"";
$a isa article, has date $d;
mentions (article: $a, mentioned: $o);
sort $d desc;
limit 3;
fetch {
  ""title"": $a.title,
  ""date"": $d,
  ""author"": $a.author,
  ""summary"": $a.article_summary
};"
710,List the countries where the top 5 organizations by revenue are based.,"MATCH (o:Organization)-[:IN_CITY]->(c:City)-[:IN_COUNTRY]->(co:Country)
WITH o, co
ORDER BY o.revenue DESC
LIMIT 5
RETURN co.name AS country, o.name AS organization, o.revenue AS revenue","match
$o isa organization, has revenue $r;
$c isa city;
$co isa country;
located_in (organization: $o, city: $c);
location-contains (parent: $co, child: $c);
sort $r desc;
limit 5;
fetch {
  ""country"": $co.country_name,
  ""organization"": $o.name,
  ""revenue"": $r
};"
711,List the organizations that have a subsidiary that was dissolved.,"MATCH (parentOrg:Organization)-[:HAS_SUBSIDIARY]->(subsidiary:Organization)
WHERE subsidiary.isDissolved = true
RETURN parentOrg.name AS ParentOrganization, subsidiary.name AS DissolvedSubsidiary","match
$parentOrg isa organization;
$subsidiary isa organization, has is_dissolved true;
subsidiary_of (parent: $parentOrg, subsidiary: $subsidiary);
fetch {
  ""ParentOrganization"": $parentOrg.name,
  ""DissolvedSubsidiary"": $subsidiary.name
};"
712,What are the industry categories for the first 5 organizations with more than 100 employees?,"MATCH (o:Organization)-[:HAS_CATEGORY]->(ic:IndustryCategory)
WHERE o.nbrEmployees > 100
RETURN o.name AS organizationName, ic.name AS industryCategory
ORDER BY o.name
LIMIT 5","match
$o isa organization, has nbr_employees $n, has name $org_name;
$n > 100;
in_category (organization: $o, category: $ic);
$ic has industry_category_name $cat_name;
sort $org_name;
limit 5;
fetch {
  ""organizationName"": $org_name,
  ""industryCategory"": $cat_name
};"
713,Who are the board members of New Energy Group?,"MATCH (o:Organization {name: ""New Energy Group""})-[:HAS_BOARD_MEMBER]->(p:Person)
RETURN p.name AS boardMemberName","match
$o isa organization, has name ""New Energy Group"";
board_member_of (organization: $o, member: $p);
$p isa person;
fetch {
  ""boardMemberName"": $p.name
};"
714,What are the names of the first 5 organizations dissolved and publicly traded?,"MATCH (o:Organization)
WHERE o.isDissolved = true AND o.isPublic = true
RETURN o.name
ORDER BY o.name
LIMIT 5","match
$o isa organization, has is_dissolved true, has is_public true, has name $n;
sort $n;
limit 5;
fetch {
  ""name"": $n
};"
715,List the top 3 cities where organizations with a revenue of more than 100 million are located.,"MATCH (o:Organization)-[:IN_CITY]->(c:City)
WHERE o.revenue > 100000000
RETURN c.name AS city, COUNT(o) AS organization_count
ORDER BY organization_count DESC
LIMIT 3","match
$o isa organization, has revenue $r;
$r > 100000000;
$c isa city;
located_in (organization: $o, city: $c);
reduce $count = count($o) groupby $c;
sort $count desc;
limit 3;
fetch {
  ""city"": $c.city_name,
  ""organization_count"": $count
};"
716,Which organizations have Julie Spellman Sweet as their CEO?,"MATCH (p:Person {name: ""Julie Spellman Sweet""})<-[:HAS_CEO]-(o:Organization)
RETURN o.name AS organizationName","match
$p isa person, has name ""Julie Spellman Sweet"";
ceo_of (organization: $o, ceo: $p);
fetch {
  ""organizationName"": $o.name
};"
717,Which organizations are based in cities with a population of more than one million people according to city summaries?,"MATCH (o:Organization)-[:IN_CITY]->(c:City)
WHERE c.summary CONTAINS ""population of more than one million""
RETURN o.name AS organizationName, c.name AS cityName","match
$o isa organization, has name $org_name;
$c isa city, has city_summary $summary, has city_name $city_name;
$summary like "".*population of more than one million.*"";
located_in (organization: $o, city: $c);
fetch {
  ""organizationName"": $org_name,
  ""cityName"": $city_name
};"
718,List organizations that have a philanthropic foundation as an investor.,"MATCH (o:Organization)-[:HAS_INVESTOR]->(i:Organization)
WHERE i.name CONTAINS ""Foundation"" OR i.name CONTAINS ""Philanthropic""
RETURN o.name AS OrganizationName, i.name AS InvestorName","match
$o isa organization, has name $org_name;
$i isa organization, has name $inv_name;
invested_in (organization: $o, investor: $i);
{ $inv_name like "".*Foundation.*""; } or { $inv_name like "".*Philanthropic.*""; };
fetch {
  ""OrganizationName"": $org_name,
  ""InvestorName"": $inv_name
};"
719,Which organizations have a CEO who has authored more than three articles?,"MATCH (org:Organization)-[:HAS_CEO]->(ceo:Person)
WITH org, ceo
MATCH (ceo)-[:HAS_AUTHORED]->(article:Article)
WITH org, ceo, COUNT(article) AS articleCount
WHERE articleCount > 3
RETURN org.name AS OrganizationName, ceo.name AS CEOName, articleCount","match
$org isa organization, has name $org_name;
ceo_of (organization: $org, ceo: $ceo);
$ceo isa person, has name $ceo_name;
$article isa article, has author $author;
$author == $ceo_name;
reduce $article_count = count($article) groupby $org, $ceo, $org_name, $ceo_name;
match $article_count > 3;
fetch {
  ""OrganizationName"": $org_name,
  ""CEOName"": $ceo_name,
  ""articleCount"": $article_count
};"
720,List the organizations that have undergone a merger or acquisition according to articles.,"MATCH (o:Organization)<-[:MENTIONS]-(a:Article)-[:HAS_CHUNK]->(c:Chunk)
WHERE c.text CONTAINS ""merger"" OR c.text CONTAINS ""acquisition""
RETURN DISTINCT o.name AS OrganizationName","match
$o isa organization, has name $org_name;
$a isa article;
$c isa chunk, has text $t;
mentions (article: $a, mentioned: $o);
has_chunk (article: $a, chunk: $c);
{ $t like "".*merger.*""; } or { $t like "".*acquisition.*""; };
select $org_name;
distinct;
fetch { ""OrganizationName"": $org_name };"
721,Which organizations have a female CEO and are in the healthcare industry category?,"MATCH (org:Organization)-[:HAS_CEO]->(ceo:Person),
      (org)-[:HAS_CATEGORY]->(category:IndustryCategory)
WHERE category.name = ""Healthcare"" AND ceo.gender = ""Female""
RETURN org.name AS OrganizationName, ceo.name AS CEOName","match
  $o isa organization, has name $org_name;
  $ceo isa person, has name $ceo_name;
  $c isa industry_category, has industry_category_name ""Healthcare"";
  (organization: $o, ceo: $ceo) isa ceo_of;
  (organization: $o, category: $c) isa in_category;
  $ceo_name like "".*Mrs\\..*|.*Ms\\..*|.*Miss.*"";
fetch { ""organization"": $org_name, ""ceo"": $ceo_name };"
722,List articles that mention organizations headquartered in Seattle.,"MATCH (city:City {name: ""Seattle""})<-[:IN_CITY]-(org:Organization)<-[:MENTIONS]-(article:Article)
RETURN article.title, article.date, article.author, article.summary","match
$city isa city, has city_name ""Seattle"";
located_in (organization: $org, city: $city);
mentions (article: $article, mentioned: $org);
fetch {
  ""title"": $article.title,
  ""date"": $article.date,
  ""author"": $article.author,
  ""summary"": $article.article_summary
};"
723,Which CEOs have led an organization for more than 10 years?,"MATCH (ceo:Person)<-[:HAS_CEO]-(org:Organization)
WHERE datetime().year - datetime(org.startDate).year > 10
RETURN ceo.name AS CEOName, org.name AS OrganizationName","match
$rel isa ceo_of (organization: $o, ceo: $p);
$rel has start-date $sd;
$sd < 2012-01-01T00:00:00;
fetch { ""ceo"": $p.name, ""organization"": $o.name };"
724,List the organizations that have more than three competitors.,"MATCH (o:Organization)-[:HAS_COMPETITOR]->(c:Organization)
WITH o, COUNT(c) AS competitorCount
WHERE competitorCount > 3
RETURN o.name AS organizationName, competitorCount","match
$o isa organization;
$c isa organization;
competes_with (competitor: $o, competitor: $c);
reduce $count = count($c) groupby $o;
match $count > 3;
$o has name $name;
fetch { ""organizationName"": $name, ""competitorCount"": $count };"
725,Can you name 3 people who are both investors and CEOs of different organizations?,"MATCH (ceo:Person)-[:HAS_CEO]->(org1:Organization),
      (investor:Person)-[:HAS_INVESTOR]->(org2:Organization)
WHERE ceo.id = investor.id AND org1.id <> org2.id
RETURN DISTINCT ceo.name
LIMIT 3","match
$p isa person;
ceo_of (ceo: $p, organization: $org1);
invested_in (investor: $p, organization: $org2);
$org1 has organization_id $id1;
$org2 has organization_id $id2;
$id1 != $id2;
select $p;
distinct;
limit 3;
fetch {
  ""name"": $p.name
};"
726,List the top 5 organizations by revenue that are based in Rome.,"MATCH (o:Organization)-[:IN_CITY]->(c:City {name: ""Rome""})
RETURN o.name, o.revenue
ORDER BY o.revenue DESC
LIMIT 5","match
$o isa organization;
$c isa city, has city_name ""Rome"";
located_in (organization: $o, city: $c);
$o has revenue $rev;
sort $rev desc;
limit 5;
fetch {
  ""name"": $o.name,
  ""revenue"": $rev
};"
727,Which organizations are public and have more than 300 employees?,"MATCH (o:Organization)
WHERE o.isPublic = true AND o.nbrEmployees > 300
RETURN o.name, o.nbrEmployees","match
$o isa organization, has is_public true, has nbr_employees $n;
$n > 300;
fetch {
  ""name"": $o.name,
  ""nbr_employees"": $n
};"
728,Which organizations have subsidiaries and are located in countries outside the United States?,"MATCH (org:Organization)-[:HAS_SUBSIDIARY]->(:Organization),
      (org)-[:IN_CITY]->(city:City)-[:IN_COUNTRY]->(country:Country)
WHERE country.name <> ""United States of America""
RETURN org.name AS OrganizationName","match
$org isa organization, has name $org_name;
subsidiary_of (parent: $org, subsidiary: $sub);
located_in (organization: $org, city: $city);
location-contains (parent: $country, child: $city);
$country isa country, has country_name $cn;
not { $cn == ""United States of America""; };
fetch {
  ""OrganizationName"": $org_name
};"
729,List the first 3 organizations that have a city as their headquarters and are also public.,"MATCH (o:Organization)-[:IN_CITY]->(c:City)
WHERE o.isPublic = true
RETURN o.name AS organizationName, c.name AS cityName
LIMIT 3","match
$o isa organization, has is_public true;
located_in (organization: $o, city: $c);
$c isa city, has city_name $cn;
$o has name $on;
limit 3;
fetch {
  ""organizationName"": $on,
  ""cityName"": $cn
};"
730,What are the names of the first 3 organizations with the most competitors?,"MATCH (o:Organization)-[:HAS_COMPETITOR]->(c:Organization)
WITH o, COUNT(c) AS competitorCount
ORDER BY competitorCount DESC
LIMIT 3
RETURN o.name","match
$o isa organization, has name $n;
competes_with (competitor: $o, competitor: $c);
reduce $count = count($c) groupby $o, $n;
sort $count desc;
limit 3;
fetch { ""name"": $n };"
731,Who are the first 3 board members of organizations that are public?,"MATCH (o:Organization {isPublic: true})-[:HAS_BOARD_MEMBER]->(p:Person)
RETURN p.name AS boardMemberName, o.name AS organizationName
LIMIT 3","match
$o isa organization, has is_public true;
$p isa person;
board_member_of (organization: $o, member: $p);
limit 3;
fetch {
  ""boardMemberName"": $p.name,
  ""organizationName"": $o.name
};"
732,List the first 3 organizations that have a revenue greater than $100 million but fewer than 500 employees.,"MATCH (o:Organization)
WHERE o.revenue > 100000000 AND o.nbrEmployees < 500
RETURN o.name, o.revenue, o.nbrEmployees
LIMIT 3","match
$o isa organization, has revenue $rev, has nbr_employees $emp;
$rev > 100000000;
$emp < 500;
limit 3;
fetch {
  ""name"": $o.name,
  ""revenue"": $rev,
  ""nbr_employees"": $emp
};"
733,List the first 3 organizations that were dissolved but mentioned in recent articles.,"MATCH (o:Organization)-[:MENTIONS]-(a:Article)
WHERE o.isDissolved = true
WITH o, a
ORDER BY a.date DESC
RETURN o.name, a.title, a.date
LIMIT 3","match
$o isa organization, has is_dissolved true, has name $name;
$a isa article, has date $date, has title $title;
mentions (article: $a, mentioned: $o);
sort $date desc;
limit 3;
fetch {
  ""o.name"": $name,
  ""a.title"": $title,
  ""a.date"": $date
};"
734,Which organizations are based in cities that are part of a country with the summary containing 'North America'?,"MATCH (c:Country {summary: ""Country in North America""})<-[:IN_COUNTRY]-(ci:City)<-[:IN_CITY]-(o:Organization)
RETURN o.name AS organizationName, ci.name AS cityName, c.name AS countryName","match
$c isa country, has country_summary $cs;
$cs like "".*North America.*"";
location-contains (parent: $c, child: $ci);
$ci isa city, has city_name $cn;
located_in (organization: $o, city: $ci);
$o isa organization, has name $on;
$c has country_name $cname;
fetch {
  ""organizationName"": $on,
  ""cityName"": $cn,
  ""countryName"": $cname
};"
735,List the names of the first 3 organizations that have suppliers.,"MATCH (o:Organization)-[:HAS_SUPPLIER]->(:Organization)
RETURN o.name
LIMIT 3","match
$o isa organization;
supplies (customer: $o);
limit 3;
fetch { ""name"": $o.name };"
736,What are the titles of the first 5 articles that mention organizations in 'Rome'?,"MATCH (o:Organization)-[:IN_CITY]->(c:City {name: ""Rome""})
MATCH (a:Article)-[:MENTIONS]->(o)
RETURN a.title
ORDER BY a.date DESC
LIMIT 5","match
$o isa organization;
$c isa city, has city_name ""Rome"";
located_in (organization: $o, city: $c);
$a isa article, has date $d;
mentions (article: $a, mentioned: $o);
sort $d desc;
limit 5;
fetch { ""title"": $a.title };"
737,List the top 3 most recent articles about organizations in the 'Electronic Products Manufacturers' industry.,"MATCH (ic:IndustryCategory {name: ""Electronic Products Manufacturers""})<-[:HAS_CATEGORY]-(o:Organization)<-[:MENTIONS]-(a:Article)
RETURN a.title AS title, a.date AS date, a.summary AS summary
ORDER BY a.date DESC
LIMIT 3","match
$ic isa industry_category, has industry_category_name ""Electronic Products Manufacturers"";
in_category (organization: $o, category: $ic);
mentions (article: $a, mentioned: $o);
$a has date $d;
sort $d desc;
limit 3;
fetch {
  ""title"": $a.title,
  ""date"": $d,
  ""summary"": $a.article_summary
};"
738,Who are the first 3 persons mentioned as CEOs of organizations in the technology industry?,"MATCH (org:Organization)-[:HAS_CEO]->(ceo:Person)
MATCH (org)-[:HAS_CATEGORY]->(category:IndustryCategory {name: ""Technology""})
RETURN ceo.name AS CEO_Name, org.name AS Organization_Name
LIMIT 3","match
$org isa organization;
$ceo isa person;
$cat isa industry_category, has industry_category_name ""Technology"";
ceo_of (organization: $org, ceo: $ceo);
in_category (organization: $org, category: $cat);
limit 3;
fetch {
  ""CEO_Name"": $ceo.name,
  ""Organization_Name"": $org.name
};"
739,Which organizations have a public status and are located in cities within the 'United States of America'?,"MATCH (org:Organization {isPublic: true})-[:IN_CITY]->(city:City)-[:IN_COUNTRY]->(country:Country {name: ""United States of America""})
RETURN org.name AS OrganizationName","match
$org isa organization, has is_public true;
$city isa city;
$country isa country, has country_name ""United States of America"";
located_in (organization: $org, city: $city);
location-contains (parent: $country, child: $city);
fetch {
  ""OrganizationName"": $org.name
};"
740,List the top 3 people who are investors in more than one organization.,"MATCH (p:Person)-[:HAS_INVESTOR]->(o:Organization)
WITH p, COUNT(DISTINCT o) AS orgCount
WHERE orgCount > 1
RETURN p.name, orgCount
ORDER BY orgCount DESC
LIMIT 3","match
$p isa person;
invested_in (investor: $p, organization: $o);
reduce $orgCount = count($o) groupby $p;
match $orgCount > 1;
sort $orgCount desc;
limit 3;
fetch { ""name"": $p.name, ""orgCount"": $orgCount };"
741,Find the first 3 people who have the role of CEO in more than one organization.,"MATCH (p:Person)-[:HAS_CEO]->(o:Organization)
WITH p, COUNT(o) AS orgCount
WHERE orgCount > 1
RETURN p.name AS CEOName, orgCount
ORDER BY orgCount DESC
LIMIT 3","match
$p isa person;
ceo_of (ceo: $p, organization: $o);
reduce $org_count = count($o) groupby $p;
match $org_count > 1;
sort $org_count desc;
limit 3;
fetch {
  ""CEOName"": $p.name,
  ""orgCount"": $org_count
};"
742,Find the top 5 organizations by revenue that are not dissolved.,"MATCH (o:Organization)
WHERE o.isDissolved = false
RETURN o.name, o.revenue
ORDER BY o.revenue DESC
LIMIT 5","match
$o isa organization, has is_dissolved false, has revenue $r, has name $n;
sort $r desc;
limit 5;
fetch {
  ""name"": $n,
  ""revenue"": $r
};"
743,Which organizations have the highest number of subsidiaries and what are their names?,"MATCH (o:Organization)-[:HAS_SUBSIDIARY]->(s:Organization)
WITH o, COUNT(s) AS numSubsidiaries
ORDER BY numSubsidiaries DESC
LIMIT 1
RETURN o.name AS organizationName, numSubsidiaries","match
$o isa organization;
subsidiary_of (parent: $o, subsidiary: $s);
reduce $numSubsidiaries = count($s) groupby $o;
sort $numSubsidiaries desc;
limit 1;
fetch {
  ""organizationName"": $o.name,
  ""numSubsidiaries"": $numSubsidiaries
};"
744,List the names of the first 3 organizations that have subsidiaries.,"MATCH (o:Organization)-[:HAS_SUBSIDIARY]->(:Organization)
RETURN o.name
LIMIT 3","match
$o isa organization;
subsidiary_of (parent: $o, subsidiary: $s);
limit 3;
fetch { ""name"": $o.name };"
745,Who are the authors of the first 5 articles that mention any organization headquartered in 'Seattle'?,"MATCH (city:City {name: ""Seattle""})<-[:IN_CITY]-(org:Organization)<-[:MENTIONS]-(article:Article)
WITH article
ORDER BY article.date ASC
LIMIT 5
RETURN article.author","match
$city isa city, has city_name ""Seattle"";
$org isa organization;
located_in (organization: $org, city: $city);
$article isa article, has date $d, has author $a;
mentions (article: $article, mentioned: $org);
sort $d asc;
limit 5;
fetch { ""author"": $a };"
746,What are the names of the first 3 cities that have organizations with more than 100 employees?,"MATCH (o:Organization)-[:IN_CITY]->(c:City)
WHERE o.nbrEmployees > 100
RETURN DISTINCT c.name
LIMIT 3","match
$o isa organization, has nbr_employees $n;
$n > 100;
located_in (organization: $o, city: $c);
$c has city_name $name;
select $name;
distinct;
limit 3;
fetch { ""name"": $name };"
747,List the top 3 industries mentioned in articles about 'Accenture'.,"MATCH (o:Organization {name: ""Accenture""})<-[:MENTIONS]-(a:Article)-[:HAS_CHUNK]->(c:Chunk)
MATCH (a)-[:MENTIONS]->(mentionedOrg:Organization)-[:HAS_CATEGORY]->(ic:IndustryCategory)
RETURN ic.name AS industry, COUNT(*) AS mentionCount
ORDER BY mentionCount DESC
LIMIT 3","match
$accenture isa organization, has name ""Accenture"";
mentions (article: $a, mentioned: $accenture);
mentions (article: $a, mentioned: $org);
$org isa organization;
in_category (organization: $org, category: $ic);
$ic has industry_category_name $industry;
reduce $count = count groupby $industry;
sort $count desc;
limit 3;
fetch { ""industry"": $industry, ""mentionCount"": $count };"
748,List the names of the first 3 organizations that are competitors of 'Accenture'.,"MATCH (o:Organization {name: ""Accenture""})-[:HAS_COMPETITOR]->(competitor:Organization)
RETURN competitor.name
LIMIT 3","match
$o isa organization, has name ""Accenture"";
$competitor isa organization, has name $n;
competes_with (competitor: $o, competitor: $competitor);
limit 3;
fetch { ""name"": $n };"
749,Which organizations have 'Accenture' as an investor?,"MATCH (investor:Organization {name: ""Accenture""})<-[:HAS_INVESTOR]-(org:Organization)
RETURN org.name","match
$accenture isa organization, has name ""Accenture"";
$org isa organization;
invested_in (organization: $org, investor: $accenture);
fetch {
  ""name"": $org.name
};"
750,Find the top 3 countries with the most cities hosting public organizations.,"MATCH (o:Organization)-[:IN_CITY]->(c:City)-[:IN_COUNTRY]->(co:Country)
WHERE o.isPublic = true
WITH co, COUNT(DISTINCT c) AS cityCount
ORDER BY cityCount DESC
LIMIT 3
RETURN co.name AS country, cityCount","match
$o isa organization, has is_public true;
$c isa city;
$co isa country, has country_name $name;
located_in (organization: $o, city: $c);
location-contains (parent: $co, child: $c);
select $c, $co, $name;
distinct;
reduce $city_count = count groupby $co, $name;
sort $city_count desc;
limit 3;
fetch { ""country"": $name, ""cityCount"": $city_count };"
751,Who are the board members of the first 5 organizations listed by revenue in descending order?,"MATCH (o:Organization)
WITH o
ORDER BY o.revenue DESC
LIMIT 5
MATCH (o)-[:HAS_BOARD_MEMBER]->(p:Person)
RETURN o.name AS Organization, p.name AS BoardMember","with fun orgs_with_higher_revenue($org: organization) -> integer:
  match
    $org has revenue $rev;
    $other isa organization, has revenue $other_rev;
    $other_rev > $rev;
  return count;
match
$o isa organization, has name $org_name;
let $rank = orgs_with_higher_revenue($o);
$rank < 5;
board_member_of (organization: $o, member: $p);
$p has name $member_name;
fetch {
  ""Organization"": $org_name,
  ""BoardMember"": $member_name
};"
752,List the first 3 organizations dissolved and their cities.,"MATCH (o:Organization)-[:IN_CITY]->(c:City)
WHERE o.isDissolved = true
RETURN o.name AS organization, c.name AS city
ORDER BY o.name
LIMIT 3","match
$o isa organization, has is_dissolved true, has name $on;
$c isa city, has city_name $cn;
located_in (organization: $o, city: $c);
sort $on;
limit 3;
fetch {
  ""organization"": $on,
  ""city"": $cn
};"
753,Which cities are home to organizations that have more than 500 employees?,"MATCH (o:Organization)-[:IN_CITY]->(c:City)
WHERE o.nbrEmployees > 500
RETURN DISTINCT c.name AS city","match
$o isa organization, has nbr_employees $ne;
$ne > 500;
located_in (organization: $o, city: $c);
$c has city_name $cn;
select $cn;
distinct;
fetch { ""city"": $cn };"
754,Find the top 5 articles with the highest sentiment score.,"MATCH (a:Article)
RETURN a.title, a.sentiment
ORDER BY a.sentiment DESC
LIMIT 5","match
$a isa article, has sentiment $s, has title $t;
sort $s desc;
limit 5;
fetch {
  ""title"": $t,
  ""sentiment"": $s
};"
755,List the first 3 organizations mentioned in articles published in 2022.,"MATCH (a:Article)-[:MENTIONS]->(o:Organization)
WHERE a.date >= date(""2022-01-01"") AND a.date < date(""2023-01-01"")
RETURN DISTINCT o.name
LIMIT 3","match
$a isa article, has date $d;
$d >= 2022-01-01T00:00:00;
$d < 2023-01-01T00:00:00;
$o isa organization, has name $n;
mentions (article: $a, mentioned: $o);
select $n;
distinct;
limit 3;
fetch { ""name"": $n };"
756,List the names and IDs of the top 5 cities by the number of public organizations located in them.,"MATCH (o:Organization)-[:IN_CITY]->(c:City)
WHERE o.isPublic = true
WITH c, count(o) as publicOrgCount
ORDER BY publicOrgCount DESC
LIMIT 5
RETURN c.name AS cityName, c.id AS cityId, publicOrgCount","match
$o isa organization, has is_public true;
$c isa city, has city_name $name, has city_id $id;
located_in (organization: $o, city: $c);
reduce $count = count($o) groupby $c, $name, $id;
sort $count desc;
limit 5;
fetch {
  ""cityName"": $name,
  ""cityId"": $id,
  ""publicOrgCount"": $count
};"
757,Who are the authors of the first 3 articles that negatively mention any organization?,"MATCH (a:Article)-[:MENTIONS]->(o:Organization)
WHERE a.sentiment < 0
RETURN a.author
ORDER BY a.date ASC
LIMIT 3","match
$a isa article, has sentiment $s, has date $d;
mentions (article: $a, mentioned: $o);
$o isa organization;
$s < 0;
sort $d asc;
limit 3;
fetch { ""author"": $a.author };"
758,List the names of the first 3 organizations that have had articles with a sentiment higher than 0.8.,"MATCH (a:Article)-[:MENTIONS]->(o:Organization)
WHERE a.sentiment > 0.8
RETURN o.name
LIMIT 3","match
$a isa article, has sentiment $s;
$s > 0.8;
mentions (article: $a, mentioned: $o);
$o isa organization;
limit 3;
fetch { ""name"": $o.name };"
759,"Find the top 5 organizations with a summary containing 'based in Dublin, Ireland'.","MATCH (o:Organization)
WHERE o.summary CONTAINS 'based in Dublin, Ireland'
RETURN o.name, o.summary
ORDER BY o.revenue DESC
LIMIT 5","match
$o isa organization, has summary $s, has revenue $r;
$s like "".*based in Dublin, Ireland.*"";
sort $r desc;
limit 5;
fetch {
  ""name"": $o.name,
  ""summary"": $s
};"
760,Which organizations have a CEO with the summary 'CEO at Accenture'?,"MATCH (o:Organization)-[:HAS_CEO]->(p:Person {summary: 'CEO at Accenture'})
RETURN o.name AS organizationName","match
$o isa organization;
$p isa person, has summary ""CEO at Accenture"";
ceo_of (organization: $o, ceo: $p);
fetch {
  ""organizationName"": $o.name
};"
761,List the names and summaries of articles that mention organizations with a revenue of at least $1 million.,"MATCH (o:Organization)-[:MENTIONS]-(a:Article)
WHERE o.revenue >= 1000000
RETURN a.title AS articleTitle, a.summary AS articleSummary","match
$o isa organization, has revenue $r;
$r >= 1000000;
$a isa article;
mentions (article: $a, mentioned: $o);
fetch {
  ""articleTitle"": $a.title,
  ""articleSummary"": $a.article_summary
};"
762,Identify organizations that are both suppliers and investors to other organizations.,"MATCH (supplier:Organization)-[:HAS_SUPPLIER]->(org1:Organization),
      (investor:Organization)-[:HAS_INVESTOR]->(org2:Organization)
WHERE supplier.id = investor.id
RETURN DISTINCT supplier.name AS OrganizationName","match
$org isa organization;
supplies (supplier: $org);
invested_in (investor: $org);
fetch {
  ""OrganizationName"": $org.name
};"
763,Which organizations have an investor named 'David Correa'?,"MATCH (p:Person {name: ""David Correa""})<-[:HAS_INVESTOR]-(o:Organization)
RETURN o.name AS organizationName","match
$p isa person, has name ""David Correa"";
$o isa organization;
invested_in (organization: $o, investor: $p);
fetch {
  ""organizationName"": $o.name
};"
764,Find the organizations that are suppliers to 'New Energy Group' and their number of employees.,"MATCH (supplier:Organization)-[:HAS_SUPPLIER]->(org:Organization {name: ""New Energy Group""})
RETURN supplier.name AS SupplierName, supplier.nbrEmployees AS NumberOfEmployees","match
$supplier isa organization, has name $supplier_name, has nbr_employees $emp;
$org isa organization, has name ""New Energy Group"";
supplies (supplier: $supplier, customer: $org);
fetch {
  ""SupplierName"": $supplier_name,
  ""NumberOfEmployees"": $emp
};"
765,Who are the board members of organizations with more than 300 employees?,"MATCH (o:Organization)-[:HAS_BOARD_MEMBER]->(p:Person)
WHERE o.nbrEmployees > 300
RETURN o.name AS OrganizationName, p.name AS BoardMemberName","match
$o isa organization, has nbr_employees $ne;
$ne > 300;
$p isa person;
board_member_of (organization: $o, member: $p);
fetch {
  ""OrganizationName"": $o.name,
  ""BoardMemberName"": $p.name
};"
766,List the names and titles of articles mentioning organizations that have been dissolved.,"MATCH (o:Organization {isDissolved: true})<-[:MENTIONS]-(a:Article)
RETURN a.title AS articleTitle, a.siteName AS articleSiteName","match
$o isa organization, has is_dissolved true;
$a isa article;
mentions (article: $a, mentioned: $o);
fetch {
  ""articleTitle"": $a.title,
  ""articleSiteName"": $a.site_name
};"
767,What articles published in 2022 mention organizations based in Rome?,"MATCH (a:Article)-[:MENTIONS]->(o:Organization)-[:IN_CITY]->(c:City {name: ""Rome""})
WHERE a.date >= date(""2022-01-01"") AND a.date < date(""2023-01-01"")
RETURN a.title AS articleTitle, a.date AS publicationDate, o.name AS organizationName","match
$a isa article, has title $title, has date $d;
$o isa organization, has name $org_name;
$c isa city, has city_name ""Rome"";
mentions (article: $a, mentioned: $o);
located_in (organization: $o, city: $c);
$d >= 2022-01-01T00:00:00;
$d < 2023-01-01T00:00:00;
fetch {
  ""articleTitle"": $title,
  ""publicationDate"": $d,
  ""organizationName"": $org_name
};"
768,Find the top 3 organizations that have a motto and are located in Seattle.,"MATCH (o:Organization)-[:IN_CITY]->(c:City {name: ""Seattle""})
WHERE o.motto IS NOT NULL
RETURN o.name, o.motto
ORDER BY o.name
LIMIT 3","match
$o isa organization, has motto $m, has name $n;
$c isa city, has city_name ""Seattle"";
located_in (organization: $o, city: $c);
sort $n;
limit 3;
fetch {
  ""name"": $n,
  ""motto"": $m
};"
769,Which organizations are competitors of the 'New Energy Group'?,"MATCH (o:Organization {name: ""New Energy Group""})-[:HAS_COMPETITOR]->(competitor:Organization)
RETURN competitor.name AS CompetitorName","match
$o isa organization, has name ""New Energy Group"";
$competitor isa organization;
competes_with (competitor: $o, competitor: $competitor);
fetch {
  ""CompetitorName"": $competitor.name
};"
770,Which countries have cities that are home to more than three organizations?,"MATCH (c:City)<-[:IN_CITY]-(o:Organization)
WITH c, COUNT(o) AS orgCount
WHERE orgCount > 3
MATCH (c)-[:IN_COUNTRY]->(country:Country)
RETURN country.name AS Country, COUNT(c) AS CityCount","match
$o isa organization;
$c isa city;
$country isa country, has country_name $cn;
located_in (organization: $o, city: $c);
location-contains (parent: $country, child: $c);
reduce $org_count = count($o) groupby $c, $country, $cn;
match $org_count > 3;
reduce $city_count = count($c) groupby $country, $cn;
fetch { ""Country"": $cn, ""CityCount"": $city_count };"
771,List all organizations with the word 'Energy' in their name and their corresponding industry categories.,"MATCH (o:Organization)-[:HAS_CATEGORY]->(ic:IndustryCategory)
WHERE o.name CONTAINS 'Energy'
RETURN o.name AS OrganizationName, ic.name AS IndustryCategory","match
$o isa organization, has name $org_name;
$org_name like "".*Energy.*"";
$ic isa industry_category, has industry_category_name $cat_name;
in_category (organization: $o, category: $ic);
fetch {
  ""OrganizationName"": $org_name,
  ""IndustryCategory"": $cat_name
};"
772,Who are the CEOs of organizations that have subsidiaries?,"MATCH (org:Organization)-[:HAS_SUBSIDIARY]->(:Organization)
MATCH (org)-[:HAS_CEO]->(ceo:Person)
RETURN ceo.name AS CEOName, org.name AS OrganizationName","match
$org isa organization;
$ceo isa person;
subsidiary_of (parent: $org, subsidiary: $sub);
ceo_of (organization: $org, ceo: $ceo);
fetch {
  ""CEOName"": $ceo.name,
  ""OrganizationName"": $org.name
};"
773,Identify the top 3 articles with the highest sentiment that mention a public organization.,"MATCH (a:Article)-[:MENTIONS]->(o:Organization)
WHERE o.isPublic = true
RETURN a.title, a.sentiment, a.date
ORDER BY a.sentiment DESC
LIMIT 3","match
$a isa article, has title $title, has sentiment $sentiment, has date $date;
$o isa organization, has is_public true;
mentions (article: $a, mentioned: $o);
sort $sentiment desc;
limit 3;
fetch {
  ""title"": $title,
  ""sentiment"": $sentiment,
  ""date"": $date
};"
774,What are the names of the top 5 organizations with the most employees?,"MATCH (o:Organization)
RETURN o.name, o.nbrEmployees
ORDER BY o.nbrEmployees DESC
LIMIT 5","match
$o isa organization, has nbr_employees $n;
sort $n desc;
limit 5;
fetch {
  ""name"": $o.name,
  ""nbrEmployees"": $n
};"
775,Find all organizations that are public and have a CEO named 'Julie Spellman Sweet'.,"MATCH (o:Organization)-[:HAS_CEO]->(p:Person {name: ""Julie Spellman Sweet""})
WHERE o.isPublic = true
RETURN o.name, o.id, o.summary, o.revenue, o.nbrEmployees, o.motto, o.isDissolved","match
$o isa organization, has is_public true;
$p isa person, has name ""Julie Spellman Sweet"";
ceo_of (organization: $o, ceo: $p);
fetch {
  ""name"": $o.name,
  ""id"": $o.organization_id,
  ""summary"": $o.summary,
  ""revenue"": $o.revenue,
  ""nbrEmployees"": $o.nbr_employees,
  ""motto"": $o.motto,
  ""isDissolved"": $o.is_dissolved
};"
776,Which organizations have a revenue greater than $50 million and are not dissolved?,"MATCH (o:Organization)
WHERE o.revenue > 50000000 AND o.isDissolved = false
RETURN o.name, o.revenue","match
$o isa organization, has revenue $r, has is_dissolved false;
$r > 50000000;
fetch {
  ""name"": $o.name,
  ""revenue"": $r
};"
777,List the top 3 cities where organizations are based that have at least 100 employees.,"MATCH (o:Organization)-[:IN_CITY]->(c:City)
WHERE o.nbrEmployees >= 100
RETURN c.name AS city, COUNT(o) AS organizationCount
ORDER BY organizationCount DESC
LIMIT 3","match
$o isa organization, has nbr_employees $e;
$e >= 100;
$c isa city;
located_in (organization: $o, city: $c);
reduce $count = count($o) groupby $c;
sort $count desc;
limit 3;
fetch {
  ""city"": $c.city_name,
  ""organizationCount"": $count
};"
778,Who are the first 3 authors of articles mentioning organizations with revenues over $50 million?,"MATCH (o:Organization)-[:MENTIONS]-(a:Article)
WHERE o.revenue > 50000000
RETURN DISTINCT a.author
LIMIT 3","match
$o isa organization, has revenue $r;
$r > 50000000;
$a isa article, has author $author;
mentions (article: $a, mentioned: $o);
select $author;
distinct;
limit 3;
fetch { ""author"": $author };"
779,List the first 3 cities that have more than three organizations based in them.,"MATCH (o:Organization)-[:IN_CITY]->(c:City)
WITH c, COUNT(o) AS orgCount
WHERE orgCount > 3
RETURN c.name AS cityName
ORDER BY orgCount DESC
LIMIT 3","match
$o isa organization;
$c isa city;
located_in (organization: $o, city: $c);
reduce $org_count = count($o) groupby $c;
match $org_count > 3;
sort $org_count desc;
limit 3;
fetch { ""cityName"": $c.city_name };"
780,What are the names of the first 3 organizations and their CEOs where the organization is not public?,"MATCH (o:Organization)-[:HAS_CEO]->(p:Person)
WHERE o.isPublic = false
RETURN o.name AS organizationName, p.name AS ceoName
LIMIT 3","match
$o isa organization, has is_public false, has name $org_name;
$p isa person, has name $ceo_name;
ceo_of (organization: $o, ceo: $p);
limit 3;
fetch {
  ""organizationName"": $org_name,
  ""ceoName"": $ceo_name
};"
781,Which people are board members in organizations with more than 1000 employees?,"MATCH (p:Person)-[:HAS_BOARD_MEMBER]->(o:Organization)
WHERE o.nbrEmployees > 1000
RETURN p.name AS BoardMember, o.name AS Organization","match
$p isa person, has name $pname;
$o isa organization, has name $oname, has nbr_employees $emp;
$emp > 1000;
board_member_of (member: $p, organization: $o);
fetch {
  ""BoardMember"": $pname,
  ""Organization"": $oname
};"
782,List the first 3 organizations that are suppliers to more than one organization.,"MATCH (supplier:Organization)-[:HAS_SUPPLIER]->(org:Organization)
WITH supplier, COUNT(org) AS numOrganizations
WHERE numOrganizations > 1
RETURN supplier.name AS SupplierName, numOrganizations
ORDER BY numOrganizations DESC
LIMIT 3","match
$supplier isa organization;
$org isa organization;
supplies (supplier: $supplier, customer: $org);
reduce $numOrganizations = count($org) groupby $supplier;
match $numOrganizations > 1;
sort $numOrganizations desc;
limit 3;
fetch { ""SupplierName"": $supplier.name, ""numOrganizations"": $numOrganizations };"
783,What are the names of the first 3 organizations that have a motto containing 'world'?,"MATCH (o:Organization)
WHERE o.motto CONTAINS 'world'
RETURN o.name
LIMIT 3","match
$o isa organization, has motto $m;
$m like "".*world.*"";
limit 3;
fetch {
  ""name"": $o.name
};"
784,List the first 3 organizations that have more than one investor.,"MATCH (o:Organization)-[:HAS_INVESTOR]->(i:Person)
WITH o, COUNT(i) AS investorCount
WHERE investorCount > 1
RETURN o.name AS organizationName
LIMIT 3","match
$o isa organization;
invested_in (organization: $o, investor: $i);
reduce $count = count($i) groupby $o;
match $count > 1;
limit 3;
fetch { ""organizationName"": $o.name };"
785,Which organizations have been mentioned in articles dated before 2020?,"MATCH (a:Article)-[:MENTIONS]->(o:Organization)
WHERE a.date < date(""2020-01-01"")
RETURN DISTINCT o.name","match
$a isa article, has date $d;
$d < 2020-01-01;
mentions (article: $a, mentioned: $o);
$o isa organization;
select $o;
distinct;
fetch { ""name"": $o.name };"
786,Who are the first 3 people mentioned as board members in organizations headquartered in the United States of America?,"MATCH (country:Country {name: ""United States of America""})<-[:IN_COUNTRY]-(city:City)<-[:IN_CITY]-(org:Organization)-[:HAS_BOARD_MEMBER]->(person:Person)
RETURN person.name
LIMIT 3","match
  $country isa country, has country_name ""United States of America"";
  location-contains (parent: $country, child: $city);
  $city isa city;
  located_in (city: $city, organization: $org);
  board_member_of (organization: $org, member: $person);
limit 3;
fetch { ""name"": $person.name };"
787,List the first 3 articles mentioning organizations with a revenue less than 5 million.,"MATCH (a:Article)-[:MENTIONS]->(o:Organization)
WHERE o.revenue < 5000000
RETURN a.title, a.date, a.author, o.name
ORDER BY a.date DESC
LIMIT 3","match
$a isa article, has title $title, has date $date, has author $author;
$o isa organization, has name $oname, has revenue $rev;
$rev < 5000000;
mentions (article: $a, mentioned: $o);
sort $date desc;
limit 3;
fetch {
  ""title"": $title,
  ""date"": $date,
  ""author"": $author,
  ""organization_name"": $oname
};"
788,What are the names of the first 3 organizations that have the same investor?,"MATCH (investor:Person)-[:HAS_INVESTOR]->(org1:Organization)
WITH investor, collect(org1) AS orgs
WHERE size(orgs) > 1
UNWIND orgs AS org
RETURN DISTINCT org.name
LIMIT 3","match
$i isa person;
invested_in (investor: $i, organization: $o1);
invested_in (investor: $i, organization: $o2);
not { $o1 is $o2; };
$o1 has name $n;
select $o1, $n;
distinct;
limit 3;
fetch { ""name"": $n };"
789,Which organizations have subsidiaries and are located in Paris?,"MATCH (org:Organization)-[:HAS_SUBSIDIARY]->(:Organization),
      (org)-[:IN_CITY]->(city:City {name: ""Paris""})
RETURN org.name","match
$org isa organization;
$city isa city, has city_name ""Paris"";
subsidiary_of (parent: $org, subsidiary: $sub);
located_in (organization: $org, city: $city);
fetch { ""name"": $org.name };"
790,Who are the first 3 board members of organizations with revenues less than 5000000?,"MATCH (o:Organization)-[:HAS_BOARD_MEMBER]->(p:Person)
WHERE o.revenue < 5000000
RETURN p.name AS boardMember, o.name AS organization
LIMIT 3","match
$o isa organization, has revenue $r, has name $org_name;
$r < 5000000;
$p isa person, has name $person_name;
board_member_of (organization: $o, member: $p);
limit 3;
fetch {
  ""boardMember"": $person_name,
  ""organization"": $org_name
};"
791,Identify the top 3 organizations that have a CEO and are based in 'New York City'.,"MATCH (o:Organization)-[:HAS_CEO]->(p:Person), (o)-[:IN_CITY]->(c:City {name: ""New York City""})
RETURN o.name AS organizationName, p.name AS ceoName
ORDER BY o.revenue DESC
LIMIT 3","match
$o isa organization;
$c isa city, has city_name ""New York City"";
located_in (organization: $o, city: $c);
ceo_of (organization: $o, ceo: $p);
$o has revenue $r;
$p has name $ceo_name;
sort $r desc;
limit 3;
fetch {
  ""organizationName"": $o.name,
  ""ceoName"": $ceo_name
};"
792,Find the first 3 organizations that have a CEO named 'Julie Spellman Sweet' and are based in 'Seattle'.,"MATCH (ceo:Person {name: ""Julie Spellman Sweet""})
MATCH (org:Organization)-[:HAS_CEO]->(ceo)
MATCH (org)-[:IN_CITY]->(city:City {name: ""Seattle""})
RETURN org.name AS organizationName
LIMIT 3","match
$ceo isa person, has name ""Julie Spellman Sweet"";
$org isa organization;
$city isa city, has city_name ""Seattle"";
ceo_of (organization: $org, ceo: $ceo);
located_in (organization: $org, city: $city);
limit 3;
fetch {
  ""organizationName"": $org.name
};"
793,Which organizations have a revenue above 1 billion and are in the 'Technology' industry?,"MATCH (o:Organization)-[:HAS_CATEGORY]->(ic:IndustryCategory)
WHERE o.revenue > 1.0E9 AND ic.name = 'Technology'
RETURN o.name, o.revenue","match
$o isa organization, has revenue $r, has name $n;
$r > 1000000000.0;
$ic isa industry_category, has industry_category_name ""Technology"";
in_category (organization: $o, category: $ic);
fetch {
  ""name"": $n,
  ""revenue"": $r
};"
794,List the first 3 articles mentioning organizations with more than 500 employees and a low sentiment score.,"MATCH (o:Organization)-[:MENTIONS]-(a:Article)
WHERE o.nbrEmployees > 500 AND a.sentiment < 0.5
RETURN a.title, a.date, a.sentiment, o.name
ORDER BY a.date DESC
LIMIT 3","match
$o isa organization, has nbr_employees $e;
$e > 500;
$a isa article, has sentiment $s;
$s < 0.5;
mentions (article: $a, mentioned: $o);
$a has date $d;
sort $d desc;
limit 3;
fetch {
  ""title"": $a.title,
  ""date"": $d,
  ""sentiment"": $s,
  ""organization_name"": $o.name
};"
795,Who are the first 3 CEOs of organizations that have subsidiaries and a revenue above 1 billion?,"MATCH (org:Organization)-[:HAS_CEO]->(ceo:Person)
WHERE org.revenue > 1.0E9 AND EXISTS {
    MATCH (org)-[:HAS_SUBSIDIARY]->(:Organization)
}
RETURN ceo.name AS CEO_Name, org.name AS Organization_Name
LIMIT 3","match
$org isa organization, has revenue $r;
$r > 1000000000.0;
$ceo isa person, has name $ceo_name;
ceo_of (organization: $org, ceo: $ceo);
subsidiary_of (parent: $org, subsidiary: $sub);
$org has name $org_name;
limit 3;
fetch {
  ""CEO_Name"": $ceo_name,
  ""Organization_Name"": $org_name
};"
796,Identify the top 3 organizations that have been dissolved and are mentioned in high sentiment articles.,"MATCH (o:Organization)-[:MENTIONS]-(a:Article)
WHERE o.isDissolved = true AND a.sentiment > 0.5
RETURN o.name, o.id, a.sentiment
ORDER BY a.sentiment DESC
LIMIT 3","match
$o isa organization, has is_dissolved true, has name $name, has organization_id $id;
$a isa article, has sentiment $s;
mentions (article: $a, mentioned: $o);
$s > 0.5;
sort $s desc;
limit 3;
fetch {
  ""name"": $name,
  ""id"": $id,
  ""sentiment"": $s
};"
797,Find the first 3 articles mentioning organizations with a CEO named 'Julie Spellman Sweet' and a revenue above 500 million.,"MATCH (p:Person {name: ""Julie Spellman Sweet""})
MATCH (o:Organization)-[:HAS_CEO]->(p)
WHERE o.revenue > 500000000
MATCH (a:Article)-[:MENTIONS]->(o)
RETURN a.title, a.date, a.author, a.summary
ORDER BY a.date
LIMIT 3","match
$p isa person, has name ""Julie Spellman Sweet"";
ceo_of (organization: $o, ceo: $p);
$o isa organization, has revenue $r;
$r > 500000000;
mentions (article: $a, mentioned: $o);
$a has date $d;
sort $d asc;
limit 3;
fetch {
  ""title"": $a.title,
  ""date"": $d,
  ""author"": $a.author,
  ""summary"": $a.article_summary
};"
798,Which organizations have a CEO named 'Julie Spellman Sweet' and are based in 'Italy'?,"MATCH (ceo:Person {name: ""Julie Spellman Sweet""})
MATCH (org:Organization)-[:HAS_CEO]->(ceo)
MATCH (org)-[:IN_CITY]->(city:City)-[:IN_COUNTRY]->(country:Country {name: ""Italy""})
RETURN org.name AS organizationName","match
$ceo isa person, has name ""Julie Spellman Sweet"";
$org isa organization;
ceo_of (organization: $org, ceo: $ceo);
$city isa city;
located_in (organization: $org, city: $city);
$country isa country, has country_name ""Italy"";
location-contains (parent: $country, child: $city);
fetch {
  ""organizationName"": $org.name
};"
799,List the first 3 organizations with the most board members.,"MATCH (o:Organization)-[:HAS_BOARD_MEMBER]->(p:Person)
WITH o, COUNT(p) AS boardMemberCount
ORDER BY boardMemberCount DESC
LIMIT 3
RETURN o.name AS organizationName, boardMemberCount","match
$o isa organization;
board_member_of (organization: $o, member: $p);
reduce $count = count($p) groupby $o;
sort $count desc;
limit 3;
fetch {
  ""organizationName"": $o.name,
  ""boardMemberCount"": $count
};"
800,Identify the top 3 organizations that have a public status and are based in 'Italy'.,"MATCH (o:Organization)-[:IN_CITY]->(c:City)-[:IN_COUNTRY]->(country:Country {name: ""Italy""})
WHERE o.isPublic = true
RETURN o.name, o.revenue, o.nbrEmployees
ORDER BY o.revenue DESC
LIMIT 3","match
$o isa organization, has is_public true, has name $name, has revenue $rev, has nbr_employees $emp;
$c isa city;
$country isa country, has country_name ""Italy"";
located_in (organization: $o, city: $c);
location-contains (parent: $country, child: $c);
sort $rev desc;
limit 3;
fetch {
  ""name"": $name,
  ""revenue"": $rev,
  ""nbrEmployees"": $emp
};"
801,Find the first 3 articles that mention organizations in the 'Healthcare' industry with a high sentiment score.,"MATCH (org:Organization)-[:HAS_CATEGORY]->(cat:IndustryCategory {name: ""Healthcare""})
MATCH (art:Article)-[:MENTIONS]->(org)
WHERE art.sentiment > 0.8
RETURN art.title, art.date, art.sentiment
ORDER BY art.date ASC
LIMIT 3","match
$cat isa industry_category, has industry_category_name ""Healthcare"";
in_category (organization: $org, category: $cat);
$art isa article, has sentiment $s;
mentions (article: $art, mentioned: $org);
$s > 0.8;
$art has date $d;
sort $d asc;
limit 3;
fetch {
  ""title"": $art.title,
  ""date"": $d,
  ""sentiment"": $s
};"
802,List the first 3 organizations that have been mentioned in articles with a sentiment score above 0.9.,"MATCH (a:Article)-[:MENTIONS]->(o:Organization)
WHERE a.sentiment > 0.9
RETURN o.name AS organization_name
LIMIT 3","match
$a isa article, has sentiment $s;
$s > 0.9;
$o isa organization;
mentions (article: $a, mentioned: $o);
limit 3;
fetch { ""organization_name"": $o.name };"
803,Which organizations have investors from 'Seattle'?,"MATCH (c:City {name: ""Seattle""})<-[:IN_CITY]-(o:Organization)<-[:HAS_INVESTOR]-(p:Person)
RETURN DISTINCT o.name AS organizationName","match
$c isa city, has city_name ""Seattle"";
$o isa organization, has name $n;
$p isa person;
located_in (organization: $o, city: $c);
invested_in (organization: $o, investor: $p);
select $n;
distinct;
fetch { ""organizationName"": $n };"
804,Who are the first 3 investors in organizations that have a revenue greater than 500 million?,"MATCH (o:Organization)-[:HAS_INVESTOR]->(p:Person)
WHERE o.revenue > 500000000
RETURN p.name AS InvestorName, o.name AS OrganizationName
LIMIT 3","match
$o isa organization, has revenue $r;
$r > 500000000;
$p isa person;
invested_in (organization: $o, investor: $p);
limit 3;
fetch {
  ""InvestorName"": $p.name,
  ""OrganizationName"": $o.name
};"
805,Identify the first 3 organizations that have a CEO and are mentioned in articles with a low sentiment score.,"MATCH (o:Organization)-[:HAS_CEO]->(ceo:Person)
MATCH (a:Article)-[:MENTIONS]->(o)
WHERE a.sentiment < 0.5
RETURN o.name AS organization, ceo.name AS ceo, a.sentiment AS sentiment
ORDER BY a.sentiment ASC
LIMIT 3","match
$o isa organization, has name $org_name;
$ceo isa person, has name $ceo_name;
ceo_of (organization: $o, ceo: $ceo);
$a isa article, has sentiment $sentiment;
mentions (article: $a, mentioned: $o);
$sentiment < 0.5;
sort $sentiment asc;
limit 3;
fetch {
  ""organization"": $org_name,
  ""ceo"": $ceo_name,
  ""sentiment"": $sentiment
};"
806,Find the top 3 organizations that have subsidiaries in more than one country.,"MATCH (org:Organization)-[:HAS_SUBSIDIARY]->(sub:Organization)-[:IN_CITY]->(city:City)-[:IN_COUNTRY]->(country:Country)
WITH org, COUNT(DISTINCT country) AS countryCount
WHERE countryCount > 1
RETURN org.name AS organization, countryCount
ORDER BY countryCount DESC
LIMIT 3","match
$org isa organization, has name $org_name;
subsidiary_of (parent: $org, subsidiary: $sub);
located_in (organization: $sub, city: $city);
location-contains (parent: $country, child: $city);
$country isa country;
select $org, $org_name, $country;
distinct;
reduce $country_count = count groupby $org, $org_name;
match $country_count > 1;
sort $country_count desc;
limit 3;
fetch { ""organization"": $org_name, ""countryCount"": $country_count };"
807,Which organizations based in 'Seattle' have a CEO named 'Julie Spellman Sweet' and have a public status?,"MATCH (o:Organization)-[:IN_CITY]->(c:City {name: ""Seattle""})
MATCH (o)-[:HAS_CEO]->(p:Person {name: ""Julie Spellman Sweet""})
WHERE o.isPublic = true
RETURN o.name AS organizationName, o.summary AS organizationSummary","match
$o isa organization, has is_public true;
$c isa city, has city_name ""Seattle"";
$p isa person, has name ""Julie Spellman Sweet"";
located_in (organization: $o, city: $c);
ceo_of (organization: $o, ceo: $p);
fetch {
  ""organizationName"": $o.name,
  ""organizationSummary"": $o.summary
};"
808,List the 3 most recent articles mentioning any organization with a CEO named 'Julie Spellman Sweet'.,"MATCH (ceo:Person {name: ""Julie Spellman Sweet""})<-[:HAS_CEO]-(org:Organization)<-[:MENTIONS]-(article:Article)
RETURN article.title, article.date, article.summary
ORDER BY article.date DESC
LIMIT 3","match
$ceo isa person, has name ""Julie Spellman Sweet"";
ceo_of (ceo: $ceo, organization: $org);
$article isa article;
mentions (article: $article, mentioned: $org);
$article has date $d;
sort $d desc;
limit 3;
fetch {
  ""title"": $article.title,
  ""date"": $d,
  ""summary"": $article.article_summary
};"
809,Who are the first 3 competitors of organizations named 'Accenture'?,"MATCH (o:Organization {name: ""Accenture""})-[:HAS_COMPETITOR]->(competitor:Organization)
RETURN competitor.name
LIMIT 3","match
$o isa organization, has name ""Accenture"";
competes_with (competitor: $o, competitor: $competitor);
limit 3;
fetch { ""name"": $competitor.name };"
810,Identify the top 3 cities with the most organizations in the 'Electronic Products Manufacturers' category.,"MATCH (c:City)<-[:IN_CITY]-(o:Organization)-[:HAS_CATEGORY]->(ic:IndustryCategory {name: ""Electronic Products Manufacturers""})
WITH c, COUNT(o) AS orgCount
ORDER BY orgCount DESC
LIMIT 3
RETURN c.name AS cityName, orgCount","match
$c isa city, has city_name $cn;
$o isa organization;
$ic isa industry_category, has industry_category_name ""Electronic Products Manufacturers"";
located_in (organization: $o, city: $c);
in_category (organization: $o, category: $ic);
reduce $org_count = count($o) groupby $c, $cn;
sort $org_count desc;
limit 3;
fetch { ""cityName"": $cn, ""orgCount"": $org_count };"
811,Find the first 3 organizations that have been mentioned in articles authored by 'James Blackman'.,"MATCH (a:Article {author: ""James Blackman""})-[:MENTIONS]->(o:Organization)
RETURN o.name
LIMIT 3","match
$a isa article, has author ""James Blackman"";
$o isa organization;
mentions (article: $a, mentioned: $o);
limit 3;
fetch { ""name"": $o.name };"
812,Which organizations have CEOs named 'Julie Spellman Sweet' and are in the 'Software' industry?,"MATCH (ceo:Person {name: ""Julie Spellman Sweet""})
MATCH (org:Organization)-[:HAS_CEO]->(ceo)
MATCH (org)-[:HAS_CATEGORY]->(category:IndustryCategory {name: ""Software""})
RETURN org.name AS OrganizationName","match
$ceo isa person, has name ""Julie Spellman Sweet"";
$org isa organization;
ceo_of (organization: $org, ceo: $ceo);
$cat isa industry_category, has industry_category_name ""Software"";
in_category (organization: $org, category: $cat);
fetch {
  ""OrganizationName"": $org.name
};"
813,List the first 3 organizations with the highest number of employees that are not public.,"MATCH (o:Organization)
WHERE o.isPublic = false
RETURN o.name, o.nbrEmployees
ORDER BY o.nbrEmployees DESC
LIMIT 3","match $o isa organization, has is_public false, has nbr_employees $n;
sort $n desc;
limit 3;
fetch { ""name"": $o.name, ""nbrEmployees"": $n };"
814,Which organizations have more than 1000 employees and are in the 'Finance' industry?,"MATCH (o:Organization)-[:HAS_CATEGORY]->(ic:IndustryCategory {name: ""Finance""})
WHERE o.nbrEmployees > 1000
RETURN o.name, o.nbrEmployees","match
$o isa organization, has nbr_employees $e;
$e > 1000;
$ic isa industry_category, has industry_category_name ""Finance"";
in_category (organization: $o, category: $ic);
fetch {
  ""name"": $o.name,
  ""nbr_employees"": $e
};"
815,List the top 3 organizations that have been mentioned in articles with a sentiment score below 0.3.,"MATCH (a:Article)-[:MENTIONS]->(o:Organization)
WHERE a.sentiment < 0.3
RETURN o.name, COUNT(a) AS mentionCount
ORDER BY mentionCount DESC
LIMIT 3","match
$a isa article, has sentiment $s;
$s < 0.3;
$o isa organization;
mentions (article: $a, mentioned: $o);
reduce $count = count($a) groupby $o;
sort $count desc;
limit 3;
fetch {
  ""name"": $o.name,
  ""mentionCount"": $count
};"
816,List the first 3 organizations with CEOs who have been mentioned in multiple articles.,"MATCH (org:Organization)-[:HAS_CEO]->(ceo:Person)
WITH org, ceo
MATCH (article:Article)-[:MENTIONS]->(org)
WITH org, ceo, COUNT(DISTINCT article) AS articleCount
WHERE articleCount > 1
RETURN org.name AS Organization, ceo.name AS CEO, articleCount
ORDER BY articleCount DESC
LIMIT 3","match
$org isa organization, has name $org_name;
$ceo isa person, has name $ceo_name;
ceo_of (organization: $org, ceo: $ceo);
$article isa article;
mentions (article: $article, mentioned: $org);
reduce $article_count = count($article) groupby $org, $ceo, $org_name, $ceo_name;
match $article_count > 1;
sort $article_count desc;
limit 3;
fetch {
  ""Organization"": $org_name,
  ""CEO"": $ceo_name,
  ""articleCount"": $article_count
};"
817,Which organizations have a CEO named 'Julie Spellman Sweet' and have subsidiaries named 'Icon Integration'?,"MATCH (ceo:Person {name: 'Julie Spellman Sweet'})
MATCH (org:Organization)-[:HAS_CEO]->(ceo)
MATCH (org)-[:HAS_SUBSIDIARY]->(sub:Organization {name: 'Icon Integration'})
RETURN org.name AS OrganizationName","match
$ceo isa person, has name ""Julie Spellman Sweet"";
$org isa organization;
$sub isa organization, has name ""Icon Integration"";
ceo_of (organization: $org, ceo: $ceo);
subsidiary_of (parent: $org, subsidiary: $sub);
fetch {
  ""OrganizationName"": $org.name
};"
818,Find the first 3 organizations based in 'Seattle' that have a public status and are not dissolved.,"MATCH (o:Organization)-[:IN_CITY]->(c:City {name: ""Seattle""})
WHERE o.isPublic = true AND o.isDissolved = false
RETURN o.name, o.id, o.summary
LIMIT 3","match
$o isa organization, has is_public true, has is_dissolved false;
$c isa city, has city_name ""Seattle"";
located_in (organization: $o, city: $c);
limit 3;
fetch {
  ""name"": $o.name,
  ""id"": $o.organization_id,
  ""summary"": $o.summary
};"
819,Identify the first 3 organizations that have a subsidiary and a CEO named 'Julie Spellman Sweet'.,"MATCH (ceo:Person {name: ""Julie Spellman Sweet""})
MATCH (org:Organization)-[:HAS_CEO]->(ceo)
MATCH (org)-[:HAS_SUBSIDIARY]->(:Organization)
RETURN org.name
LIMIT 3","match
$ceo isa person, has name ""Julie Spellman Sweet"";
$org isa organization;
ceo_of (organization: $org, ceo: $ceo);
subsidiary_of (parent: $org, subsidiary: $sub);
limit 3;
fetch { ""name"": $org.name };"
820,Who is the CEO of an organization named 'Accenture'?,"MATCH (o:Organization {name: ""Accenture""})-[:HAS_CEO]->(p:Person)
RETURN p.name AS CEO","match
$o isa organization, has name ""Accenture"";
ceo_of (organization: $o, ceo: $p);
$p has name $ceo_name;
fetch {
  ""CEO"": $ceo_name
};"
821,Which organizations have a revenue greater than 100 million but less than 500 million?,"MATCH (o:Organization)
WHERE o.revenue > 100000000 AND o.revenue < 500000000
RETURN o.name, o.revenue","match
$o isa organization, has revenue $r;
$r > 100000000;
$r < 500000000;
fetch {
  ""name"": $o.name,
  ""revenue"": $r
};"
822,Identify the top 3 organizations that have been mentioned in articles authored by 'James Blackman'.,"MATCH (a:Article {author: ""James Blackman""})-[:MENTIONS]->(o:Organization)
WITH o, COUNT(a) AS mentionCount
ORDER BY mentionCount DESC
LIMIT 3
RETURN o.name AS organizationName, mentionCount","match
$a isa article, has author ""James Blackman"";
$o isa organization;
mentions (article: $a, mentioned: $o);
reduce $count = count($a) groupby $o;
sort $count desc;
limit 3;
fetch {
  ""organizationName"": $o.name,
  ""mentionCount"": $count
};"
823,Find the first 3 organizations that have CEOs named 'Julie Spellman Sweet' and are based in 'Seattle'.,"MATCH (ceo:Person {name: ""Julie Spellman Sweet""})
MATCH (org:Organization)-[:HAS_CEO]->(ceo)
MATCH (org)-[:IN_CITY]->(city:City {name: ""Seattle""})
RETURN org.name AS organizationName
LIMIT 3","match
$ceo isa person, has name ""Julie Spellman Sweet"";
$org isa organization;
$city isa city, has city_name ""Seattle"";
ceo_of (organization: $org, ceo: $ceo);
located_in (organization: $org, city: $city);
limit 3;
fetch {
  ""organizationName"": $org.name
};"
824,Which organizations based in 'United States of America' have a public status and more than 1000 employees?,"MATCH (org:Organization)-[:IN_CITY]->(city:City)-[:IN_COUNTRY]->(country:Country {name: ""United States of America""})
WHERE org.isPublic = true AND org.nbrEmployees > 1000
RETURN org.name, org.nbrEmployees","match
$org isa organization, has is_public true, has nbr_employees $emp;
$emp > 1000;
$city isa city;
$country isa country, has country_name ""United States of America"";
located_in (organization: $org, city: $city);
location-contains (parent: $country, child: $city);
fetch {
  ""name"": $org.name,
  ""nbr_employees"": $emp
};"
825,List the first 3 organizations that have been mentioned in articles with a sentiment score above 0.7 and have a CEO named 'Julie Spellman Sweet'.,"MATCH (o:Organization)<-[:MENTIONS]-(a:Article)
WHERE a.sentiment > 0.7
MATCH (o)-[:HAS_CEO]->(p:Person {name: ""Julie Spellman Sweet""})
RETURN o.name AS organizationName
LIMIT 3","match
$o isa organization;
$a isa article, has sentiment $s;
$s > 0.7;
mentions (article: $a, mentioned: $o);
$p isa person, has name ""Julie Spellman Sweet"";
ceo_of (organization: $o, ceo: $p);
limit 3;
fetch {
  ""organizationName"": $o.name
};"
826,Who are the first 3 board members of organizations that have a CEO and are based in 'United States of America'?,"MATCH (org:Organization)-[:HAS_CEO]->(ceo:Person),
      (org)-[:IN_CITY]->(city:City)-[:IN_COUNTRY]->(country:Country {name: 'United States of America'}),
      (org)-[:HAS_BOARD_MEMBER]->(boardMember:Person)
RETURN boardMember.name AS BoardMemberName, org.name AS OrganizationName
LIMIT 3","match
$org isa organization, has name $org_name;
$boardMember isa person, has name $board_member_name;
$country isa country, has country_name ""United States of America"";
$city isa city;
ceo_of (organization: $org, ceo: $ceo);
located_in (organization: $org, city: $city);
location-contains (parent: $country, child: $city);
board_member_of (organization: $org, member: $boardMember);
limit 3;
fetch {
  ""BoardMemberName"": $board_member_name,
  ""OrganizationName"": $org_name
};"
827,Find the first 3 organizations that have a CEO named 'Julie Spellman Sweet' and have a revenue above 1 billion.,"MATCH (ceo:Person {name: ""Julie Spellman Sweet""})<-[:HAS_CEO]-(org:Organization)
WHERE org.revenue > 1.0E9
RETURN org.name, org.revenue
LIMIT 3","match
$ceo isa person, has name ""Julie Spellman Sweet"";
$org isa organization, has revenue $r;
$r > 1000000000.0;
ceo_of (organization: $org, ceo: $ceo);
limit 3;
fetch {
  ""name"": $org.name,
  ""revenue"": $r
};"
828,Which organizations based in 'Seattle' have more than 1000 employees and are public?,"MATCH (o:Organization)-[:IN_CITY]->(c:City {name: ""Seattle""})
WHERE o.nbrEmployees > 1000 AND o.isPublic = true
RETURN o.name, o.nbrEmployees, o.isPublic","match
$o isa organization, has nbr_employees $emp, has is_public true;
$c isa city, has city_name ""Seattle"";
located_in (organization: $o, city: $c);
$emp > 1000;
fetch {
  ""name"": $o.name,
  ""nbr_employees"": $emp,
  ""is_public"": $o.is_public
};"
829,List the first 3 articles mentioning organizations with a CEO named 'Julie Spellman Sweet' and have a sentiment score below 0.5.,"MATCH (ceo:Person {name: ""Julie Spellman Sweet""})<-[:HAS_CEO]-(org:Organization)<-[:MENTIONS]-(article:Article)
WHERE article.sentiment < 0.5
RETURN article.title, article.date, article.sentiment
ORDER BY article.date DESC
LIMIT 3","match
$ceo isa person, has name ""Julie Spellman Sweet"";
ceo_of (ceo: $ceo, organization: $org);
$article isa article, has sentiment $s;
mentions (article: $article, mentioned: $org);
$s < 0.5;
$article has date $d;
sort $d desc;
limit 3;
fetch {
  ""title"": $article.title,
  ""date"": $d,
  ""sentiment"": $s
};"
830,Who are the first 3 CEOs of organizations that have a public status and a revenue above 1 billion?,"MATCH (o:Organization)-[:HAS_CEO]->(p:Person)
WHERE o.isPublic = true AND o.revenue > 1.0E9
RETURN p.name AS CEO, o.name AS Organization
ORDER BY o.revenue DESC
LIMIT 3","match
$o isa organization, has is_public true, has revenue $r;
$r > 1000000000.0;
$p isa person;
ceo_of (organization: $o, ceo: $p);
sort $r desc;
limit 3;
fetch {
  ""CEO"": $p.name,
  ""Organization"": $o.name
};"
831,Identify the top 3 organizations that have a CEO and more than 1000 employees.,"MATCH (o:Organization)-[:HAS_CEO]->(p:Person)
WHERE o.nbrEmployees > 1000
RETURN o.name AS organizationName, o.nbrEmployees AS numberOfEmployees, p.name AS ceoName
ORDER BY o.nbrEmployees DESC
LIMIT 3","match
$o isa organization, has name $org_name, has nbr_employees $emp;
$p isa person, has name $ceo_name;
ceo_of (organization: $o, ceo: $p);
$emp > 1000;
sort $emp desc;
limit 3;
fetch {
  ""organizationName"": $org_name,
  ""numberOfEmployees"": $emp,
  ""ceoName"": $ceo_name
};"
832,Find the first 3 organizations based in 'Italy' that have a public status and are not dissolved.,"MATCH (org:Organization)-[:IN_CITY]->(city:City)-[:IN_COUNTRY]->(country:Country {name: ""Italy""})
WHERE org.isPublic = true AND org.isDissolved = false
RETURN org.name AS organizationName, org.id AS organizationId, org.summary AS organizationSummary
LIMIT 3","match
$org isa organization, has is_public true, has is_dissolved false;
$city isa city;
$country isa country, has country_name ""Italy"";
located_in (organization: $org, city: $city);
location-contains (parent: $country, child: $city);
limit 3;
fetch {
  ""organizationName"": $org.name,
  ""organizationId"": $org.organization_id,
  ""organizationSummary"": $org.summary
};"
833,Which organizations have a CEO named 'Julie Spellman Sweet' and have been mentioned in articles with a sentiment score above 0.8?,"MATCH (ceo:Person {name: ""Julie Spellman Sweet""})
MATCH (org:Organization)-[:HAS_CEO]->(ceo)
MATCH (article:Article)-[:MENTIONS]->(org)
WHERE article.sentiment > 0.8
RETURN org.name AS OrganizationName, article.title AS ArticleTitle, article.sentiment AS SentimentScore","match
$ceo isa person, has name ""Julie Spellman Sweet"";
$org isa organization;
ceo_of (ceo: $ceo, organization: $org);
$article isa article, has sentiment $s;
$s > 0.8;
mentions (article: $article, mentioned: $org);
fetch {
  ""OrganizationName"": $org.name,
  ""ArticleTitle"": $article.title,
  ""SentimentScore"": $s
};"
834,List the first 3 organizations that have a public status and more than 500 employees.,"MATCH (o:Organization)
WHERE o.isPublic = true AND o.nbrEmployees > 500
RETURN o.name, o.nbrEmployees
LIMIT 3","match
$o isa organization, has is_public true, has nbr_employees $n;
$n > 500;
limit 3;
fetch {
  ""name"": $o.name,
  ""nbrEmployees"": $n
};"
835,Who are the first 3 board members of organizations with a CEO named 'Julie Spellman Sweet' and a revenue above 500 million?,"MATCH (ceo:Person {name: ""Julie Spellman Sweet""})<-[:HAS_CEO]-(org:Organization)
WHERE org.revenue > 500000000
MATCH (org)-[:HAS_BOARD_MEMBER]->(boardMember:Person)
RETURN boardMember.name
LIMIT 3","match
$ceo isa person, has name ""Julie Spellman Sweet"";
$org isa organization, has revenue $r;
$r > 500000000;
ceo_of (ceo: $ceo, organization: $org);
$bm isa person;
board_member_of (member: $bm, organization: $org);
limit 3;
fetch {
  ""name"": $bm.name
};"
836,Identify the top 3 organizations that have more than 100 employees and are subsidiaries of 'Accenture'.,"MATCH (parentOrg:Organization {name: ""Accenture""})-[:HAS_SUBSIDIARY]->(subOrg:Organization)
WHERE subOrg.nbrEmployees > 100
RETURN subOrg.name, subOrg.nbrEmployees
ORDER BY subOrg.nbrEmployees DESC
LIMIT 3","match
$parent isa organization, has name ""Accenture"";
$sub isa organization, has nbr_employees $emp;
$emp > 100;
subsidiary_of (parent: $parent, subsidiary: $sub);
sort $emp desc;
limit 3;
fetch {
  ""name"": $sub.name,
  ""nbrEmployees"": $emp
};"
837,Find the first 3 organizations based in 'Seattle' that have been mentioned in articles authored by 'David Correa'.,"MATCH (c:City {name: ""Seattle""})<-[:IN_CITY]-(o:Organization)
MATCH (a:Article {author: ""David Correa""})-[:MENTIONS]->(o)
RETURN o.name AS organization_name
ORDER BY a.date ASC
LIMIT 3","match
$c isa city, has city_name ""Seattle"";
$o isa organization, has name $org_name;
located_in (organization: $o, city: $c);
$a isa article, has author ""David Correa"", has date $d;
mentions (article: $a, mentioned: $o);
sort $d asc;
limit 3;
fetch { ""organization_name"": $org_name };"
838,Which organizations have more than 1000 employees and are mentioned in articles with a sentiment score below 0.5?,"MATCH (o:Organization)-[:MENTIONS]-(a:Article)
WHERE o.nbrEmployees > 1000 AND a.sentiment < 0.5
RETURN o.name","match
$o isa organization, has nbr_employees $ne;
$ne > 1000;
$a isa article, has sentiment $s;
$s < 0.5;
mentions (article: $a, mentioned: $o);
fetch {
  ""name"": $o.name
};"
839,List the first 3 organizations based in 'Italy' that have a CEO and are public.,"MATCH (org:Organization)-[:IN_CITY]->(city:City)-[:IN_COUNTRY]->(country:Country {name: ""Italy""})
WHERE org.isPublic = true
MATCH (org)-[:HAS_CEO]->(ceo:Person)
RETURN org.name AS organizationName, ceo.name AS ceoName
LIMIT 3","match
$org isa organization, has is_public true;
$ceo isa person;
$city isa city;
$country isa country, has country_name ""Italy"";
located_in (organization: $org, city: $city);
location-contains (parent: $country, child: $city);
ceo_of (organization: $org, ceo: $ceo);
limit 3;
fetch {
  ""organizationName"": $org.name,
  ""ceoName"": $ceo.name
};"
840,Who are the first 3 competitors of organizations with a CEO named 'Julie Spellman Sweet'?,"MATCH (ceo:Person {name: ""Julie Spellman Sweet""})<-[:HAS_CEO]-(org:Organization)-[:HAS_COMPETITOR]->(competitor:Organization)
RETURN competitor.name
LIMIT 3","match
$ceo isa person, has name ""Julie Spellman Sweet"";
ceo_of (ceo: $ceo, organization: $org);
competes_with (competitor: $org, competitor: $competitor);
limit 3;
fetch { ""name"": $competitor.name };"
841,Identify the first 3 organizations that have the same investor and are based in 'Italy'.,"MATCH (o:Organization)-[:HAS_INVESTOR]->(i:Person),
      (o)-[:IN_CITY]->(c:City)-[:IN_COUNTRY]->(country:Country {name: ""Italy""})
WITH i, o, COUNT(o) AS orgCount
WHERE orgCount >= 3
WITH i, COLLECT(o) AS orgs
UNWIND orgs AS org
RETURN DISTINCT org.name AS OrganizationName
LIMIT 3","with fun investment_count($i: person) -> integer:
  match
  $o isa organization;
  invested_in (organization: $o, investor: $i);
  located_in (organization: $o, city: $c);
  location-contains (parent: $country, child: $c);
  $country isa country, has country_name ""Italy"";
  return count;

match
$o isa organization, has name $n;
$i isa person;
invested_in (organization: $o, investor: $i);
located_in (organization: $o, city: $c);
location-contains (parent: $country, child: $c);
$country isa country, has country_name ""Italy"";
let $count = investment_count($i);
$count >= 3;
select $n;
distinct;
limit 3;
fetch { ""OrganizationName"": $n };"
842,Find the first 3 organizations that have CEOs named 'Julie Spellman Sweet' and are mentioned in articles with a sentiment score above 0.5.,"MATCH (ceo:Person {name: ""Julie Spellman Sweet""})
MATCH (org:Organization)-[:HAS_CEO]->(ceo)
MATCH (article:Article)-[:MENTIONS]->(org)
WHERE article.sentiment > 0.5
RETURN org.name AS organization_name
ORDER BY article.date
LIMIT 3","match
$ceo isa person, has name ""Julie Spellman Sweet"";
ceo_of (organization: $org, ceo: $ceo);
$article isa article, has sentiment $s, has date $d;
$s > 0.5;
mentions (article: $article, mentioned: $org);
sort $d;
limit 3;
fetch { ""organization_name"": $org.name };"
843,Which organizations based in 'United States of America' have a revenue less than 10 million?,"MATCH (org:Organization)-[:IN_CITY]->(city:City)-[:IN_COUNTRY]->(country:Country {name: ""United States of America""})
WHERE org.revenue < 10000000
RETURN org.name, org.revenue","match
$org isa organization, has revenue $rev;
$rev < 10000000;
$city isa city;
$country isa country, has country_name ""United States of America"";
located_in (organization: $org, city: $city);
location-contains (parent: $country, child: $city);
fetch {
  ""name"": $org.name,
  ""revenue"": $rev
};"
844,List the top 3 organizations that have a CEO and have been mentioned in the most recent articles.,"MATCH (o:Organization)-[:HAS_CEO]->(ceo:Person)
MATCH (a:Article)-[:MENTIONS]->(o)
WITH o, MAX(a.date) AS latestArticleDate
ORDER BY latestArticleDate DESC
LIMIT 3
RETURN o.name AS organizationName, latestArticleDate","match
$o isa organization, has name $org_name;
$a isa article, has date $d;
ceo_of (organization: $o, ceo: $ceo);
mentions (article: $a, mentioned: $o);
reduce $latest = max($d) groupby $o, $org_name;
sort $latest desc;
limit 3;
fetch { ""organizationName"": $org_name, ""latestArticleDate"": $latest };"
845,Who are the first 3 investors in organizations with less than 50 employees?,"MATCH (o:Organization)-[:HAS_INVESTOR]->(p:Person)
WHERE o.nbrEmployees < 50
RETURN p.name AS investor_name, o.name AS organization_name
ORDER BY o.id
LIMIT 3","match
$o isa organization, has nbr_employees $e, has organization_id $oid, has name $org_name;
$e < 50;
$p isa person, has name $investor_name;
invested_in (organization: $o, investor: $p);
sort $oid;
limit 3;
fetch {
  ""investor_name"": $investor_name,
  ""organization_name"": $org_name
};"
846,Who are the first 3 board members of organizations based in 'Italy'?,"MATCH (c:Country {name: ""Italy""})<-[:IN_COUNTRY]-(ci:City)<-[:IN_CITY]-(o:Organization)-[:HAS_BOARD_MEMBER]->(p:Person)
RETURN p.name AS boardMemberName, o.name AS organizationName
LIMIT 3","match
$country isa country, has country_name ""Italy"";
location-contains (parent: $country, child: $city);
$city isa city;
located_in (organization: $o, city: $city);
board_member_of (organization: $o, member: $p);
limit 3;
fetch {
  ""boardMemberName"": $p.name,
  ""organizationName"": $o.name
};"
847,Who are the CEOs of the first 3 public companies?,"MATCH (o:Organization {isPublic: true})-[:HAS_CEO]->(ceo:Person)
RETURN ceo.name AS CEO, o.name AS Company
ORDER BY o.name
LIMIT 3","match
$o isa organization, has is_public true, has name $org_name;
ceo_of (organization: $o, ceo: $ceo);
$ceo has name $ceo_name;
sort $org_name;
limit 3;
fetch {
  ""CEO"": $ceo_name,
  ""Company"": $org_name
};"
848,Identify the first 3 articles where the organizations mentioned have more than 50 employees.,"MATCH (a:Article)-[:MENTIONS]->(o:Organization)
WHERE o.nbrEmployees > 50
RETURN a.id, a.title, a.date, a.author, a.siteName
ORDER BY a.date
LIMIT 3","match
$a isa article;
$o isa organization, has nbr_employees $e;
$e > 50;
mentions (article: $a, mentioned: $o);
$a has date $d;
sort $d;
limit 3;
fetch {
  ""id"": $a.article_id,
  ""title"": $a.title,
  ""date"": $d,
  ""author"": $a.author,
  ""siteName"": $a.site_name
};"
849,Which organizations based in 'United States of America' have a CEO named 'Julie Spellman Sweet' and are not dissolved?,"MATCH (country:Country {name: 'United States of America'})&lt;-[:IN_COUNTRY]-(city:City)&lt;-[:IN_CITY]-(org:Organization {isDissolved: false})-[:HAS_CEO]->(ceo:Person {name: 'Julie Spellman Sweet'})
RETURN org.name AS organizationName","match
$country isa country, has country_name ""United States of America"";
$city isa city;
location-contains (parent: $country, child: $city);
$org isa organization, has is_dissolved false, has name $org_name;
located_in (organization: $org, city: $city);
$ceo isa person, has name ""Julie Spellman Sweet"";
ceo_of (organization: $org, ceo: $ceo);
fetch {
  ""organizationName"": $org_name
};"
850,Which 3 organizations have been dissolved and are mentioned in articles with a sentiment score below 0.5?,"MATCH (o:Organization)-[:MENTIONS]-(a:Article)
WHERE o.isDissolved = true AND a.sentiment < 0.5
RETURN o.name
LIMIT 3","match
$o isa organization, has is_dissolved true;
$a isa article, has sentiment $s;
$s < 0.5;
mentions (article: $a, mentioned: $o);
limit 3;
fetch { ""name"": $o.name };"
851,Identify the top 3 countries with the most organizations in the 'Electronic Products Manufacturers' category.,"MATCH (org:Organization)-[:HAS_CATEGORY]->(cat:IndustryCategory {name: ""Electronic Products Manufacturers""})
MATCH (org)-[:IN_CITY]->(city:City)-[:IN_COUNTRY]->(country:Country)
WITH country, COUNT(org) AS orgCount
ORDER BY orgCount DESC
LIMIT 3
RETURN country.name AS Country, orgCount AS NumberOfOrganizations","match
$org isa organization;
$cat isa industry_category, has industry_category_name ""Electronic Products Manufacturers"";
in_category (organization: $org, category: $cat);
$city isa city;
located_in (organization: $org, city: $city);
$country isa country;
location-contains (parent: $country, child: $city);
reduce $count = count($org) groupby $country;
sort $count desc;
limit 3;
fetch { ""Country"": $country.country_name, ""NumberOfOrganizations"": $count };"
852,Which cities host organizations that are public and have a CEO named 'Julie Spellman Sweet'?,"MATCH (c:City)<-[:IN_CITY]-(o:Organization)-[:HAS_CEO]->(p:Person {name: ""Julie Spellman Sweet""})
WHERE o.isPublic = true
RETURN DISTINCT c.name","match
$c isa city;
$o isa organization, has is_public true;
$p isa person, has name ""Julie Spellman Sweet"";
located_in (organization: $o, city: $c);
ceo_of (organization: $o, ceo: $p);
select $c;
distinct;
fetch { ""city_name"": $c.city_name };"
853,Who are the first 3 board members of organizations with more than 100 million in revenue?,"MATCH (o:Organization)-[:HAS_BOARD_MEMBER]->(p:Person)
WHERE o.revenue > 100000000
RETURN p.name AS boardMember, o.name AS organization
LIMIT 3","match
$o isa organization, has revenue $r;
$r > 100000000;
$p isa person;
board_member_of (organization: $o, member: $p);
limit 3;
fetch {
  ""boardMember"": $p.name,
  ""organization"": $o.name
};"
854,Which organizations have more than 50 employees and are in the 'Software' industry?,"MATCH (o:Organization)-[:HAS_CATEGORY]->(ic:IndustryCategory)
WHERE o.nbrEmployees > 50 AND ic.name = ""Software""
RETURN o.name, o.nbrEmployees","match
$o isa organization, has nbr_employees $ne;
$ne > 50;
$ic isa industry_category, has industry_category_name ""Software"";
in_category (organization: $o, category: $ic);
fetch {
  ""name"": $o.name,
  ""nbr_employees"": $ne
};"
855,What are the names of the organizations that have 'Icon Integration' as a subsidiary?,"MATCH (parentOrg:Organization)-[:HAS_SUBSIDIARY]->(subsidiary:Organization {name: ""Icon Integration""})
RETURN parentOrg.name AS OrganizationName","match
$parentOrg isa organization;
$subsidiary isa organization, has name ""Icon Integration"";
subsidiary_of (parent: $parentOrg, subsidiary: $subsidiary);
fetch {
  ""OrganizationName"": $parentOrg.name
};"
856,List the first 3 organizations mentioned in articles authored by 'David Correa'.,"MATCH (a:Article)-[:MENTIONS]->(o:Organization)
WHERE a.author = 'David Correa'
RETURN o.name
LIMIT 3","match
$a isa article, has author ""David Correa"";
mentions (article: $a, mentioned: $o);
$o isa organization;
limit 3;
fetch { ""name"": $o.name };"
857,Who are the first 3 CEOs of public organizations?,"MATCH (o:Organization {isPublic: true})-[:HAS_CEO]->(ceo:Person)
RETURN ceo.name AS CEO, o.name AS Organization
ORDER BY ceo.name
LIMIT 3","match
$o isa organization, has is_public true;
$ceo isa person, has name $ceo_name;
ceo_of (organization: $o, ceo: $ceo);
sort $ceo_name;
limit 3;
fetch {
  ""CEO"": $ceo_name,
  ""Organization"": $o.name
};"
858,Which articles about 'New Energy Group' were published after 2020-01-01?,"MATCH (o:Organization {name: ""New Energy Group""})<-[:MENTIONS]-(a:Article)
WHERE a.date > date(""2020-01-01"")
RETURN a.title, a.date, a.author, a.siteName, a.summary","match
$o isa organization, has name ""New Energy Group"";
mentions (article: $a, mentioned: $o);
$a has date $d;
$d > 2020-01-01T00:00:00;
fetch {
  ""title"": $a.title,
  ""date"": $d,
  ""author"": $a.author,
  ""siteName"": $a.site_name,
  ""summary"": $a.article_summary
};"
859,What are the names of the first 3 people who are investors in organizations based in 'Seattle'?,"MATCH (c:City {name: ""Seattle""})<-[:IN_CITY]-(o:Organization)<-[:HAS_INVESTOR]-(p:Person)
RETURN p.name
LIMIT 3","match
$c isa city, has city_name ""Seattle"";
located_in (organization: $o, city: $c);
invested_in (organization: $o, investor: $p);
$p isa person;
limit 3;
fetch {
  ""name"": $p.name
};"
860,Find the top 5 organizations that are competitors of 'Accenture'.,"MATCH (o1:Organization {name: ""Accenture""})-[:HAS_COMPETITOR]->(competitor:Organization)
RETURN competitor.name AS CompetitorName, competitor.revenue AS Revenue
ORDER BY Revenue DESC
LIMIT 5","match
$o1 isa organization, has name ""Accenture"";
competes_with (competitor: $o1, competitor: $competitor);
$competitor has revenue $rev;
sort $rev desc;
limit 5;
fetch {
  ""CompetitorName"": $competitor.name,
  ""Revenue"": $rev
};"
861,Which 5 articles mention 'Accenture' and have a sentiment score above 0.8?,"MATCH (a:Article)-[:MENTIONS]->(o:Organization {name: ""Accenture""})
WHERE a.sentiment > 0.8
RETURN a.title, a.date, a.author, a.sentiment
ORDER BY a.date DESC
LIMIT 5","match
$a isa article, has sentiment $s, has date $d;
$s > 0.8;
$o isa organization, has name ""Accenture"";
mentions (article: $a, mentioned: $o);
sort $d desc;
limit 5;
fetch {
  ""title"": $a.title,
  ""date"": $d,
  ""author"": $a.author,
  ""sentiment"": $s
};"
862,List the first 3 articles that mention any organization with more than 1000 employees and are written after 2021-01-01.,"MATCH (o:Organization)-[:MENTIONS]-(a:Article)
WHERE o.nbrEmployees > 1000 AND a.date > date(""2021-01-01"")
RETURN a.title, a.date, a.author, a.siteName
ORDER BY a.date ASC
LIMIT 3","match
$o isa organization, has nbr_employees $ne;
$ne > 1000;
$a isa article, has date $d;
$d > 2021-01-01T00:00:00;
mentions (article: $a, mentioned: $o);
sort $d asc;
limit 3;
fetch {
  ""title"": $a.title,
  ""date"": $d,
  ""author"": $a.author,
  ""siteName"": $a.site_name
};"
863,List the top 3 cities where 'Electronic Products Manufacturers' organizations are located.,"MATCH (org:Organization)-[:HAS_CATEGORY]->(cat:IndustryCategory {name: ""Electronic Products Manufacturers""})
MATCH (org)-[:IN_CITY]->(city:City)
RETURN city.name, COUNT(org) AS org_count
ORDER BY org_count DESC
LIMIT 3","match
$org isa organization;
$cat isa industry_category, has industry_category_name ""Electronic Products Manufacturers"";
in_category (organization: $org, category: $cat);
$city isa city;
located_in (organization: $org, city: $city);
reduce $count = count($org) groupby $city;
sort $count desc;
limit 3;
fetch {
  ""city_name"": $city.city_name,
  ""org_count"": $count
};"
864,Identify the first 3 organizations that are public and have more than 1000 employees.,"MATCH (o:Organization)
WHERE o.isPublic = true AND o.nbrEmployees > 1000
RETURN o.name, o.nbrEmployees
ORDER BY o.name
LIMIT 3","match
$o isa organization, has is_public true, has nbr_employees $e, has name $n;
$e > 1000;
sort $n;
limit 3;
fetch {
  ""name"": $n,
  ""nbrEmployees"": $e
};"
865,What are the names of the first 3 organizations dissolved and have revenue greater than 10000000?,"MATCH (o:Organization)
WHERE o.isDissolved = true AND o.revenue > 10000000
RETURN o.name
ORDER BY o.name
LIMIT 3","match
$o isa organization, has is_dissolved true, has revenue $r, has name $n;
$r > 10000000;
sort $n;
limit 3;
fetch { ""name"": $n };"
866,List the top 5 industries where the organizations are based in 'Seattle'.,"MATCH (o:Organization)-[:IN_CITY]->(c:City {name: ""Seattle""})
MATCH (o)-[:HAS_CATEGORY]->(ic:IndustryCategory)
RETURN ic.name AS Industry, COUNT(o) AS OrganizationCount
ORDER BY OrganizationCount DESC
LIMIT 5","match
$o isa organization;
$c isa city, has city_name ""Seattle"";
located_in (organization: $o, city: $c);
$ic isa industry_category, has industry_category_name $name;
in_category (organization: $o, category: $ic);
reduce $count = count($o) groupby $ic, $name;
sort $count desc;
limit 5;
fetch { ""Industry"": $name, ""OrganizationCount"": $count };"
867,Which organizations have a CEO named 'Julie Spellman Sweet'?,"MATCH (ceo:Person {name: ""Julie Spellman Sweet""})<-[:HAS_CEO]-(org:Organization)
RETURN org.name","match
$ceo isa person, has name ""Julie Spellman Sweet"";
$org isa organization;
ceo_of (ceo: $ceo, organization: $org);
fetch {
  ""name"": $org.name
};"
868,Which organizations are mentioned in articles with a sentiment higher than 0.5 and are based in Belgium?,"MATCH (org:Organization)-[:IN_CITY]->(city:City)-[:IN_COUNTRY]->(country:Country {name: ""Belgium""})
MATCH (article:Article)-[:MENTIONS]->(org)
WHERE article.sentiment > 0.5
RETURN DISTINCT org.name","match
$org isa organization, has name $n;
$article isa article, has sentiment $s;
$s > 0.5;
mentions (article: $article, mentioned: $org);
$city isa city;
located_in (organization: $org, city: $city);
$country isa country, has country_name ""Belgium"";
location-contains (parent: $country, child: $city);
select $n;
distinct;
fetch { ""name"": $n };"
869,Who are the parents of the first 3 persons listed as CEOs in publicly traded companies?,"MATCH (o:Organization {isPublic: true})-[:HAS_CEO]->(ceo:Person)
WITH ceo
ORDER BY ceo.name
LIMIT 3
MATCH (ceo)-[:HAS_PARENT]->(parent:Person)
RETURN ceo.name AS CEO, parent.name AS Parent","match
$o isa organization, has is_public true;
ceo_of (organization: $o, ceo: $ceo);
$ceo has name $ceo_name;
sort $ceo_name;
limit 3;
match
parent_of (parent: $parent, child: $ceo);
$parent has name $parent_name;
fetch {
  ""CEO"": $ceo_name,
  ""Parent"": $parent_name
};"
870,What are the names of the first 3 organizations that have been dissolved but still mentioned in recent articles?,"MATCH (o:Organization {isDissolved: true})<-[:MENTIONS]-(a:Article)
WITH o, a
ORDER BY a.date DESC
RETURN o.name
LIMIT 3","match
$o isa organization, has is_dissolved true;
mentions (article: $a, mentioned: $o);
$a has date $d;
sort $d desc;
limit 3;
fetch { ""name"": $o.name };"
871,List the first 3 countries where organizations with a public status are located.,"MATCH (o:Organization)-[:IN_CITY]->(c:City)-[:IN_COUNTRY]->(co:Country)
WHERE o.isPublic = true
RETURN DISTINCT co.name
LIMIT 3","match
$o isa organization, has is_public true;
located_in (organization: $o, city: $c);
location-contains (parent: $co, child: $c);
$co isa country, has country_name $name;
select $name;
distinct;
limit 3;
fetch { ""name"": $name };"
872,Name the first 3 organizations that have investments from Julie Spellman Sweet.,"MATCH (p:Person {name: ""Julie Spellman Sweet""})-[:HAS_INVESTOR]->(o:Organization)
RETURN o.name
LIMIT 3","match
$p isa person, has name ""Julie Spellman Sweet"";
invested_in (investor: $p, organization: $o);
limit 3;
fetch { ""name"": $o.name };"
873,Which cities are the headquarters for the top 5 organizations by number of employees?,"MATCH (o:Organization)-[:IN_CITY]->(c:City)
RETURN c.name AS city, o.name AS organization, o.nbrEmployees AS employees
ORDER BY o.nbrEmployees DESC
LIMIT 5","match
$o isa organization, has nbr_employees $e, has name $org_name;
$c isa city, has city_name $city_name;
located_in (organization: $o, city: $c);
sort $e desc;
limit 5;
fetch {
  ""city"": $city_name,
  ""organization"": $org_name,
  ""employees"": $e
};"
874,Who are the first 3 CEOs of organizations that are dissolved?,"MATCH (o:Organization)-[:HAS_CEO]->(p:Person)
WHERE o.isDissolved = true
RETURN p.name AS CEO, o.name AS Organization
LIMIT 3","match
$o isa organization, has is_dissolved true;
$p isa person;
ceo_of (organization: $o, ceo: $p);
limit 3;
fetch {
  ""CEO"": $p.name,
  ""Organization"": $o.name
};"
875,What are the top 3 industries with the most organizations in them?,"MATCH (o:Organization)-[:HAS_CATEGORY]->(ic:IndustryCategory)
WITH ic.name AS industry, COUNT(o) AS orgCount
ORDER BY orgCount DESC
LIMIT 3
RETURN industry, orgCount","match
$o isa organization;
$ic isa industry_category, has industry_category_name $industry;
in_category (organization: $o, category: $ic);
reduce $orgCount = count($o) groupby $ic, $industry;
sort $orgCount desc;
limit 3;
fetch {
  ""industry"": $industry,
  ""orgCount"": $orgCount
};"
876,Who are the board members of 'New Energy Group'?,"MATCH (o:Organization {name: ""New Energy Group""})-[:HAS_BOARD_MEMBER]->(p:Person)
RETURN p.name AS boardMemberName, p.id AS boardMemberId, p.summary AS boardMemberSummary","match
$o isa organization, has name ""New Energy Group"";
board_member_of (organization: $o, member: $p);
$p isa person;
fetch {
  ""boardMemberName"": $p.name,
  ""boardMemberId"": $p.person_id,
  ""boardMemberSummary"": $p.summary
};"
877,Who are the children of 'Julie Spellman Sweet' listed as 'Person' nodes?,"MATCH (p:Person {name: ""Julie Spellman Sweet""})-[:HAS_CHILD]->(child:Person)
RETURN child.name AS ChildName, child.id AS ChildID, child.summary AS ChildSummary","match
$p isa person, has name ""Julie Spellman Sweet"";
parent_of (parent: $p, child: $child);
$child isa person;
fetch {
  ""ChildName"": $child.name,
  ""ChildID"": $child.person_id,
  ""ChildSummary"": $child.summary
};"
878,Find the top 5 parent persons of CEOs of organizations with revenues exceeding 100 million.,"MATCH (org:Organization)-[:HAS_CEO]->(ceo:Person)
WHERE org.revenue > 100000000
MATCH (ceo)-[:HAS_PARENT]->(parent:Person)
RETURN parent.name AS ParentName, COUNT(*) AS NumberOfCEOs
ORDER BY NumberOfCEOs DESC
LIMIT 5","match
$org isa organization, has revenue $r;
$r > 100000000;
ceo_of (organization: $org, ceo: $ceo);
parent_of (parent: $parent, child: $ceo);
$parent has name $pname;
reduce $count = count($ceo) groupby $parent, $pname;
sort $count desc;
limit 5;
fetch {
  ""ParentName"": $pname,
  ""NumberOfCEOs"": $count
};"
879,Which organizations have a motto containing 'security' and have a CEO named 'Julie Spellman Sweet'?,"MATCH (o:Organization)-[:HAS_CEO]->(p:Person {name: ""Julie Spellman Sweet""})
WHERE o.motto CONTAINS 'security'
RETURN o.name","match
$o isa organization, has motto $m;
$m like "".*security.*"";
$p isa person, has name ""Julie Spellman Sweet"";
ceo_of (organization: $o, ceo: $p);
fetch {
  ""name"": $o.name
};"
880,List the first 3 articles that mention organizations with CEOs named 'Julie Spellman Sweet' and have a sentiment score above 0.75.,"MATCH (ceo:Person {name: ""Julie Spellman Sweet""})<-[:HAS_CEO]-(org:Organization)<-[:MENTIONS]-(article:Article)
WHERE article.sentiment > 0.75
RETURN article.title, article.date, article.sentiment
ORDER BY article.date DESC
LIMIT 3","match
$ceo isa person, has name ""Julie Spellman Sweet"";
ceo_of (ceo: $ceo, organization: $org);
mentions (article: $article, mentioned: $org);
$article has sentiment $s;
$s > 0.75;
$article has date $d;
sort $d desc;
limit 3;
fetch {
  ""title"": $article.title,
  ""date"": $d,
  ""sentiment"": $s
};"
881,Who are the first 3 CEOs of organizations that have been mentioned in the most articles?,"MATCH (o:Organization)<-[:MENTIONS]-(a:Article)
WITH o, COUNT(a) AS articleCount
ORDER BY articleCount DESC
LIMIT 3
MATCH (o)-[:HAS_CEO]->(ceo:Person)
RETURN ceo.name AS CEOName, o.name AS OrganizationName, articleCount","match
  $o isa organization, has name $org_name;
  mentions (article: $a, mentioned: $o);
reduce $article_count = count($a) groupby $o, $org_name;
sort $article_count desc;
limit 3;
match
  ceo_of (organization: $o, ceo: $ceo);
  $ceo has name $ceo_name;
fetch {
  ""CEOName"": $ceo_name,
  ""OrganizationName"": $org_name,
  ""articleCount"": $article_count
};"
882,Identify the top 3 organizations that have a public status and are in the 'Healthcare' industry category.,"MATCH (o:Organization)-[:HAS_CATEGORY]->(ic:IndustryCategory {name: ""Healthcare""})
WHERE o.isPublic = true
RETURN o.name, o.revenue
ORDER BY o.revenue DESC
LIMIT 3","match
$o isa organization, has is_public true, has revenue $r;
$ic isa industry_category, has industry_category_name ""Healthcare"";
in_category (organization: $o, category: $ic);
sort $r desc;
limit 3;
fetch {
  ""name"": $o.name,
  ""revenue"": $r
};"
883,List the first 3 organizations that have a dissolved status and are mentioned in articles authored by 'David Correa'.,"MATCH (o:Organization {isDissolved: true})<-[:MENTIONS]-(a:Article {author: ""David Correa""})
RETURN o.name
LIMIT 3","match
$o isa organization, has is_dissolved true;
$a isa article, has author ""David Correa"";
mentions (article: $a, mentioned: $o);
limit 3;
fetch {
  ""name"": $o.name
};"
884,Which organizations are based in 'Seattle' and have a revenue less than 5000000?,"MATCH (o:Organization)-[:IN_CITY]->(c:City {name: 'Seattle'})
WHERE o.revenue < 5000000
RETURN o.name, o.revenue","match
$o isa organization, has revenue $r;
$c isa city, has city_name ""Seattle"";
located_in (organization: $o, city: $c);
$r < 5000000;
fetch {
  ""name"": $o.name,
  ""revenue"": $r
};"
885,Find the first 3 organizations that have been mentioned in articles related to 'consumer behavior' and have a sentiment score above 0.6.,"MATCH (a:Article)-[:MENTIONS]->(o:Organization)
WHERE a.summary CONTAINS 'consumer behavior' AND a.sentiment > 0.6
RETURN o.name AS organization_name
LIMIT 3","match
$a isa article, has article_summary $s, has sentiment $sent;
$s like "".*consumer behavior.*"";
$sent > 0.6;
$o isa organization, has name $n;
mentions (article: $a, mentioned: $o);
limit 3;
fetch { ""organization_name"": $n };"
886,Which organizations have investors named 'Julie Spellman Sweet'?,"MATCH (p:Person {name: ""Julie Spellman Sweet""})<-[:HAS_INVESTOR]-(o:Organization)
RETURN o.name","match
$p isa person, has name ""Julie Spellman Sweet"";
$o isa organization;
invested_in (organization: $o, investor: $p);
fetch {
  ""name"": $o.name
};"
887,List the first 3 organizations that have a motto and are public.,"MATCH (o:Organization)
WHERE o.motto IS NOT NULL AND o.isPublic = true
RETURN o.name, o.motto
LIMIT 3","match
$o isa organization, has motto $m, has is_public true;
limit 3;
fetch {
  ""name"": $o.name,
  ""motto"": $m
};"
888,Who are the first 3 children of CEOs of organizations with more than 500 million in revenue?,"MATCH (org:Organization)-[:HAS_CEO]->(ceo:Person)
WHERE org.revenue > 500000000
WITH ceo
MATCH (ceo)-[:HAS_CHILD]->(child:Person)
RETURN child.name AS ChildName, ceo.name AS CEOName
LIMIT 3","match
$org isa organization, has revenue $r;
$r > 500000000;
ceo_of (organization: $org, ceo: $ceo);
parent_of (parent: $ceo, child: $child);
limit 3;
fetch {
  ""ChildName"": $child.name,
  ""CEOName"": $ceo.name
};"
889,Identify the first 3 organizations that have more than one industry category associated with them.,"MATCH (o:Organization)-[:HAS_CATEGORY]->(ic:IndustryCategory)
WITH o, COUNT(ic) AS categoryCount
WHERE categoryCount > 1
RETURN o.name AS organizationName
LIMIT 3","match
$o isa organization;
in_category (organization: $o, category: $ic);
reduce $count = count($ic) groupby $o;
match $count > 1;
limit 3;
fetch {
  ""organizationName"": $o.name
};"
890,List the top 3 organizations that have a CEO and are mentioned in the latest articles.,"MATCH (o:Organization)-[:HAS_CEO]->(ceo:Person)
MATCH (a:Article)-[:MENTIONS]->(o)
WITH o, a
ORDER BY a.date DESC
WITH o, collect(a)[0] AS latest_article
RETURN o.name AS organization, latest_article.title AS latest_article_title, latest_article.date AS latest_article_date
ORDER BY latest_article_date DESC
LIMIT 3","match
$o isa organization;
ceo_of (organization: $o, ceo: $ceo);
mentions (article: $a, mentioned: $o);
$a has date $d;
sort $d desc;
limit 3;
fetch { ""organization"": $o.name, ""article"": $a.title, ""date"": $d };"
891,Which organizations based in 'United States of America' have more than 10000 employees?,"MATCH (org:Organization)-[:IN_CITY]->(city:City)-[:IN_COUNTRY]->(country:Country {name: ""United States of America""})
WHERE org.nbrEmployees > 10000
RETURN org.name, org.nbrEmployees","match
$org isa organization, has nbr_employees $e;
$city isa city;
$country isa country, has country_name ""United States of America"";
located_in (organization: $org, city: $city);
location-contains (parent: $country, child: $city);
$e > 10000;
fetch {
  ""name"": $org.name,
  ""nbr_employees"": $e
};"
892,Find the first 3 organizations that have been mentioned in articles by 'MrWeb' site.,"MATCH (a:Article {siteName: ""MrWeb""})-[:MENTIONS]->(o:Organization)
RETURN o.name
LIMIT 3","match
$a isa article, has site_name ""MrWeb"";
$o isa organization;
mentions (article: $a, mentioned: $o);
limit 3;
fetch { ""name"": $o.name };"
893,Which organizations have subsidiaries named 'SuccessFactors'?,"MATCH (subsidiary:Organization {name: ""SuccessFactors""})<-[:HAS_SUBSIDIARY]-(parent:Organization)
RETURN parent.name AS parentOrganization","match
$subsidiary isa organization, has name ""SuccessFactors"";
$parent isa organization;
subsidiary_of (parent: $parent, subsidiary: $subsidiary);
fetch {
  ""parentOrganization"": $parent.name
};"
894,List the first 3 organizations that have the highest revenue and are not dissolved.,"MATCH (o:Organization)
WHERE o.isDissolved = false
RETURN o.name, o.revenue
ORDER BY o.revenue DESC
LIMIT 3","match
$o isa organization, has is_dissolved false, has revenue $r, has name $n;
sort $r desc;
limit 3;
fetch {
  ""name"": $n,
  ""revenue"": $r
};"
895,Identify the top 3 cities where the headquarters of organizations with more than 1000 employees are located.,"MATCH (o:Organization)-[:IN_CITY]->(c:City)
WHERE o.nbrEmployees > 1000
RETURN c.name AS city, COUNT(o) AS organization_count
ORDER BY organization_count DESC
LIMIT 3","match
$o isa organization, has nbr_employees $e;
$e > 1000;
$c isa city;
located_in (organization: $o, city: $c);
reduce $count = count($o) groupby $c;
sort $count desc;
limit 3;
fetch {
  ""city"": $c.city_name,
  ""organization_count"": $count
};"
896,Which organizations have CEOs who are also board members of other organizations?,"MATCH (ceo:Person)<-[:HAS_CEO]-(org:Organization)
MATCH (ceo)-[:HAS_BOARD_MEMBER]->(otherOrg:Organization)
RETURN org.name AS Organization, ceo.name AS CEO, otherOrg.name AS BoardMemberOf","match
$ceo isa person;
$org isa organization;
$otherOrg isa organization;
ceo_of (ceo: $ceo, organization: $org);
board_member_of (member: $ceo, organization: $otherOrg);
not { $org is $otherOrg; };
fetch {
  ""Organization"": $org.name,
  ""CEO"": $ceo.name,
  ""BoardMemberOf"": $otherOrg.name
};"
897,List the first 3 articles that mention 'Seattle' based organizations and have a sentiment score above 0.7.,"MATCH (org:Organization)-[:IN_CITY]->(city:City {name: ""Seattle""})
MATCH (article:Article)-[:MENTIONS]->(org)
WHERE article.sentiment > 0.7
RETURN article.title, article.date, article.sentiment
ORDER BY article.date DESC
LIMIT 3","match
$city isa city, has city_name ""Seattle"";
$org isa organization;
located_in (organization: $org, city: $city);
$article isa article, has sentiment $s, has date $d;
mentions (article: $article, mentioned: $org);
$s > 0.7;
sort $d desc;
limit 3;
fetch {
  ""title"": $article.title,
  ""date"": $d,
  ""sentiment"": $s
};"
898,Who are the first 3 competitors of organizations with more than 1 billion in revenue?,"MATCH (o:Organization)-[:HAS_COMPETITOR]->(competitor:Organization)
WHERE o.revenue > 1.0E9
RETURN DISTINCT competitor.name
LIMIT 3","match
$o isa organization, has revenue $r;
$r > 1000000000;
competes_with (competitor: $o, competitor: $competitor);
$competitor has name $name;
select $name;
distinct;
limit 3;
fetch { ""name"": $name };"
899,Find the first 3 organizations that have a public status and are in the 'Technology' industry category.,"MATCH (o:Organization)-[:HAS_CATEGORY]->(ic:IndustryCategory {name: ""Technology""})
WHERE o.isPublic = true
RETURN o.name, o.id, o.summary
LIMIT 3","match
$o isa organization, has is_public true;
$ic isa industry_category, has industry_category_name ""Technology"";
in_category (organization: $o, category: $ic);
limit 3;
fetch {
  ""name"": $o.name,
  ""id"": $o.organization_id,
  ""summary"": $o.summary
};"
900,Which 3 organizations have the most subsidiaries within the same country?,"MATCH (org:Organization)-[:HAS_SUBSIDIARY]->(sub:Organization)-[:IN_CITY]->(city:City)-[:IN_COUNTRY]->(country:Country),
      (org)-[:IN_CITY]->(orgCity:City)-[:IN_COUNTRY]->(orgCountry:Country)
WHERE country.id = orgCountry.id
WITH org, COUNT(sub) AS numSubsidiaries
ORDER BY numSubsidiaries DESC
LIMIT 3
RETURN org.name AS Organization, numSubsidiaries","match
$org isa organization, has name $org_name;
$sub isa organization;
subsidiary_of (parent: $org, subsidiary: $sub);
located_in (organization: $org, city: $org_city);
located_in (organization: $sub, city: $sub_city);
location-contains (parent: $country, child: $org_city);
location-contains (parent: $country, child: $sub_city);
$country isa country;
reduce $count = count($sub) groupby $org, $org_name;
sort $count desc;
limit 3;
fetch {
  ""Organization"": $org_name,
  ""numSubsidiaries"": $count
};"
901,Identify the first 3 organizations that have the same investor and are competitors.,"MATCH (investor:Person)-[:HAS_INVESTOR]->(org1:Organization)-[:HAS_COMPETITOR]->(org2:Organization)
WHERE (investor)-[:HAS_INVESTOR]->(org2)
RETURN DISTINCT org1.name, org2.name
LIMIT 3","match
$investor isa person;
$org1 isa organization, has name $n1;
$org2 isa organization, has name $n2;
invested_in (organization: $org1, investor: $investor);
invested_in (organization: $org2, investor: $investor);
competes_with (competitor: $org1, competitor: $org2);
select $n1, $n2;
distinct;
limit 3;
fetch { ""org1.name"": $n1, ""org2.name"": $n2 };"
902,List the top 3 CEOs of organizations that are subsidiaries of 'Accenture'.,"MATCH (parentOrg:Organization {name: ""Accenture""})-[:HAS_SUBSIDIARY]->(subOrg:Organization)-[:HAS_CEO]->(ceo:Person)
RETURN ceo.name AS CEO, subOrg.name AS Subsidiary
LIMIT 3","match
$parentOrg isa organization, has name ""Accenture"";
subsidiary_of (parent: $parentOrg, subsidiary: $subOrg);
ceo_of (organization: $subOrg, ceo: $ceo);
limit 3;
fetch {
  ""CEO"": $ceo.name,
  ""Subsidiary"": $subOrg.name
};"
903,Which 3 organizations are suppliers to 'New Energy Group' and are based in 'United States of America'?,"MATCH (o:Organization {name: ""New Energy Group""})-[:HAS_SUPPLIER]->(supplier:Organization)-[:IN_CITY]->(city:City)-[:IN_COUNTRY]->(country:Country {name: ""United States of America""})
RETURN supplier.name
LIMIT 3","match
$o isa organization, has name ""New Energy Group"";
$supplier isa organization, has name $supplier_name;
supplies (customer: $o, supplier: $supplier);
$city isa city;
located_in (organization: $supplier, city: $city);
$country isa country, has country_name ""United States of America"";
location-contains (parent: $country, child: $city);
limit 3;
fetch {
  ""supplier_name"": $supplier_name
};"
904,What are the names of organizations with more than 500 employees and have been mentioned in articles with high sentiment scores?,"MATCH (o:Organization)-[:MENTIONS]-(a:Article)
WHERE o.nbrEmployees > 500 AND a.sentiment > 0.8
RETURN o.name","match
$o isa organization, has nbr_employees $e, has name $n;
$e > 500;
$a isa article, has sentiment $s;
$s > 0.8;
mentions (article: $a, mentioned: $o);
fetch {
  ""name"": $n
};"
905,Who are the first 3 investors in 'Accenture' and what other organizations do they invest in?,"MATCH (org:Organization {name: ""Accenture""})<-[:HAS_INVESTOR]-(investor)
WITH investor
ORDER BY investor.id
LIMIT 3
MATCH (investor)-[:HAS_INVESTOR]->(otherOrg:Organization)
RETURN investor.name AS InvestorName, collect(otherOrg.name) AS OtherOrganizations","match
$org isa organization, has name ""Accenture"";
invested_in (investor: $investor, organization: $org);
invested_in (investor: $investor, organization: $otherOrg);
fetch { ""investor"": $investor.name, ""other_org"": $otherOrg.name };"
906,List the first 3 articles that have chunks containing the text 'consumer behavior'.,"MATCH (a:Article)-[:HAS_CHUNK]->(c:Chunk)
WHERE c.text CONTAINS 'consumer behavior'
RETURN a.id, a.title, a.date, a.author, c.text
ORDER BY a.date DESC
LIMIT 3","match
$a isa article, has article_id $id, has title $title, has date $date, has author $author;
has_chunk (article: $a, chunk: $c);
$c has text $text;
$text like "".*consumer behavior.*"";
sort $date desc;
limit 3;
fetch {
  ""id"": $id,
  ""title"": $title,
  ""date"": $date,
  ""author"": $author,
  ""text"": $text
};"
907,Find the first 3 organizations that have a supplier named 'Icon Integration'.,"MATCH (supplier:Organization {name: 'Icon Integration'})<-[:HAS_SUPPLIER]-(org:Organization)
RETURN org.name
LIMIT 3","match
$supplier isa organization, has name ""Icon Integration"";
$org isa organization;
supplies (supplier: $supplier, customer: $org);
limit 3;
fetch { ""name"": $org.name };"
908,Identify the organizations that are both public and have more than 1000 employees.,"MATCH (o:Organization)
WHERE o.isPublic = true AND o.nbrEmployees > 1000
RETURN o.name, o.nbrEmployees","match
$o isa organization, has is_public true, has nbr_employees $n;
$n > 1000;
fetch {
  ""name"": $o.name,
  ""nbr_employees"": $n
};"
909,Which organizations are based in the same city as 'Accenture'?,"MATCH (accenture:Organization {name: ""Accenture""})-[:IN_CITY]->(city:City)<-[:IN_CITY]-(org:Organization)
RETURN org.name AS organizationName","match
$accenture isa organization, has name ""Accenture"";
located_in (organization: $accenture, city: $city);
located_in (organization: $org, city: $city);
not { $org is $accenture; };
fetch {
  ""organizationName"": $org.name
};"
910,Which organizations have a board member who is a CEO of a competitor organization?,"MATCH (org1:Organization)-[:HAS_BOARD_MEMBER]->(person:Person),
      (org2:Organization)-[:HAS_CEO]->(person),
      (org1)-[:HAS_COMPETITOR]->(org2)
RETURN DISTINCT org1.name AS Organization, org2.name AS CompetitorOrganization, person.name AS BoardMemberAndCEO","match
$org1 isa organization, has name $org1_name;
$org2 isa organization, has name $org2_name;
$person isa person, has name $person_name;
board_member_of (organization: $org1, member: $person);
ceo_of (organization: $org2, ceo: $person);
competes_with (competitor: $org1, competitor: $org2);
select $org1_name, $org2_name, $person_name;
distinct;
fetch {
  ""Organization"": $org1_name,
  ""CompetitorOrganization"": $org2_name,
  ""BoardMemberAndCEO"": $person_name
};"
911,Which organizations are suppliers to New Energy Group?,"MATCH (o:Organization {name: ""New Energy Group""})<-[:HAS_SUPPLIER]-(supplier:Organization)
RETURN supplier.name","match
$customer isa organization, has name ""New Energy Group"";
$supplier isa organization, has name $n;
supplies (supplier: $supplier, customer: $customer);
fetch { ""name"": $n };"
912,Who are the first 3 people with children also working in the same organization?,"MATCH (p:Person)-[:HAS_CHILD]->(c:Person),
      (o:Organization)-[:HAS_CEO|:HAS_BOARD_MEMBER|:HAS_INVESTOR]->(p),
      (o)-[:HAS_CEO|:HAS_BOARD_MEMBER|:HAS_INVESTOR]->(c)
RETURN p.name AS Parent, c.name AS Child, o.name AS Organization
LIMIT 3","match
$p isa person, has name $pname;
$c isa person, has name $cname;
$o isa organization, has name $oname;
parent_of (parent: $p, child: $c);
$rel1 isa $t1 ($p, organization: $o);
{ $t1 label ceo_of; } or { $t1 label board_member_of; } or { $t1 label invested_in; };
$rel2 isa $t2 ($c, organization: $o);
{ $t2 label ceo_of; } or { $t2 label board_member_of; } or { $t2 label invested_in; };
limit 3;
fetch {
  ""Parent"": $pname,
  ""Child"": $cname,
  ""Organization"": $oname
};"
913,What are the names of the first 3 organizations that have ceased operations but are still mentioned in recent articles?,"MATCH (o:Organization {isDissolved: true})<-[:MENTIONS]-(a:Article)
WITH o, a
ORDER BY a.date DESC
RETURN o.name
LIMIT 3","match
$o isa organization, has is_dissolved true;
mentions (article: $a, mentioned: $o);
$a has date $d;
sort $d desc;
limit 3;
fetch { ""name"": $o.name };"
914,List the top 5 organizations by number of employees that are located in a country with 'America' in its name.,"MATCH (org:Organization)-[:IN_CITY]->(city:City)-[:IN_COUNTRY]->(country:Country)
WHERE country.name CONTAINS 'America'
RETURN org.name AS organization, org.nbrEmployees AS numberOfEmployees
ORDER BY org.nbrEmployees DESC
LIMIT 5","match
$org isa organization, has name $org_name, has nbr_employees $emp;
$city isa city;
$country isa country, has country_name $cn;
located_in (organization: $org, city: $city);
location-contains (parent: $country, child: $city);
$cn like "".*America.*"";
sort $emp desc;
limit 5;
fetch {
  ""organization"": $org_name,
  ""numberOfEmployees"": $emp
};"
915,Which organizations have a revenue greater than 1 billion and are public?,"MATCH (o:Organization)
WHERE o.revenue > 1.0E9 AND o.isPublic = true
RETURN o.name, o.revenue","match $o isa organization, has revenue $r, has is_public true;
$r > 1000000000.0;
fetch { ""name"": $o.name, ""revenue"": $r };"
916,What are the names of the first 3 persons who are investors in more than one organization?,"MATCH (p:Person)-[:HAS_INVESTOR]->(o:Organization)
WITH p, COUNT(o) AS orgCount
WHERE orgCount > 1
RETURN p.name
LIMIT 3","match
$p isa person;
invested_in (investor: $p, organization: $o);
reduce $count = count($o) groupby $p;
match $count > 1;
$p has name $n;
limit 3;
fetch { ""name"": $n };"
917,What are the names of the first 3 organizations with the least number of employees?,"MATCH (o:Organization)
WHERE o.nbrEmployees IS NOT NULL
RETURN o.name
ORDER BY o.nbrEmployees ASC
LIMIT 3","match
$o isa organization, has nbr_employees $e;
sort $e;
limit 3;
fetch {
  ""name"": $o.name
};"
918,Which organizations have been mentioned in articles with a sentiment score above 0.9?,"MATCH (a:Article)-[:MENTIONS]->(o:Organization)
WHERE a.sentiment > 0.9
RETURN o.name","match
$a isa article, has sentiment $s;
$s > 0.9;
$o isa organization;
mentions (article: $a, mentioned: $o);
fetch {
  ""name"": $o.name
};"
919,Who are the first 3 CEOs of organizations that have been invested in by another organization?,"MATCH (org:Organization)-[:HAS_INVESTOR]->(:Organization),
      (org)-[:HAS_CEO]->(ceo:Person)
RETURN ceo.name AS CEO_Name, org.name AS Organization_Name
LIMIT 3","match
$org isa organization;
$investor isa organization;
invested_in (organization: $org, investor: $investor);
ceo_of (organization: $org, ceo: $ceo);
$ceo has name $ceo_name;
$org has name $org_name;
limit 3;
fetch {
  ""CEO_Name"": $ceo_name,
  ""Organization_Name"": $org_name
};"
920,List the top 5 organizations that have more than one supplier.,"MATCH (o:Organization)-[:HAS_SUPPLIER]->(s:Organization)
WITH o, COUNT(s) AS supplierCount
WHERE supplierCount > 1
RETURN o.name AS organizationName, supplierCount
ORDER BY supplierCount DESC
LIMIT 5","match
$o isa organization, has name $name;
supplies (customer: $o, supplier: $s);
reduce $supplierCount = count($s) groupby $o, $name;
match $supplierCount > 1;
sort $supplierCount desc;
limit 5;
fetch { ""organizationName"": $name, ""supplierCount"": $supplierCount };"
921,What are the names of the first 3 organizations mentioned in articles published on MrWeb?,"MATCH (a:Article {siteName: ""MrWeb""})-[:MENTIONS]->(o:Organization)
RETURN o.name
ORDER BY a.date
LIMIT 3","match
$a isa article, has site_name ""MrWeb"", has date $d;
mentions (article: $a, mentioned: $o);
$o isa organization, has name $n;
sort $d;
limit 3;
fetch { ""name"": $n };"
922,What are the names of the first 3 organizations that have subsidiaries?,"MATCH (o:Organization)-[:HAS_SUBSIDIARY]->(:Organization)
RETURN o.name
LIMIT 3","match
$o isa organization;
subsidiary_of (parent: $o, subsidiary: $s);
limit 3;
fetch { ""name"": $o.name };"
923,Which organizations are based in a city that is also a county seat?,"MATCH (o:Organization)-[:IN_CITY]->(c:City)
WHERE c.summary CONTAINS ""county seat""
RETURN o.name AS organizationName, c.name AS cityName","match
$o isa organization;
$c isa city, has city_summary $s;
$s like "".*county seat.*"";
located_in (organization: $o, city: $c);
fetch {
  ""organizationName"": $o.name,
  ""cityName"": $c.city_name
};"
924,List the first 3 countries where organizations with over 500 employees are based.,"MATCH (o:Organization)-[:IN_CITY]->(c:City)-[:IN_COUNTRY]->(co:Country)
WHERE o.nbrEmployees > 500
RETURN DISTINCT co.name
LIMIT 3","match
$o isa organization, has nbr_employees $e;
$e > 500;
located_in (organization: $o, city: $c);
location-contains (parent: $co, child: $c);
$co isa country;
select $co;
distinct;
limit 3;
fetch {
  ""country_name"": $co.country_name
};"
925,What are the names of the first 3 organizations that have a CEO named Julie Spellman Sweet?,"MATCH (ceo:Person {name: ""Julie Spellman Sweet""})<-[:HAS_CEO]-(org:Organization)
RETURN org.name
LIMIT 3","match
$ceo isa person, has name ""Julie Spellman Sweet"";
ceo_of (ceo: $ceo, organization: $org);
limit 3;
fetch {
  ""name"": $org.name
};"
926,Who are the first 3 board members of organizations that have a revenue of over 1 million?,"MATCH (o:Organization)-[:HAS_BOARD_MEMBER]->(p:Person)
WHERE o.revenue > 1000000
RETURN p.name AS boardMember, o.name AS organization
LIMIT 3","match
$o isa organization, has revenue $r;
$r > 1000000.0;
$p isa person;
board_member_of (organization: $o, member: $p);
limit 3;
fetch {
  ""boardMember"": $p.name,
  ""organization"": $o.name
};"
927,Which organizations are mentioned in the most recent 5 articles by date?,"MATCH (a:Article)-[:MENTIONS]->(o:Organization)
WITH a, o
ORDER BY a.date DESC
LIMIT 5
RETURN o.name AS organization, a.date AS articleDate","match
$a isa article, has date $d;
$o isa organization, has name $n;
mentions (article: $a, mentioned: $o);
sort $d desc;
limit 5;
fetch {
  ""organization"": $n,
  ""articleDate"": $d
};"
928,List the first 3 organizations that have subsidiaries in more than one country.,"MATCH (org:Organization)-[:HAS_SUBSIDIARY]->(sub:Organization)-[:IN_CITY]->(city:City)-[:IN_COUNTRY]->(country:Country)
WITH org, COUNT(DISTINCT country) AS countryCount
WHERE countryCount > 1
RETURN org.name AS organizationName
ORDER BY org.name
LIMIT 3","match
$org isa organization, has name $org_name;
$sub isa organization;
$city isa city;
$country isa country;
subsidiary_of (parent: $org, subsidiary: $sub);
located_in (organization: $sub, city: $city);
location-contains (parent: $country, child: $city);
select $org, $org_name, $country;
distinct;
reduce $count = count($country) groupby $org, $org_name;
match $count > 1;
sort $org_name asc;
limit 3;
fetch { ""organizationName"": $org_name };"
929,Which organizations are headquartered in a city that is not the capital of its country?,"MATCH (org:Organization)-[:IN_CITY]->(city:City)-[:IN_COUNTRY]->(country:Country)
WHERE NOT EXISTS {
    MATCH (capitalCity:City)-[:IN_COUNTRY {isCapital: true}]->(country)
    WHERE city = capitalCity
}
RETURN org.name AS organizationName, city.name AS cityName, country.name AS countryName","match $o isa organization; $c isa city; $country isa country; (organization: $o, city: $c) isa located_in; (child: $c, parent: $country) isa location-contains; fetch { ""organization"": $o.name, ""city"": $c.city_name, ""country"": $country.country_name };"
930,Identify the first 3 organizations that have both a subsidiary and a supplier.,"MATCH (org:Organization)-[:HAS_SUBSIDIARY]->(:Organization),
      (org)-[:HAS_SUPPLIER]->(:Organization)
RETURN org.name
LIMIT 3","match
$org isa organization, has name $n;
subsidiary_of (parent: $org, subsidiary: $sub);
supplies (supplier: $sup, customer: $org);
limit 3;
fetch { ""name"": $n };"
931,What are the names of the first 3 CEOs of organizations that are not public?,"MATCH (o:Organization)-[:HAS_CEO]->(p:Person)
WHERE o.isPublic = false
RETURN p.name
LIMIT 3","match
$o isa organization, has is_public false;
ceo_of (organization: $o, ceo: $p);
limit 3;
fetch {
  ""name"": $p.name
};"
932,List the first 3 countries mentioned in articles related to consumer behavior.,"MATCH (a:Article)-[:HAS_CHUNK]->(c:Chunk)
WHERE c.text CONTAINS ""consumer behavior""
MATCH (a)-[:MENTIONS]->(o:Organization)-[:IN_CITY]->(ci:City)-[:IN_COUNTRY]->(co:Country)
RETURN DISTINCT co.name AS country
LIMIT 3","match
  $a isa article;
  has_chunk (article: $a, chunk: $c);
  $c has text $t;
  $t like "".*consumer behavior.*"";
  mentions (article: $a, mentioned: $o);
  $o isa organization;
  located_in (organization: $o, city: $ci);
  location-contains (parent: $co, child: $ci);
  $co isa country, has country_name $cn;
select $cn;
distinct;
limit 3;
fetch { ""country"": $cn };"
933,What are the names of the first 3 'Electronic Products Manufacturers' with a revenue of over 500 million?,"MATCH (o:Organization)-[:HAS_CATEGORY]->(c:IndustryCategory {name: ""Electronic Products Manufacturers""})
WHERE o.revenue > 500000000
RETURN o.name
ORDER BY o.revenue DESC
LIMIT 3","match
$o isa organization, has revenue $r, has name $n;
$c isa industry_category, has industry_category_name ""Electronic Products Manufacturers"";
in_category (organization: $o, category: $c);
$r > 500000000;
sort $r desc;
limit 3;
fetch { ""name"": $n };"
934,Who are the first 3 people who have both parent and child relationships in the database?,"MATCH (p:Person)-[:HAS_PARENT]->(:Person), (p)-[:HAS_CHILD]->(:Person)
RETURN p.name, p.id, p.summary
LIMIT 3","match
$p isa person;
parent_of (parent: $parent, child: $p);
parent_of (parent: $p, child: $child);
limit 3;
fetch {
  ""name"": $p.name,
  ""id"": $p.person_id,
  ""summary"": $p.summary
};"
935,List the articles that mention organizations with the most employees.,"MATCH (o:Organization)
WITH o, o.nbrEmployees AS employees
ORDER BY employees DESC
LIMIT 1
MATCH (a:Article)-[:MENTIONS]->(o)
RETURN a.title AS title, a.date AS date, a.author AS author, a.summary AS summary","match
$o isa organization, has nbr_employees $max_emp;
not {
  $o2 isa organization, has nbr_employees $emp2;
  $emp2 > $max_emp;
};
$a isa article, has title $t, has date $d, has author $auth, has article_summary $sum;
mentions (article: $a, mentioned: $o);
fetch {
  ""title"": $t,
  ""date"": $d,
  ""author"": $auth,
  ""summary"": $sum
};"
936,Identify the first 3 organizations that have a public status and are mentioned in articles with a negative sentiment.,"MATCH (o:Organization)-[:MENTIONS]-(a:Article)
WHERE o.isPublic = true AND a.sentiment < 0
RETURN o.name, a.title, a.sentiment
ORDER BY a.sentiment ASC
LIMIT 3","match
$o isa organization, has is_public true, has name $name;
$a isa article, has title $title, has sentiment $sentiment;
mentions (article: $a, mentioned: $o);
$sentiment < 0;
sort $sentiment asc;
limit 3;
fetch {
  ""name"": $name,
  ""title"": $title,
  ""sentiment"": $sentiment
};"
937,What are the first 5 articles that mention organizations based in the United States?,"MATCH (org:Organization)-[:IN_CITY]->(city:City)-[:IN_COUNTRY]->(country:Country {name: ""United States of America""})
MATCH (article:Article)-[:MENTIONS]->(org)
RETURN article.title, article.date, article.author, article.siteName
ORDER BY article.date ASC
LIMIT 5","match
$country isa country, has country_name ""United States of America"";
location-contains (parent: $country, child: $city);
$city isa city;
located_in (organization: $org, city: $city);
$org isa organization;
mentions (article: $article, mentioned: $org);
$article has date $d;
sort $d asc;
limit 5;
fetch {
  ""title"": $article.title,
  ""date"": $d,
  ""author"": $article.author,
  ""siteName"": $article.site_name
};"
938,List the top 5 organizations where the number of employees is greater than 1000.,"MATCH (o:Organization)
WHERE o.nbrEmployees > 1000
RETURN o.name, o.nbrEmployees
ORDER BY o.nbrEmployees DESC
LIMIT 5","match
$o isa organization, has nbr_employees $n;
$n > 1000;
sort $n desc;
limit 5;
fetch {
  ""name"": $o.name,
  ""nbr_employees"": $n
};"
939,Which organizations have SAP as a competitor?,"MATCH (sap:Organization {name: ""SAP""})<-[:HAS_COMPETITOR]-(competitor:Organization)
RETURN competitor.name","match
$sap isa organization, has name ""SAP"";
$org isa organization;
competes_with (competitor: $sap, competitor: $org);
fetch {
  ""name"": $org.name
};"
940,List the first 3 organizations categorized under 'Electronic Products Manufacturers'.,"MATCH (o:Organization)-[:HAS_CATEGORY]->(c:IndustryCategory {name: ""Electronic Products Manufacturers""})
RETURN o.name AS organizationName
LIMIT 3","match
$o isa organization;
$c isa industry_category, has industry_category_name ""Electronic Products Manufacturers"";
in_category (organization: $o, category: $c);
limit 3;
fetch { ""organizationName"": $o.name };"
941,Which organizations have more than 5 board members?,"MATCH (o:Organization)-[:HAS_BOARD_MEMBER]->(p:Person)
WITH o, COUNT(p) AS boardMemberCount
WHERE boardMemberCount > 5
RETURN o.name AS organizationName, boardMemberCount","match
$o isa organization;
board_member_of (organization: $o, member: $p);
reduce $count = count($p) groupby $o;
match $count > 5;
fetch {
  ""organizationName"": $o.name,
  ""boardMemberCount"": $count
};"
942,Identify the organizations that have been mentioned in articles about innovation.,"MATCH (a:Article)-[:MENTIONS]->(o:Organization)
WHERE a.title CONTAINS ""innovation"" OR a.summary CONTAINS ""innovation""
RETURN DISTINCT o.name AS organizationName","match
$a isa article;
$o isa organization;
mentions (article: $a, mentioned: $o);
{ $a has title $t; $t like "".*innovation.*""; } or { $a has article_summary $s; $s like "".*innovation.*""; };
$o has name $name;
select $name;
distinct;
fetch { ""organizationName"": $name };"
943,List the organizations that have a CEO named 'Julie Spellman Sweet'.,"MATCH (ceo:Person {name: ""Julie Spellman Sweet""})<-[:HAS_CEO]-(org:Organization)
RETURN org.name","match
$ceo isa person, has name ""Julie Spellman Sweet"";
ceo_of (ceo: $ceo, organization: $org);
$org isa organization;
fetch {
  ""name"": $org.name
};"
944,Which organizations are based in a country other than their CEO's nationality?,"MATCH (org:Organization)-[:HAS_CEO]->(ceo:Person),
      (org)-[:IN_CITY]->(city:City)-[:IN_COUNTRY]->(orgCountry:Country),
      (ceo)-[:HAS_NATIONALITY]->(ceoCountry:Country)
WHERE orgCountry.id <> ceoCountry.id
RETURN org.name AS Organization, orgCountry.name AS OrganizationCountry, ceo.name AS CEO, ceoCountry.name AS CEOCountry","match
  $o isa organization;
  $ceo isa person;
  $country isa country;
  $parent isa person;
  (organization: $o, ceo: $ceo) isa ceo_of;
  $city isa city; (organization: $o, city: $city) isa located_in;
(child: $city, parent: $country) isa location-contains; (parent: $ceo, child: $parent) isa parent_of; fetch { ""organization"": $o.name, ""ceo"": $ceo.name, ""country"": $country.country_name };"
945,Name the organizations that have made the most investments in startups.,"MATCH (o:Organization)-[:HAS_INVESTOR]->(startup:Organization)
WITH o, COUNT(startup) AS investmentCount
ORDER BY investmentCount DESC
RETURN o.name AS organizationName, investmentCount
LIMIT 10","match
$o isa organization;
$startup isa organization;
invested_in (organization: $startup, investor: $o);
reduce $count = count($startup) groupby $o;
sort $count desc;
limit 10;
fetch {
  ""organizationName"": $o.name,
  ""investmentCount"": $count
};"
946,List the cities where the most CEOs of large organizations reside.,"MATCH (o:Organization)-[:HAS_CEO]->(p:Person),
      (o)-[:IN_CITY]->(c:City)
WHERE o.nbrEmployees > 1000
WITH c, count(p) AS ceo_count
RETURN c.name AS city, ceo_count
ORDER BY ceo_count DESC
LIMIT 10","match
$o isa organization, has nbr_employees $n;
$n > 1000;
$c isa city, has city_name $cn;
ceo_of (organization: $o, ceo: $p);
located_in (organization: $o, city: $c);
reduce $ceo_count = count($p) groupby $c, $cn;
sort $ceo_count desc;
limit 10;
fetch { ""city"": $cn, ""ceo_count"": $ceo_count };"
947,Which organizations have the most positive sentiment articles mentioning them?,"MATCH (o:Organization)<-[:MENTIONS]-(a:Article)
WITH o, AVG(a.sentiment) AS avgSentiment
ORDER BY avgSentiment DESC
RETURN o.name AS organizationName, avgSentiment
LIMIT 10","match
$o isa organization;
$a isa article, has sentiment $s;
mentions (article: $a, mentioned: $o);
reduce $avgSentiment = mean($s) groupby $o;
sort $avgSentiment desc;
limit 10;
fetch {
  ""organizationName"": $o.name,
  ""avgSentiment"": $avgSentiment
};"
948,Name the organizations that have been mentioned in articles about financial fraud.,"MATCH (a:Article)-[:HAS_CHUNK]->(c:Chunk)
WHERE c.text CONTAINS ""financial fraud""
MATCH (a)-[:MENTIONS]->(o:Organization)
RETURN DISTINCT o.name","match
$a isa article;
$c isa chunk, has text $t;
$t like "".*financial fraud.*"";
has_chunk (article: $a, chunk: $c);
$o isa organization;
mentions (article: $a, mentioned: $o);
select $o;
distinct;
fetch {
  ""name"": $o.name
};"
949,List the organizations that have a subsidiary and a supplier in the same country.,"MATCH (org:Organization)-[:HAS_SUBSIDIARY]->(sub:Organization),
      (org)-[:HAS_SUPPLIER]->(sup:Organization),
      (org)-[:IN_CITY]->(city:City)-[:IN_COUNTRY]->(country:Country),
      (sub)-[:IN_CITY]->(subCity:City)-[:IN_COUNTRY]->(country),
      (sup)-[:IN_CITY]->(supCity:City)-[:IN_COUNTRY]->(country)
RETURN DISTINCT org.name AS OrganizationName, country.name AS CountryName","match
$org isa organization, has name $org_name;
$sub isa organization;
$sup isa organization;
$country isa country, has country_name $country_name;
$city1 isa city;
$city2 isa city;
$city3 isa city;
subsidiary_of (parent: $org, subsidiary: $sub);
supplies (supplier: $sup, customer: $org);
located_in (organization: $org, city: $city1);
located_in (organization: $sub, city: $city2);
located_in (organization: $sup, city: $city3);
location-contains (parent: $country, child: $city1);
location-contains (parent: $country, child: $city2);
location-contains (parent: $country, child: $city3);
select $org_name, $country_name;
distinct;
fetch {
  ""OrganizationName"": $org_name,
  ""CountryName"": $country_name
};"
950,Which organizations have the most diverse board of directors?,"MATCH (o:Organization)-[:HAS_BOARD_MEMBER]->(p:Person)
WITH o, count(p) as boardMembers
ORDER BY boardMembers DESC
RETURN o.name AS organization, boardMembers
LIMIT 1","match
$o isa organization;
board_member_of (organization: $o, member: $p);
reduce $boardMembers = count($p) groupby $o;
sort $boardMembers desc;
limit 1;
fetch {
  ""organization"": $o.name,
  ""boardMembers"": $boardMembers
};"
951,Identify the organizations that have been mentioned in the most articles about technology.,"MATCH (o:Organization)<-[:MENTIONS]-(a:Article)-[:HAS_CHUNK]->(c:Chunk)
WHERE c.text CONTAINS ""technology""
WITH o, COUNT(a) AS articleCount
ORDER BY articleCount DESC
RETURN o.name AS organizationName, articleCount
LIMIT 1","match
$o isa organization;
$a isa article;
$c isa chunk, has text $t;
$t like "".*technology.*"";
mentions (article: $a, mentioned: $o);
has_chunk (article: $a, chunk: $c);
reduce $articleCount = count($a) groupby $o;
sort $articleCount desc;
limit 1;
fetch {
  ""organizationName"": $o.name,
  ""articleCount"": $articleCount
};"
952,List the organizations that are mentioned in articles with a sentiment score of exactly 0.5.,"MATCH (a:Article)-[:MENTIONS]->(o:Organization)
WHERE a.sentiment = 0.5
RETURN o.name","match
$a isa article, has sentiment 0.5;
$o isa organization;
mentions (article: $a, mentioned: $o);
fetch {
  ""name"": $o.name
};"
953,List the organizations that have the most negative sentiment articles mentioning them.,"MATCH (o:Organization)<-[:MENTIONS]-(a:Article)
WITH o, AVG(a.sentiment) AS avgSentiment
ORDER BY avgSentiment ASC
LIMIT 10
RETURN o.name AS organizationName, avgSentiment","match
$o isa organization;
$a isa article, has sentiment $s;
mentions (article: $a, mentioned: $o);
reduce $avg_sentiment = mean($s) groupby $o;
sort $avg_sentiment;
limit 10;
fetch {
  ""organizationName"": $o.name,
  ""avgSentiment"": $avg_sentiment
};"
954,Who are the top 3 investors in the tech industry?,"MATCH (o:Organization)-[:HAS_CATEGORY]->(ic:IndustryCategory {name: ""Technology""}), 
      (o)-[:HAS_INVESTOR]->(investor)
RETURN investor.name AS Investor, COUNT(o) AS InvestmentCount
ORDER BY InvestmentCount DESC
LIMIT 3","match
$ic isa industry_category, has industry_category_name ""Technology"";
$o isa organization;
in_category (organization: $o, category: $ic);
invested_in (organization: $o, investor: $inv);
$inv has name $investor_name;
reduce $count = count($o) groupby $inv, $investor_name;
sort $count desc;
limit 3;
fetch { ""Investor"": $investor_name, ""InvestmentCount"": $count };"
955,Which organizations have a CEO who has authored more than one article?,"MATCH (org:Organization)-[:HAS_CEO]->(ceo:Person)
WITH org, ceo
MATCH (ceo)<-[:HAS_AUTHOR]-(article:Article)
WITH org, ceo, COUNT(article) AS articleCount
WHERE articleCount > 1
RETURN org.name AS organizationName, ceo.name AS ceoName, articleCount","match
  $org isa organization;
  $ceo isa person, has name $ceo_name;
  ceo_of (organization: $org, ceo: $ceo);
  $article isa article, has author $author_name;
  $ceo_name == $author_name;
reduce $article_count = count($article) groupby $org, $ceo_name;
match $article_count > 1;
$org has name $org_name;
fetch { ""organizationName"": $org_name, ""ceoName"": $ceo_name, ""articleCount"": $article_count };"
956,What are the names of the first 5 people who are board members of more than one organization?,"MATCH (p:Person)-[:HAS_BOARD_MEMBER]->(o:Organization)
WITH p, COUNT(o) AS orgCount
WHERE orgCount > 1
RETURN p.name
LIMIT 5","match
$p isa person, has name $n;
board_member_of (member: $p, organization: $o);
reduce $count = count($o) groupby $p, $n;
match $count > 1;
limit 5;
fetch { ""name"": $n };"
957,Identify the first 3 cities where organizations with more than 1000 employees are located.,"MATCH (o:Organization)-[:IN_CITY]->(c:City)
WHERE o.nbrEmployees > 1000
RETURN DISTINCT c.name
ORDER BY c.name
LIMIT 3","match
$o isa organization, has nbr_employees $e;
$e > 1000;
$c isa city, has city_name $name;
located_in (organization: $o, city: $c);
select $name;
distinct;
sort $name;
limit 3;
fetch { ""name"": $name };"
958,What are the names of the first 3 organizations that have a motto?,"MATCH (o:Organization)
WHERE o.motto IS NOT NULL AND o.motto <> """"
RETURN o.name
LIMIT 3","match
$o isa organization, has motto $m;
$m != """";
limit 3;
fetch {
  ""name"": $o.name
};"
959,Name the top 3 organizations by revenue in the 'Technology' category.,"MATCH (org:Organization)-[:HAS_CATEGORY]->(cat:IndustryCategory {name: ""Technology""})
RETURN org.name AS organization, org.revenue AS revenue
ORDER BY org.revenue DESC
LIMIT 3","match
$org isa organization, has name $org_name, has revenue $rev;
$cat isa industry_category, has industry_category_name ""Technology"";
in_category (organization: $org, category: $cat);
sort $rev desc;
limit 3;
fetch {
  ""organization"": $org_name,
  ""revenue"": $rev
};"
960,Which organizations are located in Seattle?,"MATCH (o:Organization)-[:IN_CITY]->(c:City {name: ""Seattle""})
RETURN o.name","match
$o isa organization;
$c isa city, has city_name ""Seattle"";
located_in (organization: $o, city: $c);
fetch {
  ""name"": $o.name
};"
961,List the top 5 organizations with the highest revenue.,"MATCH (o:Organization)
RETURN o.name, o.revenue
ORDER BY o.revenue DESC
LIMIT 5","match
$o isa organization, has revenue $r;
sort $r desc;
limit 5;
fetch {
  ""name"": $o.name,
  ""revenue"": $r
};"
962,What are the names of the first 3 organizations that have been dissolved?,"MATCH (o:Organization)
WHERE o.isDissolved = true
RETURN o.name
ORDER BY o.name
LIMIT 3","match
$o isa organization, has is_dissolved true, has name $n;
sort $n;
limit 3;
fetch {
  ""name"": $n
};"
963,Who are the CEOs of the top 3 public organizations by number of employees?,"MATCH (o:Organization)-[:HAS_CEO]->(ceo:Person)
WHERE o.isPublic = true
RETURN ceo.name AS CEO, o.name AS Organization, o.nbrEmployees AS NumberOfEmployees
ORDER BY o.nbrEmployees DESC
LIMIT 3","match
$o isa organization, has is_public true, has nbr_employees $n, has name $org_name;
ceo_of (organization: $o, ceo: $ceo);
$ceo has name $ceo_name;
sort $n desc;
limit 3;
fetch {
  ""CEO"": $ceo_name,
  ""Organization"": $org_name,
  ""NumberOfEmployees"": $n
};"
964,Which organizations have been mentioned in articles about corporate social responsibility?,"MATCH (a:Article)-[:HAS_CHUNK]->(c:Chunk)
WHERE c.text CONTAINS ""corporate social responsibility""
MATCH (a)-[:MENTIONS]->(o:Organization)
RETURN DISTINCT o.name","match
$a isa article;
$c isa chunk, has text $t;
$t like "".*corporate social responsibility.*"";
has_chunk (article: $a, chunk: $c);
$o isa organization;
mentions (article: $a, mentioned: $o);
select $o;
distinct;
fetch { ""name"": $o.name };"
965,List the top 5 organizations by number of articles mentioning them.,"MATCH (o:Organization)<-[:MENTIONS]-(a:Article)
WITH o, COUNT(a) AS articleCount
ORDER BY articleCount DESC
LIMIT 5
RETURN o.name AS organizationName, articleCount","match
$o isa organization;
$a isa article;
mentions (article: $a, mentioned: $o);
reduce $articleCount = count($a) groupby $o;
sort $articleCount desc;
limit 5;
fetch {
  ""organizationName"": $o.name,
  ""articleCount"": $articleCount
};"
