original_index,question,cypher,typeql
0,What are the top 5 movies with a runtime greater than 120 minutes?,"MATCH (m:Movie)
WHERE m.runtime > 120
RETURN m.title, m.runtime
ORDER BY m.runtime DESC
LIMIT 5","match
$m isa movie, has runtime $r;
$r > 120;
sort $r desc;
limit 5;
fetch {
  ""title"": $m.title,
  ""runtime"": $r
};"
1,List the first 3 genres with movies having an average IMDb rating under 5.,"MATCH (m:Movie)-[:IN_GENRE]->(g:Genre)
WHERE m.imdbRating < 5
WITH g.name AS genre, avg(m.imdbRating) AS avgRating
ORDER BY avgRating ASC
LIMIT 3
RETURN genre, avgRating","match
$m isa movie, has imdb_rating $ir;
$ir < 5.0;
$g isa genre;
in_genre (film: $m, genre: $g);
reduce $avg_rating = mean($ir) groupby $g;
sort $avg_rating asc;
limit 3;
fetch {
  ""genre"": $g.name,
  ""avgRating"": $avg_rating
};"
2,List the first 5 directors who have a biography listed in their profile.,"MATCH (d:Director)
WHERE d.bio IS NOT NULL
RETURN d.name, d.bio
LIMIT 5","match
$d isa person, has bio $b;
directed (director: $d);
limit 5;
fetch {
  ""name"": $d.name,
  ""bio"": $b
};"
3,Show the top 5 actors who have acted in movies with at least three different directors.,"MATCH (a:Actor)-[:ACTED_IN]->(m:Movie)<-[:DIRECTED]-(d:Director)
WITH a, m, COUNT(DISTINCT d) AS directorCount
WHERE directorCount >= 3
RETURN a.name AS actorName, directorCount
ORDER BY directorCount DESC
LIMIT 5","match
  $a isa person;
  acted_in (actor: $a, film: $m);
  $d isa person;
  directed (director: $d, film: $m);
select $a, $m, $d;
distinct;
reduce $directorCount = count($d) groupby $a, $m;
match
  $directorCount >= 3;
sort $directorCount desc;
limit 5;
fetch {
  ""actorName"": $a.name,
  ""directorCount"": $directorCount
};"
4,List the first 5 movies that have been directed by women.,"MATCH (d:Director)-[:DIRECTED]->(m:Movie)
WHERE d.bornIn = ""Female""
RETURN m.title AS MovieTitle, d.name AS DirectorName
LIMIT 5","match
$d isa person, has gender ""female"", has name $dn;
$m isa movie, has title $mt;
directed (director: $d, film: $m);
limit 5;
fetch {
  ""MovieTitle"": $mt,
  ""DirectorName"": $dn
};"
5,Which 3 actors have the most roles listed in their ACTED_IN relationships?,"MATCH (a:Actor)-[r:ACTED_IN]->(m:Movie)
WITH a, count(r) AS roles
ORDER BY roles DESC
LIMIT 3
RETURN a.name AS actorName, roles","match
$a isa person;
$rel isa acted_in (actor: $a, film: $m);
reduce $roles = count($rel) groupby $a;
sort $roles desc;
limit 3;
fetch { ""actorName"": $a.name, ""roles"": $roles };"
6,What are the first 3 movies that have been rated 10 times or more?,"MATCH (m:Movie)<-[:RATED]-(u:User)
WITH m, COUNT(u) AS ratingCount
WHERE ratingCount >= 10
RETURN m.title AS movieTitle, ratingCount
ORDER BY ratingCount DESC
LIMIT 3","match
$m isa movie;
rated (user: $u, film: $m);
reduce $ratingCount = count($u) groupby $m;
match
$ratingCount >= 10;
sort $ratingCount desc;
limit 3;
fetch {
  ""movieTitle"": $m.title,
  ""ratingCount"": $ratingCount
};"
7,List the top 5 genres of movies with the most language diversity.,"MATCH (m:Movie)-[:IN_GENRE]->(g:Genre)
WITH g.name AS genre, size(m.languages) AS languageCount
RETURN genre, sum(languageCount) AS totalLanguages
ORDER BY totalLanguages DESC
LIMIT 5","with fun language_count($m: movie) -> integer:
  match $m has languages $l;
  return count;

match
$m isa movie;
in_genre (film: $m, genre: $g);
let $lang_count = language_count($m);
reduce $avg_langs = mean($lang_count) groupby $g;
sort $avg_langs desc;
limit 5;
fetch { ""genre"": $g.name, ""avgLanguages"": $avg_langs };"
8,Show the first 3 actors who starred in a movie with a budget over 200 million USD.,"MATCH (a:Actor)-[:ACTED_IN]->(m:Movie)
WHERE m.budget > 200000000
RETURN a.name AS ActorName, m.title AS MovieTitle, m.budget AS Budget
LIMIT 3","match
$a isa person, has name $name;
$m isa movie, has title $title, has budget $budget;
$budget > 200000000;
acted_in (actor: $a, film: $m);
limit 3;
fetch {
  ""ActorName"": $name,
  ""MovieTitle"": $title,
  ""Budget"": $budget
};"
9,Which 5 directors have directed movies with the highest average imdbRating?,"MATCH (d:Director)-[:DIRECTED]->(m:Movie)
WITH d, avg(m.imdbRating) AS avgRating
ORDER BY avgRating DESC
LIMIT 5
RETURN d.name AS Director, avgRating AS AverageRating","match
$d isa person;
directed (director: $d, film: $m);
$m has imdb_rating $r;
reduce $avg = mean($r) groupby $d;
sort $avg desc;
limit 5;
fetch {
  ""Director"": $d.name,
  ""AverageRating"": $avg
};"
10,What are the top 3 movies with the most significant difference between budget and revenue?,"MATCH (m:Movie)
WITH m, m.revenue - m.budget AS profit
ORDER BY profit DESC
LIMIT 3
RETURN m.title AS title, m.budget AS budget, m.revenue AS revenue, profit","match
$m isa movie, has title $title, has budget $budget, has revenue $revenue;
let $profit = $revenue - $budget;
sort $profit desc;
limit 3;
fetch {
  ""title"": $title,
  ""budget"": $budget,
  ""revenue"": $revenue,
  ""profit"": $profit
};"
11,Which 3 movies have the lowest imdbVotes but a rating higher than 7.0?,"MATCH (m:Movie)
WHERE m.imdbRating > 7.0
RETURN m.title, m.imdbVotes
ORDER BY m.imdbVotes ASC
LIMIT 3","match
$m isa movie, has imdb_rating $r, has imdb_votes $v;
$r > 7.0;
sort $v asc;
limit 3;
fetch {
  ""title"": $m.title,
  ""imdbVotes"": $v
};"
12,List the top 5 users who have rated the most movies released before 2000.,"MATCH (u:User)-[r:RATED]->(m:Movie)
WHERE m.year < 2000
WITH u, COUNT(r) AS numRatings
ORDER BY numRatings DESC
LIMIT 5
RETURN u.name AS userName, numRatings","match
$u isa user;
$m isa movie, has year $y;
$y < 2000;
$r isa rated (user: $u, film: $m);
reduce $numRatings = count($r) groupby $u;
sort $numRatings desc;
limit 5;
fetch {
  ""userName"": $u.name,
  ""numRatings"": $numRatings
};"
13,Show the first 3 movies that feature an actor from France.,"MATCH (a:Actor)-[:ACTED_IN]->(m:Movie)
WHERE a.bornIn = ""France""
RETURN m.title AS MovieTitle, m.year AS ReleaseYear
ORDER BY m.year
LIMIT 3","match
$a isa person, has born_in ""France"";
acted_in (actor: $a, film: $m);
$m isa movie, has year $y;
sort $y asc;
limit 3;
fetch {
  ""MovieTitle"": $m.title,
  ""ReleaseYear"": $y
};"
14,Which 5 movies have been released in the most number of countries?,"MATCH (m:Movie)
RETURN m.title AS title, size(m.countries) AS country_count
ORDER BY country_count DESC
LIMIT 5","with fun country_count($m: movie) -> integer:
  match $m has countries $c;
  return count;

match
$m isa movie;
let $ctry_count = country_count($m);
$ctry_count > 0;
sort $ctry_count desc;
limit 5;
fetch { ""title"": $m.title, ""numCountries"": $ctry_count };"
15,What are the top 3 genres of movies that have a budget less than 50 million USD?,"MATCH (m:Movie)-[:IN_GENRE]->(g:Genre)
WHERE m.budget < 50000000
RETURN g.name AS genre, COUNT(m) AS movie_count
ORDER BY movie_count DESC
LIMIT 3","match
  $m isa movie, has budget $b;
  $g isa genre;
  in_genre (film: $m, genre: $g);
  $b < 50000000;
reduce $movie_count = count($m) groupby $g;
sort $movie_count desc;
limit 3;
fetch { ""genre"": $g.name, ""movie_count"": $movie_count };"
16,List the top 5 movies with a plot involving a 'young boy' or 'orphan'.,"MATCH (m:Movie)
WHERE m.plot CONTAINS 'young boy' OR m.plot CONTAINS 'orphan'
RETURN m.title, m.plot, m.imdbRating
ORDER BY m.imdbRating DESC
LIMIT 5","match
$m isa movie, has imdb_rating $rating;
{ $m has plot $p; $p like "".*young boy.*""; } or { $m has plot $p; $p like "".*orphan.*""; };
sort $rating desc;
limit 5;
fetch {
  ""title"": $m.title,
  ""plot"": $m.plot,
  ""imdb_rating"": $rating
};"
17,Show the first 3 movies that have been rated by the youngest users.,"MATCH (u:User)-[r:RATED]->(m:Movie)
WITH u, r, m
ORDER BY u.userId ASC
RETURN m.title AS MovieTitle, u.name AS UserName, r.rating AS Rating
LIMIT 3","match
$u isa user, has age $a;
$m isa movie;
$r isa rated (user: $u, film: $m);
$r has rating $rating;
sort $a asc;
limit 3;
fetch {
  ""MovieTitle"": $m.title,
  ""UserName"": $u.name,
  ""Rating"": $rating
};"
18,Which 5 actors have acted in the most commercially successful movies (highest revenue)?,"MATCH (a:Actor)-[:ACTED_IN]->(m:Movie)
WITH a, m
ORDER BY m.revenue DESC
WITH a, collect(m) AS movies, sum(m.revenue) AS totalRevenue
ORDER BY totalRevenue DESC
LIMIT 5
RETURN a.name AS actorName, totalRevenue, [movie IN movies | movie.title] AS movies","match
$a isa person;
acted_in (actor: $a, film: $m);
$m has revenue $r;
reduce $total_revenue = sum($r) groupby $a;
sort $total_revenue desc;
limit 5;
fetch { ""actor_name"": $a.name, ""total_revenue"": $total_revenue };"
19,What are the top 3 movies with the longest runtime?,"MATCH (m:Movie)
RETURN m.title, m.runtime
ORDER BY m.runtime DESC
LIMIT 3","match
$m isa movie, has runtime $r;
sort $r desc;
limit 3;
fetch {
  ""title"": $m.title,
  ""runtime"": $r
};"
20,List the first 5 actors who have acted in movies directed by a director born in Nebraska.,"MATCH (d:Director)-[:DIRECTED]->(m:Movie)<-[:ACTED_IN]-(a:Actor)
WHERE d.bornIn CONTAINS ""Nebraska""
RETURN DISTINCT a.name
LIMIT 5","match
$d isa person, has born_in $bi;
$bi like "".*Nebraska.*"";
directed (director: $d, film: $m);
acted_in (actor: $a, film: $m);
$a has name $name;
select $name;
distinct;
sort $name;
limit 5;
fetch {
  ""name"": $name
};"
21,Which 5 actors were born in the USA and have acted in at least two movies?,"MATCH (a:Actor)-[:ACTED_IN]->(m:Movie)
WHERE a.bornIn = ""USA""
WITH a, COUNT(m) AS movieCount
WHERE movieCount >= 2
RETURN a.name AS actorName, movieCount
ORDER BY movieCount DESC
LIMIT 5","match
$a isa person, has born_in ""USA"";
acted_in (actor: $a, film: $m);
reduce $movie_count = count($m) groupby $a;
match
$movie_count >= 2;
sort $movie_count desc;
limit 5;
fetch {
  ""actorName"": $a.name,
  ""movieCount"": $movie_count
};"
22,Show the first 3 movies that have a poster URL and were released after 2010.,"MATCH (m:Movie)
WHERE m.poster IS NOT NULL AND m.released > ""2010-01-01""
RETURN m.title, m.poster, m.released
ORDER BY m.released
LIMIT 3","match
$m isa movie, has poster $poster, has released $r, has title $t;
$r > ""2010-01-01"";
sort $r asc;
limit 3;
fetch {
  ""title"": $t,
  ""poster"": $poster,
  ""released"": $r
};"
23,List the top 5 movies that have been rated the most number of times.,"MATCH (:User)-[r:RATED]->(m:Movie)
WITH m, COUNT(r) AS numRatings
ORDER BY numRatings DESC
LIMIT 5
RETURN m.title AS title, numRatings","match
$m isa movie;
$r isa rated (user: $u, film: $m);
reduce $numRatings = count($r) groupby $m;
sort $numRatings desc;
limit 5;
fetch {
  ""title"": $m.title,
  ""numRatings"": $numRatings
};"
24,What are the first 3 movies with the highest number of genres associated?,"MATCH (m:Movie)-[:IN_GENRE]->(g:Genre)
WITH m, COUNT(g) AS genreCount
ORDER BY genreCount DESC
LIMIT 3
RETURN m.title AS MovieTitle, genreCount","match
$m isa movie;
$g isa genre;
in_genre (film: $m, genre: $g);
reduce $genreCount = count($g) groupby $m;
sort $genreCount desc;
limit 3;
fetch {
  ""MovieTitle"": $m.title,
  ""genreCount"": $genreCount
};"
25,List the top 5 highest-rated movies by users named 'John'.,"MATCH (u:User {name: 'John'})-[:RATED]->(m:Movie)
WITH m, avg(u.rating) AS avgRating
ORDER BY avgRating DESC
LIMIT 5
RETURN m.title AS title, avgRating","match
$u isa user, has name ""John"";
$rel isa rated (user: $u, film: $m);
$rel has rating $r;
reduce $avg_rating = mean($r) groupby $m;
sort $avg_rating desc;
limit 5;
fetch {
  ""title"": $m.title,
  ""avgRating"": $avg_rating
};"
26,Show the first 3 genres that have movies with both an English and French language option.,"MATCH (m:Movie)-[:IN_GENRE]->(g:Genre)
WHERE ""English"" IN m.languages AND ""French"" IN m.languages
RETURN DISTINCT g.name
LIMIT 3","match
$m isa movie, has languages $l;
$l like "".*English.*"";
$l like "".*French.*"";
in_genre (film: $m, genre: $g);
$g has name $n;
select $n;
distinct;
limit 3;
fetch { ""name"": $n };"
27,Which 5 directors have the most movies released in the 2000s?,"MATCH (d:Director)-[:DIRECTED]->(m:Movie)
WHERE m.year >= 2000 AND m.year < 2010
RETURN d.name, COUNT(m) AS movieCount
ORDER BY movieCount DESC
LIMIT 5","match
$d isa person;
$m isa movie, has year $y;
directed (director: $d, film: $m);
$y >= 2000;
$y < 2010;
reduce $count = count($m) groupby $d;
sort $count desc;
limit 5;
fetch { ""name"": $d.name, ""movieCount"": $count };"
28,What are the top 3 movies based on the number of different languages they have been released in?,"MATCH (m:Movie)
RETURN m.title AS title, size(m.languages) AS languageCount
ORDER BY languageCount DESC
LIMIT 3","with fun language_count($m: movie) -> integer:
  match $m has languages $l;
  return count;

match
$m isa movie;
let $lang_count = language_count($m);
$lang_count > 0;
sort $lang_count desc;
limit 3;
fetch { ""title"": $m.title, ""languageCount"": $lang_count };"
30,Which 3 movies have been rated by the oldest users in terms of account creation date?,"MATCH (u:User)-[r:RATED]->(m:Movie)
WITH u, r, m
ORDER BY u.timestamp ASC
WITH u, collect(m) AS movies
LIMIT 3
UNWIND movies AS movie
RETURN DISTINCT movie.title AS MovieTitle, movie.released AS ReleaseDate
LIMIT 3","match
$u isa user;
$m isa movie;
$r isa rated (user: $u, film: $m);
$r has timestamp $t;
sort $t asc;
limit 3;
fetch {
  ""MovieTitle"": $m.title,
  ""ReleaseDate"": $m.released
};"
31,Show the top 5 genres of movies that have a runtime of exactly 90 minutes.,"MATCH (m:Movie)-[:IN_GENRE]->(g:Genre)
WHERE m.runtime = 90
RETURN g.name AS genre, COUNT(m) AS movieCount
ORDER BY movieCount DESC
LIMIT 5","match
$m isa movie, has runtime 90;
$g isa genre;
in_genre (film: $m, genre: $g);
reduce $count = count($m) groupby $g;
sort $count desc;
limit 5;
fetch {
  ""genre"": $g.name,
  ""movieCount"": $count
};"
32,List the first 5 actors who were born and died in the same country.,"MATCH (a:Actor)
WHERE a.bornIn IS NOT NULL AND a.died IS NOT NULL AND a.bornIn = a.died
RETURN a.name, a.bornIn
LIMIT 5","match
$a isa person, has born_in $bi, has died_in $di;
$bi == $di;
acted_in (actor: $a);
select $a, $bi;
distinct;
limit 5;
fetch {
  ""name"": $a.name,
  ""born_in"": $bi
};"
33,Which 3 directors have the longest bios in the database?,"MATCH (d:Director)
RETURN d.name, d.bio
ORDER BY size(d.bio) DESC
LIMIT 3","match
$d isa person, has bio $b, has name $n;
directed (director: $d);
let $len = len($b);
sort $len desc;
limit 3;
fetch {
  ""name"": $n,
  ""bio"": $b
};"
34,What are the first 3 movies that have a tmdbId and an imdbId listed?,"MATCH (m:Movie)
WHERE m.tmdbId IS NOT NULL AND m.imdbId IS NOT NULL
RETURN m.title, m.tmdbId, m.imdbId
LIMIT 3","match
$m isa movie, has tmdb_id $tid, has imdb_id $iid;
limit 3;
fetch {
  ""title"": $m.title,
  ""tmdbId"": $tid,
  ""imdbId"": $iid
};"
35,List the top 5 movies that have been rated by users from more than 5 different countries.,"MATCH (m:Movie)<-[:RATED]-(u:User)
WITH m, collect(DISTINCT u.userId) AS users
WHERE size(users) > 5
RETURN m.title AS MovieTitle, size(users) AS NumberOfUsers
ORDER BY NumberOfUsers DESC
LIMIT 5","match
$m isa movie;
rated (user: $u, film: $m);
$u isa user;
located_in (resident: $u, country: $c);
$c has name $cn;
select $m, $cn;
distinct;
reduce $country_count = count groupby $m;
match $country_count > 5;
$m has title $t;
sort $country_count desc;
limit 5;
fetch { ""MovieTitle"": $t, ""NumberOfCountries"": $country_count };"
36,Show the first 3 actors who have directed a movie.,"MATCH (a:Actor)-[:DIRECTED]->(:Movie)
RETURN a.name AS actorName
LIMIT 3","match
$a isa person;
acted_in (actor: $a);
directed (director: $a, film: $m);
$m isa movie;
limit 3;
fetch { ""actorName"": $a.name };"
37,Which 5 movies have the most distinct countries of release listed?,"MATCH (m:Movie)
WITH m, size(m.countries) AS countryCount
ORDER BY countryCount DESC
LIMIT 5
RETURN m.title AS title, countryCount","with fun country_count($m: movie) -> integer:
  match $m has countries $c;
  return count;

match
$m isa movie;
let $ctry_count = country_count($m);
$ctry_count > 0;
sort $ctry_count desc;
limit 5;
fetch { ""title"": $m.title, ""numCountries"": $ctry_count };"
38,What are the top 3 directors who have directed movies with the most diverse set of actors?,"MATCH (d:Director)-[:DIRECTED]->(m:Movie)<-[:ACTED_IN]-(a:Actor)
WITH d, m, COUNT(DISTINCT a) AS actorCount
ORDER BY actorCount DESC
LIMIT 3
RETURN d.name AS directorName, actorCount","match
$d isa person;
directed (director: $d, film: $m);
acted_in (actor: $a, film: $m);
select $d, $m, $a;
distinct;
reduce $actorCount = count($a) groupby $d, $m;
sort $actorCount desc;
limit 3;
fetch {
  ""directorName"": $d.name,
  ""actorCount"": $actorCount
};"
39,List the first 5 movies that have a language listed as 'French'.,"MATCH (m:Movie)
WHERE 'French' IN m.languages
RETURN m.title AS MovieTitle, m.languages AS Languages
LIMIT 5","match
$m isa movie, has languages $l, has title $t;
$l like "".*French.*"";
limit 5;
fetch {
  ""MovieTitle"": $t,
  ""Languages"": $l
};"
40,Which 3 movies have been directed by directors who have also acted in movies?,"MATCH (director:Director)-[:DIRECTED]->(movie:Movie)
MATCH (director)-[:ACTED_IN]->(:Movie)
RETURN movie.title AS MovieTitle
LIMIT 3","match
$director isa person;
$movie isa movie;
directed (director: $director, film: $movie);
acted_in (actor: $director, film: $movie2);
limit 3;
fetch {
  ""MovieTitle"": $movie.title
};"
41,Show the top 5 movies with the most actors involved.,"MATCH (m:Movie)<-[:ACTED_IN]-(a:Actor)
WITH m, count(a) as actorCount
ORDER BY actorCount DESC
LIMIT 5
RETURN m.title as MovieTitle, actorCount","match
$m isa movie;
acted_in (actor: $a, film: $m);
reduce $actorCount = count($a) groupby $m;
sort $actorCount desc;
limit 5;
fetch {
  ""MovieTitle"": $m.title,
  ""actorCount"": $actorCount
};"
42,List the first 5 directors who have directed a movie with an imdbRating of 9 or higher.,"MATCH (d:Director)-[:DIRECTED]->(m:Movie)
WHERE m.imdbRating >= 9.0
RETURN d.name AS DirectorName, m.title AS MovieTitle, m.imdbRating AS IMDbRating
ORDER BY m.imdbRating DESC
LIMIT 5","match
$d isa person;
$m isa movie, has imdb_rating $ir;
$ir >= 9.0;
directed (director: $d, film: $m);
sort $ir desc;
limit 5;
fetch {
  ""DirectorName"": $d.name,
  ""MovieTitle"": $m.title,
  ""IMDbRating"": $ir
};"
43,Which 3 users have given the highest average rating to movies they've rated?,"MATCH (u:User)-[r:RATED]->(m:Movie)
WITH u, avg(r.rating) AS avgRating
ORDER BY avgRating DESC
LIMIT 3
RETURN u.name AS userName, avgRating","match
$u isa user;
$m isa movie;
$rel isa rated (user: $u, film: $m), has rating $r;
reduce $avg_rating = mean($r) groupby $u;
sort $avg_rating desc;
limit 3;
fetch { ""userName"": $u.name, ""avgRating"": $avg_rating };"
44,What are the first 3 genres in which Harold Lloyd has directed movies?,"MATCH (d:Director {name: ""Harold Lloyd""})-[:DIRECTED]->(m:Movie)-[:IN_GENRE]->(g:Genre)
RETURN g.name
LIMIT 3","match
$d isa person, has name ""Harold Lloyd"";
directed (director: $d, film: $m);
in_genre (film: $m, genre: $g);
$g has name $gn;
limit 3;
fetch {
  ""genre_name"": $gn
};"
45,List the first 5 directors with the most diverse filmography based on genre diversity.,"MATCH (d:Director)-[:DIRECTED]->(m:Movie)-[:IN_GENRE]->(g:Genre)
WITH d, COUNT(DISTINCT g.name) AS genreCount
ORDER BY genreCount DESC
LIMIT 5
RETURN d.name AS Director, genreCount AS GenreDiversity","match
$d isa person;
directed (director: $d, film: $m);
in_genre (film: $m, genre: $g);
select $d, $g;
distinct;
reduce $genre_count = count groupby $d;
sort $genre_count desc;
limit 5;
fetch { ""Director"": $d.name, ""GenreDiversity"": $genre_count };"
46,Which 3 movies have been rated exactly 5 times by users?,"MATCH (m:Movie)<-[:RATED]-(u:User)
WITH m, COUNT(u) AS ratingCount
WHERE ratingCount = 5
RETURN m.title AS MovieTitle, ratingCount
LIMIT 3","match
$m isa movie;
$u isa user;
rated (user: $u, film: $m);
reduce $ratingCount = count($u) groupby $m;
match
$ratingCount == 5;
limit 3;
fetch {
  ""MovieTitle"": $m.title,
  ""ratingCount"": $ratingCount
};"
47,Show the first 5 genres of movies directed by directors who were born after 1960.,"MATCH (d:Director)-[:DIRECTED]->(m:Movie)-[:IN_GENRE]->(g:Genre)
WHERE d.born > date('1960-01-01')
RETURN DISTINCT g.name
LIMIT 5","match
$d isa person, has born $b;
$b > 1960-01-01;
directed (director: $d, film: $m);
in_genre (film: $m, genre: $g);
$g has name $gn;
select $gn;
distinct;
limit 5;
fetch {
  ""genre_name"": $gn
};"
48,List the top 5 movies with the most user ratings.,"MATCH (m:Movie)<-[:RATED]-(u:User)
WITH m, COUNT(u) AS numRatings
ORDER BY numRatings DESC
LIMIT 5
RETURN m.title AS MovieTitle, numRatings AS NumberOfRatings","match
$m isa movie;
$u isa user;
$rel isa rated (user: $u, film: $m);
reduce $numRatings = count($u) groupby $m;
sort $numRatings desc;
limit 5;
fetch {
  ""MovieTitle"": $m.title,
  ""NumberOfRatings"": $numRatings
};"
49,List the first 3 genres that have movies with a runtime greater than 120 minutes.,"MATCH (m:Movie)-[:IN_GENRE]->(g:Genre)
WHERE m.runtime > 120
RETURN DISTINCT g.name
LIMIT 3","match
$m isa movie, has runtime $r;
$r > 120;
$g isa genre, has name $gn;
in_genre (film: $m, genre: $g);
select $gn;
distinct;
limit 3;
fetch {
  ""genre"": $gn
};"
50,What are the top 5 movies directed by Harold Lloyd?,"MATCH (d:Director {name: ""Harold Lloyd""})-[:DIRECTED]->(m:Movie)
RETURN m.title AS MovieTitle, m.imdbRating AS Rating
ORDER BY m.imdbRating DESC
LIMIT 5","match
  $d isa person, has name ""Harold Lloyd"";
  directed (director: $d, film: $m);
  $m has imdb_rating $rating;
sort $rating desc;
limit 5;
fetch {
  ""MovieTitle"": $m.title,
  ""Rating"": $rating
};"
51,List the top 5 users who have given the highest average ratings to movies.,"MATCH (u:User)-[r:RATED]->(m:Movie)
WITH u, avg(r.rating) AS avgRating
ORDER BY avgRating DESC
LIMIT 5
RETURN u.userId, u.name, avgRating","match
$u isa user;
$r isa rated (user: $u, film: $m);
$r has rating $rating;
reduce $avg_rating = mean($rating) groupby $u;
sort $avg_rating desc;
limit 5;
fetch {
  ""userId"": $u.user_id,
  ""name"": $u.name,
  ""avgRating"": $avg_rating
};"
52,Find the top 5 directors who have directed movies with the highest average imdbRating.,"MATCH (d:Director)-[:DIRECTED]->(m:Movie)
WITH d, avg(m.imdbRating) AS avgRating
ORDER BY avgRating DESC
LIMIT 5
RETURN d.name AS Director, avgRating AS Average_IMDb_Rating","match
$d isa person;
directed (director: $d, film: $m);
$m has imdb_rating $r;
reduce $avg_rating = mean($r) groupby $d;
sort $avg_rating desc;
limit 5;
fetch {
  ""Director"": $d.name,
  ""Average_IMDb_Rating"": $avg_rating
};"
53,Which 5 actors have acted in movies with the highest average imdbRating?,"MATCH (a:Actor)-[:ACTED_IN]->(m:Movie)
WITH a, avg(m.imdbRating) AS avgRating
ORDER BY avgRating DESC
LIMIT 5
RETURN a.name, avgRating","match
$a isa person;
acted_in (actor: $a, film: $m);
$m has imdb_rating $r;
reduce $avg_rating = mean($r) groupby $a;
sort $avg_rating desc;
limit 5;
fetch { ""name"": $a.name, ""avg_rating"": $avg_rating };"
54,List the top 5 movies with the smallest budgets.,"MATCH (m:Movie)
RETURN m.title AS title, m.budget AS budget
ORDER BY m.budget ASC
LIMIT 5","match
$m isa movie, has budget $b;
sort $b asc;
limit 5;
fetch {
  ""title"": $m.title,
  ""budget"": $b
};"
55,What are the top 5 movies with the highest budgets?,"MATCH (m:Movie)
RETURN m.title AS title, m.budget AS budget
ORDER BY m.budget DESC
LIMIT 5","match
$m isa movie, has budget $b;
sort $b desc;
limit 5;
fetch {
  ""title"": $m.title,
  ""budget"": $b
};"
56,Who are the top 5 youngest directors based on the 'born' property?,"MATCH (d:Director)
WHERE d.born IS NOT NULL
RETURN d.name, d.born
ORDER BY d.born DESC
LIMIT 5","match
$d isa person, has born $b, has name $n;
directed (director: $d);
sort $b desc;
limit 5;
fetch {
  ""name"": $n,
  ""born"": $b
};"
57,List the 5 oldest actors based on the 'born' property.,"MATCH (a:Actor)
WHERE a.born IS NOT NULL
RETURN a.name, a.born
ORDER BY a.born ASC
LIMIT 5","match
$a isa person, has born $b;
acted_in (actor: $a);
sort $b asc;
limit 5;
fetch {
  ""name"": $a.name,
  ""born"": $b
};"
58,What are the top 3 oldest movies based on the 'year' property?,"MATCH (m:Movie)
RETURN m.title, m.year
ORDER BY m.year ASC
LIMIT 3","match
$m isa movie, has year $y;
sort $y asc;
limit 3;
fetch {
  ""title"": $m.title,
  ""year"": $y
};"
59,Find the top 5 movies released most recently.,"MATCH (m:Movie)
RETURN m.title, m.released
ORDER BY m.released DESC
LIMIT 5","match
$m isa movie, has released $r;
sort $r desc;
limit 5;
fetch {
  ""title"": $m.title,
  ""released"": $r
};"
60,What are the top 5 languages in which movies are made based on the 'languages' property of movies?,"MATCH (m:Movie)
UNWIND m.languages AS language
WITH language, COUNT(*) AS count
ORDER BY count DESC
LIMIT 5
RETURN language, count","match
$m isa movie, has languages $lang;
reduce $count = count($m) groupby $lang;
sort $count desc;
limit 5;
fetch {
  ""language"": $lang,
  ""count"": $count
};"
61,List the names of the top 3 users who have rated the most movies.,"MATCH (u:User)-[r:RATED]->(m:Movie)
WITH u, COUNT(r) AS numRatings
ORDER BY numRatings DESC
LIMIT 3
RETURN u.name AS userName, numRatings","match
$u isa user;
$r isa rated (user: $u, film: $m);
reduce $numRatings = count($r) groupby $u;
sort $numRatings desc;
limit 3;
fetch { ""userName"": $u.name, ""numRatings"": $numRatings };"
62,What are the top 5 countries where the most movies originate from based on the 'countries' property of movies?,"MATCH (m:Movie)
UNWIND m.countries AS country
WITH country, count(m) AS movieCount
ORDER BY movieCount DESC
LIMIT 5
RETURN country, movieCount","match
$m isa movie, has countries $c;
reduce $count = count($m) groupby $c;
sort $count desc;
limit 5;
fetch { ""country"": $c, ""movieCount"": $count };"
63,Which 5 movies have been rated by the highest number of users?,"MATCH (u:User)-[r:RATED]->(m:Movie)
WITH m, COUNT(u) AS numUsers
ORDER BY numUsers DESC
LIMIT 5
RETURN m.title AS MovieTitle, numUsers AS NumberOfUsers","match
$m isa movie;
$u isa user;
rated (user: $u, film: $m);
reduce $numUsers = count($u) groupby $m;
sort $numUsers desc;
limit 5;
fetch { ""MovieTitle"": $m.title, ""NumberOfUsers"": $numUsers };"
64,List the names of the first 3 genres that have the most movies associated with them.,"MATCH (g:Genre)<-[:IN_GENRE]-(m:Movie)
WITH g, COUNT(m) AS movieCount
ORDER BY movieCount DESC
LIMIT 3
RETURN g.name AS genreName","match
$g isa genre;
$m isa movie;
in_genre (film: $m, genre: $g);
reduce $movieCount = count($m) groupby $g;
sort $movieCount desc;
limit 3;
fetch {
  ""genreName"": $g.name
};"
65,What are the top 5 actors who acted in the most number of movies?,"MATCH (a:Actor)-[:ACTED_IN]->(m:Movie)
WITH a, COUNT(m) AS movieCount
ORDER BY movieCount DESC
LIMIT 5
RETURN a.name AS actorName, movieCount","match
$a isa person;
acted_in (actor: $a, film: $m);
reduce $count = count($m) groupby $a;
sort $count desc;
limit 5;
fetch { ""actorName"": $a.name, ""movieCount"": $count };"
66,Find the names of the top 5 directors by the number of movies they have directed.,"MATCH (d:Director)-[:DIRECTED]->(m:Movie)
WITH d, COUNT(m) AS movieCount
ORDER BY movieCount DESC
LIMIT 5
RETURN d.name AS directorName, movieCount","match
$d isa person;
directed (director: $d, film: $m);
reduce $movieCount = count($m) groupby $d;
sort $movieCount desc;
limit 5;
fetch {
  ""directorName"": $d.name,
  ""movieCount"": $movieCount
};"
67,List the top 5 movies with the most imdbVotes.,"MATCH (m:Movie)
RETURN m.title, m.imdbVotes
ORDER BY m.imdbVotes DESC
LIMIT 5","match
$m isa movie, has imdb_votes $v;
sort $v desc;
limit 5;
fetch {
  ""title"": $m.title,
  ""imdb_votes"": $v
};"
68,Find the names of the top 5 movies with the lowest imdbRating.,"MATCH (m:Movie)
RETURN m.title, m.imdbRating
ORDER BY m.imdbRating ASC
LIMIT 5","match
$m isa movie, has imdb_rating $r;
sort $r asc;
limit 5;
fetch {
  ""title"": $m.title,
  ""imdbRating"": $r
};"
69,What are the top 5 longest movies by runtime?,"MATCH (m:Movie)
RETURN m.title AS title, m.runtime AS runtime
ORDER BY m.runtime DESC
LIMIT 5","match
$m isa movie, has title $title, has runtime $runtime;
sort $runtime desc;
limit 5;
fetch {
  ""title"": $title,
  ""runtime"": $runtime
};"
70,Which 3 users rated the movie with the highest revenue?,"MATCH (m:Movie)
WITH m
ORDER BY m.revenue DESC
LIMIT 1
MATCH (u:User)-[r:RATED]->(m)
RETURN u.name, r.rating
ORDER BY r.rating DESC
LIMIT 3","match
$m isa movie, has revenue $rev;
reduce $max_rev = max($rev);
match
$m2 isa movie, has revenue $rev2;
$rev2 == $max_rev;
$r isa rated (user: $u, film: $m2), has rating $rat;
$u has name $n;
sort $rat desc;
limit 3;
fetch { ""name"": $n, ""rating"": $rat };"
71,Which 3 directors have directed the most movies with a runtime over 150 minutes?,"MATCH (d:Director)-[:DIRECTED]->(m:Movie)
WHERE m.runtime > 150
RETURN d.name AS Director, COUNT(m) AS MovieCount
ORDER BY MovieCount DESC
LIMIT 3","match
$d isa person;
$m isa movie, has runtime $r;
$r > 150;
directed (director: $d, film: $m);
reduce $count = count($m) groupby $d;
sort $count desc;
limit 3;
fetch {
  ""Director"": $d.name,
  ""MovieCount"": $count
};"
72,Show the first 5 actors who acted in movies released in the year 2014.,"MATCH (a:Actor)-[:ACTED_IN]->(m:Movie)
WHERE m.year = 2014
RETURN a.name AS actorName, m.title AS movieTitle
LIMIT 5","match
$a isa person;
$m isa movie, has year 2014;
acted_in (actor: $a, film: $m);
limit 5;
fetch {
  ""actorName"": $a.name,
  ""movieTitle"": $m.title
};"
73,List the first 5 directors born in France.,"MATCH (d:Director)
WHERE d.bornIn = ""France""
RETURN d.name AS DirectorName, d.born AS BirthDate
ORDER BY d.born
LIMIT 5","match
$d isa person, has born_in ""France"", has born $b;
directed (director: $d);
sort $b asc;
limit 5;
fetch {
  ""DirectorName"": $d.name,
  ""BirthDate"": $b
};"
74,Which 3 users have rated the oldest movies in the database?,"MATCH (u:User)-[r:RATED]->(m:Movie)
WITH u, m
ORDER BY m.year ASC
LIMIT 3
RETURN u.name AS userName, m.title AS movieTitle, m.year AS movieYear","match
$u isa user;
$m isa movie;
rated (user: $u, film: $m);
$m has year $y;
sort $y asc;
limit 3;
fetch {
  ""userName"": $u.name,
  ""movieTitle"": $m.title,
  ""movieYear"": $y
};"
75,What are the first 3 directors who died after 2000?,"MATCH (d:Director)
WHERE d.died > date(""2000-01-01"")
RETURN d.name, d.died
ORDER BY d.died
LIMIT 3","match
$d isa person, has died $died;
directed (director: $d);
$died > 2000-01-01;
sort $died asc;
limit 3;
fetch {
  ""name"": $d.name,
  ""died"": $died
};"
76,List the 5 most recently released movies with a plot description available.,"MATCH (m:Movie)
WHERE m.plot IS NOT NULL
RETURN m.title, m.released, m.plot
ORDER BY m.released DESC
LIMIT 5","match
$m isa movie, has released $r, has plot $p;
sort $r desc;
limit 5;
fetch {
  ""title"": $m.title,
  ""released"": $r,
  ""plot"": $p
};"
77,Show the first 3 movies released in the USA that have a revenue exceeding 500 million USD.,"MATCH (m:Movie)
WHERE ""USA"" IN m.countries AND m.revenue > 500000000
RETURN m.title, m.released, m.revenue
ORDER BY m.released
LIMIT 3","match
$m isa movie, has countries ""USA"", has revenue $rev;
$rev > 500000000;
$m has released $rel;
sort $rel;
limit 3;
fetch {
  ""title"": $m.title,
  ""released"": $rel,
  ""revenue"": $rev
};"
78,Which 5 movies have been directed by persons who also have an acting role in any movie?,"MATCH (p:Person)-[:DIRECTED]->(m:Movie)
MATCH (p)-[:ACTED_IN]->(:Movie)
RETURN m.title AS MovieTitle
LIMIT 5","match
$p isa person;
$m isa movie;
directed (director: $p, film: $m);
acted_in (actor: $p, film: $m2);
limit 5;
fetch { ""MovieTitle"": $m.title };"
79,What are the top 3 genres in which movies with an imdbRating above 8.0 fall?,"MATCH (m:Movie)-[:IN_GENRE]->(g:Genre)
WHERE m.imdbRating > 8.0
RETURN g.name AS genre, COUNT(m) AS movieCount
ORDER BY movieCount DESC
LIMIT 3","match
  $m isa movie, has imdb_rating $ir;
  $ir > 8.0;
  $g isa genre;
  in_genre (film: $m, genre: $g);
reduce $count = count($m) groupby $g;
sort $count desc;
limit 3;
fetch {
  ""genre"": $g.name,
  ""movieCount"": $count
};"
80,List the first 5 actors who were born before 1900.,"MATCH (a:Actor)
WHERE a.born < date(""1900-01-01"")
RETURN a.name, a.born
ORDER BY a.born
LIMIT 5","match
$a isa person, has born $b;
acted_in (actor: $a);
$b < 1900-01-01;
sort $b;
limit 5;
fetch {
  ""name"": $a.name,
  ""born"": $b
};"
81,Which 3 movies have the highest budget-revenue ratio?,"MATCH (m:Movie)
WHERE m.budget > 0 AND m.revenue > 0
WITH m, (toFloat(m.revenue) / toFloat(m.budget)) AS budget_revenue_ratio
RETURN m.title, budget_revenue_ratio
ORDER BY budget_revenue_ratio DESC
LIMIT 3","match
$m isa movie, has title $title, has budget $b, has revenue $r;
$b > 0;
$r > 0;
let $ratio = $r / $b;
sort $ratio desc;
limit 3;
fetch {
  ""title"": $title,
  ""budget_revenue_ratio"": $ratio
};"
82,Show the top 5 users by the number of movies they have rated.,"MATCH (u:User)-[r:RATED]->(m:Movie)
WITH u, COUNT(r) AS numRatings
ORDER BY numRatings DESC
LIMIT 5
RETURN u.name AS userName, numRatings","match
$u isa user;
$r isa rated (user: $u, film: $m);
reduce $numRatings = count($r) groupby $u;
sort $numRatings desc;
limit 5;
fetch {
  ""userName"": $u.name,
  ""numRatings"": $numRatings
};"
83,List the first 5 actors who have a poster URL listed on their profile.,"MATCH (a:Actor)
WHERE a.poster IS NOT NULL
RETURN a.name, a.poster
LIMIT 5","match
$a isa person, has poster $p, has name $n;
acted_in (actor: $a);
select $a, $n, $p;
distinct;
limit 5;
fetch {
  ""name"": $n,
  ""poster"": $p
};"
84,Which 3 directors have directed movies in more than one genre?,"MATCH (d:Director)-[:DIRECTED]->(m:Movie)-[:IN_GENRE]->(g:Genre)
WITH d, COUNT(DISTINCT g) AS genreCount
WHERE genreCount > 1
RETURN d.name AS Director, genreCount
ORDER BY genreCount DESC
LIMIT 3","match
$d isa person;
directed (director: $d, film: $m);
in_genre (film: $m, genre: $g);
select $d, $g;
distinct;
reduce $genreCount = count($g) groupby $d;
match $genreCount > 1;
sort $genreCount desc;
limit 3;
fetch { ""Director"": $d.name, ""genreCount"": $genreCount };"
85,What are the first 5 movies with the most distinct genres associated with them?,"MATCH (m:Movie)-[:IN_GENRE]->(g:Genre)
WITH m, count(DISTINCT g) AS genreCount
ORDER BY genreCount DESC
LIMIT 5
RETURN m.title AS movieTitle, genreCount","match
$m isa movie;
$g isa genre;
in_genre (film: $m, genre: $g);
select $m, $g;
distinct;
reduce $genreCount = count($g) groupby $m;
sort $genreCount desc;
limit 5;
fetch {
  ""movieTitle"": $m.title,
  ""genreCount"": $genreCount
};"
86,Show the first 3 movies that have been rated below 3.0 by any user.,"MATCH (u:User)-[r:RATED]->(m:Movie)
WHERE r.rating < 3.0
RETURN m.title AS MovieTitle, r.rating AS Rating
ORDER BY r.rating ASC
LIMIT 3","match
$u isa user;
$m isa movie;
$r isa rated (user: $u, film: $m);
$r has rating $rating;
$rating < 3.0;
sort $rating asc;
limit 3;
fetch {
  ""MovieTitle"": $m.title,
  ""Rating"": $rating
};"
87,List the top 5 highest-grossing movies of 2006.,"MATCH (m:Movie)
WHERE m.year = 2006
RETURN m.title, m.revenue
ORDER BY m.revenue DESC
LIMIT 5","match
$m isa movie, has year 2006, has revenue $rev;
sort $rev desc;
limit 5;
fetch {
  ""title"": $m.title,
  ""revenue"": $rev
};"
88,Which 3 actors have acted in movies with a runtime less than 90 minutes?,"MATCH (a:Actor)-[:ACTED_IN]->(m:Movie)
WHERE m.runtime < 90
RETURN a.name, COUNT(m) AS movieCount
ORDER BY movieCount DESC
LIMIT 3","match
$a isa person;
$m isa movie, has runtime $r;
$r < 90;
acted_in (actor: $a, film: $m);
reduce $movieCount = count($m) groupby $a;
sort $movieCount desc;
limit 3;
fetch { ""name"": $a.name, ""movieCount"": $movieCount };"
89,What are the first 5 movies directed by directors born in the USA?,"MATCH (d:Director)-[:DIRECTED]->(m:Movie)
WHERE d.bornIn CONTAINS ""USA""
RETURN m.title AS MovieTitle, m.released AS ReleaseDate
ORDER BY m.released
LIMIT 5","match
$d isa person, has born_in $bi;
$bi like "".*USA.*"";
$m isa movie, has released $rel;
directed (director: $d, film: $m);
sort $rel asc;
limit 5;
fetch {
  ""MovieTitle"": $m.title,
  ""ReleaseDate"": $rel
};"
90,Who are the top 3 actors based on the number of movies they have acted in?,"MATCH (a:Actor)-[:ACTED_IN]->(m:Movie)
WITH a, COUNT(m) AS movieCount
ORDER BY movieCount DESC
LIMIT 3
RETURN a.name AS actorName, movieCount","match
$p isa person;
acted_in (actor: $p, film: $m);
reduce $count = count($m) groupby $p;
sort $count desc;
limit 3;
fetch {
  ""actorName"": $p.name,
  ""movieCount"": $count
};"
91,List the 5 movies with the most languages spoken.,"MATCH (m:Movie)
RETURN m.title, size(m.languages) AS numLanguages
ORDER BY numLanguages DESC
LIMIT 5","with fun language_count($m: movie) -> integer:
  match $m has languages $l;
  return count;

match
$m isa movie;
let $lang_count = language_count($m);
$lang_count > 0;
sort $lang_count desc;
limit 5;
fetch { ""title"": $m.title, ""languageCount"": $lang_count };"
92,What are the first 3 genres associated with movies that have been rated by at least 5 different users?,"MATCH (m:Movie)<-[:RATED]-(u:User)
WITH m, COUNT(DISTINCT u) AS userCount
WHERE userCount >= 5
MATCH (m)-[:IN_GENRE]->(g:Genre)
RETURN DISTINCT g.name
LIMIT 3","match
$m isa movie;
$u isa user;
rated (user: $u, film: $m);
reduce $user_count = count($u) groupby $m;
match
$user_count >= 5;
in_genre (film: $m, genre: $g);
$g has name $gn;
select $gn;
distinct;
limit 3;
fetch {
  ""genre"": $gn
};"
93,Show the top 5 movies with a budget greater than 100 million USD.,"MATCH (m:Movie)
WHERE m.budget > 100000000
RETURN m.title, m.budget
ORDER BY m.budget DESC
LIMIT 5","match
$m isa movie, has title $title, has budget $b;
$b > 100000000;
sort $b desc;
limit 5;
fetch {
  ""title"": $title,
  ""budget"": $b
};"
94,Which 3 movies have the most number of votes cast by users?,"MATCH (m:Movie)<-[:RATED]-(u:User)
RETURN m.title AS MovieTitle, m.imdbVotes AS Votes
ORDER BY m.imdbVotes DESC
LIMIT 3","match
$m isa movie, has imdb_votes $v;
rated (user: $u, film: $m);
$u isa user;
sort $v desc;
limit 3;
fetch {
  ""MovieTitle"": $m.title,
  ""Votes"": $v
};"
95,What are the top 3 movies with the highest imdbRating that were released in 1995?,"MATCH (m:Movie)
WHERE m.year = 1995
RETURN m.title, m.imdbRating
ORDER BY m.imdbRating DESC
LIMIT 3","match
$m isa movie, has year 1995, has imdb_rating $ir, has title $t;
sort $ir desc;
limit 3;
fetch {
  ""title"": $t,
  ""imdbRating"": $ir
};"
96,List the names of the top 5 movies with the highest revenue.,"MATCH (m:Movie)
RETURN m.title AS movieTitle, m.revenue AS revenue
ORDER BY m.revenue DESC
LIMIT 5","match
$m isa movie, has title $t, has revenue $r;
sort $r desc;
limit 5;
fetch {
  ""movieTitle"": $t,
  ""revenue"": $r
};"
97,List the first 5 actors who have a tmdbId and an imdbId listed on their profile.,"MATCH (a:Actor)
WHERE a.tmdbId IS NOT NULL AND a.imdbId IS NOT NULL
RETURN a.name, a.tmdbId, a.imdbId
LIMIT 5","match
$a isa person, has tmdb_id $tid, has imdb_id $iid, has name $n;
acted_in (actor: $a);
select $a, $n, $tid, $iid;
distinct;
limit 5;
fetch {
  ""name"": $n,
  ""tmdbId"": $tid,
  ""imdbId"": $iid
};"
98,Which 3 genres have the least number of movies associated with them?,"MATCH (g:Genre)<-[:IN_GENRE]-(m:Movie)
WITH g, COUNT(m) AS movieCount
ORDER BY movieCount ASC
LIMIT 3
RETURN g.name AS genre, movieCount","match
$g isa genre;
$m isa movie;
in_genre (film: $m, genre: $g);
reduce $movieCount = count($m) groupby $g;
sort $movieCount asc;
limit 3;
fetch {
  ""genre"": $g.name,
  ""movieCount"": $movieCount
};"
99,What are the first 3 movies with a runtime less than 90 minutes?,"MATCH (m:Movie)
WHERE m.runtime < 90
RETURN m.title, m.runtime
ORDER BY m.runtime
LIMIT 3","match
$m isa movie, has runtime $r;
$r < 90;
sort $r;
limit 3;
fetch {
  ""title"": $m.title,
  ""runtime"": $r
};"
100,List the top 3 actors by the number of IMDb votes they've received for their movies.,"MATCH (a:Actor)-[:ACTED_IN]->(m:Movie)
WITH a, sum(m.imdbVotes) AS totalVotes
RETURN a.name AS actorName, totalVotes
ORDER BY totalVotes DESC
LIMIT 3","match
$a isa person;
$m isa movie, has imdb_votes $v;
acted_in (actor: $a, film: $m);
reduce $totalVotes = sum($v) groupby $a;
sort $totalVotes desc;
limit 3;
fetch { ""actorName"": $a.name, ""totalVotes"": $totalVotes };"
101,Which three directors were born in the USA?,"MATCH (d:Director)
WHERE d.bornIn CONTAINS ""USA""
RETURN d.name
LIMIT 3","match
$d isa person, has born_in $bi;
$bi like "".*USA.*"";
directed (director: $d);
limit 3;
fetch {
  ""name"": $d.name
};"
102,What are the first 3 movies that were released in the USA?,"MATCH (m:Movie)-[:IN_GENRE]->(g:Genre)
WHERE ""USA"" IN m.countries
RETURN m.title AS title, m.released AS releaseDate
ORDER BY m.released
LIMIT 3","match
$m isa movie, has countries ""USA"", has released $rel, has title $t;
in_genre (film: $m, genre: $g);
sort $rel asc;
limit 3;
fetch {
  ""title"": $t,
  ""releaseDate"": $rel
};"
103,List the top 5 movies with the lowest revenue.,"MATCH (m:Movie)
RETURN m.title, m.revenue
ORDER BY m.revenue ASC
LIMIT 5","match
$m isa movie, has revenue $rev;
sort $rev asc;
limit 5;
fetch {
  ""title"": $m.title,
  ""revenue"": $rev
};"
104,Which three movies have the highest IMDb rating?,"MATCH (m:Movie)
RETURN m.title, m.imdbRating
ORDER BY m.imdbRating DESC
LIMIT 3","match
$m isa movie, has imdb_rating $ir;
sort $ir desc;
limit 3;
fetch {
  ""title"": $m.title,
  ""imdb_rating"": $ir
};"
105,What are the top 3 highest rated movies by users?,"MATCH (m:Movie)<-[:RATED]-(u:User)
WITH m, avg(u.rating) AS avgRating
ORDER BY avgRating DESC
LIMIT 3
RETURN m.title AS title, avgRating","match
$m isa movie;
$rel isa rated (user: $u, film: $m);
$rel has rating $r;
reduce $avg_rating = mean($r) groupby $m;
sort $avg_rating desc;
limit 3;
fetch { ""title"": $m.title, ""avgRating"": $avg_rating };"
106,List the first 3 movies that have a budget greater than 100 million USD.,"MATCH (m:Movie)
WHERE m.budget > 100000000
RETURN m.title, m.budget
ORDER BY m.budget DESC
LIMIT 3","match
$m isa movie, has budget $b;
$b > 100000000;
sort $b desc;
limit 3;
fetch {
  ""title"": $m.title,
  ""budget"": $b
};"
107,Which three actors have acted in the most movies?,"MATCH (a:Actor)-[:ACTED_IN]->(m:Movie)
WITH a, COUNT(m) AS movieCount
ORDER BY movieCount DESC
LIMIT 3
RETURN a.name AS actorName, movieCount","match
$a isa person;
acted_in (actor: $a, film: $m);
reduce $movieCount = count($m) groupby $a;
sort $movieCount desc;
limit 3;
fetch {
  ""actorName"": $a.name,
  ""movieCount"": $movieCount
};"
108,Which three users have the highest average rating given to movies?,"MATCH (u:User)-[r:RATED]->(m:Movie)
WITH u, AVG(r.rating) AS avgRating
ORDER BY avgRating DESC
LIMIT 3
RETURN u.name, avgRating","match
$u isa user;
$rel isa rated (user: $u, film: $m);
$rel has rating $r;
reduce $avg = mean($r) groupby $u;
sort $avg desc;
limit 3;
fetch { ""name"": $u.name, ""avg_rating"": $avg };"
109,What are the top 3 genres by the number of movies?,"MATCH (m:Movie)-[:IN_GENRE]->(g:Genre)
WITH g, count(m) as movieCount
RETURN g.name as genre, movieCount
ORDER BY movieCount DESC
LIMIT 3","match
$m isa movie;
$g isa genre;
in_genre (film: $m, genre: $g);
reduce $movieCount = count($m) groupby $g;
sort $movieCount desc;
limit 3;
fetch {
  ""genre"": $g.name,
  ""movieCount"": $movieCount
};"
110,Which three users have rated the most movies?,"MATCH (u:User)-[r:RATED]->(m:Movie)
WITH u, COUNT(r) AS numRatings
ORDER BY numRatings DESC
LIMIT 3
RETURN u.name AS userName, numRatings","match
$u isa user;
$r isa rated (user: $u, film: $m);
reduce $numRatings = count($r) groupby $u;
sort $numRatings desc;
limit 3;
fetch {
  ""userName"": $u.name,
  ""numRatings"": $numRatings
};"
111,What are the first 3 movies released after 2010?,"MATCH (m:Movie)
WHERE m.year > 2010
RETURN m.title, m.released
ORDER BY m.released
LIMIT 3","match
$m isa movie, has year $y, has released $r;
$y > 2010;
sort $r asc;
limit 3;
fetch {
  ""title"": $m.title,
  ""released"": $r
};"
112,List the top 5 movies with the most number of IMDb votes.,"MATCH (m:Movie)
RETURN m.title AS title, m.imdbVotes AS votes
ORDER BY m.imdbVotes DESC
LIMIT 5","match
$m isa movie, has imdb_votes $v;
sort $v desc;
limit 5;
fetch {
  ""title"": $m.title,
  ""votes"": $v
};"
113,Which three movies have the longest runtime?,"MATCH (m:Movie)
RETURN m.title, m.runtime
ORDER BY m.runtime DESC
LIMIT 3","match
$m isa movie, has runtime $r, has title $t;
sort $r desc;
limit 3;
fetch {
  ""title"": $t,
  ""runtime"": $r
};"
114,What are the top 5 movies with the highest revenue?,"MATCH (m:Movie)
RETURN m.title AS title, m.revenue AS revenue
ORDER BY m.revenue DESC
LIMIT 5","match
$m isa movie, has revenue $revenue;
sort $revenue desc;
limit 5;
fetch {
  ""title"": $m.title,
  ""revenue"": $revenue
};"
115,Name the top 5 movies with the highest budget to revenue ratio.,"MATCH (m:Movie)
WHERE m.budget > 0 AND m.revenue > 0
WITH m, (toFloat(m.budget) / toFloat(m.revenue)) AS budget_to_revenue_ratio
RETURN m.title AS movie_title, budget_to_revenue_ratio
ORDER BY budget_to_revenue_ratio DESC
LIMIT 5","match
$m isa movie, has budget $b, has revenue $r, has title $t;
$b > 0;
$r > 0;
let $ratio = $b / $r;
sort $ratio desc;
limit 5;
fetch {
  ""movie_title"": $t,
  ""budget_to_revenue_ratio"": $ratio
};"
116,Which 3 genres has 'Toy Story' been categorized under?,"MATCH (m:Movie {title: 'Toy Story'})-[:IN_GENRE]->(g:Genre)
RETURN g.name
LIMIT 3","match
$m isa movie, has title ""Toy Story"";
in_genre (film: $m, genre: $g);
$g has name $name;
limit 3;
fetch {
  ""name"": $name
};"
117,List the top 5 actors who have acted in movies directed by 'Anthony Stacchi'.,"MATCH (director:Director {name: 'Anthony Stacchi'})-[:DIRECTED]->(movie:Movie)<-[:ACTED_IN]-(actor:Actor)
RETURN actor.name, COUNT(movie) AS movieCount
ORDER BY movieCount DESC
LIMIT 5","match
$director isa person, has name ""Anthony Stacchi"";
$movie isa movie;
directed (director: $director, film: $movie);
acted_in (actor: $actor, film: $movie);
$actor isa person, has name $actor_name;
reduce $movieCount = count($movie) groupby $actor, $actor_name;
sort $movieCount desc;
limit 5;
fetch {
  ""actor_name"": $actor_name,
  ""movieCount"": $movieCount
};"
118,Which 3 movies have the lowest revenue despite having a high IMDb rating (over 7.0)?,"MATCH (m:Movie)
WHERE m.imdbRating > 7.0
RETURN m.title, m.revenue, m.imdbRating
ORDER BY m.revenue ASC
LIMIT 3","match
$m isa movie, has imdb_rating $ir, has revenue $r;
$ir > 7.0;
sort $r asc;
limit 3;
fetch {
  ""title"": $m.title,
  ""revenue"": $r,
  ""imdb_rating"": $ir
};"
119,List the top 3 directors by the number of movies directed.,"MATCH (d:Director)-[:DIRECTED]->(m:Movie)
WITH d, COUNT(m) AS movieCount
ORDER BY movieCount DESC
LIMIT 3
RETURN d.name AS directorName, movieCount","match
$d isa person;
directed (director: $d, film: $m);
reduce $movieCount = count($m) groupby $d;
sort $movieCount desc;
limit 3;
fetch { ""directorName"": $d.name, ""movieCount"": $movieCount };"
120,List the top 3 movies with a plot mentioning 'love'.,"MATCH (m:Movie)
WHERE m.plot CONTAINS 'love'
RETURN m.title, m.plot, m.imdbRating
ORDER BY m.imdbRating DESC
LIMIT 3","match
$m isa movie, has plot $p, has imdb_rating $r;
$p like "".*love.*"";
sort $r desc;
limit 3;
fetch {
  ""title"": $m.title,
  ""plot"": $p,
  ""imdbRating"": $r
};"
121,What are the first 3 movies that have a revenue to budget ratio greater than 3?,"MATCH (m:Movie)
WHERE m.revenue / m.budget > 3
RETURN m.title, m.revenue, m.budget
ORDER BY m.revenue / m.budget DESC
LIMIT 3","match
$m isa movie, has title $title, has revenue $rev, has budget $bud;
let $ratio = $rev / $bud;
$ratio > 3;
sort $ratio desc;
limit 3;
fetch {
  ""title"": $title,
  ""revenue"": $rev,
  ""budget"": $bud
};"
122,Which three actors have acted in movies in more than 3 different languages?,"MATCH (a:Actor)-[:ACTED_IN]->(m:Movie)
WITH a, collect(DISTINCT m.languages) AS languages
WHERE size(apoc.coll.flatten(languages)) > 3
RETURN a.name AS actor, size(apoc.coll.flatten(languages)) AS language_count
ORDER BY language_count DESC
LIMIT 3","match
$a isa person;
acted_in (actor: $a, film: $m);
$m has languages $l;
select $a, $l;
distinct;
reduce $lang_count = count groupby $a;
match $lang_count > 3;
sort $lang_count desc;
limit 3;
fetch { ""actor"": $a.name, ""language_count"": $lang_count };"
123,Which three users have rated the oldest movies on average?,"MATCH (u:User)-[r:RATED]->(m:Movie)
WITH u, avg(toInteger(m.year)) AS avgYear
ORDER BY avgYear ASC
LIMIT 3
RETURN u.name, avgYear","match
$u isa user;
$m isa movie, has year $y;
rated (user: $u, film: $m);
reduce $avg_year = mean($y) groupby $u;
sort $avg_year asc;
limit 3;
fetch {
  ""name"": $u.name,
  ""avgYear"": $avg_year
};"
124,What are the first 3 movies that have a language list containing 'Turkish'?,"MATCH (m:Movie)
WHERE 'Turkish' IN m.languages
RETURN m.title AS title, m.languages AS languages
ORDER BY m.released
LIMIT 3","match
$m isa movie, has languages $l, has released $r;
$l like "".*Turkish.*"";
sort $r asc;
limit 3;
fetch {
  ""title"": $m.title,
  ""languages"": $l
};"
125,List the top 3 actors born in the 1980s.,"MATCH (a:Actor)
WHERE a.born >= date('1980-01-01') AND a.born < date('1990-01-01')
RETURN a.name, a.born
ORDER BY a.born
LIMIT 3","match
$a isa person, has born $b;
acted_in (actor: $a);
$b >= 1980-01-01;
$b < 1990-01-01;
sort $b;
limit 3;
fetch {
  ""name"": $a.name,
  ""born"": $b
};"
126,Which three directors have the highest average IMDb rating for their movies?,"MATCH (d:Director)-[:DIRECTED]->(m:Movie)
WHERE m.imdbRating IS NOT NULL
WITH d, avg(m.imdbRating) AS avgRating
ORDER BY avgRating DESC
LIMIT 3
RETURN d.name AS Director, avgRating AS Average_IMDb_Rating","match
$d isa person;
$m isa movie, has imdb_rating $ir;
directed (director: $d, film: $m);
reduce $avg_rating = mean($ir) groupby $d;
sort $avg_rating desc;
limit 3;
fetch {
  ""Director"": $d.name,
  ""Average_IMDb_Rating"": $avg_rating
};"
127,What are the first 3 movies with a plot mentioning 'zombie'?,"MATCH (m:Movie)
WHERE m.plot CONTAINS 'zombie'
RETURN m.title, m.plot
ORDER BY m.title
LIMIT 3","match
$m isa movie, has title $title, has plot $plot;
$plot like "".*zombie.*"";
sort $title;
limit 3;
fetch {
  ""title"": $m.title,
  ""plot"": $m.plot
};"
128,List the top 3 users who rated movies only in the 'Comedy' genre.,"MATCH (u:User)-[r:RATED]->(m:Movie)-[:IN_GENRE]->(g:Genre {name: 'Comedy'})
WITH u, COUNT(r) AS ratingCount
MATCH (u)-[r2:RATED]->(m2:Movie)-[:IN_GENRE]->(g2:Genre)
WHERE g2.name <> 'Comedy'
WITH u, ratingCount, COUNT(r2) AS nonComedyRatings
WHERE nonComedyRatings = 0
RETURN u.name AS userName, ratingCount
ORDER BY ratingCount DESC
LIMIT 3","match
$u isa user, has name $name;
$m isa movie;
$g isa genre, has name ""Comedy"";
$rel isa rated (user: $u, film: $m);
in_genre (film: $m, genre: $g);
not {
  $m2 isa movie;
  $g2 isa genre, has name $gn;
  $gn != ""Comedy"";
  rated (user: $u, film: $m2);
  in_genre (film: $m2, genre: $g2);
};
reduce $ratingCount = count($rel) groupby $u, $name;
sort $ratingCount desc;
limit 3;"
129,Which three genres have the least number of movies associated with them?,"MATCH (g:Genre)<-[:IN_GENRE]-(m:Movie)
WITH g, COUNT(m) AS movieCount
ORDER BY movieCount ASC
LIMIT 3
RETURN g.name AS genre, movieCount","match
$g isa genre;
$m isa movie;
in_genre (film: $m, genre: $g);
reduce $movieCount = count($m) groupby $g;
sort $movieCount asc;
limit 3;
fetch {
  ""genre"": $g.name,
  ""movieCount"": $movieCount
};"
130,What are the first 3 movies with an IMDb rating greater than 8 and less than 9?,"MATCH (m:Movie)
WHERE m.imdbRating > 8 AND m.imdbRating < 9
RETURN m.title, m.imdbRating
ORDER BY m.imdbRating DESC
LIMIT 3","match
$m isa movie, has imdb_rating $r;
$r > 8.0;
$r < 9.0;
sort $r desc;
limit 3;
fetch {
  ""title"": $m.title,
  ""imdbRating"": $r
};"
131,List the first 3 directors who have died after 2000.,"MATCH (d:Director)
WHERE d.died > date(""2000-01-01"")
RETURN d.name, d.died
ORDER BY d.died
LIMIT 3","match
$d isa person, has died $died;
directed (director: $d);
$died > 2000-01-01;
sort $died;
limit 3;
fetch {
  ""name"": $d.name,
  ""died"": $died
};"
132,Which three movies feature both American and Japanese actors?,"MATCH (m:Movie)<-[:ACTED_IN]-(a:Actor)
WHERE a.bornIn = ""USA"" OR a.bornIn = ""Japan""
WITH m, COLLECT(DISTINCT a.bornIn) AS actorCountries
WHERE ""USA"" IN actorCountries AND ""Japan"" IN actorCountries
RETURN m.title AS MovieTitle
LIMIT 3","match
$m isa movie;
$a1 isa person, has born_in ""USA"";
$a2 isa person, has born_in ""Japan"";
acted_in (actor: $a1, film: $m);
acted_in (actor: $a2, film: $m);
limit 3;
fetch {
  ""MovieTitle"": $m.title
};"
133,What are the first 3 movies with a poster URL containing 'face'?,"MATCH (m:Movie)
WHERE m.poster CONTAINS 'face'
RETURN m.title, m.poster
ORDER BY m.title
LIMIT 3","match
$m isa movie, has poster $p, has title $t;
$p like "".*face.*"";
sort $t;
limit 3;
fetch {
  ""title"": $m.title,
  ""poster"": $p
};"
134,List the top 3 actors who have acted in both comedy and drama genres.,"MATCH (a:Actor)-[:ACTED_IN]->(m1:Movie)-[:IN_GENRE]->(g1:Genre {name: ""Comedy""}),
      (a)-[:ACTED_IN]->(m2:Movie)-[:IN_GENRE]->(g2:Genre {name: ""Drama""})
WITH a, COUNT(DISTINCT m1) + COUNT(DISTINCT m2) AS movieCount
ORDER BY movieCount DESC
LIMIT 3
RETURN a.name AS actorName, movieCount","match
$a isa person, has name $n;
acted_in (actor: $a, film: $mc);
in_genre (film: $mc, genre: $g1);
$g1 isa genre, has name ""Comedy"";
acted_in (actor: $a, film: $md);
in_genre (film: $md, genre: $g2);
$g2 isa genre, has name ""Drama"";
acted_in (actor: $a, film: $m);
in_genre (film: $m, genre: $g);
{ $g has name ""Comedy""; } or { $g has name ""Drama""; };
reduce $movie_count = count($m) groupby $a, $n;
sort $movie_count desc;
limit 3;
fetch { ""actorName"": $n, ""movieCount"": $movie_count };"
135,Which three directors have directed movies with a total revenue over 500 million USD?,"MATCH (d:Director)-[:DIRECTED]->(m:Movie)
WITH d, SUM(m.revenue) AS totalRevenue
WHERE totalRevenue > 500000000
RETURN d.name AS Director, totalRevenue
ORDER BY totalRevenue DESC
LIMIT 3","match
$d isa person;
directed (director: $d, film: $m);
$m has revenue $rev;
reduce $totalRevenue = sum($rev) groupby $d;
match $totalRevenue > 500000000;
sort $totalRevenue desc;
limit 3;
fetch { ""Director"": $d.name, ""totalRevenue"": $totalRevenue };"
136,What are the first 3 movies with an IMDb rating lower than 5?,"MATCH (m:Movie)
WHERE m.imdbRating < 5
RETURN m.title, m.imdbRating
ORDER BY m.imdbRating ASC
LIMIT 3","match
$m isa movie, has imdb_rating $r, has title $t;
$r < 5.0;
sort $r asc;
limit 3;
fetch {
  ""title"": $t,
  ""imdb_rating"": $r
};"
137,List the top 3 movies that were most frequently rated by users.,"MATCH (:User)-[r:RATED]->(m:Movie)
WITH m, COUNT(r) AS rating_count
ORDER BY rating_count DESC
LIMIT 3
RETURN m.title AS MovieTitle, rating_count AS NumberOfRatings","match
$m isa movie;
$r isa rated (user: $u, film: $m);
reduce $rating_count = count($r) groupby $m;
sort $rating_count desc;
limit 3;
fetch {
  ""MovieTitle"": $m.title,
  ""NumberOfRatings"": $rating_count
};"
138,Which three movies have the most diverse set of spoken languages?,"MATCH (m:Movie)
WITH m, size(m.languages) AS numLanguages
ORDER BY numLanguages DESC
LIMIT 3
RETURN m.title AS title, m.languages AS languages, numLanguages","with fun language_count($m: movie) -> integer:
  match $m has languages $l;
  return count;

match
$m isa movie;
let $lang_count = language_count($m);
$lang_count > 0;
sort $lang_count desc;
limit 3;
fetch { ""title"": $m.title, ""languageCount"": $lang_count };"
139,What are the first 3 movies where the main actor was born in France?,"MATCH (a:Actor)-[r:ACTED_IN {role: ""main""}]->(m:Movie)
WHERE a.bornIn = ""France""
RETURN m.title AS MovieTitle, m.released AS ReleaseDate
ORDER BY m.released
LIMIT 3","match
$a isa person, has born_in ""France"";
$rel isa acted_in (actor: $a, film: $m), has character_role ""main"";
$m isa movie, has released $released;
sort $released asc;
limit 3;
fetch {
  ""MovieTitle"": $m.title,
  ""ReleaseDate"": $released
};"
140,List the top 3 genres that have movies with an average IMDb rating over 7.,"MATCH (m:Movie)-[:IN_GENRE]->(g:Genre)
WHERE m.imdbRating > 7
WITH g.name AS genre, avg(m.imdbRating) AS avgRating
ORDER BY avgRating DESC
LIMIT 3
RETURN genre, avgRating","match
$m isa movie, has imdb_rating $r;
$g isa genre;
in_genre (film: $m, genre: $g);
$r > 7.0;
reduce $avg = mean($r) groupby $g;
sort $avg desc;
limit 3;
fetch {
  ""genre"": $g.name,
  ""avgRating"": $avg
};"
141,Which three directors have directed movies in more than 2 different genres?,"MATCH (d:Director)-[:DIRECTED]->(m:Movie)-[:IN_GENRE]->(g:Genre)
WITH d, COUNT(DISTINCT g) AS genreCount
WHERE genreCount > 2
RETURN d.name AS Director, genreCount
ORDER BY genreCount DESC
LIMIT 3","match
$d isa person;
directed (director: $d, film: $m);
in_genre (film: $m, genre: $g);
select $d, $g;
distinct;
reduce $genre_count = count groupby $d;
match
$genre_count > 2;
$d has name $name;
sort $genre_count desc;
limit 3;
fetch {
  ""Director"": $name,
  ""genreCount"": $genre_count
};"
142,What are the first 3 movies with a title starting with 'The'?,"MATCH (m:Movie)
WHERE m.title STARTS WITH 'The'
RETURN m.title
ORDER BY m.title
LIMIT 3","match
$m isa movie, has title $t;
$t like ""The.*"";
sort $t asc;
limit 3;
fetch {
  ""title"": $t
};"
143,List the top 5 movies released in the 2000s.,"MATCH (m:Movie)
WHERE m.year >= 2000 AND m.year < 2010
RETURN m.title, m.year
ORDER BY m.imdbRating DESC
LIMIT 5","match
$m isa movie, has year $y, has imdb_rating $r;
$y >= 2000;
$y < 2010;
sort $r desc;
limit 5;
fetch {
  ""title"": $m.title,
  ""year"": $y
};"
144,What are the top 5 movies directed by directors born in Nebraska?,"MATCH (d:Director)-[:DIRECTED]->(m:Movie)
WHERE d.bornIn CONTAINS ""Nebraska""
RETURN m.title AS MovieTitle, m.imdbRating AS Rating
ORDER BY Rating DESC
LIMIT 5","match
$d isa person, has born_in $bi;
$bi like "".*Nebraska.*"";
$m isa movie;
directed (director: $d, film: $m);
$m has imdb_rating $rating;
sort $rating desc;
limit 5;
fetch {
  ""MovieTitle"": $m.title,
  ""Rating"": $rating
};"
145,List the top 3 movies with the shortest runtime.,"MATCH (m:Movie)
RETURN m.title AS title, m.runtime AS runtime
ORDER BY m.runtime ASC
LIMIT 3","match
$m isa movie, has runtime $rt;
sort $rt;
limit 3;
fetch {
  ""title"": $m.title,
  ""runtime"": $rt
};"
146,Name the top 5 movies that have been rated by users named 'Omar Huffman'.,"MATCH (u:User {name: 'Omar Huffman'})-[:RATED]->(m:Movie)
RETURN m.title AS movieTitle, m.imdbRating AS rating
ORDER BY rating DESC
LIMIT 5","match
$u isa user, has name ""Omar Huffman"";
rated (user: $u, film: $m);
$m isa movie, has imdb_rating $ir;
sort $ir desc;
limit 5;
fetch {
  ""movieTitle"": $m.title,
  ""rating"": $ir
};"
147,Which 3 actors have the most roles in comedy movies?,"MATCH (a:Actor)-[r:ACTED_IN]->(m:Movie)-[:IN_GENRE]->(g:Genre {name: ""Comedy""})
RETURN a.name AS actor, COUNT(r) AS roles
ORDER BY roles DESC
LIMIT 3","match
$a isa person;
$m isa movie;
$g isa genre, has name ""Comedy"";
$r isa acted_in (actor: $a, film: $m);
in_genre (film: $m, genre: $g);
reduce $count = count($r) groupby $a;
sort $count desc;
limit 3;
fetch { ""actor"": $a.name, ""roles"": $count };"
148,Which 3 users gave the highest ratings to the movie titled 'Toy Story'?,"MATCH (u:User)-[r:RATED]->(m:Movie {title: 'Toy Story'})
RETURN u.name, r.rating
ORDER BY r.rating DESC
LIMIT 3","match
$u isa user;
$m isa movie, has title ""Toy Story"";
$rel isa rated (user: $u, film: $m);
$rel has rating $r;
sort $r desc;
limit 3;
fetch {
  ""name"": $u.name,
  ""rating"": $r
};"
149,List the top 5 movies directed by a person named 'Graham Annable'.,"MATCH (d:Director {name: 'Graham Annable'})-[:DIRECTED]->(m:Movie)
RETURN m.title AS MovieTitle, m.imdbRating AS IMDbRating
ORDER BY m.imdbRating DESC
LIMIT 5","match
$d isa person, has name ""Graham Annable"";
directed (director: $d, film: $m);
$m isa movie, has imdb_rating $rating;
sort $rating desc;
limit 5;
fetch {
  ""MovieTitle"": $m.title,
  ""IMDbRating"": $rating
};"
150,Show the top 5 actors with the longest bios.,"MATCH (a:Actor)
RETURN a.name, a.bio
ORDER BY size(a.bio) DESC
LIMIT 5","match
$a isa person, has bio $bio;
acted_in (actor: $a);
let $len = len($bio);
sort $len desc;
limit 5;
fetch { ""name"": $a.name, ""bio"": $bio };"
151,List the first 5 movies with at least three different languages listed.,"MATCH (m:Movie)
WHERE size(m.languages) >= 3
RETURN m.title AS title, m.languages AS languages
ORDER BY m.title
LIMIT 5","with fun language_count($m: movie) -> integer:
  match $m has languages $l;
  return count;

match
$m isa movie;
let $lang_count = language_count($m);
$lang_count >= 3;
limit 5;
fetch { ""title"": $m.title };"
152,Which 3 users have rated movies with the most diverse range of imdbRatings?,"MATCH (u:User)-[r:RATED]->(m:Movie)
WITH u, collect(m.imdbRating) AS ratings
WITH u, apoc.coll.sort(ratings) AS sortedRatings
WITH u, 
     CASE 
         WHEN size(sortedRatings) > 1 THEN 
             sortedRatings[-1] - sortedRatings[0] 
         ELSE 
             0 
     END AS ratingRange
ORDER BY ratingRange DESC
LIMIT 3
RETURN u.userId, u.name, ratingRange","with fun max_imdb_rating($u: user) -> double:
    match
      rated (user: $u, film: $m);
      $m has imdb_rating $ir;
    return max($ir);
with fun min_imdb_rating($u: user) -> double:
    match
      rated (user: $u, film: $m);
      $m has imdb_rating $ir;
    return min($ir);
match
  $u isa user;
let $max_r = max_imdb_rating($u);
let $min_r = min_imdb_rating($u);
let $range = $max_r - $min_r;
sort $range desc;
limit 3;
fetch { ""userId"": $u.user_id, ""name"": $u.name, ""ratingRange"": $range };"
153,What are the first 3 genres of movies that have been directed by directors born after 1980?,"MATCH (d:Director)-[:DIRECTED]->(m:Movie)-[:IN_GENRE]->(g:Genre)
WHERE d.born > date(""1980-01-01"")
RETURN DISTINCT g.name
ORDER BY g.name
LIMIT 3","match
$d isa person, has born $b;
$b > 1980-01-01;
directed (director: $d, film: $m);
in_genre (film: $m, genre: $g);
$g has name $gn;
select $gn;
distinct;
sort $gn asc;
limit 3;
fetch {
  ""genre_name"": $gn
};"
154,List the top 5 directors with the most movies that have an imdbRating of 6 or higher.,"MATCH (d:Director)-[:DIRECTED]->(m:Movie)
WHERE m.imdbRating >= 6
WITH d, count(m) AS movieCount
ORDER BY movieCount DESC
LIMIT 5
RETURN d.name AS directorName, movieCount","match
$d isa person;
directed (director: $d, film: $m);
$m isa movie, has imdb_rating $r;
$r >= 6.0;
reduce $count = count($m) groupby $d;
sort $count desc;
limit 5;
fetch {
  ""directorName"": $d.name,
  ""movieCount"": $count
};"
155,Show the first 3 movies whose posters feature the color blue predominantly.,"MATCH (m:Movie)
WHERE m.poster CONTAINS ""blue""
RETURN m.title, m.poster
LIMIT 3","match
$m isa movie, has poster $poster;
$poster like "".*blue.*"";
limit 3;
fetch {
  ""title"": $m.title,
  ""poster"": $poster
};"
156,Which 5 actors have acted in movies released in the most distinct years?,"MATCH (a:Actor)-[:ACTED_IN]->(m:Movie)
WITH a, collect(DISTINCT m.year) AS years
RETURN a.name AS actor, size(years) AS distinct_years
ORDER BY distinct_years DESC
LIMIT 5","match
$a isa person;
acted_in (actor: $a, film: $m);
$m has year $y;
select $a, $y;
distinct;
reduce $count = count($y) groupby $a;
sort $count desc;
limit 5;
fetch {
  ""actor"": $a.name,
  ""distinct_years"": $count
};"
157,What are the top 3 movies with a plot involving a 'friendship'?,"MATCH (m:Movie)
WHERE m.plot CONTAINS 'friendship'
RETURN m.title, m.plot, m.imdbRating
ORDER BY m.imdbRating DESC
LIMIT 3","match
$m isa movie, has plot $plot, has imdb_rating $ir;
$plot like "".*friendship.*"";
sort $ir desc;
limit 3;
fetch {
  ""title"": $m.title,
  ""plot"": $plot,
  ""imdb_rating"": $ir
};"
158,List the first 5 movies with the highest number of directors involved.,"MATCH (m:Movie)<-[:DIRECTED]-(d:Director)
WITH m, COUNT(d) AS directorCount
ORDER BY directorCount DESC
LIMIT 5
RETURN m.title AS MovieTitle, directorCount","match
$m isa movie;
$d isa person;
directed (director: $d, film: $m);
reduce $count = count($d) groupby $m;
sort $count desc;
limit 5;
fetch {
  ""MovieTitle"": $m.title,
  ""directorCount"": $count
};"
159,Which 3 actors have the most diverse range of genres in the movies they've acted in?,"MATCH (a:Actor)-[:ACTED_IN]->(m:Movie)-[:IN_GENRE]->(g:Genre)
WITH a, collect(DISTINCT g.name) AS genres
RETURN a.name, size(genres) AS genre_count
ORDER BY genre_count DESC
LIMIT 3","match
$a isa person;
$m isa movie;
$g isa genre;
acted_in (actor: $a, film: $m);
in_genre (film: $m, genre: $g);
select $a, $g;
distinct;
reduce $genre_count = count($g) groupby $a;
sort $genre_count desc;
limit 3;
fetch {
  ""name"": $a.name,
  ""genre_count"": $genre_count
};"
160,Show the top 5 genres of movies that have been rated by the most users.,"MATCH (u:User)-[:RATED]->(m:Movie)-[:IN_GENRE]->(g:Genre)
WITH g.name AS genre, COUNT(DISTINCT u) AS userCount
ORDER BY userCount DESC
LIMIT 5
RETURN genre, userCount","match
$u isa user;
$m isa movie;
$g isa genre;
rated (user: $u, film: $m);
in_genre (film: $m, genre: $g);
select $u, $g;
distinct;
reduce $userCount = count groupby $g;
sort $userCount desc;
limit 5;
fetch {
  ""genre"": $g.name,
  ""userCount"": $userCount
};"
161,List the first 5 movies with a director who has also acted in a movie.,"MATCH (d:Director)-[:DIRECTED]->(m:Movie)
MATCH (d)-[:ACTED_IN]->(:Movie)
RETURN m.title AS MovieTitle, d.name AS DirectorName
LIMIT 5","match
$d isa person;
$m isa movie;
directed (director: $d, film: $m);
acted_in (actor: $d, film: $m2);
$m2 isa movie;
limit 5;
fetch {
  ""MovieTitle"": $m.title,
  ""DirectorName"": $d.name
};"
162,Which 3 directors have directed both animated and non-animated movies?,"MATCH (d:Director)-[:DIRECTED]->(m:Movie)-[:IN_GENRE]->(g:Genre)
WITH d, COLLECT(DISTINCT g.name) AS genres
WHERE ""Animation"" IN genres AND SIZE(genres) > 1
RETURN d.name AS Director, genres
LIMIT 3","match
$d isa person;
$m1 isa movie;
$m2 isa movie;
$g1 isa genre, has name ""Animation"";
$g2 isa genre, has name $gn2;
$gn2 != ""Animation"";
directed (director: $d, film: $m1);
directed (director: $d, film: $m2);
in_genre (film: $m1, genre: $g1);
in_genre (film: $m2, genre: $g2);
$d has name $dn;
select $d, $dn;
distinct;
limit 3;
fetch {
  ""Director"": $dn
};"
163,What are the first 3 movies that have been released in exactly three different countries?,"MATCH (m:Movie)
WHERE size(m.countries) = 3
RETURN m.title AS title, m.released AS releaseDate
ORDER BY m.released
LIMIT 3","with fun country_count($m: movie) -> integer:
  match $m has countries $c;
  return count;

match
$m isa movie, has released $rel;
let $ctry_count = country_count($m);
$ctry_count == 3;
sort $rel;
limit 3;
fetch { ""title"": $m.title, ""released"": $rel };"
164,List the top 5 movies that have been rated by users with the most distinct names.,"MATCH (u:User)-[:RATED]->(m:Movie)
WITH m, count(DISTINCT u.name) AS distinctUserNames
ORDER BY distinctUserNames DESC
LIMIT 5
RETURN m.title AS MovieTitle, distinctUserNames","match
$u isa user, has name $n;
$m isa movie;
rated (user: $u, film: $m);
select $m, $n;
distinct;
reduce $count = count groupby $m;
sort $count desc;
limit 5;
fetch { ""MovieTitle"": $m.title, ""distinctUserNames"": $count };"
165,Show the first 3 actors who have acted in movies with a budget under 10 million USD.,"MATCH (a:Actor)-[:ACTED_IN]->(m:Movie)
WHERE m.budget < 10000000
RETURN a.name AS actorName, m.title AS movieTitle, m.budget AS movieBudget
LIMIT 3","match
$a isa person, has name $an;
$m isa movie, has title $mt, has budget $mb;
acted_in (actor: $a, film: $m);
$mb < 10000000;
limit 3;
fetch {
  ""actorName"": $an,
  ""movieTitle"": $mt,
  ""movieBudget"": $mb
};"
166,Which 5 directors have directed movies in more than three different countries?,"MATCH (d:Director)-[:DIRECTED]->(m:Movie)
WITH d, collect(DISTINCT m.countries) AS countries
WHERE size(countries) > 3
RETURN d.name AS Director, size(countries) AS CountryCount
ORDER BY CountryCount DESC
LIMIT 5","match
$d isa person;
directed (director: $d, film: $m);
$m has countries $c;
select $d, $c;
distinct;
reduce $count = count($c) groupby $d;
match
$count > 3;
$d has name $dn;
sort $count desc;
limit 5;
fetch {
  ""Director"": $dn,
  ""CountryCount"": $count
};"
167,What are the top 3 movies with the shortest runtime?,"MATCH (m:Movie)
RETURN m.title AS title, m.runtime AS runtime
ORDER BY m.runtime ASC
LIMIT 3","match
$m isa movie, has runtime $runtime;
sort $runtime asc;
limit 3;
fetch {
  ""title"": $m.title,
  ""runtime"": $runtime
};"
168,List the first 5 movies with a plot involving an 'evil exterminator'.,"MATCH (m:Movie)
WHERE m.plot CONTAINS 'evil exterminator'
RETURN m.title, m.plot
LIMIT 5","match
$m isa movie, has plot $plot;
$plot like "".*evil exterminator.*"";
limit 5;
fetch {
  ""title"": $m.title,
  ""plot"": $plot
};"
169,Find the top 5 actors who have acted in more than 10 movies.,"MATCH (a:Actor)-[:ACTED_IN]->(m:Movie)
WITH a, COUNT(m) AS movieCount
WHERE movieCount > 10
RETURN a.name AS actorName, movieCount
ORDER BY movieCount DESC
LIMIT 5","match
$a isa person;
acted_in (actor: $a, film: $m);
reduce $movieCount = count($m) groupby $a;
match
$movieCount > 10;
sort $movieCount desc;
limit 5;
fetch {
  ""actorName"": $a.name,
  ""movieCount"": $movieCount
};"
170,Show the top 5 movies that have been rated exactly three times.,"MATCH (m:Movie)<-[:RATED]-(u:User)
WITH m, COUNT(u) AS ratingCount
WHERE ratingCount = 3
RETURN m.title AS movieTitle, ratingCount
ORDER BY ratingCount DESC
LIMIT 5","match
$m isa movie;
$rel isa rated (film: $m, user: $u);
reduce $ratingCount = count($u) groupby $m;
match
$ratingCount == 3;
sort $ratingCount desc;
limit 5;
fetch {
  ""movieTitle"": $m.title,
  ""ratingCount"": $ratingCount
};"
171,"What are the top 3 most profitable movies, considering the difference between revenue and budget?","MATCH (m:Movie)
WITH m, (m.revenue - m.budget) AS profit
ORDER BY profit DESC
LIMIT 3
RETURN m.title AS title, profit","match
$m isa movie, has revenue $rev, has budget $bud, has title $title;
let $profit = $rev - $bud;
sort $profit desc;
limit 3;
fetch {
  ""title"": $title,
  ""profit"": $profit
};"
172,Name the top 5 directors born in the USA.,"MATCH (d:Director)
WHERE d.bornIn CONTAINS ""USA""
RETURN d.name AS directorName, COUNT(*) AS movieCount
ORDER BY movieCount DESC
LIMIT 5","match
$d isa person, has born_in $bi, has name $name;
$bi like "".*USA.*"";
directed (director: $d, film: $m);
reduce $count = count($m) groupby $d, $name;
sort $count desc;
limit 5;
fetch { ""directorName"": $name };"
173,What are the top 5 movies with the most distinct countries of origin?,"MATCH (m:Movie)
WITH m, size(m.countries) AS countryCount
ORDER BY countryCount DESC
LIMIT 5
RETURN m.title AS title, countryCount","with fun country_count($m: movie) -> integer:
  match $m has countries $c;
  return count;

match
$m isa movie;
let $ctry_count = country_count($m);
$ctry_count > 0;
sort $ctry_count desc;
limit 5;
fetch { ""title"": $m.title, ""numCountries"": $ctry_count };"
174,List the 3 users who have given the lowest average ratings.,"MATCH (u:User)-[r:RATED]->(m:Movie)
WITH u, AVG(r.rating) AS avgRating
ORDER BY avgRating ASC
LIMIT 3
RETURN u.userId, u.name, avgRating","match
$u isa user;
$r isa rated (user: $u, film: $m);
$r has rating $rating;
reduce $avg_rating = mean($rating) groupby $u;
sort $avg_rating asc;
limit 3;
fetch {
  ""userId"": $u.user_id,
  ""name"": $u.name,
  ""avgRating"": $avg_rating
};"
175,Name the top 5 most voted movies on IMDb released after 2010.,"MATCH (m:Movie)
WHERE m.year > 2010
RETURN m.title AS title, m.imdbVotes AS votes
ORDER BY m.imdbVotes DESC
LIMIT 5","match
$m isa movie, has year $y, has imdb_votes $v;
$y > 2010;
sort $v desc;
limit 5;
fetch {
  ""title"": $m.title,
  ""votes"": $v
};"
176,Which 3 directors were born before 1900?,"MATCH (d:Director)
WHERE d.born < date(""1900-01-01"")
RETURN d.name
ORDER BY d.born
LIMIT 3","match
$d isa person, has born $b;
directed (director: $d);
$b < 1900-01-01;
sort $b;
limit 3;
fetch {
  ""name"": $d.name
};"
177,List the top 5 actors with the most roles in movies released before 1980.,"MATCH (a:Actor)-[r:ACTED_IN]->(m:Movie)
WHERE m.year < 1980
RETURN a.name AS actor, COUNT(r) AS roles
ORDER BY roles DESC
LIMIT 5","match
$a isa person, has name $name;
$m isa movie, has year $y;
$y < 1980;
$r isa acted_in (actor: $a, film: $m);
reduce $roles = count($r) groupby $a, $name;
sort $roles desc;
limit 5;"
178,Which 3 movies have the highest number of languages spoken?,"MATCH (m:Movie)
RETURN m.title, size(m.languages) AS numLanguages
ORDER BY numLanguages DESC
LIMIT 3","with fun language_count($m: movie) -> integer:
  match $m has languages $l;
  return count;

match
$m isa movie;
let $lang_count = language_count($m);
$lang_count > 0;
sort $lang_count desc;
limit 3;
fetch { ""title"": $m.title, ""languageCount"": $lang_count };"
179,What are the top 5 movies in the 'Adventure' genre with the highest revenue?,"MATCH (m:Movie)-[:IN_GENRE]->(g:Genre {name: 'Adventure'})
RETURN m.title AS title, m.revenue AS revenue
ORDER BY m.revenue DESC
LIMIT 5","match
$m isa movie;
$g isa genre, has name ""Adventure"";
in_genre (film: $m, genre: $g);
$m has revenue $rev;
sort $rev desc;
limit 5;
fetch {
  ""title"": $m.title,
  ""revenue"": $rev
};"
180,List the top 3 directors who died after 2000.,"MATCH (d:Director)
WHERE d.died > date(""2000-01-01"")
RETURN d.name, d.died
ORDER BY d.died DESC
LIMIT 3","match
$d isa person, has died $died;
directed (director: $d);
$died > 2000-01-01;
sort $died desc;
limit 3;
fetch {
  ""name"": $d.name,
  ""died"": $died
};"
181,Name the top 5 movies with IMDb ratings lower than 5.0.,"MATCH (m:Movie)
WHERE m.imdbRating < 5.0
RETURN m.title, m.imdbRating
ORDER BY m.imdbRating DESC
LIMIT 5","match
$m isa movie, has imdb_rating $ir;
$ir < 5.0;
sort $ir desc;
limit 5;
fetch {
  ""title"": $m.title,
  ""imdb_rating"": $ir
};"
182,Which 3 users have rated the most movies?,"MATCH (u:User)-[r:RATED]->(m:Movie)
WITH u, COUNT(r) AS numRatings
ORDER BY numRatings DESC
LIMIT 3
RETURN u.name AS userName, numRatings","match
$u isa user;
$r isa rated (user: $u, film: $m);
reduce $numRatings = count($r) groupby $u;
sort $numRatings desc;
limit 3;
fetch {
  ""userName"": $u.name,
  ""numRatings"": $numRatings
};"
183,What are the top 5 movies with a budget over $100 million?,"MATCH (m:Movie)
WHERE m.budget > 100000000
RETURN m.title, m.budget
ORDER BY m.budget DESC
LIMIT 5","match
$m isa movie, has budget $b;
$b > 100000000;
sort $b desc;
limit 5;
fetch {
  ""title"": $m.title,
  ""budget"": $b
};"
184,List 3 actors born in France who have directed a movie.,"MATCH (a:Actor)-[:DIRECTED]->(:Movie)
WHERE a.bornIn = ""France""
RETURN a.name
LIMIT 3","match
$a isa person, has born_in ""France"", has name $n;
acted_in (actor: $a);
directed (director: $a);
limit 3;
fetch { ""name"": $n };"
185,Name the top 5 actors who have acted in movies with a runtime longer than 150 minutes.,"MATCH (a:Actor)-[:ACTED_IN]->(m:Movie)
WHERE m.runtime > 150
RETURN a.name, COUNT(m) AS movieCount
ORDER BY movieCount DESC
LIMIT 5","match
$a isa person, has name $n;
$m isa movie, has runtime $r;
$r > 150;
acted_in (actor: $a, film: $m);
reduce $count = count($m) groupby $a, $n;
sort $count desc;
limit 5;
fetch { ""name"": $n, ""movieCount"": $count };"
186,Which 3 movies have the highest IMDb votes?,"MATCH (m:Movie)
RETURN m.title, m.imdbVotes
ORDER BY m.imdbVotes DESC
LIMIT 3","match
$m isa movie, has imdb_votes $v;
sort $v desc;
limit 3;
fetch {
  ""title"": $m.title,
  ""imdb_votes"": $v
};"
187,List the top 5 movies that have been rated after 2015.,"MATCH (u:User)-[r:RATED]->(m:Movie)
WHERE r.timestamp > 1420070400 // Timestamp for January 1, 2015
RETURN m.title AS MovieTitle, COUNT(r) AS RatingCount
ORDER BY RatingCount DESC
LIMIT 5","match
$m isa movie;
$r isa rated (user: $u, film: $m);
$r has timestamp $ts;
$ts > 1420070400;
reduce $count = count($r) groupby $m;
sort $count desc;
limit 5;
fetch {
  ""MovieTitle"": $m.title,
  ""RatingCount"": $count
};"
188,Which 3 directors have the longest filmography in the database?,"MATCH (d:Director)-[:DIRECTED]->(m:Movie)
WITH d, COUNT(m) AS filmCount
ORDER BY filmCount DESC
LIMIT 3
RETURN d.name AS directorName, filmCount","match
$d isa person;
directed (director: $d, film: $m);
reduce $count = count($m) groupby $d;
sort $count desc;
limit 3;
fetch {
  ""directorName"": $d.name,
  ""filmCount"": $count
};"
189,What are the top 3 genres with the most movies?,"MATCH (m:Movie)-[:IN_GENRE]->(g:Genre)
WITH g, count(m) AS movieCount
ORDER BY movieCount DESC
LIMIT 3
RETURN g.name AS genre, movieCount","match
$m isa movie;
$g isa genre;
in_genre (film: $m, genre: $g);
reduce $movieCount = count($m) groupby $g;
sort $movieCount desc;
limit 3;
fetch {
  ""genre"": $g.name,
  ""movieCount"": $movieCount
};"
190,List the top 5 movies with an IMDb rating above 8.0.,"MATCH (m:Movie)
WHERE m.imdbRating > 8.0
RETURN m.title, m.imdbRating
ORDER BY m.imdbRating DESC
LIMIT 5","match
$m isa movie, has imdb_rating $r;
$r > 8.0;
sort $r desc;
limit 5;
fetch {
  ""title"": $m.title,
  ""imdb_rating"": $r
};"
191,Which 3 actors have played roles in both acting and directing for the same movie?,"MATCH (a:Actor)-[:ACTED_IN]->(m:Movie)<-[:DIRECTED]-(a)
WITH a, m
MATCH (a)-[:DIRECTED]->(m)
RETURN a.name AS actorName, m.title AS movieTitle
LIMIT 3","match
$a isa person, has name $an;
acted_in (actor: $a, film: $m);
directed (director: $a, film: $m);
$m has title $mt;
sort $an, $mt;
limit 3;
fetch {
  ""actorName"": $an,
  ""movieTitle"": $mt
};"
192,What are the top 5 highest-grossing movies of 2014?,"MATCH (m:Movie)
WHERE m.year = 2014
RETURN m.title, m.revenue
ORDER BY m.revenue DESC
LIMIT 5","match
$m isa movie, has year 2014, has revenue $rev;
sort $rev desc;
limit 5;
fetch {
  ""title"": $m.title,
  ""revenue"": $rev
};"
193,List 3 movies released in 1995.,"MATCH (m:Movie)
WHERE m.year = 1995
RETURN m.title
LIMIT 3","match
$m isa movie, has year 1995;
limit 3;
fetch {
  ""title"": $m.title
};"
194,Which 3 movies have been rated by the most users?,"MATCH (u:User)-[r:RATED]->(m:Movie)
WITH m, COUNT(r) AS numRatings
ORDER BY numRatings DESC
LIMIT 3
RETURN m.title AS MovieTitle, numRatings AS NumberOfRatings","match
$m isa movie;
$r isa rated (user: $u, film: $m);
reduce $numRatings = count($r) groupby $m;
sort $numRatings desc;
limit 3;
fetch { ""MovieTitle"": $m.title, ""NumberOfRatings"": $numRatings };"
195,List the top 3 movies with a release date on or before '2000-01-01'.,"MATCH (m:Movie)
WHERE m.released <= '2000-01-01'
RETURN m.title, m.released
ORDER BY m.released DESC
LIMIT 3","match
$m isa movie, has released $r;
$r <= ""2000-01-01"";
sort $r desc;
limit 3;
fetch {
  ""title"": $m.title,
  ""released"": $r
};"
196,What are the top 5 movies with the highest imdbRating that were released in the 21st century?,"MATCH (m:Movie)
WHERE m.year >= 2001
RETURN m.title, m.imdbRating
ORDER BY m.imdbRating DESC
LIMIT 5","match
$m isa movie, has year $y;
$y >= 2001;
$m has imdb_rating $ir;
sort $ir desc;
limit 5;
fetch {
  ""title"": $m.title,
  ""imdbRating"": $ir
};"
197,Which genres have the most movies with a runtime over 120 minutes?,"MATCH (m:Movie)-[:IN_GENRE]->(g:Genre)
WHERE m.runtime > 120
RETURN g.name AS genre, COUNT(m) AS movie_count
ORDER BY movie_count DESC
LIMIT 1","match
$m isa movie, has runtime $r;
$g isa genre;
in_genre (film: $m, genre: $g);
$r > 120;
reduce $movie_count = count($m) groupby $g;
sort $movie_count desc;
limit 1;
fetch {
  ""genre"": $g.name,
  ""movie_count"": $movie_count
};"
198,Name the top 5 movies with the most IMDb votes released before the year 2000.,"MATCH (m:Movie)
WHERE m.year < 2000
RETURN m.title AS title, m.imdbVotes AS votes
ORDER BY m.imdbVotes DESC
LIMIT 5","match
$m isa movie, has year $y, has imdb_votes $v;
$y < 2000;
sort $v desc;
limit 5;
fetch {
  ""title"": $m.title,
  ""votes"": $v
};"
199,List the movies where the primary language is English and have a runtime of exactly 96 minutes.,"MATCH (m:Movie)
WHERE ""English"" IN m.languages AND m.runtime = 96
RETURN m.title AS MovieTitle, m.runtime AS Runtime, m.languages AS Languages","match
$m isa movie, has runtime $r, has languages $l;
$r == 96;
$l like "".*English.*"";
fetch {
  ""MovieTitle"": $m.title,
  ""Runtime"": $r,
  ""Languages"": $l
};"
200,Which movies have won more than 200 million dollars but were rated below 6.0 on IMDb?,"MATCH (m:Movie)
WHERE m.revenue > 200000000 AND m.imdbRating < 6.0
RETURN m.title AS MovieTitle, m.revenue AS Revenue, m.imdbRating AS IMDbRating","match
$m isa movie, has revenue $rev, has imdb_rating $rating;
$rev > 200000000;
$rating < 6.0;
fetch {
  ""MovieTitle"": $m.title,
  ""Revenue"": $rev,
  ""IMDbRating"": $rating
};"
201,What are the three most common languages spoken in movies directed by Anthony Stacchi?,"MATCH (d:Director {name: ""Anthony Stacchi""})-[:DIRECTED]->(m:Movie)
UNWIND m.languages AS language
WITH language, COUNT(*) AS languageCount
ORDER BY languageCount DESC
LIMIT 3
RETURN language, languageCount","match
$d isa person, has name ""Anthony Stacchi"";
directed (director: $d, film: $m);
$m has languages $lang;
reduce $count = count($m) groupby $lang;
sort $count desc;
limit 3;
fetch { ""language"": $lang, ""languageCount"": $count };"
202,List the movies that have been both directed and acted in by the same person.,"MATCH (p:Person)-[:DIRECTED]->(m:Movie)<-[:ACTED_IN]-(p)
RETURN m.title AS MovieTitle, p.name AS PersonName","match
$p isa person;
$m isa movie;
directed (director: $p, film: $m);
acted_in (actor: $p, film: $m);
fetch {
  ""MovieTitle"": $m.title,
  ""PersonName"": $p.name
};"
203,Name the actors who have acted in movies with a budget less than 50 million dollars.,"MATCH (a:Actor)-[:ACTED_IN]->(m:Movie)
WHERE m.budget < 50000000
RETURN DISTINCT a.name","match
$a isa person;
$m isa movie, has budget $b;
$b < 50000000;
acted_in (actor: $a, film: $m);
$a has name $n;
select $n;
distinct;
fetch { ""name"": $n };"
204,Which movies have a runtime longer than 180 minutes?,"MATCH (m:Movie)
WHERE m.runtime > 180
RETURN m.title AS MovieTitle, m.runtime AS Runtime","match
$m isa movie, has runtime $r;
$r > 180;
fetch {
  ""MovieTitle"": $m.title,
  ""Runtime"": $r
};"
205,Find the names of all directors who were born in France.,"MATCH (d:Director)
WHERE d.bornIn = ""France""
RETURN d.name","match
$d isa person, has born_in ""France"";
directed (director: $d);
fetch {
  ""name"": $d.name
};"
206,List the names of movies that have a plot mentioning 'friendship'.,"MATCH (m:Movie)
WHERE m.plot CONTAINS 'friendship'
RETURN m.title AS movieTitle","match
$m isa movie, has plot $p, has title $t;
$p like "".*friendship.*"";
fetch {
  ""movieTitle"": $t
};"
207,What are the names of users who rated a movie from the 'Animation' genre?,"MATCH (u:User)-[:RATED]->(m:Movie)-[:IN_GENRE]->(g:Genre {name: 'Animation'})
RETURN u.name","match
$u isa user;
$m isa movie;
$g isa genre, has name ""Animation"";
rated (user: $u, film: $m);
in_genre (film: $m, genre: $g);
fetch {
  ""name"": $u.name
};"
208,Which users rated the movie with an IMDb ID '0787474'?,"MATCH (u:User)-[r:RATED]->(m:Movie {imdbId: '0787474'})
RETURN u.name AS userName, r.rating AS rating","match
$u isa user;
$m isa movie, has imdb_id ""0787474"";
$r isa rated (user: $u, film: $m);
$r has rating $rating;
fetch {
  ""userName"": $u.name,
  ""rating"": $rating
};"
209,What are the IMDb ratings of movies directed by François Lallement?,"MATCH (d:Director {name: ""François Lallement""})-[:DIRECTED]->(m:Movie)
RETURN m.title AS MovieTitle, m.imdbRating AS IMDbRating","match
$d isa person, has name ""François Lallement"";
directed (director: $d, film: $m);
$m isa movie;
fetch {
  ""MovieTitle"": $m.title,
  ""IMDbRating"": $m.imdb_rating
};"
210,Who are the top 5 actors by the number of movies acted in the 'Adventure' genre?,"MATCH (a:Actor)-[:ACTED_IN]->(m:Movie)-[:IN_GENRE]->(g:Genre {name: 'Adventure'})
WITH a, COUNT(m) AS movieCount
ORDER BY movieCount DESC
LIMIT 5
RETURN a.name AS actorName, movieCount","match
$a isa person;
$m isa movie;
$g isa genre, has name ""Adventure"";
acted_in (actor: $a, film: $m);
in_genre (film: $m, genre: $g);
reduce $count = count($m) groupby $a;
sort $count desc;
limit 5;
fetch {
  ""actorName"": $a.name,
  ""movieCount"": $count
};"
211,List all genres associated with the movie 'Toy Story'.,"MATCH (m:Movie {title: 'Toy Story'})-[:IN_GENRE]->(g:Genre)
RETURN g.name AS genre","match
$m isa movie, has title ""Toy Story"";
in_genre (film: $m, genre: $g);
$g isa genre;
fetch {
  ""genre"": $g.name
};"
212,What are the three most recent movies added to the database?,"MATCH (m:Movie)
RETURN m.title, m.released
ORDER BY m.released DESC
LIMIT 3","match
$m isa movie, has released $r;
sort $r desc;
limit 3;
fetch {
  ""title"": $m.title,
  ""released"": $r
};"
213,Name the top 5 highest-grossing movies directed by Harold Lloyd.,"MATCH (d:Director {name: ""Harold Lloyd""})-[:DIRECTED]->(m:Movie)
RETURN m.title AS title, m.revenue AS revenue
ORDER BY m.revenue DESC
LIMIT 5","match
$d isa person, has name ""Harold Lloyd"";
directed (director: $d, film: $m);
$m has revenue $rev;
sort $rev desc;
limit 5;
fetch {
  ""title"": $m.title,
  ""revenue"": $rev
};"
214,"Which movies have been rated by more than 600,000 IMDb users?","MATCH (m:Movie)
WHERE m.imdbVotes > 600000
RETURN m.title AS MovieTitle, m.imdbVotes AS NumberOfVotes","match
$m isa movie, has imdb_votes $v;
$v > 600000;
fetch {
  ""MovieTitle"": $m.title,
  ""NumberOfVotes"": $v
};"
215,Who are the actors in the movie titled 'Open Season'?,"MATCH (m:Movie {title: 'Open Season'})<-[:ACTED_IN]-(a:Actor)
RETURN a.name","match
$m isa movie, has title ""Open Season"";
acted_in (actor: $a, film: $m);
$a isa person;
fetch {
  ""name"": $a.name
};"
216,List the names of 3 directors who directed a movie released after 2010.,"MATCH (d:Director)-[:DIRECTED]->(m:Movie)
WHERE m.released > ""2010-01-01""
RETURN d.name
LIMIT 3","match
$d isa person;
directed (director: $d, film: $m);
$m isa movie, has released $r;
$r > ""2010-01-01"";
limit 3;
fetch {
  ""name"": $d.name
};"
217,List the top 3 highest revenue movies released in the 2000s.,"MATCH (m:Movie)
WHERE m.year >= 2000 AND m.year < 2010
RETURN m.title, m.revenue
ORDER BY m.revenue DESC
LIMIT 3","match
$m isa movie, has title $t, has revenue $r, has year $y;
$y >= 2000;
$y < 2010;
sort $r desc;
limit 3;
fetch {
  ""title"": $t,
  ""revenue"": $r
};"
218,What are the top 3 countries producing movies with a revenue over 500 million dollars?,"MATCH (m:Movie)
WHERE m.revenue > 500000000
UNWIND m.countries AS country
RETURN country, COUNT(m) AS movieCount
ORDER BY movieCount DESC
LIMIT 3","match
$m isa movie, has revenue $r, has countries $c;
$r > 500000000;
reduce $count = count($m) groupby $c;
sort $count desc;
limit 3;
fetch {
  ""country"": $c,
  ""movieCount"": $count
};"
219,Who are the directors of movies that have an IMDb rating greater than 8.0?,"MATCH (m:Movie)-[:DIRECTED]-(d:Director)
WHERE m.imdbRating > 8.0
RETURN DISTINCT d.name","match
$m isa movie, has imdb_rating $r;
$r > 8.0;
directed (director: $d, film: $m);
$d has name $n;
select $n;
distinct;
fetch { ""name"": $n };"
220,List the movies that have been rated by user '1'.,"MATCH (u:User {userId: '1'})-[:RATED]->(m:Movie)
RETURN m.title AS MovieTitle, m.year AS ReleaseYear, m.imdbRating AS IMDbRating","match
$u isa user, has user_id ""1"";
rated (user: $u, film: $m);
fetch {
  ""MovieTitle"": $m.title,
  ""ReleaseYear"": $m.year,
  ""IMDbRating"": $m.imdb_rating
};"
221,List the movies that have grossed over 1 billion USD in revenue.,"MATCH (m:Movie)
WHERE m.revenue > 1000000000
RETURN m.title AS MovieTitle, m.revenue AS Revenue","match
$m isa movie, has revenue $rev;
$rev > 1000000000;
fetch {
  ""MovieTitle"": $m.title,
  ""Revenue"": $rev
};"
222,Which movies have been rated by user '1' and have a rating greater than 8?,"MATCH (u:User {userId: '1'})-[:RATED]->(m:Movie)
WHERE u.rating > 8
RETURN m.title AS MovieTitle, u.rating AS Rating","match
$u isa user, has user_id ""1"";
$rel isa rated (user: $u, film: $m);
$m isa movie;
$rel has rating $r;
$r > 8.0;
fetch {
  ""MovieTitle"": $m.title,
  ""Rating"": $r
};"
223,"What are the top 5 movies by IMDB rating that have more than 100,000 IMDB votes?","MATCH (m:Movie)
WHERE m.imdbVotes > 100000
RETURN m.title, m.imdbRating
ORDER BY m.imdbRating DESC
LIMIT 5","match
$m isa movie, has imdb_votes $v, has imdb_rating $r;
$v > 100000;
sort $r desc;
limit 5;
fetch {
  ""title"": $m.title,
  ""imdbRating"": $r
};"
224,Who are the top 5 directors by the number of movies they have directed?,"MATCH (d:Director)-[:DIRECTED]->(m:Movie)
WITH d, COUNT(m) AS movieCount
ORDER BY movieCount DESC
LIMIT 5
RETURN d.name AS directorName, movieCount","match
$d isa person;
directed (director: $d, film: $m);
reduce $count = count($m) groupby $d;
sort $count desc;
limit 5;
fetch {
  ""directorName"": $d.name,
  ""movieCount"": $count
};"
225,What are the top 3 genres by the number of movies?,"MATCH (m:Movie)-[:IN_GENRE]->(g:Genre)
WITH g, count(m) as movieCount
RETURN g.name as genre, movieCount
ORDER BY movieCount DESC
LIMIT 3","match
$m isa movie;
$g isa genre;
in_genre (film: $m, genre: $g);
reduce $movieCount = count($m) groupby $g;
sort $movieCount desc;
limit 3;
fetch {
  ""genre"": $g.name,
  ""movieCount"": $movieCount
};"
226,Which 5 actors have acted in the most movies?,"MATCH (a:Actor)-[:ACTED_IN]->(m:Movie)
WITH a, COUNT(m) AS movieCount
ORDER BY movieCount DESC
LIMIT 5
RETURN a.name AS actorName, movieCount","match
$a isa person;
acted_in (actor: $a, film: $m);
reduce $count = count($m) groupby $a;
sort $count desc;
limit 5;
fetch { ""actorName"": $a.name, ""movieCount"": $count };"
227,List 3 movies directed by 'Anthony Stacchi'.,"MATCH (d:Director {name: 'Anthony Stacchi'})-[:DIRECTED]->(m:Movie)
RETURN m.title
LIMIT 3","match
$d isa person, has name ""Anthony Stacchi"";
$m isa movie;
directed (director: $d, film: $m);
limit 3;
fetch {
  ""title"": $m.title
};"
228,What are the top 5 highest-grossing movies that were released before 2010?,"MATCH (m:Movie)
WHERE m.year < 2010
RETURN m.title AS title, m.revenue AS revenue
ORDER BY m.revenue DESC
LIMIT 5","match
$m isa movie, has year $y, has revenue $rev;
$y < 2010;
sort $rev desc;
limit 5;
fetch {
  ""title"": $m.title,
  ""revenue"": $rev
};"
229,Which movies have a runtime greater than 120 minutes and were released after 2000?,"MATCH (m:Movie)
WHERE m.runtime > 120 AND m.year > 2000
RETURN m.title, m.runtime, m.year","match
$m isa movie, has runtime $runtime, has year $year;
$runtime > 120;
$year > 2000;
fetch {
  ""title"": $m.title,
  ""runtime"": $runtime,
  ""year"": $year
};"
230,Name the movies that have been acted in and directed by the same person.,"MATCH (p:Person)-[:ACTED_IN]->(m:Movie)<-[:DIRECTED]-(p)
RETURN m.title AS MovieTitle, p.name AS PersonName","match
$p isa person;
$m isa movie;
acted_in (actor: $p, film: $m);
directed (director: $p, film: $m);
fetch {
  ""MovieTitle"": $m.title,
  ""PersonName"": $p.name
};"
231,What are the IMDb ratings of movies that have a plot mentioning 'evil exterminator'?,"MATCH (m:Movie)
WHERE m.plot CONTAINS 'evil exterminator'
RETURN m.title AS title, m.imdbRating AS imdbRating","match
$m isa movie, has plot $p, has title $t, has imdb_rating $r;
$p like "".*evil exterminator.*"";
fetch {
  ""title"": $t,
  ""imdbRating"": $r
};"
232,List movies with a revenue less than 20 million dollars and released before 1980.,"MATCH (m:Movie)
WHERE m.revenue < 20000000 AND m.released < ""1980-01-01""
RETURN m.title AS title, m.revenue AS revenue, m.released AS released","match
$m isa movie, has revenue $rev, has released $rel;
$rev < 20000000;
$rel < ""1980-01-01"";
fetch {
  ""title"": $m.title,
  ""revenue"": $rev,
  ""released"": $rel
};"
233,Name the genres of movies that have a plot mentioning 'army'.,"MATCH (m:Movie)-[:IN_GENRE]->(g:Genre)
WHERE m.plot CONTAINS 'army'
RETURN DISTINCT g.name AS genre","match
$m isa movie, has plot $plot;
$plot like "".*army.*"";
in_genre (film: $m, genre: $g);
$g isa genre;
select $g;
distinct;
fetch {
  ""genre"": $g.name
};"
234,Which movies have been rated by users named 'Omar Huffman'?,"MATCH (u:User {name: 'Omar Huffman'})-[:RATED]->(m:Movie)
RETURN m.title AS MovieTitle","match
$u isa user, has name ""Omar Huffman"";
rated (user: $u, film: $m);
$m isa movie;
fetch {
  ""MovieTitle"": $m.title
};"
235,List the top 3 actors by the number of roles in movies released after 2010.,"MATCH (a:Actor)-[r:ACTED_IN]->(m:Movie)
WHERE m.year > 2010
RETURN a.name AS actor, COUNT(r) AS roles
ORDER BY roles DESC
LIMIT 3","match
$a isa person;
$m isa movie, has year $y;
$y > 2010;
$r isa acted_in (actor: $a, film: $m);
reduce $roles = count($r) groupby $a;
sort $roles desc;
limit 3;
fetch { ""actor"": $a.name, ""roles"": $roles };"
236,Name the movies that have posters ending with 'w5Lctmkc1yah215Luxmci4djaiW.jpg'.,"MATCH (m:Movie)
WHERE m.poster ENDS WITH 'w5Lctmkc1yah215Luxmci4djaiW.jpg'
RETURN m.title AS movieTitle","match
$m isa movie, has poster $p;
$p like "".*w5Lctmkc1yah215Luxmci4djaiW\\.jpg"";
fetch {
  ""movieTitle"": $m.title
};"
237,Which users have rated movies directed by directors born after 1960?,"MATCH (d:Director)-[:DIRECTED]->(m:Movie)<-[:RATED]-(u:User)
WHERE d.born > date('1960-01-01')
RETURN DISTINCT u.name AS userName, u.userId AS userId","match
$d isa person, has born $b;
$b > 1960-01-01;
directed (director: $d, film: $m);
$m isa movie;
rated (user: $u, film: $m);
$u isa user, has name $name, has user_id $uid;
select $name, $uid;
distinct;
fetch {
  ""userName"": $name,
  ""userId"": $uid
};"
238,Name genres in which Harold Lloyd has directed movies.,"MATCH (d:Director {name: ""Harold Lloyd""})-[:DIRECTED]->(m:Movie)-[:IN_GENRE]->(g:Genre)
RETURN DISTINCT g.name AS Genre","match
$d isa person, has name ""Harold Lloyd"";
directed (director: $d, film: $m);
in_genre (film: $m, genre: $g);
$g has name $gn;
select $gn;
distinct;
fetch { ""Genre"": $gn };"
239,List the top 3 movies with the highest budget to revenue ratio.,"MATCH (m:Movie)
WHERE m.budget > 0 AND m.revenue > 0
WITH m, (toFloat(m.budget) / toFloat(m.revenue)) AS budget_to_revenue_ratio
RETURN m.title AS movie_title, budget_to_revenue_ratio
ORDER BY budget_to_revenue_ratio DESC
LIMIT 3","match
$m isa movie, has budget $b, has revenue $r;
$b > 0;
$r > 0;
let $ratio = $b / $r;
sort $ratio desc;
limit 3;
fetch {
  ""movie_title"": $m.title,
  ""budget_to_revenue_ratio"": $ratio
};"
240,"What are the names of the movies directed by persons born in 'Burchard, Nebraska, USA'?","MATCH (p:Person)-[:DIRECTED]->(m:Movie)
WHERE p.bornIn = 'Burchard, Nebraska, USA'
RETURN m.title AS movieTitle","match
$p isa person, has born_in ""Burchard, Nebraska, USA"";
directed (director: $p, film: $m);
$m isa movie;
fetch {
  ""movieTitle"": $m.title
};"
241,What are the names of the top 5 movies with a budget over 100 million dollars?,"MATCH (m:Movie)
WHERE m.budget > 100000000
RETURN m.title
ORDER BY m.imdbRating DESC
LIMIT 5","match
$m isa movie, has budget $b, has imdb_rating $r;
$b > 100000000;
sort $r desc;
limit 5;
fetch {
  ""title"": $m.title
};"
242,Show the top 5 oldest movies that have been rated by at least 5 different users.,"MATCH (m:Movie)<-[:RATED]-(u:User)
WITH m, COUNT(DISTINCT u) AS userCount
WHERE userCount >= 5
RETURN m.title AS title, m.year AS year
ORDER BY m.year ASC
LIMIT 5","match
$m isa movie;
$u isa user;
rated (film: $m, user: $u);
select $m, $u;
distinct;
reduce $user_count = count groupby $m;
match
$user_count >= 5;
$m has year $y;
sort $y asc;
limit 5;
fetch {
  ""title"": $m.title,
  ""year"": $y
};"
243,Identify the first 3 movies that have been rated by users younger than 25.,"MATCH (u:User)-[r:RATED]->(m:Movie)
WHERE u.age < 25
RETURN m.title AS MovieTitle, r.rating AS Rating, u.name AS UserName
ORDER BY r.timestamp ASC
LIMIT 3","match
$u isa user, has age $a;
$a < 25;
$m isa movie;
$rel isa rated (user: $u, film: $m), has timestamp $ts, has rating $r;
sort $ts asc;
limit 3;
fetch {
  ""MovieTitle"": $m.title,
  ""Rating"": $r,
  ""UserName"": $u.name
};"
244,Which 5 users have the most ratings in the 'Comedy' genre?,"MATCH (u:User)-[r:RATED]->(m:Movie)-[:IN_GENRE]->(g:Genre {name: 'Comedy'})
WITH u, COUNT(r) AS ratingCount
ORDER BY ratingCount DESC
LIMIT 5
RETURN u.name AS userName, ratingCount","match
  $u isa user;
  $r isa rated (user: $u, film: $m);
  $m isa movie;
  in_genre (film: $m, genre: $g);
  $g isa genre, has name ""Comedy"";
reduce $ratingCount = count($r) groupby $u;
sort $ratingCount desc;
limit 5;
fetch {
  ""userName"": $u.name,
  ""ratingCount"": $ratingCount
};"
245,List the first 5 directors who have a biography listed in the database.,"MATCH (d:Director)
WHERE d.bio IS NOT NULL
RETURN d.name, d.bio
LIMIT 5","match
$d isa person, has bio $b, has name $n;
directed (director: $d);
limit 5;
fetch {
  ""name"": $n,
  ""bio"": $b
};"
246,What are the top 3 oldest movies in the database?,"MATCH (m:Movie)
RETURN m.title, m.year
ORDER BY m.year ASC
LIMIT 3","match
$m isa movie, has year $y;
sort $y;
limit 3;
fetch {
  ""title"": $m.title,
  ""year"": $y
};"
247,Identify the first 5 actors who have acted in movies with a budget less than 50 million dollars.,"MATCH (a:Actor)-[:ACTED_IN]->(m:Movie)
WHERE m.budget < 50000000
RETURN a.name AS actorName, m.title AS movieTitle, m.budget AS movieBudget
ORDER BY a.name
LIMIT 5","match
$a isa person, has name $an;
$m isa movie, has title $mt, has budget $mb;
$mb < 50000000;
acted_in (actor: $a, film: $m);
sort $an asc;
limit 5;
fetch {
  ""actorName"": $an,
  ""movieTitle"": $mt,
  ""movieBudget"": $mb
};"
248,Show the top 3 highest-grossing movies of the 2000s.,"MATCH (m:Movie)
WHERE m.year >= 2000 AND m.year < 2010
RETURN m.title AS title, m.revenue AS revenue
ORDER BY m.revenue DESC
LIMIT 3","match
$m isa movie, has year $y, has revenue $r;
$y >= 2000;
$y < 2010;
sort $r desc;
limit 3;
fetch {
  ""title"": $m.title,
  ""revenue"": $r
};"
249,Which 5 users have rated movies primarily in the 'Drama' genre?,"MATCH (u:User)-[r:RATED]->(m:Movie)-[:IN_GENRE]->(g:Genre {name: 'Drama'})
WITH u, COUNT(r) AS dramaRatings
ORDER BY dramaRatings DESC
LIMIT 5
RETURN u.name AS userName, dramaRatings","match
  $u isa user;
  $m isa movie;
  $g isa genre, has name ""Drama"";
  $r isa rated (user: $u, film: $m);
  in_genre (film: $m, genre: $g);
reduce $drama_ratings = count($r) groupby $u;
sort $drama_ratings desc;
limit 5;
fetch { ""userName"": $u.name, ""dramaRatings"": $drama_ratings };"
250,List the first 5 movies that involve actors born in France.,"MATCH (a:Actor)-[:ACTED_IN]->(m:Movie)
WHERE a.bornIn = ""France""
RETURN m.title AS MovieTitle
LIMIT 5","match
$a isa person, has born_in ""France"";
acted_in (actor: $a, film: $m);
$m isa movie;
limit 5;
fetch {
  ""MovieTitle"": $m.title
};"
251,What are the top 3 movies with the highest IMDb ratings that were released in the 1990s?,"MATCH (m:Movie)
WHERE m.year >= 1990 AND m.year < 2000
RETURN m.title, m.imdbRating
ORDER BY m.imdbRating DESC
LIMIT 3","match
$m isa movie, has year $y, has imdb_rating $r;
$y >= 1990;
$y < 2000;
sort $r desc;
limit 3;
fetch {
  ""title"": $m.title,
  ""imdb_rating"": $r
};"
252,Which 5 directors were born in the USA and have directed at least 3 movies?,"MATCH (d:Director)-[:DIRECTED]->(m:Movie)
WHERE d.bornIn CONTAINS ""USA""
WITH d, COUNT(m) AS movieCount
WHERE movieCount >= 3
RETURN d.name AS directorName, movieCount
ORDER BY movieCount DESC
LIMIT 5","match
$d isa person, has born_in $bi;
$bi like "".*USA.*"";
directed (director: $d, film: $m);
reduce $movieCount = count($m) groupby $d;
match $movieCount >= 3;
sort $movieCount desc;
limit 5;
fetch {
  ""directorName"": $d.name,
  ""movieCount"": $movieCount
};"
253,List the first 3 actors who have played roles in both comedy and action movies.,"MATCH (a:Actor)-[:ACTED_IN]->(m1:Movie)-[:IN_GENRE]->(g1:Genre {name: ""Comedy""}),
      (a)-[:ACTED_IN]->(m2:Movie)-[:IN_GENRE]->(g2:Genre {name: ""Action""})
RETURN DISTINCT a.name
LIMIT 3","match
$a isa person;
acted_in (actor: $a, film: $m1);
acted_in (actor: $a, film: $m2);
in_genre (film: $m1, genre: $g1);
in_genre (film: $m2, genre: $g2);
$g1 has name ""Comedy"";
$g2 has name ""Action"";
select $a;
distinct;
limit 3;
fetch { ""name"": $a.name };"
254,Show the top 5 movies with revenues exceeding 1 billion dollars.,"MATCH (m:Movie)
WHERE m.revenue > 1000000000
RETURN m.title, m.revenue
ORDER BY m.revenue DESC
LIMIT 5","match
$m isa movie, has revenue $rev, has title $title;
$rev > 1000000000;
sort $rev desc;
limit 5;
fetch {
  ""title"": $title,
  ""revenue"": $rev
};"
255,Identify the first 3 genres most frequently linked to movies directed by 'Steven Spielberg'.,"MATCH (d:Director {name: 'Steven Spielberg'})-[:DIRECTED]->(m:Movie)-[:IN_GENRE]->(g:Genre)
RETURN g.name AS genre, COUNT(*) AS frequency
ORDER BY frequency DESC
LIMIT 3","match
$d isa person, has name ""Steven Spielberg"";
$m isa movie;
$g isa genre, has name $gn;
directed (director: $d, film: $m);
in_genre (film: $m, genre: $g);
reduce $frequency = count($m) groupby $g, $gn;
sort $frequency desc;
limit 3;
fetch {
  ""genre"": $gn,
  ""frequency"": $frequency
};"
256,Which 5 movies have the most number of votes on IMDb?,"MATCH (m:Movie)
RETURN m.title, m.imdbVotes
ORDER BY m.imdbVotes DESC
LIMIT 5","match
$m isa movie, has imdb_votes $v;
sort $v desc;
limit 5;
fetch {
  ""title"": $m.title,
  ""imdb_votes"": $v
};"
257,List the top 3 users who have given the highest average ratings.,"MATCH (u:User)-[r:RATED]->(m:Movie)
WITH u, avg(r.rating) AS avgRating
ORDER BY avgRating DESC
LIMIT 3
RETURN u.userId, u.name, avgRating","match
$u isa user;
$rel isa rated (user: $u, film: $m), has rating $r;
reduce $avg = mean($r) groupby $u;
sort $avg desc;
limit 3;
fetch { ""user_id"": $u.user_id, ""name"": $u.name, ""avg_rating"": $avg };"
258,What are the first 5 movies that were rated by users named 'John Smith'?,"MATCH (u:User {name: 'John Smith'})-[:RATED]->(m:Movie)
RETURN m.title AS MovieTitle
ORDER BY m.released
LIMIT 5","match
$u isa user, has name ""John Smith"";
rated (user: $u, film: $m);
$m isa movie, has released $r;
sort $r asc;
limit 5;
fetch {
  ""MovieTitle"": $m.title
};"
259,Show the top 3 actors who have acted in movies that generated over 500 million in revenue.,"MATCH (a:Actor)-[:ACTED_IN]->(m:Movie)
WHERE m.revenue > 500000000
RETURN a.name, COUNT(m) AS movieCount
ORDER BY movieCount DESC
LIMIT 3","match
$a isa person;
acted_in (actor: $a, film: $m);
$m isa movie, has revenue $r;
$r > 500000000;
reduce $movieCount = count($m) groupby $a;
sort $movieCount desc;
limit 3;
fetch { ""name"": $a.name, ""movieCount"": $movieCount };"
260,Which 5 directors have directed at least 5 movies with an IMDb rating above 7.0?,"MATCH (d:Director)-[:DIRECTED]->(m:Movie)
WHERE m.imdbRating > 7.0
WITH d, count(m) AS movieCount
WHERE movieCount >= 5
RETURN d.name AS Director, movieCount
ORDER BY movieCount DESC
LIMIT 5","match
$d isa person;
$m isa movie, has imdb_rating $r;
$r > 7.0;
directed (director: $d, film: $m);
reduce $movie_count = count($m) groupby $d;
match
$movie_count >= 5;
sort $movie_count desc;
limit 5;
fetch {
  ""Director"": $d.name,
  ""movieCount"": $movie_count
};"
261,List the first 3 movies with a budget over 100 million dollars.,"MATCH (m:Movie)
WHERE m.budget > 100000000
RETURN m.title, m.budget
ORDER BY m.budget DESC
LIMIT 3","match
$m isa movie, has budget $b, has title $t;
$b > 100000000;
sort $b desc;
limit 3;
fetch {
  ""title"": $t,
  ""budget"": $b
};"
262,What are the top 3 genres associated with movies released after 2000?,"MATCH (m:Movie)-[:IN_GENRE]->(g:Genre)
WHERE m.year > 2000
RETURN g.name AS genre, COUNT(m) AS movie_count
ORDER BY movie_count DESC
LIMIT 3","match
$m isa movie, has year $y;
$y > 2000;
$g isa genre;
in_genre (film: $m, genre: $g);
reduce $movie_count = count($m) groupby $g;
sort $movie_count desc;
limit 3;
fetch {
  ""genre"": $g.name,
  ""movie_count"": $movie_count
};"
263,Identify the top 5 actors who have acted in more than 10 movies.,"MATCH (a:Actor)-[:ACTED_IN]->(m:Movie)
WITH a, COUNT(m) AS movieCount
WHERE movieCount > 10
RETURN a.name AS actorName, movieCount
ORDER BY movieCount DESC
LIMIT 5","match
$a isa person;
acted_in (actor: $a, film: $m);
reduce $movieCount = count($m) groupby $a;
match
$movieCount > 10;
sort $movieCount desc;
limit 5;
fetch {
  ""actorName"": $a.name,
  ""movieCount"": $movieCount
};"
264,Which 5 users have rated more than 20 movies?,"MATCH (u:User)-[r:RATED]->(m:Movie)
WITH u, COUNT(r) AS numRatings
WHERE numRatings > 20
RETURN u.name AS userName, numRatings
ORDER BY numRatings DESC
LIMIT 5","match
$u isa user;
$r isa rated (user: $u, film: $m);
reduce $numRatings = count($r) groupby $u;
match
$numRatings > 20;
$u has name $name;
sort $numRatings desc;
limit 5;
fetch {
  ""userName"": $name,
  ""numRatings"": $numRatings
};"
265,List the first 3 directors born before 1950.,"MATCH (d:Director)
WHERE d.born < date('1950-01-01')
RETURN d.name, d.born
ORDER BY d.born
LIMIT 3","match
$d isa person, has born $b;
directed (director: $d);
$b < 1950-01-01;
sort $b;
limit 3;
fetch {
  ""name"": $d.name,
  ""born"": $b
};"
266,What are the top 3 longest movies by runtime?,"MATCH (m:Movie)
RETURN m.title, m.runtime
ORDER BY m.runtime DESC
LIMIT 3","match
$m isa movie, has runtime $r;
sort $r desc;
limit 3;
fetch {
  ""title"": $m.title,
  ""runtime"": $r
};"
267,List the top 3 movies that have been released on Christmas Day.,"MATCH (m:Movie)
WHERE m.released = ""1995-12-25""
RETURN m.title, m.released
ORDER BY m.imdbRating DESC
LIMIT 3","match
$m isa movie, has released ""1995-12-25"", has imdb_rating $ir;
sort $ir desc;
limit 3;
fetch {
  ""title"": $m.title,
  ""released"": $m.released
};"
268,List the top 3 movies with a budget under 10 million that have generated over 100 million in revenue.,"MATCH (m:Movie)
WHERE m.budget < 10000000 AND m.revenue > 100000000
RETURN m.title, m.budget, m.revenue
ORDER BY m.revenue DESC
LIMIT 3","match
$m isa movie, has budget $b, has revenue $r, has title $t;
$b < 10000000;
$r > 100000000;
sort $r desc;
limit 3;
fetch {
  ""title"": $t,
  ""budget"": $b,
  ""revenue"": $r
};"
269,What are the first 5 movies to have a poster URL containing 'face'?,"MATCH (m:Movie)
WHERE m.poster CONTAINS 'face'
RETURN m.title, m.poster
ORDER BY m.released
LIMIT 5","match
$m isa movie, has poster $p, has released $r;
$p like "".*face.*"";
sort $r asc;
limit 5;
fetch {
  ""title"": $m.title,
  ""poster"": $p
};"
270,Show the top 5 highest IMDb rated movies directed by female directors.,"MATCH (d:Director)-[:DIRECTED]->(m:Movie)
WHERE d.gender = 'female'
RETURN m.title AS MovieTitle, m.imdbRating AS IMDbRating
ORDER BY m.imdbRating DESC
LIMIT 5","match
$d isa person, has gender ""female"";
directed (director: $d, film: $m);
$m isa movie, has imdb_rating $ir;
sort $ir desc;
limit 5;
fetch {
  ""MovieTitle"": $m.title,
  ""IMDbRating"": $ir
};"
271,Identify the first 3 actors who have acted in movies with at least three different directors.,"MATCH (a:Actor)-[:ACTED_IN]->(m:Movie)<-[:DIRECTED]-(d:Director)
WITH a, COUNT(DISTINCT d) AS directorCount
WHERE directorCount >= 3
RETURN a.name AS actorName
LIMIT 3","match
$a isa person;
$d isa person;
$m isa movie;
acted_in (actor: $a, film: $m);
directed (director: $d, film: $m);
select $a, $d;
distinct;
reduce $dir_count = count($d) groupby $a;
match $dir_count >= 3;
limit 3;
fetch { ""actorName"": $a.name };"
272,Which 5 directors have directed movies in more than 3 different genres?,"MATCH (d:Director)-[:DIRECTED]->(m:Movie)-[:IN_GENRE]->(g:Genre)
WITH d, COUNT(DISTINCT g) AS genreCount
WHERE genreCount > 3
RETURN d.name AS directorName, genreCount
ORDER BY genreCount DESC
LIMIT 5","match
$d isa person;
directed (director: $d, film: $m);
in_genre (film: $m, genre: $g);
select $d, $g;
distinct;
reduce $genreCount = count($g) groupby $d;
match
$genreCount > 3;
$d has name $dn;
sort $genreCount desc;
limit 5;
fetch {
  ""directorName"": $dn,
  ""genreCount"": $genreCount
};"
273,List the top 3 movies with the most revenue that have a runtime under 90 minutes.,"MATCH (m:Movie)
WHERE m.runtime < 90
RETURN m.title, m.revenue
ORDER BY m.revenue DESC
LIMIT 3","match
$m isa movie, has runtime $rt, has revenue $rev;
$rt < 90;
sort $rev desc;
limit 3;
fetch {
  ""title"": $m.title,
  ""revenue"": $rev
};"
274,What are the first 5 movies with a plot containing the word 'adventure'?,"MATCH (m:Movie)
WHERE m.plot CONTAINS 'adventure'
RETURN m.title, m.plot
ORDER BY m.title
LIMIT 5","match
$m isa movie, has plot $p, has title $t;
$p like "".*adventure.*"";
sort $t;
limit 5;
fetch {
  ""title"": $t,
  ""plot"": $p
};"
275,Show the top 5 movies with the most IMDb votes released after 2010.,"MATCH (m:Movie)
WHERE m.year > 2010
RETURN m.title AS title, m.imdbVotes AS votes
ORDER BY m.imdbVotes DESC
LIMIT 5","match
$m isa movie, has year $y, has imdb_votes $v;
$y > 2010;
sort $v desc;
limit 5;
fetch {
  ""title"": $m.title,
  ""votes"": $v
};"
276,Identify the first 3 users who have rated movies released before 1980.,"MATCH (u:User)-[r:RATED]->(m:Movie)
WHERE m.year < 1980
RETURN u.userId, u.name
ORDER BY r.timestamp
LIMIT 3","match
$u isa user;
$m isa movie, has year $y;
$r isa rated (user: $u, film: $m), has timestamp $t;
$y < 1980;
sort $t asc;
limit 3;
fetch {
  ""userId"": $u.user_id,
  ""name"": $u.name
};"
277,Which 5 movies have been rated exactly 5 times by users?,"MATCH (m:Movie)<-[:RATED]-(u:User)
WITH m, COUNT(u) AS ratingCount
WHERE ratingCount = 5
RETURN m.title AS movieTitle
LIMIT 5","match
$m isa movie;
$u isa user;
rated (film: $m, user: $u);
reduce $count = count($u) groupby $m;
match
$count == 5;
limit 5;
fetch {
  ""movieTitle"": $m.title
};"
278,List the top 3 directors who have also acted in a movie they directed.,"MATCH (d:Director)-[:DIRECTED]->(m:Movie)<-[:ACTED_IN]-(d)
WITH d, COUNT(m) AS movieCount
ORDER BY movieCount DESC
LIMIT 3
RETURN d.name AS directorName, movieCount","match
$d isa person;
$m isa movie;
directed (director: $d, film: $m);
acted_in (actor: $d, film: $m);
reduce $movieCount = count($m) groupby $d;
sort $movieCount desc;
limit 3;
fetch { ""directorName"": $d.name, ""movieCount"": $movieCount };"
279,What are the first 5 movies where the main actor has also directed the film?,"MATCH (actor:Actor)-[:ACTED_IN {role: ""main""}]->(movie:Movie)<-[:DIRECTED]-(actor)
RETURN movie.title AS MovieTitle, actor.name AS ActorDirector
LIMIT 5","match
$actor isa person;
$movie isa movie;
$act isa acted_in (actor: $actor, film: $movie);
$act has character_role ""main"";
directed (director: $actor, film: $movie);
limit 5;
fetch {
  ""MovieTitle"": $movie.title,
  ""ActorDirector"": $actor.name
};"
280,Show the top 5 movies with the most languages spoken.,"MATCH (m:Movie)
RETURN m.title AS title, size(m.languages) AS languageCount
ORDER BY languageCount DESC
LIMIT 5","with fun language_count($m: movie) -> integer:
  match $m has languages $l;
  return count;

match
$m isa movie, has languages $lang;
let $lang_count = language_count($m);
sort $lang_count desc;
limit 5;
fetch { ""title"": $m.title, ""languageCount"": $lang_count };"
281,Identify the first 3 movies with the most number of genres associated.,"MATCH (m:Movie)-[:IN_GENRE]->(g:Genre)
WITH m, COUNT(g) AS genreCount
ORDER BY genreCount DESC
LIMIT 3
RETURN m.title AS MovieTitle, genreCount","match
$m isa movie;
in_genre (film: $m, genre: $g);
reduce $count = count($g) groupby $m;
sort $count desc;
limit 3;
fetch {
  ""MovieTitle"": $m.title,
  ""genreCount"": $count
};"
282,Which 5 users have rated the most number of 'Horror' movies?,"MATCH (u:User)-[r:RATED]->(m:Movie)-[:IN_GENRE]->(g:Genre {name: 'Horror'})
WITH u, COUNT(r) AS numRatings
ORDER BY numRatings DESC
LIMIT 5
RETURN u.name AS userName, numRatings","match
$u isa user;
$r isa rated (user: $u, film: $m);
$m isa movie;
in_genre (film: $m, genre: $g);
$g isa genre, has name ""Horror"";
reduce $numRatings = count($r) groupby $u;
sort $numRatings desc;
limit 5;
fetch {
  ""userName"": $u.name,
  ""numRatings"": $numRatings
};"
283,List the top 5 oldest actors in the database.,"MATCH (a:Actor)
WHERE a.born IS NOT NULL
RETURN a.name, a.born
ORDER BY a.born ASC
LIMIT 5","match
$a isa person, has born $b, has name $n;
acted_in (actor: $a);
select $a, $b, $n;
distinct;
sort $b asc;
limit 5;
fetch {
  ""name"": $n,
  ""born"": $b
};"
284,What are the top 3 highest-budget films directed by directors born in the UK?,"MATCH (d:Director)-[:DIRECTED]->(m:Movie)
WHERE d.bornIn = ""UK""
RETURN m.title AS title, m.budget AS budget
ORDER BY m.budget DESC
LIMIT 3","match
$d isa person, has born_in ""UK"";
directed (director: $d, film: $m);
$m has budget $budget, has title $title;
sort $budget desc;
limit 3;
fetch {
  ""title"": $title,
  ""budget"": $budget
};"
285,List the first 5 movies that have been rated by users from more than 10 different countries.,"MATCH (m:Movie)<-[:RATED]-(u:User)
WITH m, collect(distinct u) as users
WHERE size(users) > 10
RETURN m.title AS MovieTitle
ORDER BY m.title
LIMIT 5","match
$m isa movie, has title $t;
rated (film: $m, user: $u);
located_in (resident: $u, country: $c);
select $m, $t, $c;
distinct;
reduce $count = count($c) groupby $m, $t;
match $count > 10;
sort $t;
limit 5;
fetch { ""MovieTitle"": $t };"
286,Show the top 5 movies with the shortest runtime.,"MATCH (m:Movie)
RETURN m.title, m.runtime
ORDER BY m.runtime ASC
LIMIT 5","match
$m isa movie, has runtime $r, has title $t;
sort $r asc;
limit 5;
fetch {
  ""title"": $t,
  ""runtime"": $r
};"
287,Identify the first 3 directors who have directed a movie with an IMDb rating lower than 4.0.,"MATCH (d:Director)-[:DIRECTED]->(m:Movie)
WHERE m.imdbRating < 4.0
RETURN DISTINCT d.name
ORDER BY d.name
LIMIT 3","match
$d isa person;
directed (director: $d, film: $m);
$m isa movie, has imdb_rating $r;
$r < 4.0;
$d has name $n;
select $n;
distinct;
sort $n;
limit 3;
fetch { ""name"": $n };"
288,Which 5 actors have the highest number of credited roles in the database?,"MATCH (a:Actor)-[r:ACTED_IN]->(m:Movie)
WHERE r.role IS NOT NULL AND r.role <> """"
RETURN a.name AS actor, COUNT(r) AS role_count
ORDER BY role_count DESC
LIMIT 5","match
$a isa person;
$rel isa acted_in (actor: $a, film: $m);
$rel has character_role $cr;
$cr like "".+"";
reduce $role_count = count($rel) groupby $a;
sort $role_count desc;
limit 5;
fetch {
  ""actor"": $a.name,
  ""role_count"": $role_count
};"
289,What are the first 5 genres associated with movies having the most languages available?,"MATCH (m:Movie)-[:IN_GENRE]->(g:Genre)
WITH m, g, size(m.languages) AS numLanguages
ORDER BY numLanguages DESC
LIMIT 5
RETURN g.name AS genre, numLanguages","with fun language_count($m: movie) -> integer:
  match $m has languages $l;
  return count;

match
$m isa movie;
in_genre (film: $m, genre: $g);
let $lang_count = language_count($m);
reduce $max_langs = max($lang_count) groupby $g;
sort $max_langs desc;
limit 5;
fetch { ""genre"": $g.name, ""maxLanguages"": $max_langs };"
290,Which directors have directed movies in both the 'Horror' and 'Romance' genres?,"MATCH (d:Director)-[:DIRECTED]->(m1:Movie)-[:IN_GENRE]->(g1:Genre {name: 'Horror'}),
      (d)-[:DIRECTED]->(m2:Movie)-[:IN_GENRE]->(g2:Genre {name: 'Romance'})
RETURN DISTINCT d.name","match
$d isa person;
$m1 isa movie;
$m2 isa movie;
$g1 isa genre, has name ""Horror"";
$g2 isa genre, has name ""Romance"";
directed (director: $d, film: $m1);
directed (director: $d, film: $m2);
in_genre (film: $m1, genre: $g1);
in_genre (film: $m2, genre: $g2);
select $d;
distinct;
fetch {
  ""name"": $d.name
};"
291,Provide the names of 3 actors who have also directed movies.,"MATCH (a:Actor)-[:ACTED_IN]->(m:Movie)<-[:DIRECTED]-(a)
RETURN a.name
LIMIT 3","match
$a isa person;
acted_in (actor: $a, film: $m);
directed (director: $a, film: $m);
limit 3;
fetch { ""name"": $a.name };"
292,What are the 3 most common countries for movie settings in the database?,"MATCH (m:Movie)
UNWIND m.countries AS country
RETURN country, COUNT(*) AS count
ORDER BY count DESC
LIMIT 3","match
$m isa movie, has countries $c;
reduce $count = count($m) groupby $c;
sort $count desc;
limit 3;
fetch { ""country"": $c, ""count"": $count };"
293,List the top 3 movies with the highest budget to revenue ratio.,"MATCH (m:Movie)
WHERE m.budget > 0 AND m.revenue > 0
WITH m, (toFloat(m.budget) / toFloat(m.revenue)) AS budget_to_revenue_ratio
RETURN m.title AS title, m.budget AS budget, m.revenue AS revenue, budget_to_revenue_ratio
ORDER BY budget_to_revenue_ratio DESC
LIMIT 3","match
$m isa movie, has budget $b, has revenue $r, has title $t;
$b > 0;
$r > 0;
let $ratio = $b / $r;
sort $ratio desc;
limit 3;
fetch {
  ""title"": $t,
  ""budget"": $b,
  ""revenue"": $r,
  ""budget_to_revenue_ratio"": $ratio
};"
294,Which actors have acted in both 'Comedy' and 'Drama' genres?,"MATCH (a:Actor)-[:ACTED_IN]->(m1:Movie)-[:IN_GENRE]->(g1:Genre {name: 'Comedy'}),
      (a)-[:ACTED_IN]->(m2:Movie)-[:IN_GENRE]->(g2:Genre {name: 'Drama'})
WHERE m1 <> m2
RETURN DISTINCT a.name","match
$a isa person;
$m1 isa movie, has movie_id $mid1;
$m2 isa movie, has movie_id $mid2;
$g1 isa genre, has name ""Comedy"";
$g2 isa genre, has name ""Drama"";
acted_in (actor: $a, film: $m1);
acted_in (actor: $a, film: $m2);
in_genre (film: $m1, genre: $g1);
in_genre (film: $m2, genre: $g2);
$mid1 != $mid2;
select $a;
distinct;
fetch {
  ""name"": $a.name
};"
295,What are the 5 most recent movies directed by directors born in the USA?,"MATCH (d:Director)-[:DIRECTED]->(m:Movie)
WHERE d.bornIn = ""USA""
RETURN m.title AS title, m.released AS releaseDate
ORDER BY m.released DESC
LIMIT 5","match
$d isa person, has born_in ""USA"";
directed (director: $d, film: $m);
$m isa movie, has released $released;
sort $released desc;
limit 5;
fetch {
  ""title"": $m.title,
  ""releaseDate"": $released
};"
296,List the top 3 genres with the most movies associated with them.,"MATCH (m:Movie)-[:IN_GENRE]->(g:Genre)
WITH g, count(m) AS movieCount
ORDER BY movieCount DESC
LIMIT 3
RETURN g.name AS genre, movieCount","match
$m isa movie;
$g isa genre;
in_genre (film: $m, genre: $g);
reduce $movieCount = count($m) groupby $g;
sort $movieCount desc;
limit 3;
fetch {
  ""genre"": $g.name,
  ""movieCount"": $movieCount
};"
297,Which users have rated more than 5 movies with a rating above 7.0?,"MATCH (u:User)-[r:RATED]->(m:Movie)
WHERE r.rating > 7.0
WITH u, COUNT(m) AS ratedMovies
WHERE ratedMovies > 5
RETURN u.userId, u.name, ratedMovies","match
$u isa user;
$rel isa rated (user: $u, film: $m);
$rel has rating $r;
$r > 7.0;
reduce $ratedMovies = count($m) groupby $u;
match
$ratedMovies > 5;
fetch {
  ""userId"": $u.user_id,
  ""name"": $u.name,
  ""ratedMovies"": $ratedMovies
};"
298,What are the top 5 movies with the most countries listed in their production?,"MATCH (m:Movie)
RETURN m.title AS title, size(m.countries) AS countryCount
ORDER BY countryCount DESC
LIMIT 5","match
$m isa movie, has title $t, has countries $c;
reduce $count = count($c) groupby $m, $t;
sort $count desc;
limit 5;
fetch { ""title"": $t, ""country_count"": $count };"
299,List the top 3 movies with the highest number of imdbVotes.,"MATCH (m:Movie)
RETURN m.title, m.imdbVotes
ORDER BY m.imdbVotes DESC
LIMIT 3","match
$m isa movie, has imdb_votes $v;
sort $v desc;
limit 3;
fetch {
  ""title"": $m.title,
  ""imdbVotes"": $v
};"
300,Which directors have directed more than one movie in the 'Drama' genre?,"MATCH (d:Director)-[:DIRECTED]->(m:Movie)-[:IN_GENRE]->(g:Genre {name: 'Drama'})
WITH d, COUNT(m) AS movieCount
WHERE movieCount > 1
RETURN d.name AS DirectorName, movieCount","match
$d isa person;
$m isa movie;
$g isa genre, has name ""Drama"";
directed (director: $d, film: $m);
in_genre (film: $m, genre: $g);
reduce $movieCount = count($m) groupby $d;
match $movieCount > 1;
fetch {
  ""DirectorName"": $d.name,
  ""movieCount"": $movieCount
};"
301,What are the top 5 oldest actors who have acted in English language movies?,"MATCH (a:Actor)-[:ACTED_IN]->(m:Movie)
WHERE ""English"" IN m.languages
RETURN a.name, a.born
ORDER BY a.born ASC
LIMIT 5","match
$a isa person, has name $n, has born $b;
$m isa movie, has languages $l;
$l like "".*English.*"";
acted_in (actor: $a, film: $m);
sort $b asc;
limit 5;
fetch {
  ""name"": $n,
  ""born"": $b
};"
302,Which movies have been rated by more than 1000 users?,"MATCH (m:Movie)<-[:RATED]-(u:User)
WITH m, count(u) AS userCount
WHERE userCount > 1000
RETURN m.title AS MovieTitle, userCount","match
$m isa movie;
$u isa user;
rated (film: $m, user: $u);
reduce $userCount = count($u) groupby $m;
match $userCount > 1000;
fetch { ""MovieTitle"": $m.title, ""userCount"": $userCount };"
303,List the top 3 highest imdbRating movies that were released before the year 2000.,"MATCH (m:Movie)
WHERE m.year < 2000
RETURN m.title, m.imdbRating
ORDER BY m.imdbRating DESC
LIMIT 3","match
$m isa movie, has year $y, has imdb_rating $r;
$y < 2000;
sort $r desc;
limit 3;
fetch {
  ""title"": $m.title,
  ""imdbRating"": $r
};"
304,What are the top 5 movies by revenue released in 1995?,"MATCH (m:Movie)
WHERE m.year = 1995
RETURN m.title, m.revenue
ORDER BY m.revenue DESC
LIMIT 5","match
$m isa movie, has year 1995, has revenue $rev;
sort $rev desc;
limit 5;
fetch {
  ""title"": $m.title,
  ""revenue"": $rev
};"
305,Which movies have been acted in by persons born before 1900?,"MATCH (p:Person)-[:ACTED_IN]->(m:Movie)
WHERE p.born < date(""1900-01-01"")
RETURN m.title AS MovieTitle, p.name AS ActorName","match
$p isa person, has born $b;
$b < 1900-01-01;
acted_in (actor: $p, film: $m);
$m isa movie;
fetch {
  ""MovieTitle"": $m.title,
  ""ActorName"": $p.name
};"
306,"What are the IMDb IDs of movies that have more than 500,000 IMDb votes?","MATCH (m:Movie)
WHERE m.imdbVotes > 500000
RETURN m.imdbId","match
$m isa movie, has imdb_votes $v;
$v > 500000;
fetch {
  ""imdb_id"": $m.imdb_id
};"
307,"Find all movies that have been rated after January 1st, 2015.","MATCH (u:User)-[r:RATED]->(m:Movie)
WHERE r.timestamp > 1420070400 // Timestamp for January 1st, 2015
RETURN m.title AS MovieTitle, r.rating AS Rating, r.timestamp AS RatedTimestamp","match
$u isa user;
$m isa movie;
$rel isa rated (user: $u, film: $m);
$rel has timestamp $ts;
$ts > 1420070400;
fetch {
  ""MovieTitle"": $m.title,
  ""Rating"": $rel.rating,
  ""RatedTimestamp"": $ts
};"
308,List the top 3 movies with the shortest runtime.,"MATCH (m:Movie)
RETURN m.title, m.runtime
ORDER BY m.runtime ASC
LIMIT 3","match
$m isa movie, has runtime $r;
sort $r asc;
limit 3;
fetch {
  ""title"": $m.title,
  ""runtime"": $r
};"
309,Which movies have a plot description longer than 150 characters?,"MATCH (m:Movie)
WHERE size(m.plot) > 150
RETURN m.title AS MovieTitle, m.plot AS PlotDescription","match
$m isa movie, has plot $plot;
let $len = len($plot);
$len > 150;
fetch {
  ""MovieTitle"": $m.title,
  ""PlotDescription"": $plot
};"
310,"What is the total revenue generated by movies directed by directors born in 'Burchard, Nebraska, USA'?","MATCH (d:Director)-[:DIRECTED]->(m:Movie)
WHERE d.bornIn = 'Burchard, Nebraska, USA'
RETURN SUM(m.revenue) AS totalRevenue","match
$d isa person, has born_in ""Burchard, Nebraska, USA"";
directed (director: $d, film: $m);
$m has revenue $rev;
reduce $total = sum($rev);"
311,List the movies that have a plot mentioning 'kingdom'.,"MATCH (m:Movie)
WHERE m.plot CONTAINS 'kingdom'
RETURN m.title AS MovieTitle, m.plot AS Plot","match
$m isa movie, has plot $plot;
$plot like "".*kingdom.*"";
fetch {
  ""MovieTitle"": $m.title,
  ""Plot"": $plot
};"
312,Which directors have a poster URL that includes 'w440_and_h660_face'?,"MATCH (d:Director)
WHERE d.poster CONTAINS 'w440_and_h660_face'
RETURN d.name, d.poster","match
$d isa person, has poster $p;
directed (director: $d);
$p like "".*w440_and_h660_face.*"";
fetch {
  ""name"": $d.name,
  ""poster"": $p
};"
313,Which movies have a runtime longer than 150 minutes and less than 200 minutes?,"MATCH (m:Movie)
WHERE m.runtime > 150 AND m.runtime < 200
RETURN m.title AS MovieTitle, m.runtime AS Runtime","match
$m isa movie, has runtime $r;
$r > 150;
$r < 200;
fetch {
  ""MovieTitle"": $m.title,
  ""Runtime"": $r
};"
314,What are the top 5 movies that have the most languages spoken in them?,"MATCH (m:Movie)
RETURN m.title AS title, size(m.languages) AS languageCount
ORDER BY languageCount DESC
LIMIT 5","with fun language_count($m: movie) -> integer:
  match $m has languages $l;
  return count;

match
$m isa movie;
let $lang_count = language_count($m);
$lang_count > 0;
sort $lang_count desc;
limit 5;
fetch { ""title"": $m.title, ""languageCount"": $lang_count };"
315,Which actors have never acted in a movie released after 2010?,"MATCH (a:Actor)-[:ACTED_IN]->(m:Movie)
WHERE NOT EXISTS {
  MATCH (a)-[:ACTED_IN]->(m2:Movie)
  WHERE m2.year > 2010
}
RETURN a.name","match
$a isa person;
acted_in (actor: $a, film: $m);
not {
  acted_in (actor: $a, film: $m2);
  $m2 isa movie, has year $y;
  $y > 2010;
};
fetch {
  ""name"": $a.name
};"
316,List the top 3 movies that have the highest revenue and were released in 2014.,"MATCH (m:Movie)
WHERE m.year = 2014
RETURN m.title, m.revenue
ORDER BY m.revenue DESC
LIMIT 3","match
$m isa movie, has year 2014, has revenue $rev, has title $title;
sort $rev desc;
limit 3;
fetch {
  ""title"": $title,
  ""revenue"": $rev
};"
317,List the top 3 movies with a plot involving 'love' that have a runtime over 120 minutes.,"MATCH (m:Movie)
WHERE m.runtime > 120 AND m.plot CONTAINS 'love'
RETURN m.title, m.runtime, m.plot
ORDER BY m.imdbRating DESC
LIMIT 3","match
$m isa movie, has runtime $rt, has plot $pl, has imdb_rating $ir;
$rt > 120;
$pl like "".*love.*"";
sort $ir desc;
limit 3;
fetch {
  ""title"": $m.title,
  ""runtime"": $rt,
  ""plot"": $pl
};"
318,Which actors have acted in both high-budget (over 200 million dollars) and low-budget (under 10 million dollars) movies?,"MATCH (actor:Actor)-[:ACTED_IN]->(highBudgetMovie:Movie)
WHERE highBudgetMovie.budget > 200000000
WITH actor, highBudgetMovie
MATCH (actor)-[:ACTED_IN]->(lowBudgetMovie:Movie)
WHERE lowBudgetMovie.budget < 10000000
RETURN DISTINCT actor.name","match
$actor isa person;
acted_in (actor: $actor, film: $highBudget);
$highBudget isa movie, has budget $hb;
$hb > 200000000;
acted_in (actor: $actor, film: $lowBudget);
$lowBudget isa movie, has budget $lb;
$lb < 10000000;
select $actor;
distinct;
fetch {
  ""name"": $actor.name
};"
319,List the top 3 actors by number of movies acted in that were released in the 1990s.,"MATCH (a:Actor)-[:ACTED_IN]->(m:Movie)
WHERE m.year >= 1990 AND m.year < 2000
WITH a, count(m) AS movieCount
ORDER BY movieCount DESC
LIMIT 3
RETURN a.name AS actorName, movieCount","match
$a isa person;
$m isa movie, has year $y;
$y >= 1990;
$y < 2000;
acted_in (actor: $a, film: $m);
reduce $count = count($m) groupby $a;
sort $count desc;
limit 3;
fetch {
  ""actorName"": $a.name,
  ""movieCount"": $count
};"
320,Which movies have more than five genres associated with their production?,"MATCH (m:Movie)-[:IN_GENRE]->(g:Genre)
WITH m, COUNT(g) AS genreCount
WHERE genreCount > 5
RETURN m.title AS MovieTitle, genreCount","match
$m isa movie;
$g isa genre;
in_genre (film: $m, genre: $g);
reduce $genreCount = count($g) groupby $m;
match
$genreCount > 5;
fetch {
  ""MovieTitle"": $m.title,
  ""genreCount"": $genreCount
};"
321,What are the top 5 movies with the most distinct genres associated with them?,"MATCH (m:Movie)-[:IN_GENRE]->(g:Genre)
WITH m, count(DISTINCT g) AS genreCount
ORDER BY genreCount DESC
LIMIT 5
RETURN m.title AS movieTitle, genreCount","match
$m isa movie;
in_genre (film: $m, genre: $g);
reduce $count = count($g) groupby $m;
sort $count desc;
limit 5;
fetch {
  ""movieTitle"": $m.title,
  ""genreCount"": $count
};"
322,List the top 3 highest grossing movies of 2013.,"MATCH (m:Movie)
WHERE m.year = 2013
RETURN m.title AS title, m.revenue AS revenue
ORDER BY m.revenue DESC
LIMIT 3","match
$m isa movie, has year 2013, has revenue $rev;
sort $rev desc;
limit 3;
fetch {
  ""title"": $m.title,
  ""revenue"": $rev
};"
323,Which directors were born in France and have directed at least two movies?,"MATCH (d:Director)-[:DIRECTED]->(m:Movie)
WHERE d.bornIn = ""France""
WITH d, COUNT(m) AS movieCount
WHERE movieCount >= 2
RETURN d.name AS directorName, movieCount","match
$d isa person, has born_in ""France"";
directed (director: $d, film: $m);
reduce $movieCount = count($m) groupby $d;
match $movieCount >= 2;
$d has name $directorName;
fetch {
  ""directorName"": $directorName,
  ""movieCount"": $movieCount
};"
324,What are the top 5 actors who have acted in movies directed by Denzel Washington?,"MATCH (director:Director {name: ""Denzel Washington""})-[:DIRECTED]->(movie:Movie)<-[:ACTED_IN]-(actor:Actor)
RETURN actor.name, COUNT(movie) AS movieCount
ORDER BY movieCount DESC
LIMIT 5","match
$director isa person, has name ""Denzel Washington"";
directed (director: $director, film: $movie);
acted_in (actor: $actor, film: $movie);
$actor has name $actor_name;
reduce $movie_count = count($movie) groupby $actor, $actor_name;
sort $movie_count desc;
limit 5;
fetch {
  ""actor_name"": $actor_name,
  ""movie_count"": $movie_count
};"
325,List the top 3 movies with the lowest imdbRating that have been rated by more than 500 users.,"MATCH (m:Movie)<-[:RATED]-(u:User)
WITH m, COUNT(u) AS userCount
WHERE userCount > 500
RETURN m.title AS title, m.imdbRating AS rating
ORDER BY rating ASC
LIMIT 3","match
$m isa movie, has imdb_rating $rating;
$u isa user;
rated (user: $u, film: $m);
reduce $count = count($u) groupby $m, $rating;
match
$count > 500;
sort $rating asc;
limit 3;
fetch {
  ""title"": $m.title,
  ""rating"": $rating
};"
326,Which users have rated the same movie more than once?,"MATCH (u:User)-[r:RATED]->(m:Movie)
WITH u, m, COUNT(r) AS ratingCount
WHERE ratingCount > 1
RETURN u.name AS userName, m.title AS movieTitle, ratingCount","match
$u isa user;
$m isa movie;
$r isa rated (user: $u, film: $m);
reduce $count = count($r) groupby $u, $m;
match
$count > 1;
fetch {
  ""userName"": $u.name,
  ""movieTitle"": $m.title,
  ""ratingCount"": $count
};"
327,What are the top 5 movies with the highest number of actors involved?,"MATCH (m:Movie)<-[:ACTED_IN]-(a:Actor)
WITH m, COUNT(a) AS actorCount
ORDER BY actorCount DESC
LIMIT 5
RETURN m.title AS movieTitle, actorCount","match
$m isa movie;
acted_in (actor: $a, film: $m);
reduce $actorCount = count($a) groupby $m;
sort $actorCount desc;
limit 5;
fetch {
  ""movieTitle"": $m.title,
  ""actorCount"": $actorCount
};"
328,List the top 3 movies with the smallest difference between budget and revenue.,"MATCH (m:Movie)
WITH m, abs(m.budget - m.revenue) AS budget_revenue_diff
ORDER BY budget_revenue_diff ASC
LIMIT 3
RETURN m.title AS title, m.budget AS budget, m.revenue AS revenue, budget_revenue_diff","match
$m isa movie, has budget $budget, has revenue $revenue, has title $title;
let $diff = abs($budget - $revenue);
sort $diff asc;
limit 3;
fetch {
  ""title"": $title,
  ""budget"": $budget,
  ""revenue"": $revenue,
  ""budget_revenue_diff"": $diff
};"
329,Which directors have directed movies in more than three different languages?,"MATCH (d:Director)-[:DIRECTED]->(m:Movie)
WITH d, collect(DISTINCT m.languages) AS languages
WHERE size(apoc.coll.flatten(languages)) > 3
RETURN d.name AS Director, size(apoc.coll.flatten(languages)) AS NumberOfLanguages","match
  $d isa person;
  directed (director: $d, film: $m);
  $m has languages $l;
select $d, $l;
distinct;
reduce $count = count groupby $d;
match $count > 3;
fetch { ""Director"": $d.name, ""NumberOfLanguages"": $count };"
330,What are the top 5 actors by number of movies acted in with a revenue greater than 500 million dollars?,"MATCH (a:Actor)-[:ACTED_IN]->(m:Movie)
WHERE m.revenue > 500000000
WITH a, count(m) AS movieCount
ORDER BY movieCount DESC
LIMIT 5
RETURN a.name AS actorName, movieCount","match
$a isa person;
$m isa movie, has revenue $r;
$r > 500000000;
acted_in (actor: $a, film: $m);
reduce $count = count($m) groupby $a;
sort $count desc;
limit 5;
fetch { ""actorName"": $a.name, ""movieCount"": $count };"
331,List the top 3 movies with the lowest imdbVotes released after 2000.,"MATCH (m:Movie)
WHERE m.year > 2000
RETURN m.title, m.imdbVotes
ORDER BY m.imdbVotes ASC
LIMIT 3","match
$m isa movie, has year $y, has imdb_votes $v;
$y > 2000;
sort $v asc;
limit 3;
fetch {
  ""title"": $m.title,
  ""imdb_votes"": $v
};"
332,Which actors have the most roles in movies with a budget over 100 million dollars?,"MATCH (a:Actor)-[r:ACTED_IN]->(m:Movie)
WHERE m.budget > 100000000
RETURN a.name AS actor, COUNT(r) AS roles
ORDER BY roles DESC
LIMIT 10","match
$a isa person, has name $name;
$m isa movie, has budget $b;
$b > 100000000;
$rel isa acted_in (actor: $a, film: $m);
reduce $roles = count($rel) groupby $a, $name;
sort $roles desc;
limit 10;"
333,What are the 5 most recent movies with a runtime less than 90 minutes?,"MATCH (m:Movie)
WHERE m.runtime < 90
RETURN m.title, m.released
ORDER BY m.released DESC
LIMIT 5","match
$m isa movie, has runtime $rt, has released $rel;
$rt < 90;
sort $rel desc;
limit 5;
fetch {
  ""title"": $m.title,
  ""released"": $rel
};"
334,List the genres that have movies with an imdbRating less than 4.0.,"MATCH (m:Movie)-[:IN_GENRE]->(g:Genre)
WHERE m.imdbRating < 4.0
RETURN DISTINCT g.name AS Genre","match
$m isa movie, has imdb_rating $r;
$g isa genre;
in_genre (film: $m, genre: $g);
$r < 4.0;
select $g;
distinct;
fetch {
  ""Genre"": $g.name
};"
335,Which users have the highest average rating given to movies? (minimum 3 ratings),"MATCH (u:User)-[r:RATED]->(m:Movie)
WITH u, avg(r.rating) AS avgRating, count(r) AS numRatings
WHERE numRatings >= 3
RETURN u.name AS userName, avgRating
ORDER BY avgRating DESC
LIMIT 1","match
$u isa user;
$r isa rated (user: $u, film: $m);
$r has rating $rating;
reduce $count = count($r) groupby $u;
match
$count >= 3;
$r2 isa rated (user: $u, film: $m2);
$r2 has rating $rating2;
reduce $avg = mean($rating2) groupby $u;
sort $avg desc;
limit 1;
fetch {
  ""userName"": $u.name,
  ""avgRating"": $avg
};"
336,What are the top 5 directors by number of movies directed in the 'Action' genre?,"MATCH (d:Director)-[:DIRECTED]->(m:Movie)-[:IN_GENRE]->(g:Genre {name: 'Action'})
WITH d, COUNT(m) AS moviesDirected
ORDER BY moviesDirected DESC
LIMIT 5
RETURN d.name AS directorName, moviesDirected","match
$d isa person;
$m isa movie;
$g isa genre, has name ""Action"";
directed (director: $d, film: $m);
in_genre (film: $m, genre: $g);
reduce $count = count($m) groupby $d;
sort $count desc;
limit 5;
fetch { ""directorName"": $d.name, ""moviesDirected"": $count };"
337,What are the names of the users who rated the movie 'Dracula Untold'?,"MATCH (u:User)-[:RATED]->(m:Movie {title: 'Dracula Untold'})
RETURN u.name","match
$u isa user;
$m isa movie, has title ""Dracula Untold"";
rated (user: $u, film: $m);
fetch {
  ""name"": $u.name
};"
338,Which actor has the most diverse filmography in terms of genres acted in?,"MATCH (a:Actor)-[:ACTED_IN]->(m:Movie)-[:IN_GENRE]->(g:Genre)
WITH a, count(DISTINCT g.name) AS genreCount
ORDER BY genreCount DESC
LIMIT 1
RETURN a.name AS actorName, genreCount","match
$a isa person;
acted_in (actor: $a, film: $m);
in_genre (film: $m, genre: $g);
select $a, $g;
distinct;
reduce $genreCount = count($g) groupby $a;
sort $genreCount desc;
limit 1;
fetch {
  ""actorName"": $a.name,
  ""genreCount"": $genreCount
};"
339,List all the movies that have been both directed and acted in by the same person.,"MATCH (p:Person)-[:DIRECTED]->(m:Movie)<-[:ACTED_IN]-(p)
RETURN m.title AS MovieTitle, p.name AS PersonName","match
$p isa person;
$m isa movie;
directed (director: $p, film: $m);
acted_in (actor: $p, film: $m);
fetch {
  ""MovieTitle"": $m.title,
  ""PersonName"": $p.name
};"
340,What are the different roles played by actors in the movie with the IMDb ID '0829150'?,"MATCH (m:Movie {imdbId: '0829150'})\u003c-[:ACTED_IN]-(a:Actor)
RETURN a.name AS actorName, a.tmdbId AS actorTmdbId, a.imdbId AS actorImdbId, a.url AS actorUrl, a.poster AS actorPoster, a.born AS actorBorn, a.bornIn AS actorBornIn, a.died AS actorDied, a.bio AS actorBio, a.role AS role","match
  $m isa movie, has imdb_id ""0829150"";
  $rel isa acted_in (actor: $a, film: $m);
  $a isa person;
  $rel has character_role $role;
fetch {
  ""actorName"": $a.name,
  ""actorTmdbId"": $a.tmdb_id,
  ""actorImdbId"": $a.imdb_id,
  ""actorUrl"": $a.url,
  ""actorPoster"": $a.poster,
  ""actorBorn"": $a.born,
  ""actorBornIn"": $a.born_in,
  ""actorDied"": $a.died,
  ""actorBio"": $a.bio,
  ""role"": $role
};"
341,What are the names of actors who have acted in more than five movies?,"MATCH (a:Actor)-[:ACTED_IN]->(m:Movie)
WITH a, COUNT(m) AS movieCount
WHERE movieCount > 5
RETURN a.name AS actorName","match
$a isa person;
$m isa movie;
acted_in (actor: $a, film: $m);
reduce $count = count($m) groupby $a;
match $count > 5;
fetch { ""actorName"": $a.name };"
342,List the top 5 movies with the highest IMDb rating.,"MATCH (m:Movie)
RETURN m.title, m.imdbRating
ORDER BY m.imdbRating DESC
LIMIT 5","match
$m isa movie, has imdb_rating $r;
sort $r desc;
limit 5;
fetch {
  ""title"": $m.title,
  ""imdb_rating"": $r
};"
343,Which movies have been rated by more than three users?,"MATCH (m:Movie)<-[:RATED]-(u:User)
WITH m, COUNT(u) AS userCount
WHERE userCount > 3
RETURN m.title AS MovieTitle, userCount","match
$m isa movie;
$u isa user;
rated (film: $m, user: $u);
reduce $user_count = count($u) groupby $m;
match $user_count > 3;
fetch { ""MovieTitle"": $m.title, ""userCount"": $user_count };"
344,What movies have a runtime longer than 120 minutes and were released after 2000?,"MATCH (m:Movie)
WHERE m.runtime > 120 AND m.year > 2000
RETURN m.title, m.runtime, m.year","match
$m isa movie, has runtime $rt, has year $yr, has title $t;
$rt > 120;
$yr > 2000;
fetch {
  ""title"": $t,
  ""runtime"": $rt,
  ""year"": $yr
};"
345,Which actors have featured in movies released in multiple languages?,"MATCH (a:Actor)-[:ACTED_IN]->(m:Movie)
WHERE size(m.languages) > 1
RETURN DISTINCT a.name","match
$a isa person;
$m isa movie, has languages $l;
acted_in (actor: $a, film: $m);
$l like "".*,.*"";
select $a;
distinct;
fetch {
  ""name"": $a.name
};"
346,List the 3 directors who have directed the most movies of a single genre.,"MATCH (d:Director)-[:DIRECTED]->(m:Movie)-[:IN_GENRE]->(g:Genre)
WITH d, g, COUNT(m) AS movieCount
ORDER BY movieCount DESC
LIMIT 3
RETURN d.name AS Director, g.name AS Genre, movieCount","match
$d isa person;
$m isa movie;
$g isa genre;
directed (director: $d, film: $m);
in_genre (film: $m, genre: $g);
reduce $movie_count = count($m) groupby $d, $g;
sort $movie_count desc;
limit 3;
fetch {
  ""Director"": $d.name,
  ""Genre"": $g.name,
  ""movieCount"": $movie_count
};"
347,Which movies have been rated by more than 1000 users?,"MATCH (m:Movie)<-[:RATED]-(u:User)
WITH m, count(u) AS userCount
WHERE userCount > 1000
RETURN m.title AS MovieTitle, userCount","match
$m isa movie;
$u isa user;
rated (film: $m, user: $u);
reduce $user_count = count($u) groupby $m;
match
$user_count > 1000;
fetch {
  ""MovieTitle"": $m.title,
  ""userCount"": $user_count
};"
348,What are the top 3 highest budget movies that failed to gross more than their budget?,"MATCH (m:Movie)
WHERE m.revenue < m.budget
RETURN m.title AS title, m.budget AS budget, m.revenue AS revenue
ORDER BY m.budget DESC
LIMIT 3","match
$m isa movie, has title $t, has budget $b, has revenue $r;
$r < $b;
sort $b desc;
limit 3;
fetch {
  ""title"": $t,
  ""budget"": $b,
  ""revenue"": $r
};"
349,List 5 genres that have the least number of movies associated with them.,"MATCH (g:Genre)<-[:IN_GENRE]-(m:Movie)
WITH g, COUNT(m) AS movieCount
ORDER BY movieCount ASC
LIMIT 5
RETURN g.name AS genre, movieCount","match
$g isa genre;
$m isa movie;
in_genre (film: $m, genre: $g);
reduce $movieCount = count($m) groupby $g;
sort $movieCount asc;
limit 5;
fetch {
  ""genre"": $g.name,
  ""movieCount"": $movieCount
};"
350,Which 3 users have rated the most movies?,"MATCH (u:User)-[r:RATED]->(m:Movie)
WITH u, COUNT(r) AS numRatings
ORDER BY numRatings DESC
LIMIT 3
RETURN u.name AS userName, numRatings","match
$u isa user;
$r isa rated (user: $u, film: $m);
reduce $numRatings = count($r) groupby $u;
sort $numRatings desc;
limit 3;
fetch { ""userName"": $u.name, ""numRatings"": $numRatings };"
351,What are the most recent 3 movies directed by any director born in Canada?,"MATCH (d:Director)-[:DIRECTED]->(m:Movie)
WHERE d.bornIn = ""Canada""
RETURN m.title AS title, m.released AS released
ORDER BY m.released DESC
LIMIT 3","match
$d isa person, has born_in ""Canada"";
directed (director: $d, film: $m);
$m isa movie, has released $released;
sort $released desc;
limit 3;
fetch {
  ""title"": $m.title,
  ""released"": $released
};"
352,Which movies have both high revenue (over 500 million USD) and high imdbRating (above 8.0)?,"MATCH (m:Movie)
WHERE m.revenue > 500000000 AND m.imdbRating > 8.0
RETURN m.title AS MovieTitle, m.revenue AS Revenue, m.imdbRating AS IMDbRating","match
$m isa movie, has revenue $rev, has imdb_rating $ir, has title $t;
$rev > 500000000;
$ir > 8.0;
fetch {
  ""MovieTitle"": $t,
  ""Revenue"": $rev,
  ""IMDbRating"": $ir
};"
353,List the 3 oldest directors based on their birth date.,"MATCH (d:Director)
RETURN d.name, d.born
ORDER BY d.born ASC
LIMIT 3","match
$d isa person, has born $b;
directed (director: $d);
sort $b asc;
limit 3;
fetch {
  ""name"": $d.name,
  ""born"": $b
};"
354,Who are the 5 most frequent actors in the 'Adventure' genre?,"MATCH (a:Actor)-[:ACTED_IN]->(m:Movie)-[:IN_GENRE]->(g:Genre {name: 'Adventure'})
WITH a, count(m) AS movieCount
ORDER BY movieCount DESC
LIMIT 5
RETURN a.name AS actorName, movieCount","match
$a isa person;
$m isa movie;
$g isa genre, has name ""Adventure"";
acted_in (actor: $a, film: $m);
in_genre (film: $m, genre: $g);
reduce $movieCount = count($m) groupby $a;
sort $movieCount desc;
limit 5;
fetch { ""actorName"": $a.name, ""movieCount"": $movieCount };"
355,Which actors have played in a movie and also directed a movie?,"MATCH (a:Actor)-[:ACTED_IN]->(m:Movie)<-[:DIRECTED]-(a)
RETURN DISTINCT a.name AS actorName","match
$a isa person;
$m isa movie;
acted_in (actor: $a, film: $m);
directed (director: $a, film: $m);
$a has name $name;
select $name;
distinct;
fetch {
  ""actorName"": $name
};"
356,What are the top 3 movies by revenue released in 2014?,"MATCH (m:Movie)
WHERE m.year = 2014
RETURN m.title, m.revenue
ORDER BY m.revenue DESC
LIMIT 3","match
$m isa movie, has year 2014, has revenue $rev, has title $title;
sort $rev desc;
limit 3;
fetch {
  ""title"": $title,
  ""revenue"": $rev
};"
357,Which 3 movies feature both English and Japanese languages?,"MATCH (m:Movie)
WHERE ""English"" IN m.languages AND ""Japanese"" IN m.languages
RETURN m.title AS MovieTitle
LIMIT 3","match
$m isa movie, has languages $l, has title $t;
$l like "".*English.*"";
$l like "".*Japanese.*"";
limit 3;
fetch {
  ""MovieTitle"": $m.title
};"
358,List the movies that have a budget greater than 200 million USD.,"MATCH (m:Movie)
WHERE m.budget > 200000000
RETURN m.title AS MovieTitle, m.budget AS Budget","match
$m isa movie, has budget $b;
$b > 200000000;
fetch {
  ""MovieTitle"": $m.title,
  ""Budget"": $b
};"
359,"What are the top 5 highest-rated movies by users, based on the average user rating?","MATCH (m:Movie)<-[r:RATED]-(:User)
WITH m, avg(r.rating) AS avgRating
ORDER BY avgRating DESC
LIMIT 5
RETURN m.title AS title, avgRating","match
$m isa movie;
$r isa rated (user: $u, film: $m);
$u isa user;
$r has rating $rating;
reduce $avg_rating = mean($rating) groupby $m;
sort $avg_rating desc;
limit 5;
fetch {
  ""title"": $m.title,
  ""avgRating"": $avg_rating
};"
360,Which directors were born in the USA?,"MATCH (d:Director)
WHERE d.bornIn CONTAINS ""USA""
RETURN d.name AS DirectorName, d.bornIn AS BirthPlace","match
$d isa person, has born_in $b;
$b like "".*USA.*"";
directed (director: $d);
fetch {
  ""DirectorName"": $d.name,
  ""BirthPlace"": $b
};"
361,List 3 movies that were released in the 1990s and have an IMDB rating above 7.,"MATCH (m:Movie)
WHERE m.year >= 1990 AND m.year < 2000 AND m.imdbRating > 7
RETURN m.title, m.year, m.imdbRating
LIMIT 3","match
$m isa movie, has year $y, has imdb_rating $r;
$y >= 1990;
$y < 2000;
$r > 7.0;
limit 3;
fetch {
  ""title"": $m.title,
  ""year"": $y,
  ""imdb_rating"": $r
};"
362,Which users have rated movies in the 'Adventure' genre?,"MATCH (u:User)-[:RATED]->(m:Movie)-[:IN_GENRE]->(g:Genre {name: 'Adventure'})
RETURN u.name AS userName, u.userId AS userId","match
$u isa user;
$m isa movie;
$g isa genre, has name ""Adventure"";
rated (user: $u, film: $m);
in_genre (film: $m, genre: $g);
select $u;
distinct;
fetch {
  ""userName"": $u.name,
  ""userId"": $u.user_id
};"
363,Which 5 movies have the most diverse language offerings?,"MATCH (m:Movie)
WITH m, size(m.languages) AS languageCount
ORDER BY languageCount DESC
LIMIT 5
RETURN m.title AS title, languageCount","with fun language_count($m: movie) -> integer:
  match $m has languages $l;
  return count;

match
$m isa movie;
let $lang_count = language_count($m);
$lang_count > 0;
sort $lang_count desc;
limit 5;
fetch { ""title"": $m.title, ""languageCount"": $lang_count };"
364,What movies had a budget greater than 100 million dollars and were directed by a director born in the USA?,"MATCH (m:Movie)-[:DIRECTED]-(d:Director)
WHERE m.budget > 100000000 AND d.bornIn CONTAINS ""USA""
RETURN m.title AS MovieTitle, m.budget AS Budget, d.name AS DirectorName","match
$m isa movie, has title $title, has budget $b;
$b > 100000000;
$d isa person, has name $dn, has born_in $bi;
$bi like "".*USA.*"";
directed (director: $d, film: $m);
fetch {
  ""MovieTitle"": $title,
  ""Budget"": $b,
  ""DirectorName"": $dn
};"
365,What genres have more than ten movies associated with them?,"MATCH (g:Genre)<-[:IN_GENRE]-(m:Movie)
WITH g, count(m) as movieCount
WHERE movieCount > 10
RETURN g.name as Genre, movieCount","match
$g isa genre;
$m isa movie;
in_genre (film: $m, genre: $g);
reduce $movieCount = count($m) groupby $g;
match
$movieCount > 10;
fetch {
  ""Genre"": $g.name,
  ""movieCount"": $movieCount
};"
366,Which users have rated a movie but have not rated any movie in the 'Sci-Fi' genre?,"MATCH (u:User)-[r:RATED]->(m:Movie)
WHERE NOT EXISTS {
    MATCH (u)-[:RATED]->(m2:Movie)-[:IN_GENRE]->(g:Genre {name: 'Sci-Fi'})
}
RETURN DISTINCT u.name","match
$u isa user;
rated (user: $u, film: $m);
$m isa movie;
not {
  rated (user: $u, film: $m2);
  $m2 isa movie;
  in_genre (film: $m2, genre: $g);
  $g isa genre, has name ""Sci-Fi"";
};
select $u;
distinct;
fetch {
  ""name"": $u.name
};"
367,List the top 5 movies by revenue that were released in the last five years of the schema's data range.,"MATCH (m:Movie)
WHERE m.year >= 2012 AND m.year <= 2016
RETURN m.title AS title, m.revenue AS revenue
ORDER BY m.revenue DESC
LIMIT 5","match
$m isa movie, has year $y, has revenue $r, has title $t;
$y >= 2012; $y <= 2016;
sort $r desc;
limit 5;
fetch {
  ""title"": $t,
  ""revenue"": $r
};"
368,Which directors have directed movies in more than two languages?,"MATCH (d:Director)-[:DIRECTED]->(m:Movie)
WITH d, collect(DISTINCT m.languages) AS languages
WHERE size(apoc.coll.flatten(languages)) > 2
RETURN d.name AS Director, size(apoc.coll.flatten(languages)) AS NumberOfLanguages","match
$d isa person;
directed (director: $d, film: $m);
$m has languages $l;
select $d, $l;
distinct;
reduce $count = count($l) groupby $d;
match $count > 2;
fetch { ""Director"": $d.name, ""NumberOfLanguages"": $count };"
369,Find movies where the sum of the revenue and budget is more than 1 billion dollars.,"MATCH (m:Movie)
WHERE (m.revenue + m.budget) > 1000000000
RETURN m.title AS title, m.revenue AS revenue, m.budget AS budget","match
$m isa movie, has title $title, has revenue $revenue, has budget $budget;
let $total = $revenue + $budget;
$total > 1000000000;
fetch {
  ""title"": $title,
  ""revenue"": $revenue,
  ""budget"": $budget
};"
370,Which movies have been rated exactly 5 by more than one user?,"MATCH (m:Movie)<-[r:RATED]-(u:User)
WHERE r.rating = 5
WITH m, COUNT(u) AS userCount
WHERE userCount > 1
RETURN m.title AS MovieTitle, userCount","match
$m isa movie;
$u isa user;
$r isa rated (user: $u, film: $m);
$r has rating 5.0;
reduce $userCount = count($u) groupby $m;
match $userCount > 1;
fetch { ""MovieTitle"": $m.title, ""userCount"": $userCount };"
371,What is the average IMDb rating of movies with a runtime under 90 minutes?,"MATCH (m:Movie)
WHERE m.runtime < 90
RETURN avg(m.imdbRating) AS averageImdbRating","match
$m isa movie, has runtime $r, has imdb_rating $ir;
$r < 90;
reduce $avg = mean($ir);"
372,List all movies directed by someone who was born after 1970.,"MATCH (d:Director)-[:DIRECTED]->(m:Movie)
WHERE d.born > date('1970-01-01')
RETURN m.title AS MovieTitle, d.name AS DirectorName","match
$d isa person, has born $b;
$b > 1970-01-01;
$m isa movie;
directed (director: $d, film: $m);
fetch {
  ""MovieTitle"": $m.title,
  ""DirectorName"": $d.name
};"
373,Which movie had the largest number of actors participating?,"MATCH (m:Movie)<-[:ACTED_IN]-(a:Actor)
WITH m, count(a) as actorCount
RETURN m.title as movieTitle, actorCount
ORDER BY actorCount DESC
LIMIT 1","match
$m isa movie;
$a isa person;
acted_in (actor: $a, film: $m);
reduce $count = count($a) groupby $m;
sort $count desc;
limit 1;
fetch { ""movieTitle"": $m.title, ""actorCount"": $count };"
374,How many genres has each movie been classified under?,"MATCH (m:Movie)-[:IN_GENRE]->(g:Genre)
RETURN m.title AS movieTitle, COUNT(g) AS genreCount","match
$m isa movie;
in_genre (film: $m, genre: $g);
reduce $genreCount = count($g) groupby $m;
fetch { ""movieTitle"": $m.title, ""genreCount"": $genreCount };"
375,What are the top 5 highest-grossing movies of 2014?,"MATCH (m:Movie)
WHERE m.year = 2014
RETURN m.title AS title, m.revenue AS revenue
ORDER BY m.revenue DESC
LIMIT 5","match
$m isa movie, has year 2014, has revenue $rev;
sort $rev desc;
limit 5;
fetch {
  ""title"": $m.title,
  ""revenue"": $rev
};"
376,Which movies feature actors born in France?,"MATCH (a:Actor)-[:ACTED_IN]->(m:Movie)
WHERE a.bornIn = ""France""
RETURN m.title AS MovieTitle, a.name AS ActorName","match
$a isa person, has born_in ""France"";
$m isa movie;
acted_in (actor: $a, film: $m);
fetch {
  ""MovieTitle"": $m.title,
  ""ActorName"": $a.name
};"
377,Can you list all genres that a movie with the title 'Toy Story' falls under?,"MATCH (m:Movie {title: 'Toy Story'})-[:IN_GENRE]->(g:Genre)
RETURN g.name AS genre","match
$m isa movie, has title ""Toy Story"";
in_genre (film: $m, genre: $g);
$g isa genre;
fetch {
  ""genre"": $g.name
};"
378,Which actor has the highest number of roles in movies released before 1980?,"MATCH (a:Actor)-[r:ACTED_IN]->(m:Movie)
WHERE m.year < 1980
RETURN a.name AS actor, COUNT(r) AS roles
ORDER BY roles DESC
LIMIT 1","match
$a isa person;
$m isa movie, has year $y;
$y < 1980;
$r isa acted_in (actor: $a, film: $m);
reduce $roles = count($r) groupby $a;
sort $roles desc;
limit 1;
fetch { ""actor"": $a.name, ""roles"": $roles };"
379,How many users have rated the movie with the IMDb ID '0114709'?,"MATCH (u:User)-[r:RATED]->(m:Movie {imdbId: '0114709'})
RETURN COUNT(u) AS numberOfUsers","match
$m isa movie, has imdb_id ""0114709"";
$u isa user;
rated (user: $u, film: $m);
reduce $count = count($u);"
380,What movies have both English and French as their languages?,"MATCH (m:Movie)
WHERE ""English"" IN m.languages AND ""French"" IN m.languages
RETURN m.title AS MovieTitle, m.languages AS Languages","match
$m isa movie, has languages $l, has title $t;
$l like "".*English.*"";
$l like "".*French.*"";
fetch {
  ""MovieTitle"": $m.title,
  ""Languages"": $m.languages
};"
381,Which directors have a bio that mentions 'Academy Award'?,"MATCH (d:Director)
WHERE d.bio CONTAINS 'Academy Award'
RETURN d.name","match
$d isa person, has bio $b;
$b like "".*Academy Award.*"";
directed (director: $d);
fetch {
  ""name"": $d.name
};"
382,List the top 3 movies with the most IMDb votes.,"MATCH (m:Movie)
RETURN m.title AS title, m.imdbVotes AS votes
ORDER BY m.imdbVotes DESC
LIMIT 3","match
$m isa movie, has imdb_votes $votes;
sort $votes desc;
limit 3;
fetch {
  ""title"": $m.title,
  ""votes"": $votes
};"
383,Which actors have acted in movies from at least three different countries?,"MATCH (a:Actor)-[:ACTED_IN]->(m:Movie)
WITH a, collect(DISTINCT m.countries) AS countries
WHERE size(countries) >= 3
RETURN a.name AS actorName","match
$a isa person;
acted_in (actor: $a, film: $m);
$m has countries $c;
select $a, $c;
distinct;
reduce $count = count($c) groupby $a;
match $count >= 3;
fetch { ""actorName"": $a.name };"
384,How many movies have been released in each year from 2010 to 2020?,"MATCH (m:Movie)
WHERE m.year >= 2010 AND m.year <= 2020
RETURN m.year AS year, COUNT(m) AS movie_count
ORDER BY m.year","match
$m isa movie, has year $y;
$y >= 2010;
$y <= 2020;
reduce $movie_count = count($m) groupby $y;
sort $y;"
385,What are the names of directors who have directed both a 'Comedy' and a 'Drama' movie?,"MATCH (d:Director)-[:DIRECTED]->(m1:Movie)-[:IN_GENRE]->(g1:Genre {name: 'Comedy'}),
      (d)-[:DIRECTED]->(m2:Movie)-[:IN_GENRE]->(g2:Genre {name: 'Drama'})
RETURN DISTINCT d.name","match
$d isa person;
$m1 isa movie;
$m2 isa movie;
$g1 isa genre, has name ""Comedy"";
$g2 isa genre, has name ""Drama"";
directed (director: $d, film: $m1);
directed (director: $d, film: $m2);
in_genre (film: $m1, genre: $g1);
in_genre (film: $m2, genre: $g2);
fetch {
  ""name"": $d.name
};"
386,Which movies have been rated by both user '1' and user '2'?,"MATCH (u1:User {userId: '1'})-[:RATED]->(m:Movie)<-[:RATED]-(u2:User {userId: '2'})
RETURN m.title AS MovieTitle","match
$u1 isa user, has user_id ""1"";
$u2 isa user, has user_id ""2"";
$m isa movie;
rated (user: $u1, film: $m);
rated (user: $u2, film: $m);
fetch {
  ""MovieTitle"": $m.title
};"
387,Find all movies where the revenue was more than double the budget.,"MATCH (m:Movie)
WHERE m.revenue > 2 * m.budget
RETURN m.title AS title, m.revenue AS revenue, m.budget AS budget","match
$m isa movie, has revenue $rev, has budget $bud;
let $double_budget = 2 * $bud;
$rev > $double_budget;
fetch {
  ""title"": $m.title,
  ""revenue"": $rev,
  ""budget"": $bud
};"
388,What are the first 3 movies directed by a person who has also acted in movies?,"MATCH (p:Person)-[:DIRECTED]->(m:Movie)
WHERE (p)-[:ACTED_IN]->(:Movie)
RETURN m.title AS MovieTitle, m.released AS ReleaseDate
ORDER BY m.released
LIMIT 3","match
$p isa person;
$m isa movie;
directed (director: $p, film: $m);
acted_in (actor: $p, film: $m2);
$m has released $rel;
sort $rel;
limit 3;
fetch {
  ""MovieTitle"": $m.title,
  ""ReleaseDate"": $rel
};"
389,Which actors have appeared in movies released in the 'Comedy' genre?,"MATCH (a:Actor)-[:ACTED_IN]->(m:Movie)-[:IN_GENRE]->(g:Genre {name: 'Comedy'})
RETURN DISTINCT a.name","match
$a isa person;
acted_in (actor: $a, film: $m);
in_genre (film: $m, genre: $g);
$g isa genre, has name ""Comedy"";
select $a;
distinct;
fetch {
  ""name"": $a.name
};"
390,List the top 3 actors who have directed movies they acted in.,"MATCH (a:Actor)-[:ACTED_IN]->(m:Movie)<-[:DIRECTED]-(a)
WITH a, COUNT(m) AS movieCount
ORDER BY movieCount DESC
LIMIT 3
RETURN a.name AS actorName, movieCount","match
$a isa person;
$m isa movie;
acted_in (actor: $a, film: $m);
directed (director: $a, film: $m);
reduce $movieCount = count($m) groupby $a;
sort $movieCount desc;
limit 3;
fetch { ""actorName"": $a.name, ""movieCount"": $movieCount };"
391,Which directors have directed movies in more than three different languages?,"MATCH (d:Director)-[:DIRECTED]->(m:Movie)
WITH d, collect(DISTINCT m.languages) AS languages
WHERE size(apoc.coll.flatten(languages)) > 3
RETURN d.name AS Director, size(apoc.coll.flatten(languages)) AS NumberOfLanguages","match
$d isa person;
directed (director: $d, film: $m);
$m has languages $l;
select $d, $l;
distinct;
reduce $count = count groupby $d;
match $count > 3;
fetch { ""Director"": $d.name, ""NumberOfLanguages"": $count };"
392,Identify movies released in 'December' that have a genre of 'Horror'.,"MATCH (m:Movie)-[:IN_GENRE]->(g:Genre)
WHERE g.name = 'Horror' AND m.released STARTS WITH '2016-12'
RETURN m.title AS MovieTitle, m.released AS ReleaseDate","match
$m isa movie, has released $rel, has title $title;
$g isa genre, has name ""Horror"";
in_genre (film: $m, genre: $g);
$rel like ""2016-12.*"";
fetch {
  ""MovieTitle"": $m.title,
  ""ReleaseDate"": $rel
};"
393,What are the top 5 highest-rated movies by users from the USA?,"MATCH (u:User)-[r:RATED]->(m:Movie)
WHERE u.name = ""USA""
RETURN m.title AS MovieTitle, AVG(r.rating) AS AverageRating
ORDER BY AverageRating DESC
LIMIT 5","match
$u isa user;
$c isa country, has name ""USA"";
located_in (resident: $u, country: $c);
$rel isa rated (user: $u, film: $m);
$rel has rating $rating;
$m isa movie;
reduce $avg = mean($rating) groupby $m;
sort $avg desc;
limit 5;
fetch { ""MovieTitle"": $m.title, ""AverageRating"": $avg };"
394,List the movies where the plot mentions 'friendship' and the budget was under 20 million dollars.,"MATCH (m:Movie)
WHERE m.plot CONTAINS 'friendship' AND m.budget < 20000000
RETURN m.title AS MovieTitle, m.plot AS Plot, m.budget AS Budget","match
$m isa movie, has plot $plot, has budget $budget;
$plot like "".*friendship.*"";
$budget < 20000000;
fetch {
  ""MovieTitle"": $m.title,
  ""Plot"": $plot,
  ""Budget"": $budget
};"
395,Which movies have actors with a bio that includes 'Wikipedia' and a revenue over 300 million dollars?,"MATCH (a:Actor)-[:ACTED_IN]->(m:Movie)
WHERE a.bio CONTAINS 'Wikipedia' AND m.revenue > 300000000
RETURN m.title AS MovieTitle, m.revenue AS Revenue, a.name AS ActorName","match
$a isa person, has bio $b, has name $actor_name;
$b like "".*Wikipedia.*"";
$m isa movie, has revenue $r, has title $movie_title;
$r > 300000000;
acted_in (actor: $a, film: $m);
fetch {
  ""MovieTitle"": $movie_title,
  ""Revenue"": $r,
  ""ActorName"": $actor_name
};"
397,What are the movies that have a plot containing the word 'zombie' with an IMDb rating over 7?,"MATCH (m:Movie)
WHERE m.plot CONTAINS 'zombie' AND m.imdbRating > 7
RETURN m.title AS MovieTitle, m.plot AS Plot, m.imdbRating AS IMDbRating","match
$m isa movie, has plot $plot, has imdb_rating $ir;
$plot like "".*zombie.*"";
$ir > 7.0;
fetch {
  ""MovieTitle"": $m.title,
  ""Plot"": $plot,
  ""IMDbRating"": $ir
};"
398,List all movies that have been rated by both male and female users.,"MATCH (m:Movie)<-[:RATED]-(u1:User {gender: 'male'})
MATCH (m)<-[:RATED]-(u2:User {gender: 'female'})
RETURN DISTINCT m.title AS MovieTitle","match
$m isa movie;
$u1 isa user, has gender ""male"";
$u2 isa user, has gender ""female"";
rated (user: $u1, film: $m);
rated (user: $u2, film: $m);
select $m;
distinct;
fetch {
  ""MovieTitle"": $m.title
};"
399,Which actors have acted in movies that grossed over 1 billion dollars?,"MATCH (a:Actor)-[:ACTED_IN]->(m:Movie)
WHERE m.revenue > 1000000000
RETURN DISTINCT a.name","match
$a isa person;
$m isa movie, has revenue $r;
acted_in (actor: $a, film: $m);
$r > 1000000000;
select $a;
distinct;
fetch { ""name"": $a.name };"
400,List all movies with a title that starts with 'The' and have a poster URL ending with 'jpg'.,"MATCH (m:Movie)
WHERE m.title STARTS WITH 'The' AND m.poster ENDS WITH 'jpg'
RETURN m.title, m.poster","match
$m isa movie, has title $t, has poster $p;
$t like ""The.*"";
$p like "".*jpg"";
fetch {
  ""title"": $m.title,
  ""poster"": [ $m.poster ]
};"
401,"Identify movies with more than 10,000 IMDb votes and a runtime under 90 minutes.","MATCH (m:Movie)
WHERE m.imdbVotes > 10000 AND m.runtime < 90
RETURN m.title AS title, m.imdbVotes AS imdbVotes, m.runtime AS runtime","match
$m isa movie, has imdb_votes $iv, has runtime $rt;
$iv > 10000;
$rt < 90;
fetch {
  ""title"": $m.title,
  ""imdbVotes"": $iv,
  ""runtime"": $rt
};"
402,List all users who have rated more than 50 movies.,"MATCH (u:User)-[r:RATED]->(m:Movie)
WITH u, COUNT(r) AS ratedMovies
WHERE ratedMovies > 50
RETURN u.name AS userName, ratedMovies","match
$u isa user;
$r isa rated (user: $u, film: $m);
reduce $ratedMovies = count($r) groupby $u;
match
$ratedMovies > 50;
fetch { ""userName"": $u.name, ""ratedMovies"": $ratedMovies };"
403,Which directors have the most movies with an IMDb rating over 8?,"MATCH (d:Director)-[:DIRECTED]->(m:Movie)
WHERE m.imdbRating > 8
RETURN d.name, COUNT(m) AS movieCount
ORDER BY movieCount DESC
LIMIT 5","match
$d isa person;
$m isa movie, has imdb_rating $ir;
$ir > 8.0;
directed (director: $d, film: $m);
reduce $count = count($m) groupby $d;
sort $count desc;
limit 5;
fetch {
  ""name"": $d.name,
  ""movieCount"": $count
};"
404,Identify movies that have been released in both English and French.,"MATCH (m:Movie)
WHERE ""English"" IN m.languages AND ""French"" IN m.languages
RETURN m.title AS MovieTitle, m.released AS ReleaseDate","match
$m isa movie, has languages $l, has title $t, has released $r;
$l like "".*English.*"";
$l like "".*French.*"";
fetch {
  ""MovieTitle"": $t,
  ""ReleaseDate"": $r
};"
405,What are the top 5 movies with the lowest IMDb ratings but highest revenues?,"MATCH (m:Movie)
WITH m
ORDER BY m.imdbRating ASC, m.revenue DESC
LIMIT 5
RETURN m.title AS title, m.imdbRating AS imdbRating, m.revenue AS revenue","match
$m isa movie, has imdb_rating $ir, has revenue $r;
sort $ir asc, $r desc;
limit 5;
fetch {
  ""title"": $m.title,
  ""imdbRating"": $ir,
  ""revenue"": $r
};"
406,List all movies that have more than one genre associated with them.,"MATCH (m:Movie)-[:IN_GENRE]->(g:Genre)
WITH m, COUNT(g) AS genreCount
WHERE genreCount > 1
RETURN m.title AS MovieTitle, genreCount","match
$m isa movie;
in_genre (film: $m, genre: $g);
reduce $genreCount = count($g) groupby $m;
match $genreCount > 1;
$m has title $t;
fetch { ""MovieTitle"": $t, ""genreCount"": $genreCount };"
407,Find the top 3 movies with the shortest runtime and a revenue over 100 million dollars.,"MATCH (m:Movie)
WHERE m.revenue > 100000000
RETURN m.title, m.runtime, m.revenue
ORDER BY m.runtime ASC
LIMIT 3","match
$m isa movie, has revenue $rev, has runtime $rt, has title $t;
$rev > 100000000;
sort $rt asc;
limit 3;
fetch {
  ""title"": $t,
  ""runtime"": $rt,
  ""revenue"": $rev
};"
409,Identify directors who have never directed a movie rated under 6 on IMDb.,"MATCH (d:Director)-[:DIRECTED]->(m:Movie)
WHERE m.imdbRating >= 6
WITH d, COUNT(m) AS totalMovies
MATCH (d)-[:DIRECTED]->(m2:Movie)
WITH d, totalMovies, COUNT(m2) AS directedMovies
WHERE totalMovies = directedMovies
RETURN d.name AS DirectorName","match
$d isa person;
directed (director: $d, film: $m);
not {
  directed (director: $d, film: $m2);
  $m2 has imdb_rating $r;
  $r < 6.0;
};
fetch {
  ""DirectorName"": $d.name
};"
410,What are the movies with a budget over 200 million dollars and a revenue under 500 million dollars?,"MATCH (m:Movie)
WHERE m.budget > 200000000 AND m.revenue < 500000000
RETURN m.title AS title, m.budget AS budget, m.revenue AS revenue","match
$m isa movie, has budget $b, has revenue $r;
$b > 200000000;
$r < 500000000;
fetch {
  ""title"": $m.title,
  ""budget"": $b,
  ""revenue"": $r
};"
411,What are the top 3 most popular movies among users named 'John'?,"MATCH (u:User)-[r:RATED]->(m:Movie)
WHERE u.name = 'John'
WITH m, AVG(r.rating) AS avgRating, COUNT(r) AS numRatings
ORDER BY numRatings DESC, avgRating DESC
LIMIT 3
RETURN m.title AS MovieTitle, numRatings AS NumberOfRatings, avgRating AS AverageRating","match
$u isa user, has name ""John"";
$r isa rated (user: $u, film: $m), has rating $rating;
$m has title $t;
reduce $avgRating = mean($rating), $numRatings = count($r) groupby $t;
sort $numRatings desc, $avgRating desc;
limit 3;
fetch { ""movie"": $t, ""numRatings"": $numRatings, ""avgRating"": $avgRating };"
412,What are the genres associated with movies that have an IMDb rating exactly 6.5?,"MATCH (m:Movie)-[:IN_GENRE]->(g:Genre)
WHERE m.imdbRating = 6.5
RETURN DISTINCT g.name AS Genre","match
$m isa movie, has imdb_rating 6.5;
in_genre (film: $m, genre: $g);
$g has name $name;
select $name;
distinct;
fetch {
  ""Genre"": $name
};"
413,Identify all movies that have been directed by actors.,"MATCH (a:Actor)-[:DIRECTED]->(m:Movie)
RETURN m.title AS MovieTitle, m.url AS MovieURL","match
$a isa person;
acted_in (actor: $a);
directed (director: $a, film: $m);
$m isa movie;
fetch {
  ""MovieTitle"": $m.title,
  ""MovieURL"": $m.url
};"
414,Which movies have a director who was born after 1960 and have generated over 100 million in revenue?,"MATCH (m:Movie)-[:DIRECTED]-(d:Director)
WHERE d.born > date('1960-01-01') AND m.revenue > 100000000
RETURN m.title AS MovieTitle, d.name AS DirectorName, m.revenue AS Revenue","match
$m isa movie, has title $title, has revenue $rev;
$d isa person, has name $dname, has born $b;
directed (director: $d, film: $m);
$b > 1960-01-01;
$rev > 100000000;
fetch {
  ""MovieTitle"": $title,
  ""DirectorName"": $dname,
  ""Revenue"": $rev
};"
415,List the top 5 movies with the most countries available in their languages list.,"MATCH (m:Movie)
RETURN m.title AS title, size(m.countries) AS countryCount
ORDER BY countryCount DESC
LIMIT 5","with fun language_count($m: movie) -> integer:
  match $m has languages $l;
  return count;

match
$m isa movie;
let $lang_count = language_count($m);
$lang_count > 0;
sort $lang_count desc;
limit 5;
fetch { ""title"": $m.title, ""languageCount"": $lang_count };"
416,Which 3 directors have directed movies with an imdbRating greater than 8.0?,"MATCH (d:Director)-[:DIRECTED]->(m:Movie)
WHERE m.imdbRating > 8.0
RETURN d.name AS Director, COUNT(m) AS MovieCount
ORDER BY MovieCount DESC
LIMIT 3","match
$d isa person;
$m isa movie, has imdb_rating $r;
$r > 8.0;
directed (director: $d, film: $m);
reduce $count = count($m) groupby $d;
sort $count desc;
limit 3;
fetch { ""Director"": $d.name, ""MovieCount"": $count };"
417,What are the top 5 movies released in the 1990s by revenue?,"MATCH (m:Movie)
WHERE m.year >= 1990 AND m.year < 2000
RETURN m.title AS title, m.revenue AS revenue
ORDER BY m.revenue DESC
LIMIT 5","match
$m isa movie, has year $y, has revenue $r;
$y >= 1990; $y < 2000;
sort $r desc;
limit 5;
fetch {
  ""title"": $m.title,
  ""revenue"": $r
};"
418,Which 3 actors were born in France and acted in more than one movie?,"MATCH (a:Actor)-[:ACTED_IN]->(m:Movie)
WHERE a.bornIn = ""France""
WITH a, COUNT(m) AS movieCount
WHERE movieCount > 1
RETURN a.name AS actorName, movieCount
ORDER BY movieCount DESC
LIMIT 3","match
$a isa person, has born_in ""France"";
acted_in (actor: $a, film: $m);
reduce $movieCount = count($m) groupby $a;
match $movieCount > 1;
$a has name $name;
sort $movieCount desc;
limit 3;
fetch { ""actorName"": $name, ""movieCount"": $movieCount };"
419,List the top 5 movies with the highest number of imdbVotes.,"MATCH (m:Movie)
RETURN m.title, m.imdbVotes
ORDER BY m.imdbVotes DESC
LIMIT 5","match
$m isa movie, has imdb_votes $v;
sort $v desc;
limit 5;
fetch {
  ""title"": $m.title,
  ""imdb_votes"": $v
};"
420,Which 3 users have rated the most number of movies?,"MATCH (u:User)-[r:RATED]->(m:Movie)
RETURN u.name AS userName, COUNT(r) AS numberOfRatings
ORDER BY numberOfRatings DESC
LIMIT 3","match
$u isa user;
$m isa movie;
rated (user: $u, film: $m);
reduce $count = count($m) groupby $u;
sort $count desc;
limit 3;
fetch {
  ""userName"": $u.name,
  ""numberOfRatings"": $count
};"
421,What are the top 5 movies with the most languages available?,"MATCH (m:Movie)
RETURN m.title AS title, size(m.languages) AS language_count
ORDER BY language_count DESC
LIMIT 5","with fun language_count($m: movie) -> integer:
  match $m has languages $l;
  return count;

match
$m isa movie;
let $lang_count = language_count($m);
$lang_count > 0;
sort $lang_count desc;
limit 5;
fetch { ""title"": $m.title, ""languageCount"": $lang_count };"
422,Which 3 genres contain the most movies?,"MATCH (m:Movie)-[:IN_GENRE]->(g:Genre)
WITH g, count(m) as movieCount
RETURN g.name as genre, movieCount
ORDER BY movieCount DESC
LIMIT 3","match
$m isa movie;
$g isa genre;
in_genre (film: $m, genre: $g);
reduce $movieCount = count($m) groupby $g;
sort $movieCount desc;
limit 3;
fetch { ""genre"": $g.name, ""movieCount"": $movieCount };"
423,List the top 5 movies with the largest budgets released before 2000.,"MATCH (m:Movie)
WHERE m.year < 2000
RETURN m.title AS title, m.budget AS budget
ORDER BY m.budget DESC
LIMIT 5","match
$m isa movie, has year $y, has budget $b;
$y < 2000;
sort $b desc;
limit 5;
fetch {
  ""title"": $m.title,
  ""budget"": $b
};"
424,Which 3 movies have the longest runtime?,"MATCH (m:Movie)
RETURN m.title, m.runtime
ORDER BY m.runtime DESC
LIMIT 3","match
$m isa movie, has runtime $r;
sort $r desc;
limit 3;
fetch {
  ""title"": $m.title,
  ""runtime"": $r
};"
425,What are the top 3 highest-grossing movies of all time?,"MATCH (m:Movie)
RETURN m.title AS title, m.revenue AS revenue
ORDER BY m.revenue DESC
LIMIT 3","match
$m isa movie, has revenue $rev;
sort $rev desc;
limit 3;
fetch {
  ""title"": $m.title,
  ""revenue"": $rev
};"
426,List the top 5 directors by the number of movies they have directed.,"MATCH (d:Director)-[:DIRECTED]->(m:Movie)
WITH d, COUNT(m) AS movieCount
ORDER BY movieCount DESC
LIMIT 5
RETURN d.name AS directorName, movieCount","match
$d isa person;
$m isa movie;
directed (director: $d, film: $m);
reduce $movieCount = count($m) groupby $d;
sort $movieCount desc;
limit 5;
fetch { ""directorName"": $d.name, ""movieCount"": $movieCount };"
427,Which 3 actors have acted in the most number of movies?,"MATCH (a:Actor)-[:ACTED_IN]->(m:Movie)
WITH a, COUNT(m) AS movieCount
ORDER BY movieCount DESC
LIMIT 3
RETURN a.name AS actorName, movieCount","match
$a isa person;
acted_in (actor: $a, film: $m);
reduce $movieCount = count($m) groupby $a;
sort $movieCount desc;
limit 3;
fetch { ""actorName"": $a.name, ""movieCount"": $movieCount };"
428,What are the top 5 movies with the highest imdbRating?,"MATCH (m:Movie)
RETURN m.title, m.imdbRating
ORDER BY m.imdbRating DESC
LIMIT 5","match
$m isa movie, has imdb_rating $ir;
sort $ir desc;
limit 5;
fetch {
  ""title"": $m.title,
  ""imdbRating"": $ir
};"
429,Which movies have actors who were born in Canada and have acted in a thriller genre?,"MATCH (a:Actor)-[:ACTED_IN]->(m:Movie)-[:IN_GENRE]->(g:Genre)
WHERE a.bornIn = 'Canada' AND g.name = 'Thriller'
RETURN m.title AS MovieTitle, a.name AS ActorName","match
$a isa person, has born_in ""Canada"";
$m isa movie;
$g isa genre, has name ""Thriller"";
acted_in (actor: $a, film: $m);
in_genre (film: $m, genre: $g);
fetch {
  ""MovieTitle"": $m.title,
  ""ActorName"": $a.name
};"
430,Identify movies that have been rated 10 times or more with a rating above 8.,"MATCH (m:Movie)<-[r:RATED]-()
WHERE r.rating > 8
WITH m, COUNT(r) AS ratingCount
WHERE ratingCount >= 10
RETURN m.title AS MovieTitle, ratingCount","match
$m isa movie;
$r isa rated (user: $u, film: $m);
$r has rating $rating;
$rating > 8.0;
reduce $ratingCount = count($r) groupby $m;
match
$ratingCount >= 10;
fetch {
  ""MovieTitle"": $m.title,
  ""ratingCount"": $ratingCount
};"
431,What are the top 3 movies with a revenue of exactly 50 million dollars?,"MATCH (m:Movie)
WHERE m.revenue = 50000000
RETURN m.title, m.revenue
ORDER BY m.revenue DESC
LIMIT 3","match
$m isa movie, has revenue $r, has title $t;
$r == 50000000;
sort $r desc;
limit 3;
fetch {
  ""title"": $t,
  ""revenue"": $r
};"
432,List all actors who have acted in movies with at least two different directors.,"MATCH (a:Actor)-[:ACTED_IN]->(m:Movie)<-[:DIRECTED]-(d:Director)
WITH a, m, COUNT(DISTINCT d) AS directorCount
WHERE directorCount >= 2
RETURN DISTINCT a.name AS ActorName","match
$a isa person;
acted_in (actor: $a, film: $m);
directed (director: $d1, film: $m);
directed (director: $d2, film: $m);
not { $d1 is $d2; };
select $a;
distinct;
fetch { ""ActorName"": $a.name };"
433,Which directors have directed movies with a plot mentioning 'evil'?,"MATCH (d:Director)-[:DIRECTED]->(m:Movie)
WHERE m.plot CONTAINS 'evil'
RETURN d.name","match
$d isa person;
$m isa movie, has plot $plot;
$plot like "".*evil.*"";
directed (director: $d, film: $m);
fetch {
  ""name"": $d.name
};"
434,Identify movies that have languages lists containing more than 5 languages.,"MATCH (m:Movie)
WHERE size(m.languages) > 5
RETURN m.title AS title, m.languages AS languages","with fun language_count($m: movie) -> integer:
  match $m has languages $l;
  return count;

match
$m isa movie;
let $lang_count = language_count($m);
$lang_count > 5;
fetch { ""title"": $m.title };"
435,List the top 3 movies with the highest budgets that were released in the 2000s.,"MATCH (m:Movie)
WHERE m.year >= 2000 AND m.year < 2010
RETURN m.title, m.budget
ORDER BY m.budget DESC
LIMIT 3","match
$m isa movie, has year $y, has budget $b;
$y >= 2000; $y < 2010;
sort $b desc;
limit 3;
fetch {
  ""title"": $m.title,
  ""budget"": $b
};"
436,List the movies that have been released in at least three different languages.,"MATCH (m:Movie)
WHERE size(m.languages) >= 3
RETURN m.title AS MovieTitle, m.languages AS Languages","with fun language_count($m: movie) -> integer:
  match $m has languages $l;
  return count;

match
$m isa movie;
let $lang_count = language_count($m);
$lang_count >= 3;
fetch { ""title"": $m.title };"
437,Which movies have been rated exactly 5 stars by at least one user?,"MATCH (u:User)-[r:RATED]->(m:Movie)
WHERE r.rating = 5.0
RETURN DISTINCT m.title AS MovieTitle","match
$u isa user;
$m isa movie;
$r isa rated (user: $u, film: $m);
$r has rating $rating;
$rating == 5.0;
select $m;
distinct;
fetch {
  ""MovieTitle"": $m.title
};"
438,Identify all actors who have played roles in movies directed by directors born in Nebraska.,"MATCH (d:Director)-[:DIRECTED]->(m:Movie)<-[:ACTED_IN]-(a:Actor)
WHERE d.bornIn CONTAINS ""Nebraska""
RETURN DISTINCT a.name AS ActorName","match
$d isa person, has born_in $bi;
$bi like "".*Nebraska.*"";
directed (director: $d, film: $m);
acted_in (actor: $a, film: $m);
$a has name $name;
select $name;
distinct;
fetch { ""ActorName"": $name };"
439,What are the top 5 movies by revenue that contain the word 'war' in their title?,"MATCH (m:Movie)
WHERE m.title CONTAINS 'war'
RETURN m.title, m.revenue
ORDER BY m.revenue DESC
LIMIT 5","match
$m isa movie, has title $t, has revenue $r;
$t like "".*war.*"";
sort $r desc;
limit 5;
fetch {
  ""title"": $t,
  ""revenue"": $r
};"
440,What are the first 3 movies with the highest number of languages available?,"MATCH (m:Movie)
RETURN m.title, size(m.languages) AS numLanguages
ORDER BY numLanguages DESC
LIMIT 3","with fun language_count($m: movie) -> integer:
  match $m has languages $l;
  return count;

match
$m isa movie;
let $lang_count = language_count($m);
$lang_count > 0;
sort $lang_count desc;
limit 3;
fetch { ""title"": $m.title };"
441,List the top 5 actors by number of movies they've acted in with a budget over 100 million.,"MATCH (a:Actor)-[:ACTED_IN]->(m:Movie)
WHERE m.budget > 100000000
WITH a, count(m) AS movieCount
ORDER BY movieCount DESC
LIMIT 5
RETURN a.name AS actorName, movieCount","match
$a isa person, has name $n;
$m isa movie, has budget $b;
$b > 100000000;
acted_in (actor: $a, film: $m);
reduce $count = count($m) groupby $a, $n;
sort $count desc;
limit 5;
fetch {
  ""actorName"": $n,
  ""movieCount"": $count
};"
442,Which 5 directors have the most distinct movies directed?,"MATCH (d:Director)-[:DIRECTED]->(m:Movie)
WITH d, count(DISTINCT m) as movieCount
ORDER BY movieCount DESC
LIMIT 5
RETURN d.name as Director, movieCount as MoviesDirected","match
$d isa person;
$m isa movie;
directed (director: $d, film: $m);
reduce $count = count($m) groupby $d;
sort $count desc;
limit 5;
fetch {
  ""Director"": $d.name,
  ""MoviesDirected"": $count
};"
443,List the first 3 movies with an imdbId that starts with '07'.,"MATCH (m:Movie)
WHERE m.imdbId STARTS WITH '07'
RETURN m.title, m.imdbId
ORDER BY m.title
LIMIT 3","match
$m isa movie, has imdb_id $id, has title $t;
$id like ""07.*"";
sort $t;
limit 3;
fetch {
  ""title"": $m.title,
  ""imdbId"": $m.imdb_id
};"
444,What are the top 5 movies with the most detailed biographies of their directors?,"MATCH (d:Director)-[:DIRECTED]->(m:Movie)
WITH m, d, size(d.bio) AS bioLength
ORDER BY bioLength DESC
LIMIT 5
RETURN m.title AS MovieTitle, d.name AS DirectorName, d.bio AS DirectorBio","match
$d isa person, has bio $bio, has name $dname;
$m isa movie, has title $mtitle;
directed (director: $d, film: $m);
let $len = len($bio);
sort $len desc;
limit 5;
fetch {
  ""MovieTitle"": $m.title,
  ""DirectorName"": $d.name,
  ""DirectorBio"": $d.bio
};"
445,List the first 3 directors who have directed a movie with a runtime over 180 minutes.,"MATCH (d:Director)-[:DIRECTED]->(m:Movie)
WHERE m.runtime > 180
RETURN d.name AS DirectorName, m.title AS MovieTitle, m.runtime AS Runtime
ORDER BY d.name
LIMIT 3","match
$d isa person, has name $dn;
$m isa movie, has runtime $r, has title $mt;
directed (director: $d, film: $m);
$r > 180;
sort $dn asc;
limit 3;
fetch {
  ""DirectorName"": $dn,
  ""MovieTitle"": $mt,
  ""Runtime"": $r
};"
446,Which 5 movies have the most diverse cast in terms of countries of origin?,"MATCH (a:Actor)-[:ACTED_IN]->(m:Movie)
WITH m, COLLECT(DISTINCT a.bornIn) AS actorCountries
RETURN m.title AS movieTitle, SIZE(actorCountries) AS diversity
ORDER BY diversity DESC
LIMIT 5","match
$a isa person, has born_in $born_in;
$m isa movie;
acted_in (actor: $a, film: $m);
select $m, $born_in;
distinct;
reduce $diversity = count groupby $m;
sort $diversity desc;
limit 5;
fetch {
  ""movieTitle"": $m.title,
  ""diversity"": $diversity
};"
448,List the top 5 movies by number of actors born in the USA who acted in them.,"MATCH (a:Actor)-[:ACTED_IN]->(m:Movie)
WHERE a.bornIn = ""USA""
WITH m, COUNT(a) AS numActors
ORDER BY numActors DESC
LIMIT 5
RETURN m.title AS movieTitle, numActors","match
$a isa person, has born_in ""USA"";
$m isa movie;
acted_in (actor: $a, film: $m);
reduce $num_actors = count($a) groupby $m;
sort $num_actors desc;
limit 5;
fetch { ""movieTitle"": $m.title, ""numActors"": $num_actors };"
449,Which 5 movies have been directed by a person who also acted in them?,"MATCH (director:Person)-[:DIRECTED]->(movie:Movie)<-[:ACTED_IN]-(director)
RETURN movie.title AS MovieTitle, director.name AS DirectorName
LIMIT 5","match
$director isa person;
$movie isa movie;
directed (director: $director, film: $movie);
acted_in (actor: $director, film: $movie);
limit 5;
fetch {
  ""MovieTitle"": $movie.title,
  ""DirectorName"": $director.name
};"
450,List the first 3 directors who have a born date but no died date.,"MATCH (d:Director)
WHERE d.born IS NOT NULL AND d.died IS NULL
RETURN d.name, d.born
LIMIT 3","match
$d isa person, has born $b;
directed (director: $d);
not { $d has died $died; };
limit 3;
fetch {
  ""name"": $d.name,
  ""born"": $b
};"
451,What are the top 5 movies with the most genres associated?,"MATCH (m:Movie)-[:IN_GENRE]->(g:Genre)
WITH m, COUNT(g) AS genreCount
RETURN m.title AS movieTitle, genreCount
ORDER BY genreCount DESC
LIMIT 5","match
$m isa movie;
in_genre (film: $m, genre: $g);
reduce $genreCount = count($g) groupby $m;
sort $genreCount desc;
limit 5;
fetch {
  ""movieTitle"": $m.title,
  ""genreCount"": $genreCount
};"
452,List the first 3 movies with a poster URL on tmdb but not on IMDb.,"MATCH (m:Movie)
WHERE m.poster IS NOT NULL AND m.imdbId IS NULL
RETURN m.title, m.poster
LIMIT 3","match
$m isa movie, has poster $poster;
not { $m has imdb_id $i; };
limit 3;
fetch {
  ""title"": $m.title,
  ""poster"": $poster
};"
453,Which 5 movies had their entire plot translated into more than one language?,"MATCH (m:Movie)
WHERE size(m.languages) > 1
RETURN m.title AS MovieTitle, m.languages AS TranslatedLanguages
ORDER BY size(m.languages) DESC
LIMIT 5","with fun language_count($m: movie) -> integer:
  match $m has languages $l;
  return count;

match
$m isa movie;
let $lang_count = language_count($m);
$lang_count > 1;
limit 5;
fetch { ""title"": $m.title };"
454,List the first 3 users who rated a movie with a budget over 200 million.,"MATCH (u:User)-[r:RATED]->(m:Movie)
WHERE m.budget > 200000000
RETURN u.name, u.userId
ORDER BY r.timestamp
LIMIT 3","match
$u isa user;
$m isa movie, has budget $b;
$b > 200000000;
$rel isa rated (user: $u, film: $m), has timestamp $t;
sort $t asc;
limit 3;
fetch {
  ""name"": $u.name,
  ""userId"": $u.user_id
};"
456,List the first 3 actors who acted in a movie without having a born date listed.,"MATCH (a:Actor)-[:ACTED_IN]->(m:Movie)
WHERE a.born IS NULL
RETURN a.name AS actorName
LIMIT 3","match
$a isa person;
acted_in (actor: $a, film: $m);
not { $a has born $b; };
limit 3;
fetch {
  ""actorName"": $a.name
};"
457,Which 5 directors have directed the same movie?,"MATCH (d1:Director)-[:DIRECTED]->(m:Movie)<-[:DIRECTED]-(d2:Director)
WHERE d1 <> d2
WITH m, collect(d1.name) AS directors
WHERE size(directors) >= 5
RETURN m.title AS movieTitle, directors
LIMIT 5","match directed (director: $d1, film: $m); directed (director: $d2, film: $m); not { $d1 is $d2; }; $d1 has name $n1; $d2 has name $n2; $m has title $t; limit 5; fetch { ""director1"": $n1, ""director2"": $n2, ""movie"": $t };"
458,What are the first 3 movies directed by a director born in Nebraska?,"MATCH (d:Director)-[:DIRECTED]->(m:Movie)
WHERE d.bornIn CONTAINS ""Nebraska""
RETURN m.title AS MovieTitle, m.released AS ReleaseDate
ORDER BY m.released
LIMIT 3","match
$d isa person, has born_in $bi;
$bi like "".*Nebraska.*"";
$m isa movie, has released $rel;
directed (director: $d, film: $m);
sort $rel;
limit 3;
fetch {
  ""MovieTitle"": $m.title,
  ""ReleaseDate"": $rel
};"
459,List the top 5 most reviewed movies on IMDb.,"MATCH (m:Movie)
RETURN m.title AS title, m.imdbVotes AS reviews
ORDER BY m.imdbVotes DESC
LIMIT 5","match
$m isa movie, has imdb_votes $votes;
sort $votes desc;
limit 5;
fetch {
  ""title"": $m.title,
  ""reviews"": $votes
};"
460,Which 5 actors have the most roles listed as uncredited?,"MATCH (a:Actor)-[r:ACTED_IN]->(m:Movie)
WHERE r.role CONTAINS ""uncredited""
RETURN a.name, COUNT(r) AS uncredited_roles
ORDER BY uncredited_roles DESC
LIMIT 5","match
$a isa person;
$rel isa acted_in (actor: $a, film: $m);
$rel has character_role $cr;
$cr like "".*uncredited.*"";
reduce $count = count($rel) groupby $a;
sort $count desc;
limit 5;
fetch { ""name"": $a.name, ""uncredited_roles"": $count };"
461,Which 5 movies have the most distinct posters on IMDb?,"MATCH (m:Movie)
RETURN m.title, m.poster, COUNT(DISTINCT m.poster) AS posterCount
ORDER BY posterCount DESC
LIMIT 5","match
$m isa movie, has poster $poster;
reduce $count = count($poster) groupby $m;
sort $count desc;
limit 5;
fetch {
  ""title"": $m.title,
  ""poster_count"": $count
};"
462,Which 3 actors have acted in movies and also directed movies?,"MATCH (a:Actor)-[:ACTED_IN]->(m:Movie), (a)-[:DIRECTED]->(m2:Movie)
WITH a, COUNT(DISTINCT m) AS actedInCount, COUNT(DISTINCT m2) AS directedCount
WHERE actedInCount > 0 AND directedCount > 0
RETURN a.name AS actorName
ORDER BY actedInCount DESC, directedCount DESC
LIMIT 3","match
$a isa person;
acted_in (actor: $a, film: $m);
directed (director: $a, film: $m2);
select $a, $m;
distinct;
reduce $acted_count = count($m) groupby $a;
sort $acted_count desc;
limit 3;
fetch { ""actorName"": $a.name };"
463,List the first 3 movies released in the year 2000 or later with a rating under 5.,"MATCH (m:Movie)
WHERE m.year >= 2000 AND m.imdbRating < 5
RETURN m.title, m.year, m.imdbRating
ORDER BY m.year ASC
LIMIT 3","match
$m isa movie, has year $y, has imdb_rating $r, has title $t;
$y >= 2000;
$r < 5.0;
sort $y asc;
limit 3;
fetch {
  ""title"": $t,
  ""year"": $y,
  ""imdb_rating"": $r
};"
464,List the first 3 actors who have died after 2000.,"MATCH (a:Actor)
WHERE a.died > date(""2000-01-01"")
RETURN a.name, a.died
ORDER BY a.died
LIMIT 3","match
$a isa person, has died $d;
acted_in (actor: $a);
select $a, $d;
distinct;
sort $d;
limit 3;
fetch {
  ""name"": $a.name,
  ""died"": $d
};"
465,List all genres associated with movies that have a budget less than 5 million dollars.,"MATCH (m:Movie)-[:IN_GENRE]->(g:Genre)
WHERE m.budget < 5000000
RETURN DISTINCT g.name AS genre","match
$m isa movie, has budget $b;
$b < 5000000;
in_genre (film: $m, genre: $g);
$g has name $genre;
select $genre;
distinct;
fetch { ""genre"": $genre };"
466,Which movies have a poster URL that contains 'face' and an IMDb rating above 8?,"MATCH (m:Movie)
WHERE m.poster CONTAINS 'face' AND m.imdbRating > 8
RETURN m.title, m.poster, m.imdbRating","match
$m isa movie, has title $t, has poster $p, has imdb_rating $r;
$p like "".*face.*"";
$r > 8.0;
fetch {
  ""title"": $t,
  ""poster"": $p,
  ""imdb_rating"": $r
};"
467,Find movies where the plot includes the word 'love' and were released on Valentine's Day.,"MATCH (m:Movie)
WHERE m.plot CONTAINS 'love' AND m.released ENDS WITH '-02-14'
RETURN m.title, m.released, m.plot","match
$m isa movie, has plot $plot, has released $rel;
$plot like "".*love.*"";
$rel like "".*-02-14"";
fetch {
  ""title"": $m.title,
  ""released"": $rel,
  ""plot"": $plot
};"
468,List all the directors who have both directed and acted in the same movie.,"MATCH (d:Director)-[:DIRECTED]->(m:Movie)<-[:ACTED_IN]-(d)
RETURN DISTINCT d.name AS DirectorName","match
$d isa person;
$m isa movie;
directed (director: $d, film: $m);
acted_in (actor: $d, film: $m);
$d has name $n;
select $n;
distinct;
fetch {
  ""DirectorName"": $n
};"
469,Which movies have actors who were born in the USA and have acted in a comedy genre?,"MATCH (a:Actor)-[:ACTED_IN]->(m:Movie)-[:IN_GENRE]->(g:Genre)
WHERE a.bornIn = ""USA"" AND g.name = ""Comedy""
RETURN m.title AS MovieTitle, a.name AS ActorName","match
  $a isa person, has born_in ""USA"";
  $m isa movie;
  $g isa genre, has name ""Comedy"";
  acted_in (actor: $a, film: $m);
  in_genre (film: $m, genre: $g);
fetch {
  ""MovieTitle"": $m.title,
  ""ActorName"": $a.name
};"
470,Identify movies that have been rated by more than 1000 users.,"MATCH (m:Movie)<-[:RATED]-(u:User)
WITH m, count(u) AS userCount
WHERE userCount > 1000
RETURN m.title AS MovieTitle, userCount","match
$m isa movie;
$u isa user;
rated (user: $u, film: $m);
reduce $userCount = count($u) groupby $m;
match $userCount > 1000;
fetch {
  ""MovieTitle"": $m.title,
  ""userCount"": $userCount
};"
471,What are the genres of movies that have generated over 500 million dollars in revenue?,"MATCH (m:Movie)-[:IN_GENRE]->(g:Genre)
WHERE m.revenue > 500000000
RETURN DISTINCT g.name AS genre","match
$m isa movie, has revenue $r;
$r > 500000000;
in_genre (film: $m, genre: $g);
$g isa genre;
select $g;
distinct;
fetch { ""genre"": $g.name };"
472,List the top 3 movies with the most IMDb votes released before 2000.,"MATCH (m:Movie)
WHERE m.year < 2000
RETURN m.title, m.imdbVotes
ORDER BY m.imdbVotes DESC
LIMIT 3","match
$m isa movie, has year $y, has imdb_votes $v;
$y < 2000;
sort $v desc;
limit 3;
fetch {
  ""title"": $m.title,
  ""imdb_votes"": $v
};"
473,Which directors have directed at least three movies with budgets over 100 million dollars?,"MATCH (d:Director)-[:DIRECTED]->(m:Movie)
WHERE m.budget > 100000000
WITH d, COUNT(m) AS movieCount
WHERE movieCount >= 3
RETURN d.name AS directorName, movieCount","match
$d isa person;
$m isa movie, has budget $b;
$b > 100000000;
directed (director: $d, film: $m);
reduce $movieCount = count($m) groupby $d;
match
$movieCount >= 3;
fetch {
  ""directorName"": $d.name,
  ""movieCount"": $movieCount
};"
474,Find all actors who have acted in more than one movie with an IMDb rating over 7.,"MATCH (a:Actor)-[:ACTED_IN]->(m:Movie)
WHERE m.imdbRating > 7
WITH a, COUNT(m) AS movieCount
WHERE movieCount > 1
RETURN a.name AS actorName, movieCount","match
$a isa person;
acted_in (actor: $a, film: $m);
$m isa movie, has imdb_rating $r;
$r > 7.0;
reduce $movie_count = count($m) groupby $a;
match $movie_count > 1;
fetch { ""actorName"": $a.name, ""movieCount"": $movie_count };"
475,What are the top 5 highest-grossing movies of the 1990s?,"MATCH (m:Movie)
WHERE m.year >= 1990 AND m.year < 2000
RETURN m.title AS title, m.revenue AS revenue
ORDER BY m.revenue DESC
LIMIT 5","match
$m isa movie, has year $y, has revenue $r;
$y >= 1990;
$y < 2000;
sort $r desc;
limit 5;
fetch {
  ""title"": $m.title,
  ""revenue"": $r
};"
476,List all movies directed by a person born in France.,"MATCH (p:Person)-[:DIRECTED]->(m:Movie)
WHERE p.bornIn = ""France""
RETURN m.title AS MovieTitle, m.year AS ReleaseYear, p.name AS DirectorName","match
$p isa person, has born_in ""France"", has name $director_name;
$m isa movie, has title $movie_title, has year $year;
directed (director: $p, film: $m);
fetch {
  ""MovieTitle"": $movie_title,
  ""ReleaseYear"": $year,
  ""DirectorName"": $director_name
};"
477,Which movies have a runtime greater than 120 minutes and were released after 2010?,"MATCH (m:Movie)
WHERE m.runtime > 120 AND m.year > 2010
RETURN m.title, m.runtime, m.year","match
$m isa movie, has runtime $rt, has year $yr;
$rt > 120;
$yr > 2010;
fetch {
  ""title"": $m.title,
  ""runtime"": $rt,
  ""year"": $yr
};"
478,Which 5 directors have the longest cumulative runtime of all movies they've directed?,"MATCH (d:Director)-[:DIRECTED]->(m:Movie)
WITH d, SUM(m.runtime) AS totalRuntime
ORDER BY totalRuntime DESC
LIMIT 5
RETURN d.name AS directorName, totalRuntime","match
$d isa person;
directed (director: $d, film: $m);
$m has runtime $r;
reduce $totalRuntime = sum($r) groupby $d;
sort $totalRuntime desc;
limit 5;
fetch {
  ""directorName"": $d.name,
  ""totalRuntime"": $totalRuntime
};"
479,What are the first 3 movies with a plot containing the word 'evil'?,"MATCH (m:Movie)
WHERE m.plot CONTAINS 'evil'
RETURN m.title, m.plot
ORDER BY m.title
LIMIT 3","match
$m isa movie, has plot $plot, has title $title;
$plot like "".*evil.*"";
sort $title;
limit 3;
fetch {
  ""title"": $m.title,
  ""plot"": $m.plot
};"
480,List the top 5 actors by number of movies they've acted in that have been released on Christmas Day.,"MATCH (a:Actor)-[:ACTED_IN]->(m:Movie)
WHERE m.released = ""1995-12-25""
WITH a, count(m) AS movieCount
ORDER BY movieCount DESC
LIMIT 5
RETURN a.name AS actorName, movieCount","match
$a isa person;
$m isa movie, has released ""1995-12-25"";
acted_in (actor: $a, film: $m);
reduce $count = count($m) groupby $a;
sort $count desc;
limit 5;
fetch { ""actorName"": $a.name, ""movieCount"": $count };"
482,List the first 3 movies where the main actor is also the director.,"MATCH (actor:Actor)-[:ACTED_IN {role: ""main""}]->(movie:Movie)<-[:DIRECTED]-(actor)
RETURN movie.title AS MovieTitle, actor.name AS ActorDirector
LIMIT 3","match
$actor isa person;
$movie isa movie;
$act isa acted_in (actor: $actor, film: $movie);
$act has character_role ""main"";
directed (director: $actor, film: $movie);
limit 3;
fetch {
  ""MovieTitle"": $movie.title,
  ""ActorDirector"": $actor.name
};"
483,List the first 3 movies with the most different directors involved.,"MATCH (m:Movie)<-[:DIRECTED]-(d:Director)
WITH m, count(d) as directorCount
ORDER BY directorCount DESC
LIMIT 3
RETURN m.title as MovieTitle, directorCount","match
$m isa movie;
directed (director: $d, film: $m);
reduce $directorCount = count($d) groupby $m;
sort $directorCount desc;
limit 3;
fetch {
  ""MovieTitle"": $m.title,
  ""directorCount"": $directorCount
};"
484,Which 5 directors have directed movies with the highest average imdbRating?,"MATCH (d:Director)-[:DIRECTED]->(m:Movie)
WITH d, avg(m.imdbRating) AS avgRating
ORDER BY avgRating DESC
LIMIT 5
RETURN d.name AS Director, avgRating AS Average_IMDb_Rating","match
$d isa person;
directed (director: $d, film: $m);
$m has imdb_rating $r;
reduce $avg = mean($r) groupby $d;
sort $avg desc;
limit 5;
fetch { ""Director"": $d.name, ""Average_IMDb_Rating"": $avg };"
485,What are the top 5 movies with the highest revenue in the Adventure genre?,"MATCH (m:Movie)-[:IN_GENRE]->(g:Genre {name: ""Adventure""})
RETURN m.title AS title, m.revenue AS revenue
ORDER BY m.revenue DESC
LIMIT 5","match
$m isa movie, has title $title, has revenue $rev;
$g isa genre, has name ""Adventure"";
in_genre (film: $m, genre: $g);
sort $rev desc;
limit 5;
fetch {
  ""title"": $title,
  ""revenue"": $rev
};"
486,What are the top 5 oldest movies in the database by release year?,"MATCH (m:Movie)
RETURN m.title, m.year
ORDER BY m.year ASC
LIMIT 5","match
$m isa movie, has title $t, has year $y;
sort $y asc;
limit 5;
fetch {
  ""title"": $t,
  ""year"": $y
};"
487,List the top 5 movies with the smallest budgets that have an imdbRating over 7.0.,"MATCH (m:Movie)
WHERE m.imdbRating > 7.0
RETURN m.title, m.budget, m.imdbRating
ORDER BY m.budget ASC
LIMIT 5","match
$m isa movie, has imdb_rating $ir, has budget $b;
$ir > 7.0;
sort $b asc;
limit 5;
fetch {
  ""title"": $m.title,
  ""budget"": $b,
  ""imdbRating"": $ir
};"
488,Which 3 directors have directed movies in more than three genres?,"MATCH (d:Director)-[:DIRECTED]->(m:Movie)-[:IN_GENRE]->(g:Genre)
WITH d, count(DISTINCT g) AS genreCount
WHERE genreCount > 3
RETURN d.name AS Director, genreCount
ORDER BY genreCount DESC
LIMIT 3","match
$d isa person;
directed (director: $d, film: $m);
in_genre (film: $m, genre: $g);
select $d, $g;
distinct;
reduce $genreCount = count($g) groupby $d;
match $genreCount > 3;
sort $genreCount desc;
limit 3;
fetch { ""Director"": $d.name, ""genreCount"": $genreCount };"
489,What are the top 5 longest movies that have been released after 2000?,"MATCH (m:Movie)
WHERE m.year > 2000
RETURN m.title, m.runtime
ORDER BY m.runtime DESC
LIMIT 5","match
$m isa movie, has year $y, has runtime $r;
$y > 2000;
sort $r desc;
limit 5;
fetch {
  ""title"": $m.title,
  ""runtime"": $r
};"
490,List the first 3 movies that have been rated exactly by 3 different users.,"MATCH (m:Movie)<-[:RATED]-(u:User)
WITH m, COUNT(DISTINCT u) AS userCount
WHERE userCount = 3
RETURN m.title AS movieTitle
ORDER BY m.title
LIMIT 3","match
$m isa movie, has title $t;
$u isa user;
rated (film: $m, user: $u);
select $m, $u, $t;
distinct;
reduce $count = count($u) groupby $m, $t;
match
$count == 3;
sort $t;
limit 3;
fetch {
  ""movieTitle"": $t
};"
491,Which 3 users have the highest average movie rating with at least 20 rated movies?,"MATCH (u:User)-[r:RATED]->(m:Movie)
WITH u, COUNT(r) AS ratedMovies, AVG(r.rating) AS avgRating
WHERE ratedMovies >= 20
RETURN u.name AS userName, avgRating
ORDER BY avgRating DESC
LIMIT 3","with fun rating_count($u: user) -> integer:
  match $rel isa rated (user: $u);
  return count;
match
$u isa user;
let $count = rating_count($u);
$count >= 20;
$rel isa rated (user: $u, film: $m);
$rel has rating $r;
reduce $avg = mean($r) groupby $u;
sort $avg desc;
limit 3;
fetch { ""userName"": $u.name, ""avgRating"": $avg };"
492,What are the top 5 movies with IMDb votes greater than 100000?,"MATCH (m:Movie)
WHERE m.imdbVotes > 100000
RETURN m.title, m.imdbVotes
ORDER BY m.imdbVotes DESC
LIMIT 5","match
$m isa movie, has imdb_votes $v;
$v > 100000;
sort $v desc;
limit 5;
fetch {
  ""title"": $m.title,
  ""imdb_votes"": $v
};"
493,List the first 3 directors who have also acted in a movie.,"MATCH (d:Director)-[:DIRECTED]->(m:Movie)<-[:ACTED_IN]-(d)
RETURN d.name AS DirectorName
LIMIT 3","match
$d isa person;
directed (director: $d, film: $m);
acted_in (actor: $d, film: $m);
limit 3;
fetch {
  ""DirectorName"": $d.name
};"
494,Which top 5 movies have the most diverse range of spoken languages?,"MATCH (m:Movie)
WITH m, size(m.languages) AS numLanguages
ORDER BY numLanguages DESC
LIMIT 5
RETURN m.title AS title, m.languages AS languages, numLanguages","with fun language_count($m: movie) -> integer:
  match $m has languages $l;
  return count;

match
$m isa movie;
let $lang_count = language_count($m);
$lang_count > 0;
sort $lang_count desc;
limit 5;
fetch { ""title"": $m.title, ""languageCount"": $lang_count };"
495,What are the top 5 genres in which movies have the highest average IMDb rating?,"MATCH (m:Movie)-[:IN_GENRE]->(g:Genre)
WHERE m.imdbRating IS NOT NULL
WITH g.name AS genre, avg(m.imdbRating) AS avgRating
RETURN genre, avgRating
ORDER BY avgRating DESC
LIMIT 5","match
  $g isa genre, has name $n;
  in_genre (genre: $g, film: $m);
  $m has imdb_rating $r;
reduce $avgRating = mean($r) groupby $n;
sort $avgRating desc;
limit 5;
fetch { ""genre"": $n, ""avgRating"": $avgRating };"
496,List the first 3 users who have an average rating less than 3.,"MATCH (u:User)-[r:RATED]->(m:Movie)
WITH u, avg(r.rating) AS avgRating
WHERE avgRating < 3
RETURN u.userId, u.name, avgRating
ORDER BY avgRating ASC
LIMIT 3","match
$u isa user;
$r isa rated (user: $u, film: $m);
$r has rating $rating;
reduce $avg_rating = mean($rating) groupby $u;
match
$avg_rating < 3.0;
sort $avg_rating asc;
limit 3;
fetch {
  ""userId"": $u.user_id,
  ""name"": $u.name,
  ""avgRating"": $avg_rating
};"
497,List the first 3 actors who have acted in movies with a revenue of over 500 million USD.,"MATCH (a:Actor)-[:ACTED_IN]->(m:Movie)
WHERE m.revenue > 500000000
RETURN a.name AS actorName, m.title AS movieTitle, m.revenue AS movieRevenue
ORDER BY m.revenue DESC
LIMIT 3","match
$a isa person, has name $an;
$m isa movie, has title $mt, has revenue $mr;
acted_in (actor: $a, film: $m);
$mr > 500000000;
sort $mr desc;
limit 3;
fetch {
  ""actorName"": $an,
  ""movieTitle"": $mt,
  ""movieRevenue"": $mr
};"
498,Which 3 actors were born after 1980 and have acted in more than 5 movies?,"MATCH (a:Actor)-[:ACTED_IN]->(m:Movie)
WHERE a.born > date('1980-01-01')
WITH a, count(m) AS movieCount
WHERE movieCount > 5
RETURN a.name AS actorName, movieCount
ORDER BY movieCount DESC
LIMIT 3","match
$a isa person, has born $b;
$b > 1980-01-01;
acted_in (actor: $a, film: $m);
reduce $movieCount = count($m) groupby $a;
match
$movieCount > 5;
sort $movieCount desc;
limit 3;
fetch {
  ""actorName"": $a.name,
  ""movieCount"": $movieCount
};"
499,What are the first 3 movies with a revenue to budget ratio greater than 5?,"MATCH (m:Movie)
WHERE m.revenue / m.budget > 5
RETURN m.title, m.revenue, m.budget, m.revenue / m.budget AS ratio
ORDER BY ratio DESC
LIMIT 3","match
$m isa movie, has title $title, has revenue $rev, has budget $bud;
let $ratio = $rev / $bud;
$ratio > 5;
sort $ratio desc;
limit 3;
fetch {
  ""title"": $title,
  ""revenue"": $rev,
  ""budget"": $bud,
  ""ratio"": $ratio
};"
500,Which top 5 directors have the highest number of directed movies?,"MATCH (d:Director)-[:DIRECTED]->(m:Movie)
WITH d, COUNT(m) AS directedMovies
ORDER BY directedMovies DESC
LIMIT 5
RETURN d.name AS directorName, directedMovies","match
$d isa person;
$m isa movie;
directed (director: $d, film: $m);
reduce $count = count($m) groupby $d;
sort $count desc;
limit 5;
fetch { ""directorName"": $d.name, ""directedMovies"": $count };"
501,List the first 3 movies that have both English and French languages.,"MATCH (m:Movie)
WHERE ""English"" IN m.languages AND ""French"" IN m.languages
RETURN m.title AS title, m.languages AS languages
ORDER BY m.title
LIMIT 3","match
$m isa movie, has languages $l;
$l like "".*English.*"";
$l like "".*French.*"";
$m has title $t;
sort $t;
limit 3;
fetch {
  ""title"": $m.title,
  ""languages"": $m.languages
};"
502,Which 3 actors have played in both comedy and drama genres?,"MATCH (a:Actor)-[:ACTED_IN]->(m1:Movie)-[:IN_GENRE]->(g1:Genre {name: ""Comedy""}),
      (a)-[:ACTED_IN]->(m2:Movie)-[:IN_GENRE]->(g2:Genre {name: ""Drama""})
WITH a, COUNT(DISTINCT m1) AS comedyMovies, COUNT(DISTINCT m2) AS dramaMovies
WHERE comedyMovies > 0 AND dramaMovies > 0
RETURN a.name AS actorName
LIMIT 3","match
$a isa person;
acted_in (actor: $a, film: $m1);
in_genre (film: $m1, genre: $g1);
$g1 isa genre, has name ""Comedy"";
acted_in (actor: $a, film: $m2);
in_genre (film: $m2, genre: $g2);
$g2 isa genre, has name ""Drama"";
limit 3;
fetch {
  ""actorName"": $a.name
};"
503,What are the top 5 movies with an IMDb rating above 8?,"MATCH (m:Movie)
WHERE m.imdbRating > 8
RETURN m.title, m.imdbRating
ORDER BY m.imdbRating DESC
LIMIT 5","match
$m isa movie, has imdb_rating $r, has title $t;
$r > 8.0;
sort $r desc;
limit 5;
fetch {
  ""title"": $t,
  ""imdbRating"": $r
};"
504,List the first 3 movies directed by a director born in France.,"MATCH (d:Director)-[:DIRECTED]->(m:Movie)
WHERE d.bornIn = ""France""
RETURN m.title AS MovieTitle, m.year AS ReleaseYear
ORDER BY m.year
LIMIT 3","match
$d isa person, has born_in ""France"";
$m isa movie, has year $y;
directed (director: $d, film: $m);
sort $y;
limit 3;
fetch {
  ""MovieTitle"": $m.title,
  ""ReleaseYear"": $y
};"
505,"Which top 5 movies have been rated by more than 500,000 users?","MATCH (m:Movie)<-[:RATED]-(u:User)
WITH m, count(u) AS numRatings
WHERE numRatings > 500000
RETURN m.title AS movieTitle, numRatings
ORDER BY numRatings DESC
LIMIT 5","match
$m isa movie;
rated (user: $u, film: $m);
reduce $numRatings = count($u) groupby $m;
match
$numRatings > 500000;
sort $numRatings desc;
limit 5;
fetch {
  ""movieTitle"": $m.title,
  ""numRatings"": $numRatings
};"
506,What are the top 3 genres by the number of movies?,"MATCH (m:Movie)-[:IN_GENRE]->(g:Genre)
WITH g, count(m) as movieCount
RETURN g.name as genre, movieCount
ORDER BY movieCount DESC
LIMIT 3","match
$m isa movie;
$g isa genre;
in_genre (film: $m, genre: $g);
reduce $movieCount = count($m) groupby $g;
sort $movieCount desc;
limit 3;
fetch {
  ""genre"": $g.name,
  ""movieCount"": $movieCount
};"
507,List the top 5 actors who have acted in more than 10 movies.,"MATCH (a:Actor)-[:ACTED_IN]->(m:Movie)
WITH a, COUNT(m) AS movieCount
WHERE movieCount > 10
RETURN a.name AS actorName, movieCount
ORDER BY movieCount DESC
LIMIT 5","match
$a isa person;
acted_in (actor: $a, film: $m);
reduce $movieCount = count($m) groupby $a;
match
$movieCount > 10;
sort $movieCount desc;
limit 5;
fetch {
  ""actorName"": $a.name,
  ""movieCount"": $movieCount
};"
508,List the top 5 movies that were released in the '90s.,"MATCH (m:Movie)
WHERE m.year >= 1990 AND m.year < 2000
RETURN m.title, m.year
ORDER BY m.imdbRating DESC
LIMIT 5","match
$m isa movie, has year $y, has imdb_rating $r;
$y >= 1990;
$y < 2000;
sort $r desc;
limit 5;
fetch {
  ""title"": $m.title,
  ""year"": $y
};"
509,What are the top 5 movies that have been directed by directors born in Nebraska?,"MATCH (d:Director)-[:DIRECTED]->(m:Movie)
WHERE d.bornIn CONTAINS ""Nebraska""
RETURN m.title AS MovieTitle, m.imdbRating AS IMDBRating
ORDER BY m.imdbRating DESC
LIMIT 5","match
$d isa person, has born_in $bi;
$bi like "".*Nebraska.*"";
$m isa movie, has imdb_rating $ir;
directed (director: $d, film: $m);
sort $ir desc;
limit 5;
fetch {
  ""MovieTitle"": $m.title,
  ""IMDBRating"": $ir
};"
510,Which 3 movies have the highest number of actors involved?,"MATCH (m:Movie)<-[:ACTED_IN]-(a:Actor)
WITH m, COUNT(a) AS actorCount
ORDER BY actorCount DESC
LIMIT 3
RETURN m.title AS MovieTitle, actorCount","match
$m isa movie;
$a isa person;
acted_in (actor: $a, film: $m);
reduce $count = count($a) groupby $m;
sort $count desc;
limit 3;
fetch {
  ""MovieTitle"": $m.title,
  ""actorCount"": $count
};"
511,List the first 3 genres that have more than 50 movies associated with them.,"MATCH (g:Genre)<-[:IN_GENRE]-(m:Movie)
WITH g, count(m) as movieCount
WHERE movieCount > 50
RETURN g.name AS genre, movieCount
ORDER BY movieCount DESC
LIMIT 3","match
$g isa genre;
$m isa movie;
in_genre (film: $m, genre: $g);
reduce $movieCount = count($m) groupby $g;
match
$movieCount > 50;
sort $movieCount desc;
limit 3;
fetch {
  ""genre"": $g.name,
  ""movieCount"": $movieCount
};"
512,Which three movies have the most different countries listed?,"MATCH (m:Movie)
WITH m, size(m.countries) AS countryCount
ORDER BY countryCount DESC
LIMIT 3
RETURN m.title AS title, countryCount","with fun country_count($m: movie) -> integer:
  match $m has countries $c;
  return count;

match
$m isa movie;
let $ctry_count = country_count($m);
$ctry_count > 0;
sort $ctry_count desc;
limit 3;
fetch { ""title"": $m.title, ""numCountries"": $ctry_count };"
513,Which 3 actors have a bio longer than 1000 characters and have acted in more than 5 movies?,"MATCH (a:Actor)-[:ACTED_IN]->(m:Movie)
WHERE size(a.bio) > 1000
WITH a, count(m) AS movieCount
WHERE movieCount > 5
RETURN a.name AS actorName, movieCount
ORDER BY movieCount DESC
LIMIT 3","match
$a isa person, has bio $bio;
acted_in (actor: $a, film: $m);
let $len = len($bio);
$len > 1000;
reduce $movieCount = count($m) groupby $a;
match $movieCount > 5;
sort $movieCount desc;
limit 3;
fetch { ""actorName"": $a.name, ""movieCount"": $movieCount };"
514,What are the top 5 directors who have directed the most movies with a runtime under 90 minutes?,"MATCH (d:Director)-[:DIRECTED]->(m:Movie)
WHERE m.runtime < 90
RETURN d.name AS Director, COUNT(m) AS MovieCount
ORDER BY MovieCount DESC
LIMIT 5","match
$d isa person;
$m isa movie, has runtime $r;
$r < 90;
directed (director: $d, film: $m);
reduce $count = count($m) groupby $d;
sort $count desc;
limit 5;
fetch { ""Director"": $d.name, ""MovieCount"": $count };"
515,List the first 3 movies that have been directed by actors.,"MATCH (a:Actor)-[:DIRECTED]->(m:Movie)
RETURN m.title AS MovieTitle, m.released AS ReleaseDate
ORDER BY m.released
LIMIT 3","match
$a isa person;
acted_in (actor: $a);
directed (director: $a, film: $m);
$m has released $r;
sort $r asc;
limit 3;
fetch {
  ""MovieTitle"": $m.title,
  ""ReleaseDate"": $r
};"
516,Which 3 movies have been rated exactly 5 times?,"MATCH (m:Movie)<-[:RATED]-(u:User)
WITH m, COUNT(u) AS ratingCount
WHERE ratingCount = 5
RETURN m.title AS movieTitle
LIMIT 3","match
$m isa movie;
$u isa user;
rated (user: $u, film: $m);
reduce $count = count($u) groupby $m;
match
$count == 5;
limit 3;
fetch { ""movieTitle"": $m.title };"
517,What are the top 5 movies with the most detailed biographies of their directors?,"MATCH (m:Movie)<-[:DIRECTED]-(d:Director)
WITH m, d, size(d.bio) AS bioLength
ORDER BY bioLength DESC
LIMIT 5
RETURN m.title AS MovieTitle, d.name AS DirectorName, bioLength","match
$m isa movie;
$d isa person, has bio $bio;
directed (director: $d, film: $m);
let $bioLength = len($bio);
sort $bioLength desc;
limit 5;
fetch {
  ""MovieTitle"": $m.title,
  ""DirectorName"": $d.name,
  ""bioLength"": $bioLength
};"
518,List the first 3 actors who have acted in a movie without a poster link.,"MATCH (a:Actor)-[:ACTED_IN]->(m:Movie)
WHERE m.poster IS NULL
RETURN a.name
LIMIT 3","match
$a isa person;
acted_in (actor: $a, film: $m);
$m isa movie;
not { $m has poster $p; };
limit 3;
fetch { ""name"": $a.name };"
519,Which 3 users have rated both the oldest and the newest movies in the database?,"// Find the oldest and newest movies
MATCH (oldestMovie:Movie)
WITH oldestMovie
ORDER BY oldestMovie.year ASC
LIMIT 1

MATCH (newestMovie:Movie)
WITH oldestMovie, newestMovie
ORDER BY newestMovie.year DESC
LIMIT 1

// Find users who have rated both the oldest and newest movies
MATCH (user:User)-[:RATED]->(oldestMovie)
MATCH (user)-[:RATED]->(newestMovie)
RETURN user.name AS userName, user.userId AS userId
LIMIT 3","with fun oldest_year() -> integer:
  match $m isa movie, has year $y;
  return min($y);
with fun newest_year() -> integer:
  match $m isa movie, has year $y;
  return max($y);
match
  $user isa user;
  let $min_year = oldest_year();
  let $max_year = newest_year();
  $old_movie isa movie, has year $oy;
  $oy == $min_year;
  $new_movie isa movie, has year $ny;
  $ny == $max_year;
  rated (user: $user, film: $old_movie);
  rated (user: $user, film: $new_movie);
limit 3;
fetch { ""userName"": $user.name, ""userId"": $user.user_id };"
520,What are the top 5 movies with the most number of genres associated?,"MATCH (m:Movie)-[:IN_GENRE]->(g:Genre)
WITH m, COUNT(g) AS genreCount
ORDER BY genreCount DESC
LIMIT 5
RETURN m.title AS MovieTitle, genreCount","match
$m isa movie;
in_genre (film: $m, genre: $g);
reduce $count = count($g) groupby $m;
sort $count desc;
limit 5;
fetch { ""MovieTitle"": $m.title, ""genreCount"": $count };"
521,List the first 3 directors who have directed both a comedy and a drama.,"MATCH (d:Director)-[:DIRECTED]->(m1:Movie)-[:IN_GENRE]->(g1:Genre {name: ""Comedy""}),
      (d)-[:DIRECTED]->(m2:Movie)-[:IN_GENRE]->(g2:Genre {name: ""Drama""})
RETURN DISTINCT d.name
LIMIT 3","match
$d isa person;
directed (director: $d, film: $m1);
$m1 isa movie;
in_genre (film: $m1, genre: $g1);
$g1 isa genre, has name ""Comedy"";
directed (director: $d, film: $m2);
$m2 isa movie;
in_genre (film: $m2, genre: $g2);
$g2 isa genre, has name ""Drama"";
$d has name $name;
select $name;
distinct;
limit 3;
fetch {
  ""name"": $name
};"
522,Which 3 movies have the highest budget to revenue ratio?,"MATCH (m:Movie)
WHERE m.budget > 0 AND m.revenue > 0
WITH m, (toFloat(m.budget) / toFloat(m.revenue)) AS budget_to_revenue_ratio
RETURN m.title, m.budget, m.revenue, budget_to_revenue_ratio
ORDER BY budget_to_revenue_ratio DESC
LIMIT 3","match
$m isa movie, has budget $b, has revenue $r;
$b > 0;
$r > 0;
let $ratio = $b / $r;
sort $ratio desc;
limit 3;
fetch {
  ""title"": $m.title,
  ""budget"": $b,
  ""revenue"": $r,
  ""budget_to_revenue_ratio"": $ratio
};"
523,What are the top 5 oldest movies in the database?,"MATCH (m:Movie)
RETURN m.title, m.year
ORDER BY m.year ASC
LIMIT 5","match
$m isa movie, has year $y;
sort $y asc;
limit 5;
fetch {
  ""title"": $m.title,
  ""year"": $y
};"
524,List the first 3 movies with plots containing the word 'adventure'.,"MATCH (m:Movie)
WHERE m.plot CONTAINS 'adventure'
RETURN m.title, m.plot
LIMIT 3","match
$m isa movie, has plot $plot;
$plot like "".*adventure.*"";
limit 3;
fetch {
  ""title"": $m.title,
  ""plot"": $plot
};"
525,Which 3 actors were born in France and have acted in more than 20 movies?,"MATCH (a:Actor)-[:ACTED_IN]->(m:Movie)
WHERE a.bornIn = ""France""
WITH a, COUNT(m) AS movieCount
WHERE movieCount > 20
RETURN a.name AS actorName, movieCount
ORDER BY movieCount DESC
LIMIT 3","match
$p isa person, has born_in ""France"", has name $n;
acted_in (actor: $p, film: $m);
reduce $count = count($m) groupby $p, $n;
match
$count > 20;
sort $count desc;
limit 3;
fetch {
  ""actorName"": $n,
  ""movieCount"": $count
};"
526,What are the top 5 movies with a budget less than 10 million USD but revenue over 100 million USD?,"MATCH (m:Movie)
WHERE m.budget < 10000000 AND m.revenue > 100000000
RETURN m.title, m.budget, m.revenue
ORDER BY m.revenue DESC
LIMIT 5","match
$m isa movie, has budget $b, has revenue $r, has title $t;
$b < 10000000;
$r > 100000000;
sort $r desc;
limit 5;
fetch {
  ""title"": $t,
  ""budget"": $b,
  ""revenue"": $r
};"
527,List the first 3 movies with the most diverse country production origins.,"MATCH (m:Movie)
WITH m, size(m.countries) AS country_count
ORDER BY country_count DESC
LIMIT 3
RETURN m.title AS title, m.countries AS countries","with fun country_count($m: movie) -> integer:
  match $m has countries $c;
  return count;

match
$m isa movie;
let $ctry_count = country_count($m);
$ctry_count > 0;
sort $ctry_count desc;
limit 3;
fetch { ""title"": $m.title, ""numCountries"": $ctry_count };"
528,Which 3 directors have the most movies with a runtime over 180 minutes?,"MATCH (d:Director)-[:DIRECTED]->(m:Movie)
WHERE m.runtime > 180
WITH d, COUNT(m) AS movieCount
ORDER BY movieCount DESC
LIMIT 3
RETURN d.name AS directorName, movieCount","match
$d isa person;
$m isa movie, has runtime $r;
$r > 180;
directed (director: $d, film: $m);
reduce $count = count($m) groupby $d;
sort $count desc;
limit 3;
fetch {
  ""directorName"": $d.name,
  ""movieCount"": $count
};"
529,What are the top 5 movies released in the last 5 years?,"MATCH (m:Movie)
WHERE m.released >= date().year - 5
RETURN m.title, m.released, m.imdbRating
ORDER BY m.imdbRating DESC
LIMIT 5","match
$m isa movie, has title $t, has released $rel, has imdb_rating $ir;
$rel >= 2017-01-01;
sort $ir desc;
limit 5;
fetch { ""title"": $t, ""released"": $rel, ""imdbRating"": $ir };"
530,Which 3 actors have acted in both a highest and lowest grossing movie?,"// Find the highest and lowest grossing movies
MATCH (highestGrossing:Movie)
WITH highestGrossing
ORDER BY highestGrossing.revenue DESC
LIMIT 1

MATCH (lowestGrossing:Movie)
WITH highestGrossing, lowestGrossing
ORDER BY lowestGrossing.revenue ASC
LIMIT 1

// Find actors who acted in both the highest and lowest grossing movies
MATCH (actor:Actor)-[:ACTED_IN]->(highestGrossing)
MATCH (actor)-[:ACTED_IN]->(lowestGrossing)
RETURN actor.name AS actorName
LIMIT 3","match
  $high isa movie, has revenue $rh;
  not { $other_high isa movie, has revenue $rh2; $rh2 > $rh; };
  $low isa movie, has revenue $rl;
  not { $other_low isa movie, has revenue $rl2; $rl2 < $rl; };
  acted_in (actor: $actor, film: $high);
  acted_in (actor: $actor, film: $low);
  $actor has name $name;
limit 3;
fetch { ""actorName"": $name };"
531,What are the top 5 movies with the lowest IMDb rating but highest revenue?,"MATCH (m:Movie)
WITH m
ORDER BY m.imdbRating ASC, m.revenue DESC
LIMIT 5
RETURN m.title AS title, m.imdbRating AS imdbRating, m.revenue AS revenue","match
$m isa movie, has imdb_rating $ir, has revenue $r, has title $t;
sort $ir asc, $r desc;
limit 5;
fetch {
  ""title"": $t,
  ""imdbRating"": $ir,
  ""revenue"": $r
};"
532,Which 3 users have rated the most movies?,"MATCH (u:User)-[r:RATED]->(m:Movie)
WITH u, COUNT(r) AS numRatings
ORDER BY numRatings DESC
LIMIT 3
RETURN u.name AS userName, numRatings","match
$u isa user;
$r isa rated (user: $u, film: $m);
reduce $numRatings = count($r) groupby $u;
sort $numRatings desc;
limit 3;
fetch {
  ""userName"": $u.name,
  ""numRatings"": $numRatings
};"
533,Name the top 5 highest-grossing movies.,"MATCH (m:Movie)
RETURN m.title AS title, m.revenue AS revenue
ORDER BY m.revenue DESC
LIMIT 5","match
$m isa movie, has revenue $rev;
sort $rev desc;
limit 5;
fetch {
  ""title"": $m.title,
  ""revenue"": $rev
};"
534,What are the first 3 movies released after 2010 with a budget over 100 million USD?,"MATCH (m:Movie)
WHERE m.year > 2010 AND m.budget > 100000000
RETURN m.title, m.released, m.budget
ORDER BY m.released
LIMIT 3","match
$m isa movie, has year $y, has budget $b, has released $r;
$y > 2010;
$b > 100000000;
sort $r asc;
limit 3;
fetch {
  ""title"": $m.title,
  ""released"": $r,
  ""budget"": $b
};"
535,List the top 3 directors born in the USA.,"MATCH (d:Director)
WHERE d.bornIn CONTAINS ""USA""
RETURN d.name, d.bornIn
ORDER BY d.name
LIMIT 3","match
$d isa person, has born_in $bi;
$bi like "".*USA.*"";
directed (director: $d);
$d has name $n;
sort $n;
limit 3;
fetch {
  ""name"": $n,
  ""bornIn"": $bi
};"
536,Which 3 directors have directed movies in more than three different genres?,"MATCH (d:Director)-[:DIRECTED]->(m:Movie)-[:IN_GENRE]->(g:Genre)
WITH d, COUNT(DISTINCT g) AS genreCount
WHERE genreCount > 3
RETURN d.name AS directorName, genreCount
ORDER BY genreCount DESC
LIMIT 3","match
$d isa person;
directed (director: $d, film: $m);
in_genre (film: $m, genre: $g);
select $d, $g;
distinct;
reduce $genreCount = count($g) groupby $d;
match $genreCount > 3;
sort $genreCount desc;
limit 3;
fetch {
  ""directorName"": $d.name,
  ""genreCount"": $genreCount
};"
538,Which 3 genres have movies with an average imdbRating above 7.5?,"MATCH (m:Movie)-[:IN_GENRE]->(g:Genre)
WHERE m.imdbRating > 7.5
WITH g, avg(m.imdbRating) AS avgRating
WHERE avgRating > 7.5
RETURN g.name AS genre, avgRating
ORDER BY avgRating DESC
LIMIT 3","match
$m isa movie, has imdb_rating $r;
$r > 7.5;
$g isa genre;
in_genre (film: $m, genre: $g);
reduce $avg_rating = mean($r) groupby $g;
match
$avg_rating > 7.5;
sort $avg_rating desc;
limit 3;
fetch {
  ""genre"": $g.name,
  ""avgRating"": $avg_rating
};"
539,What are the top 5 movies with the most budget and were released after 2010?,"MATCH (m:Movie)
WHERE m.year > 2010
RETURN m.title, m.budget
ORDER BY m.budget DESC
LIMIT 5","match
$m isa movie, has title $title, has budget $budget, has year $year;
$year > 2010;
sort $budget desc;
limit 5;
fetch {
  ""title"": $title,
  ""budget"": $budget
};"
540,Which 3 actors are born on or before 1900 and have acted in at least one movie?,"MATCH (a:Actor)-[:ACTED_IN]->(m:Movie)
WHERE a.born <= date('1900-12-31')
WITH a, COUNT(m) AS movieCount
WHERE movieCount >= 1
RETURN a.name AS actorName, a.born AS birthDate, movieCount
ORDER BY birthDate
LIMIT 3","match
$a isa person, has born $b;
$b <= 1900-12-31;
acted_in (actor: $a, film: $m);
reduce $count = count($m) groupby $a, $b;
match $count >= 1;
sort $b;
limit 3;
fetch {
  ""actorName"": $a.name,
  ""birthDate"": $b,
  ""movieCount"": $count
};"
541,Which 3 directors have the longest total runtime for all their directed movies?,"MATCH (d:Director)-[:DIRECTED]->(m:Movie)
WITH d, SUM(m.runtime) AS totalRuntime
ORDER BY totalRuntime DESC
LIMIT 3
RETURN d.name AS Director, totalRuntime","match
$d isa person;
directed (director: $d, film: $m);
$m has runtime $r;
reduce $total = sum($r) groupby $d;
sort $total desc;
limit 3;
fetch { ""Director"": $d.name, ""totalRuntime"": $total };"
542,What are the top 5 movies with the most actors involved?,"MATCH (m:Movie)<-[:ACTED_IN]-(a:Actor)
WITH m, count(a) as actorCount
ORDER BY actorCount DESC
LIMIT 5
RETURN m.title as MovieTitle, actorCount","match
$m isa movie;
acted_in (actor: $a, film: $m);
reduce $count = count($a) groupby $m;
sort $count desc;
limit 5;
fetch { ""MovieTitle"": $m.title, ""actorCount"": $count };"
543,Which 3 users have the highest average rating given to movies?,"MATCH (u:User)-[r:RATED]->(m:Movie)
WITH u, AVG(r.rating) AS avgRating
ORDER BY avgRating DESC
LIMIT 3
RETURN u.name, avgRating","match
$u isa user;
$rel isa rated (user: $u, film: $m);
$rel has rating $r;
reduce $avg = mean($r) groupby $u;
sort $avg desc;
limit 3;
fetch { ""name"": $u.name, ""avg_rating"": $avg };"
544,List the top 5 movies that have generated revenue more than 500 million USD.,"MATCH (m:Movie)
WHERE m.revenue > 500000000
RETURN m.title, m.revenue
ORDER BY m.revenue DESC
LIMIT 5","match
$m isa movie, has revenue $r;
$r > 500000000;
sort $r desc;
limit 5;
fetch {
  ""title"": $m.title,
  ""revenue"": $r
};"
545,Which 3 movies have the most diverse set of genres associated with them?,"MATCH (m:Movie)-[:IN_GENRE]->(g:Genre)
WITH m, count(DISTINCT g) AS genreCount
ORDER BY genreCount DESC
LIMIT 3
RETURN m.title AS movieTitle, genreCount","match
$m isa movie;
in_genre (film: $m, genre: $g);
reduce $count = count($g) groupby $m;
sort $count desc;
limit 3;
fetch {
  ""movieTitle"": $m.title,
  ""genreCount"": $count
};"
546,What are the top 5 movies directed by directors born in the USA?,"MATCH (d:Director)-[:DIRECTED]->(m:Movie)
WHERE d.bornIn = ""USA""
RETURN m.title AS MovieTitle, m.imdbRating AS Rating
ORDER BY Rating DESC
LIMIT 5","match
$d isa person, has born_in ""USA"";
$m isa movie;
directed (director: $d, film: $m);
$m has imdb_rating $rating;
sort $rating desc;
limit 5;
fetch {
  ""MovieTitle"": $m.title,
  ""Rating"": $rating
};"
547,Which 3 actors have a poster listed and acted in at least two movies?,"MATCH (a:Actor)-[:ACTED_IN]->(m:Movie)
WHERE a.poster IS NOT NULL
WITH a, COUNT(m) AS movieCount
WHERE movieCount >= 2
RETURN a.name, a.poster, movieCount
ORDER BY movieCount DESC
LIMIT 3","match
$a isa person, has poster $poster;
acted_in (actor: $a, film: $m);
reduce $movieCount = count($m) groupby $a;
match
$movieCount >= 2;
sort $movieCount desc;
limit 3;
fetch {
  ""name"": $a.name,
  ""poster"": $a.poster,
  ""movieCount"": $movieCount
};"
548,List the top 5 movies that have been rated by the highest number of different users.,"MATCH (u:User)-[:RATED]->(m:Movie)
WITH m, count(DISTINCT u) as numUsers
ORDER BY numUsers DESC
LIMIT 5
RETURN m.title as MovieTitle, numUsers as NumberOfUsers","match
$m isa movie;
$u isa user;
rated (user: $u, film: $m);
select $u, $m;
distinct;
reduce $numUsers = count groupby $m;
sort $numUsers desc;
limit 5;
fetch {
  ""MovieTitle"": $m.title,
  ""NumberOfUsers"": $numUsers
};"
549,Which 3 genres have the fewest movies associated with them in the database?,"MATCH (g:Genre)<-[:IN_GENRE]-(m:Movie)
WITH g, COUNT(m) AS movieCount
ORDER BY movieCount ASC
LIMIT 3
RETURN g.name AS genre, movieCount","match
$g isa genre;
$m isa movie;
in_genre (film: $m, genre: $g);
reduce $count = count($m) groupby $g;
sort $count asc;
limit 3;
fetch {
  ""genre"": $g.name,
  ""movieCount"": $count
};"
550,What are the top 5 movies with runtime less than 90 minutes and imdbRating above 8.0?,"MATCH (m:Movie)
WHERE m.runtime < 90 AND m.imdbRating > 8.0
RETURN m.title, m.runtime, m.imdbRating
ORDER BY m.imdbRating DESC
LIMIT 5","match
$m isa movie, has runtime $rt, has imdb_rating $ir, has title $t;
$rt < 90;
$ir > 8.0;
sort $ir desc;
limit 5;
fetch {
  ""title"": $t,
  ""runtime"": $rt,
  ""imdbRating"": $ir
};"
551,Which 3 actors have the highest average imdbRating for movies they acted in?,"MATCH (a:Actor)-[:ACTED_IN]->(m:Movie)
WITH a, avg(m.imdbRating) AS avgRating
ORDER BY avgRating DESC
LIMIT 3
RETURN a.name AS actorName, avgRating","match
$a isa person;
acted_in (actor: $a, film: $m);
$m has imdb_rating $r;
reduce $avg = mean($r) groupby $a;
sort $avg desc;
limit 3;
fetch { ""actorName"": $a.name, ""avgRating"": $avg };"
552,List the top 5 movies with a plot containing the word 'adventure'.,"MATCH (m:Movie)
WHERE m.plot CONTAINS 'adventure'
RETURN m.title, m.plot
ORDER BY m.imdbRating DESC
LIMIT 5","match
$m isa movie, has plot $p, has imdb_rating $r;
$p like "".*adventure.*"";
sort $r desc;
limit 5;
fetch {
  ""title"": $m.title,
  ""plot"": $p
};"
553,Which 3 directors died after 2000 and directed more than two movies?,"MATCH (d:Director)-[:DIRECTED]->(m:Movie)
WHERE d.died > date(""2000-01-01"")
WITH d, count(m) AS movieCount
WHERE movieCount > 2
RETURN d.name AS directorName, d.died AS deathDate, movieCount
ORDER BY d.died
LIMIT 3","match
$d isa person, has died $d_died;
$d_died > 2000-01-01;
directed (director: $d, film: $m);
$m isa movie;
reduce $movie_count = count($m) groupby $d;
match
$movie_count > 2;
$d has name $d_name, has died $d_died2;
sort $d_died2;
limit 3;
fetch {
  ""directorName"": $d_name,
  ""deathDate"": $d_died2,
  ""movieCount"": $movie_count
};"
554,What are the top 5 most recent movies in the database and their genres?,"MATCH (m:Movie)-[:IN_GENRE]->(g:Genre)
RETURN m.title AS movieTitle, m.released AS releaseDate, collect(g.name) AS genres
ORDER BY m.released DESC
LIMIT 5","match $m isa movie, has title $t, has year $y; in_genre (film: $m, genre: $g); $g has name $gn; sort $y desc; limit 5; fetch { ""movie"": $t, ""year"": $y, ""genre"": $gn };"
555,Which 3 users have rated movies released before the year 2000?,"MATCH (u:User)-[r:RATED]->(m:Movie)
WHERE m.year < 2000
RETURN u.name, COUNT(r) AS ratingCount
ORDER BY ratingCount DESC
LIMIT 3","match
$u isa user;
$m isa movie, has year $y;
$y < 2000;
$rel isa rated (user: $u, film: $m);
reduce $ratingCount = count($rel) groupby $u;
sort $ratingCount desc;
limit 3;
fetch {
  ""name"": $u.name,
  ""ratingCount"": $ratingCount
};"
556,What are the top 5 movies with the highest number of countries represented in their languages list?,"MATCH (m:Movie)
WITH m, size(m.countries) AS countryCount
ORDER BY countryCount DESC
LIMIT 5
RETURN m.title AS title, countryCount","with fun language_count($m: movie) -> integer:
  match $m has languages $l;
  return count;

match
$m isa movie;
let $lang_count = language_count($m);
$lang_count > 0;
sort $lang_count desc;
limit 5;
fetch { ""title"": $m.title, ""languageCount"": $lang_count };"
557,Which 3 genres are most common among movies with a budget over 100 million USD?,"MATCH (m:Movie)-[:IN_GENRE]->(g:Genre)
WHERE m.budget > 100000000
RETURN g.name AS genre, COUNT(m) AS movie_count
ORDER BY movie_count DESC
LIMIT 3","match
$m isa movie, has budget $b;
$b > 100000000;
in_genre (film: $m, genre: $g);
$g isa genre, has name $name;
reduce $count = count($m) groupby $g;
sort $count desc;
limit 3;
fetch { ""genre"": $g.name, ""movie_count"": $count };"
558,Which 3 actors have the lowest average imdbRating for movies they acted in and acted in more than three movies?,"MATCH (a:Actor)-[:ACTED_IN]->(m:Movie)
WITH a, avg(m.imdbRating) AS avgRating, count(m) AS movieCount
WHERE movieCount > 3
RETURN a.name AS actorName, avgRating
ORDER BY avgRating ASC
LIMIT 3","with fun movie_count($a: person) -> integer:
    match acted_in (actor: $a, film: $m);
    return count;
match
    $a isa person;
    acted_in (actor: $a, film: $m);
    $m has imdb_rating $r;
let $mc = movie_count($a);
match $mc > 3;
reduce $avg_rating = mean($r) groupby $a;
sort $avg_rating asc;
limit 3;
fetch { ""actorName"": $a.name, ""avgRating"": $avg_rating };"
559,Which 3 users have rated the same movie with different ratings?,"MATCH (u1:User)-[r1:RATED]->(m:Movie)<-[r2:RATED]-(u2:User), (m)<-[r3:RATED]-(u3:User)
WHERE u1.userId <> u2.userId AND u1.userId <> u3.userId AND u2.userId <> u3.userId
AND r1.rating <> r2.rating AND r1.rating <> r3.rating AND r2.rating <> r3.rating
RETURN u1.name AS User1, r1.rating AS Rating1, u2.name AS User2, r2.rating AS Rating2, u3.name AS User3, r3.rating AS Rating3, m.title AS Movie
LIMIT 3","match
$u1 isa user, has name $n1, has user_id $uid1;
$u2 isa user, has name $n2, has user_id $uid2;
$u3 isa user, has name $n3, has user_id $uid3;
$m isa movie, has title $t;
$r1 isa rated (user: $u1, film: $m), has rating $rat1;
$r2 isa rated (user: $u2, film: $m), has rating $rat2;
$r3 isa rated (user: $u3, film: $m), has rating $rat3;
$uid1 != $uid2;
$uid1 != $uid3;
$uid2 != $uid3;
$rat1 != $rat2;
$rat1 != $rat3;
$rat2 != $rat3;
limit 3;
fetch {
  ""User1"": $n1,
  ""Rating1"": $rat1,
  ""User2"": $n2,
  ""Rating2"": $rat2,
  ""User3"": $n3,
  ""Rating3"": $rat3,
  ""Movie"": $t
};"
560,Which top 5 movies have a runtime longer than 150 minutes?,"MATCH (m:Movie)
WHERE m.runtime > 150
RETURN m.title, m.runtime
ORDER BY m.runtime DESC
LIMIT 5","match
$m isa movie, has runtime $r, has title $t;
$r > 150;
sort $r desc;
limit 5;
fetch {
  ""title"": $t,
  ""runtime"": $r
};"
561,Which 3 users have rated the most movies with an imdbRating below 5.0?,"MATCH (u:User)-[r:RATED]->(m:Movie)
WHERE m.imdbRating < 5.0
WITH u, COUNT(r) AS ratedMovies
ORDER BY ratedMovies DESC
LIMIT 3
RETURN u.name AS userName, ratedMovies","match
$u isa user;
$m isa movie, has imdb_rating $ir;
$ir < 5.0;
$rel isa rated (user: $u, film: $m);
reduce $count = count($rel) groupby $u;
sort $count desc;
limit 3;
fetch {
  ""userName"": $u.name,
  ""ratedMovies"": $count
};"
562,List the top 5 shortest movies with an imdbRating above 6.0.,"MATCH (m:Movie)
WHERE m.imdbRating > 6.0
RETURN m.title, m.runtime, m.imdbRating
ORDER BY m.runtime ASC
LIMIT 5","match
$m isa movie, has imdb_rating $ir, has runtime $rt;
$ir > 6.0;
sort $rt asc;
limit 5;
fetch {
  ""title"": $m.title,
  ""runtime"": $rt,
  ""imdbRating"": $ir
};"
563,Which 3 actors have the highest total imdbVotes for all movies they acted in?,"MATCH (a:Actor)-[:ACTED_IN]->(m:Movie)
WITH a, sum(m.imdbVotes) AS totalVotes
ORDER BY totalVotes DESC
LIMIT 3
RETURN a.name AS actorName, totalVotes","match
$a isa person;
acted_in (actor: $a, film: $m);
$m has imdb_votes $v;
reduce $total_votes = sum($v) groupby $a;
sort $total_votes desc;
limit 3;
fetch { ""actorName"": $a.name, ""totalVotes"": $total_votes };"
564,What are the top 5 movies with the most languages and at least one genre being 'Action'?,"MATCH (m:Movie)-[:IN_GENRE]->(g:Genre)
WHERE g.name = 'Action'
WITH m, size(m.languages) AS numLanguages
ORDER BY numLanguages DESC
LIMIT 5
RETURN m.title AS title, numLanguages","with fun language_count($m: movie) -> integer:
  match $m has languages $l;
  return count;

match
$m isa movie;
$g isa genre, has name ""Action"";
in_genre (film: $m, genre: $g);
let $lang_count = language_count($m);
$lang_count > 0;
sort $lang_count desc;
limit 5;
fetch { ""title"": $m.title };"
565,Which 3 directors have directed the most movies with a budget over 200 million USD?,"MATCH (d:Director)-[:DIRECTED]->(m:Movie)
WHERE m.budget > 200000000
WITH d, COUNT(m) AS movieCount
ORDER BY movieCount DESC
LIMIT 3
RETURN d.name AS directorName, movieCount","match
$d isa person;
$m isa movie, has budget $b;
$b > 200000000;
directed (director: $d, film: $m);
reduce $count = count($m) groupby $d;
sort $count desc;
limit 3;
fetch {
  ""directorName"": $d.name,
  ""movieCount"": $count
};"
566,List the top 5 movies that have the word 'love' in their plot description.,"MATCH (m:Movie)
WHERE m.plot CONTAINS 'love'
RETURN m.title, m.plot
ORDER BY m.imdbRating DESC
LIMIT 5","match
$m isa movie, has plot $plot, has imdb_rating $ir;
$plot like "".*love.*"";
sort $ir desc;
limit 5;
fetch {
  ""title"": $m.title,
  ""plot"": $plot
};"
567,Which 3 users have rated movies with an average rating below 3.0?,"MATCH (u:User)-[r:RATED]->(m:Movie)
WITH u, avg(r.rating) AS avgRating
WHERE avgRating < 3.0
RETURN u.name, avgRating
ORDER BY avgRating ASC
LIMIT 3","match
$u isa user;
$r isa rated (user: $u, film: $m);
$r has rating $rating;
reduce $avg_rating = mean($rating) groupby $u;
match
$avg_rating < 3.0;
sort $avg_rating asc;
limit 3;
fetch {
  ""name"": $u.name,
  ""avgRating"": $avg_rating
};"
568,What are the top 5 movies that were directed by persons who were not primarily directors?,"MATCH (p:Person)-[:DIRECTED]->(m:Movie)
WHERE NOT EXISTS {
  MATCH (p)-[:DIRECTED]->(:Movie)
  WITH p, count(*) AS directedCount
  MATCH (p)-[:ACTED_IN]->(:Movie)
  WITH p, directedCount, count(*) AS actedCount
  WHERE directedCount > actedCount
}
RETURN m.title AS MovieTitle, m.imdbRating AS Rating
ORDER BY Rating DESC
LIMIT 5","with fun directed_count($p: person) -> integer:
  match directed (director: $p, film: $m);
  return count;
with fun acted_count($p: person) -> integer:
  match acted_in (actor: $p, film: $m);
  return count;
match
  $p isa person;
  directed (director: $p, film: $m);
  $m has imdb_rating $r;
  let $dc = directed_count($p);
  let $ac = acted_count($p);
  $dc <= $ac;
sort $r desc;
limit 5;
fetch { ""MovieTitle"": $m.title, ""Rating"": $r };"
569,Which 3 movies released in the last 5 years of the database have the highest imdbVotes?,"MATCH (m:Movie)
WHERE m.year >= 2012
RETURN m.title, m.year, m.imdbVotes
ORDER BY m.imdbVotes DESC
LIMIT 3","match
$m isa movie, has year $y, has imdb_votes $v;
$y >= 2012;
sort $v desc;
limit 3;
fetch {
  ""title"": $m.title,
  ""year"": $y,
  ""imdbVotes"": $v
};"
570,List the top 5 movies with the most distinct directors involved.,"MATCH (d:Director)-[:DIRECTED]->(m:Movie)
WITH m, count(DISTINCT d) AS directorCount
ORDER BY directorCount DESC
LIMIT 5
RETURN m.title AS movieTitle, directorCount","match
$m isa movie;
directed (director: $d, film: $m);
select $d, $m;
distinct;
reduce $count = count($d) groupby $m;
sort $count desc;
limit 5;
fetch {
  ""movieTitle"": $m.title,
  ""directorCount"": $count
};"
571,Which 3 actors have died and acted in more than two movies?,"MATCH (a:Actor)-[:ACTED_IN]->(m:Movie)
WHERE a.died IS NOT NULL
WITH a, COUNT(m) AS movieCount
WHERE movieCount > 2
RETURN a.name AS actorName, movieCount
ORDER BY movieCount DESC
LIMIT 3","match
$a isa person, has died $d;
acted_in (actor: $a, film: $m);
reduce $movieCount = count($m) groupby $a;
match $movieCount > 2;
sort $movieCount desc;
limit 3;
fetch {
  ""actorName"": $a.name,
  ""movieCount"": $movieCount
};"
572,What are the top 5 movies with a single-country language setting and the highest imdbRating?,"MATCH (m:Movie)
WHERE size(m.countries) = 1
RETURN m.title, m.imdbRating
ORDER BY m.imdbRating DESC
LIMIT 5","match
$m isa movie, has countries $c, has imdb_rating $ir, has title $t;
sort $ir desc;
limit 5;
fetch {
  ""title"": $t,
  ""imdbRating"": $ir
};"
573,Which 3 genres are most common in movies with a runtime over 120 minutes?,"MATCH (m:Movie)-[:IN_GENRE]->(g:Genre)
WHERE m.runtime > 120
RETURN g.name AS genre, COUNT(*) AS count
ORDER BY count DESC
LIMIT 3","match
$m isa movie, has runtime $r;
$r > 120;
in_genre (film: $m, genre: $g);
reduce $count = count($m) groupby $g;
sort $count desc;
limit 3;
fetch {
  ""genre"": $g.name,
  ""count"": $count
};"
574,List the top 5 oldest directors based on their birth year who have directed at least one movie.,"MATCH (d:Director)-[:DIRECTED]->(m:Movie)
WITH d, MIN(d.born) AS birthYear
ORDER BY birthYear ASC
LIMIT 5
RETURN d.name AS directorName, birthYear","match
$d isa person, has born $b;
directed (director: $d, film: $m);
select $d, $b;
distinct;
sort $b asc;
limit 5;
fetch {
  ""directorName"": $d.name,
  ""birthYear"": $b
};"
575,Which 3 actors have the most distinct genres of movies they've acted in?,"MATCH (a:Actor)-[:ACTED_IN]->(m:Movie)-[:IN_GENRE]->(g:Genre)
WITH a, count(DISTINCT g) AS genreCount
ORDER BY genreCount DESC
LIMIT 3
RETURN a.name AS actorName, genreCount","match
$a isa person;
acted_in (actor: $a, film: $m);
in_genre (film: $m, genre: $g);
select $a, $g;
distinct;
reduce $genre_count = count groupby $a;
sort $genre_count desc;
limit 3;
fetch { ""actorName"": $a.name, ""genreCount"": $genre_count };"
576,What are the top 5 movies by revenue that were released in languages other than English?,"MATCH (m:Movie)
WHERE NOT ""English"" IN m.languages
RETURN m.title AS title, m.revenue AS revenue
ORDER BY m.revenue DESC
LIMIT 5","match
$m isa movie, has title $t, has revenue $r;
not { $m has languages $lang; $lang like "".*English.*""; };
sort $r desc;
limit 5;
fetch { ""title"": $t, ""revenue"": $r };"
577,Which 3 movies have the highest revenue to budget ratio?,"MATCH (m:Movie)
WHERE m.budget > 0
WITH m, (m.revenue / m.budget) AS revenue_to_budget_ratio
ORDER BY revenue_to_budget_ratio DESC
LIMIT 3
RETURN m.title AS movie_title, revenue_to_budget_ratio","match
$m isa movie, has title $t, has revenue $rev, has budget $b;
$b > 0;
let $ratio = $rev / $b;
sort $ratio desc;
limit 3;
fetch {
  ""movie_title"": $t,
  ""revenue_to_budget_ratio"": $ratio
};"
578,List the top 5 movies where actors also served as directors.,"MATCH (actor:Actor)-[:ACTED_IN]->(movie:Movie)<-[:DIRECTED]-(actor)
RETURN movie.title AS MovieTitle, COUNT(actor) AS ActorDirectorCount
ORDER BY ActorDirectorCount DESC
LIMIT 5","match
$movie isa movie;
$p isa person;
acted_in (actor: $p, film: $movie);
directed (director: $p, film: $movie);
reduce $count = count($p) groupby $movie;
sort $count desc;
limit 5;
fetch { ""MovieTitle"": $movie.title, ""ActorDirectorCount"": $count };"
579,Which 3 directors have the most distinct actors worked with across all movies directed?,"MATCH (d:Director)-[:DIRECTED]->(m:Movie)<-[:ACTED_IN]-(a:Actor)
WITH d, a
ORDER BY d.name, a.name
WITH d, collect(DISTINCT a) AS actors
RETURN d.name AS Director, size(actors) AS ActorCount
ORDER BY ActorCount DESC
LIMIT 3","match
$d isa person;
$a isa person;
$m isa movie;
directed (director: $d, film: $m);
acted_in (actor: $a, film: $m);
select $d, $a;
distinct;
reduce $count = count($a) groupby $d;
sort $count desc;
limit 3;
fetch {
  ""Director"": $d.name,
  ""ActorCount"": $count
};"
580,What are the top 5 movies with the most genres associated with them?,"MATCH (m:Movie)-[:IN_GENRE]->(g:Genre)
WITH m, COUNT(g) AS genreCount
ORDER BY genreCount DESC
LIMIT 5
RETURN m.title AS movieTitle, genreCount","match
$m isa movie;
in_genre (film: $m, genre: $g);
reduce $genreCount = count($g) groupby $m;
sort $genreCount desc;
limit 5;
fetch {
  ""movieTitle"": $m.title,
  ""genreCount"": $genreCount
};"
581,List the top 5 movies with an imdbRating below 5.0 and a budget exceeding 50 million USD.,"MATCH (m:Movie)
WHERE m.imdbRating < 5.0 AND m.budget > 50000000
RETURN m.title, m.imdbRating, m.budget
ORDER BY m.imdbRating ASC
LIMIT 5","match
$m isa movie, has imdb_rating $ir, has budget $b, has title $t;
$ir < 5.0;
$b > 50000000;
sort $ir asc;
limit 5;
fetch {
  ""title"": $t,
  ""imdbRating"": $ir,
  ""budget"": $b
};"
582,What are the top 5 oldest movies in the database by release year?,"MATCH (m:Movie)
RETURN m.title, m.year
ORDER BY m.year ASC
LIMIT 5","match
$m isa movie, has title $title, has year $y;
sort $y asc;
limit 5;
fetch {
  ""title"": $title,
  ""year"": $y
};"
583,What are the top 5 movies with the most revenue that are in the 'Sci-Fi' genre?,"MATCH (m:Movie)-[:IN_GENRE]->(g:Genre {name: 'Sci-Fi'})
RETURN m.title AS title, m.revenue AS revenue
ORDER BY m.revenue DESC
LIMIT 5","match
$m isa movie, has title $title, has revenue $rev;
$g isa genre, has name ""Sci-Fi"";
in_genre (film: $m, genre: $g);
sort $rev desc;
limit 5;
fetch {
  ""title"": $title,
  ""revenue"": $rev
};"
584,Which 5 directors have directed movies in more than 5 different languages?,"MATCH (d:Director)-[:DIRECTED]->(m:Movie)
WITH d, collect(DISTINCT m.languages) AS languages
WHERE size(apoc.coll.flatten(languages)) > 5
RETURN d.name AS Director, size(apoc.coll.flatten(languages)) AS NumberOfLanguages
ORDER BY NumberOfLanguages DESC
LIMIT 5","match
$d isa person;
directed (director: $d, film: $m);
$m has languages $lang;
select $d, $lang;
distinct;
reduce $count = count($lang) groupby $d;
match $count > 5;
sort $count desc;
limit 5;
fetch { ""Director"": $d.name, ""NumberOfLanguages"": $count };"
585,Find all directors who were born after 1970.,"MATCH (d:Director)
WHERE d.born > date(""1970-01-01"")
RETURN d.name, d.born","match
$d isa person, has born $b;
directed (director: $d);
$b > 1970-01-01;
fetch {
  ""name"": $d.name,
  ""born"": $b
};"
586,Which movies feature both English and Spanish as languages?,"MATCH (m:Movie)
WHERE ""English"" IN m.languages AND ""Spanish"" IN m.languages
RETURN m.title AS MovieTitle, m.languages AS Languages","match
$m isa movie, has languages $l, has title $t;
$l like "".*English.*"";
$l like "".*Spanish.*"";
fetch {
  ""MovieTitle"": $t,
  ""Languages"": $l
};"
587,List the top 5 movies with the most IMDb votes.,"MATCH (m:Movie)
RETURN m.title AS title, m.imdbVotes AS votes
ORDER BY m.imdbVotes DESC
LIMIT 5","match
$m isa movie, has imdb_votes $votes;
sort $votes desc;
limit 5;
fetch {
  ""title"": $m.title,
  ""votes"": $votes
};"
588,Which users have given a rating of less than 3.0 to any movie?,"MATCH (u:User)-[r:RATED]->(m:Movie)
WHERE r.rating < 3.0
RETURN u.name AS userName, u.userId AS userId","match
$u isa user;
$r isa rated (user: $u, film: $m);
$r has rating $rating;
$rating < 3.0;
fetch {
  ""userName"": $u.name,
  ""userId"": $u.user_id
};"
589,Find all movies where the main language is English and have a budget over 50 million dollars.,"MATCH (m:Movie)
WHERE ""English"" IN m.languages AND m.budget > 50000000
RETURN m.title AS title, m.budget AS budget, m.languages AS languages","match
$m isa movie, has languages $l, has budget $b;
$l like "".*English.*"";
$b > 50000000;
fetch {
  ""title"": $m.title,
  ""budget"": $b,
  ""languages"": $l
};"
590,List all genres that have less than 10 movies associated with them.,"MATCH (g:Genre)<-[:IN_GENRE]-(m:Movie)
WITH g, COUNT(m) AS movieCount
WHERE movieCount < 10
RETURN g.name AS genre, movieCount","match
$g isa genre;
$m isa movie;
in_genre (film: $m, genre: $g);
reduce $movieCount = count($m) groupby $g;
match $movieCount < 10;
fetch {
  ""genre"": $g.name,
  ""movieCount"": $movieCount
};"
591,Which movies have been acted in and directed by the same person?,"MATCH (p:Person)-[:ACTED_IN]->(m:Movie)<-[:DIRECTED]-(p)
RETURN m.title AS MovieTitle, p.name AS PersonName","match
$p isa person;
$m isa movie;
acted_in (actor: $p, film: $m);
directed (director: $p, film: $m);
fetch {
  ""MovieTitle"": $m.title,
  ""PersonName"": $p.name
};"
592,What are the top 3 movies with the highest IMDb ratings that were released before 1990?,"MATCH (m:Movie)
WHERE m.released < ""1990-01-01""
RETURN m.title, m.imdbRating
ORDER BY m.imdbRating DESC
LIMIT 3","match
$m isa movie, has released $r, has imdb_rating $ir;
$r < ""1990-01-01"";
sort $ir desc;
limit 3;
fetch {
  ""title"": $m.title,
  ""imdb_rating"": $ir
};"
593,List all actors born in the USA who have acted in at least two movies.,"MATCH (a:Actor)-[:ACTED_IN]->(m:Movie)
WHERE a.bornIn = ""USA""
WITH a, COUNT(m) AS movieCount
WHERE movieCount >= 2
RETURN a.name AS actorName, movieCount","match
$a isa person, has born_in ""USA"";
acted_in (actor: $a, film: $m);
reduce $movieCount = count($m) groupby $a;
match
$movieCount >= 2;
fetch {
  ""actorName"": $a.name,
  ""movieCount"": $movieCount
};"
594,Which genres are associated with movies that have a budget greater than 100 million dollars?,"MATCH (m:Movie)-[:IN_GENRE]->(g:Genre)
WHERE m.budget > 100000000
RETURN DISTINCT g.name AS genre","match
$m isa movie, has budget $b;
$b > 100000000;
in_genre (film: $m, genre: $g);
$g has name $gn;
select $gn;
distinct;
fetch { ""genre"": $gn };"
595,Find all movies that have been rated by more than 1000 users.,"MATCH (m:Movie)<-[:RATED]-(u:User)
WITH m, count(u) AS userCount
WHERE userCount > 1000
RETURN m.title AS MovieTitle, userCount","match
$m isa movie;
$u isa user;
rated (user: $u, film: $m);
reduce $userCount = count($u) groupby $m;
match
$userCount > 1000;
fetch {
  ""MovieTitle"": $m.title,
  ""userCount"": $userCount
};"
596,Which users have rated more than 50 movies?,"MATCH (u:User)-[r:RATED]->(m:Movie)
WITH u, COUNT(r) AS ratedMovies
WHERE ratedMovies > 50
RETURN u.userId, u.name, ratedMovies","match
$u isa user;
$r isa rated (user: $u, film: $m);
reduce $ratedMovies = count($r) groupby $u;
match
$ratedMovies > 50;
fetch {
  ""userId"": $u.user_id,
  ""name"": $u.name,
  ""ratedMovies"": $ratedMovies
};"
597,List all movies with an IMDb rating above 8.0 that were released in the 2000s.,"MATCH (m:Movie)
WHERE m.imdbRating > 8.0 AND m.year >= 2000 AND m.year < 2010
RETURN m.title AS title, m.imdbRating AS rating, m.year AS releaseYear","match
$m isa movie, has imdb_rating $rating, has year $y, has title $title;
$rating > 8.0;
$y >= 2000;
$y < 2010;
fetch {
  ""title"": $title,
  ""rating"": $rating,
  ""releaseYear"": $y
};"
598,Which directors have directed more than three movies?,"MATCH (d:Director)-[:DIRECTED]->(m:Movie)
WITH d, COUNT(m) AS movieCount
WHERE movieCount > 3
RETURN d.name AS DirectorName, movieCount","match
$d isa person;
$m isa movie;
directed (director: $d, film: $m);
reduce $movieCount = count($m) groupby $d;
match $movieCount > 3;
fetch { ""DirectorName"": $d.name, ""movieCount"": $movieCount };"
599,Find all actors who acted in a movie that grossed over 500 million dollars.,"MATCH (a:Actor)-[:ACTED_IN]->(m:Movie)
WHERE m.revenue > 500000000
RETURN a.name, m.title, m.revenue","match
$a isa person;
$m isa movie, has revenue $rev;
acted_in (actor: $a, film: $m);
$rev > 500000000;
fetch {
  ""name"": $a.name,
  ""title"": $m.title,
  ""revenue"": $rev
};"
600,What are the top 5 highest-grossing movies released after 2010?,"MATCH (m:Movie)
WHERE m.year > 2010
RETURN m.title AS title, m.revenue AS revenue
ORDER BY m.revenue DESC
LIMIT 5","match
$m isa movie, has year $y, has revenue $r;
$y > 2010;
sort $r desc;
limit 5;
fetch {
  ""title"": $m.title,
  ""revenue"": $r
};"
601,List all movies directed by a person born in France.,"MATCH (p:Person)-[:DIRECTED]->(m:Movie)
WHERE p.bornIn = ""France""
RETURN m.title AS MovieTitle, m.year AS ReleaseYear, p.name AS DirectorName","match
$p isa person, has born_in ""France"";
$m isa movie;
directed (director: $p, film: $m);
fetch {
  ""MovieTitle"": $m.title,
  ""ReleaseYear"": $m.year,
  ""DirectorName"": $p.name
};"
602,Which movies have a runtime greater than 120 minutes and less than 180 minutes?,"MATCH (m:Movie)
WHERE m.runtime > 120 AND m.runtime < 180
RETURN m.title AS MovieTitle, m.runtime AS Runtime","match
$m isa movie, has runtime $r;
$r > 120;
$r < 180;
fetch {
  ""MovieTitle"": $m.title,
  ""Runtime"": $r
};"
603,Which three directors have the most movies with a runtime under 80 minutes?,"MATCH (d:Director)-[:DIRECTED]->(m:Movie)
WHERE m.runtime < 80
WITH d, COUNT(m) AS movieCount
ORDER BY movieCount DESC
LIMIT 3
RETURN d.name AS directorName, movieCount","match
$d isa person;
$m isa movie, has runtime $r;
$r < 80;
directed (director: $d, film: $m);
reduce $count = count($m) groupby $d;
sort $count desc;
limit 3;
fetch { ""directorName"": $d.name, ""movieCount"": $count };"
604,What are the first 3 movies with a plot mentioning 'magic'?,"MATCH (m:Movie)
WHERE m.plot CONTAINS 'magic'
RETURN m.title, m.plot
ORDER BY m.title
LIMIT 3","match
$m isa movie, has plot $plot, has title $title;
$plot like "".*magic.*"";
sort $title;
limit 3;
fetch {
  ""title"": $m.title,
  ""plot"": $m.plot
};"
605,List the top 3 movies that have been rated by over 1000 users.,"MATCH (m:Movie)<-[:RATED]-(u:User)
WITH m, count(u) as userCount
WHERE userCount > 1000
RETURN m.title, userCount
ORDER BY userCount DESC
LIMIT 3","match
$m isa movie;
$u isa user;
rated (film: $m, user: $u);
reduce $user_count = count($u) groupby $m;
match $user_count > 1000;
sort $user_count desc;
limit 3;
fetch { ""title"": $m.title, ""user_count"": $user_count };"
606,Which actors have worked in both 'Animation' and 'Adventure' genres?,"MATCH (a:Actor)-[:ACTED_IN]->(m1:Movie)-[:IN_GENRE]->(g1:Genre {name: 'Animation'}),
      (a)-[:ACTED_IN]->(m2:Movie)-[:IN_GENRE]->(g2:Genre {name: 'Adventure'})
RETURN DISTINCT a.name","match
$a isa person;
$m1 isa movie;
$m2 isa movie;
$g1 isa genre, has name ""Animation"";
$g2 isa genre, has name ""Adventure"";
acted_in (actor: $a, film: $m1);
in_genre (film: $m1, genre: $g1);
acted_in (actor: $a, film: $m2);
in_genre (film: $m2, genre: $g2);
select $a;
distinct;
fetch {
  ""name"": $a.name
};"
607,Which three genres have the lowest average IMDb rating?,"MATCH (m:Movie)-[:IN_GENRE]->(g:Genre)
WHERE m.imdbRating IS NOT NULL
WITH g.name AS genre, avg(m.imdbRating) AS avgRating
ORDER BY avgRating ASC
LIMIT 3
RETURN genre, avgRating","match
$m isa movie, has imdb_rating $r;
$g isa genre;
in_genre (film: $m, genre: $g);
reduce $avg_rating = mean($r) groupby $g;
sort $avg_rating asc;
limit 3;
fetch {
  ""genre"": $g.name,
  ""avg_rating"": $avg_rating
};"
608,List all movies that have grossed more than their budget.,"MATCH (m:Movie)
WHERE m.revenue > m.budget
RETURN m.title AS MovieTitle, m.revenue AS Revenue, m.budget AS Budget","match
$m isa movie, has title $title, has revenue $rev, has budget $bud;
$rev > $bud;
fetch {
  ""MovieTitle"": $title,
  ""Revenue"": $rev,
  ""Budget"": $bud
};"
610,List the movies that have been released in more than 5 countries.,"MATCH (m:Movie)
WHERE size(m.countries) > 5
RETURN m.title AS MovieTitle, size(m.countries) AS NumberOfCountries","with fun country_count($m: movie) -> integer:
  match $m has countries $c;
  return count;

match
$m isa movie;
let $ctry_count = country_count($m);
$ctry_count > 5;
fetch { ""title"": $m.title };"
611,Which actors have played a role in movies with a budget over 200 million dollars?,"MATCH (a:Actor)-[r:ACTED_IN]->(m:Movie)
WHERE m.budget > 200000000
RETURN DISTINCT a.name","match
$a isa person;
acted_in (actor: $a, film: $m);
$m isa movie, has budget $b;
$b > 200000000;
$a has name $n;
select $n;
distinct;
fetch { ""name"": $n };"
612,Find all movies that have been rated exactly 5 times.,"MATCH (m:Movie)<-[:RATED]-(u:User)
WITH m, COUNT(u) AS ratingCount
WHERE ratingCount = 5
RETURN m.title AS movieTitle, m.movieId AS movieId","match
$m isa movie;
$u isa user;
rated (user: $u, film: $m);
reduce $count = count($u) groupby $m;
match
$count == 5;
fetch {
  ""movieTitle"": $m.title,
  ""movieId"": $m.movie_id
};"
613,What are the top 5 movies with the shortest runtime?,"MATCH (m:Movie)
RETURN m.title AS title, m.runtime AS runtime
ORDER BY m.runtime ASC
LIMIT 5","match
$m isa movie, has runtime $r;
sort $r asc;
limit 5;
fetch {
  ""title"": $m.title,
  ""runtime"": $r
};"
614,Which director has the most diverse portfolio of movie genres directed?,"MATCH (d:Director)-[:DIRECTED]->(m:Movie)-[:IN_GENRE]->(g:Genre)
WITH d, collect(DISTINCT g.name) AS genres
RETURN d.name AS director, size(genres) AS genre_count
ORDER BY genre_count DESC
LIMIT 1","match
$d isa person;
directed (director: $d, film: $m);
in_genre (film: $m, genre: $g);
$d has name $dn;
$g has name $gn;
select $d, $dn, $gn;
distinct;
reduce $count = count($gn) groupby $d, $dn;
sort $count desc;
limit 1;
fetch { ""director"": $dn, ""genre_count"": $count };"
615,List all actors who have never acted in an 'Action' genre movie.,"MATCH (a:Actor)
WHERE NOT EXISTS {
  MATCH (a)-[:ACTED_IN]->(m:Movie)-[:IN_GENRE]->(g:Genre {name: 'Action'})
}
RETURN a.name","match
$a isa person;
acted_in (actor: $a, film: $m_any);
not {
  acted_in (actor: $a, film: $m);
  in_genre (film: $m, genre: $g);
  $g has name ""Action"";
};
fetch {
  ""name"": $a.name
};"
616,Which movies have been released on a leap day?,"MATCH (m:Movie)
WHERE m.released =~ '.*-02-29'
RETURN m.title AS MovieTitle, m.released AS ReleaseDate","match
$m isa movie, has released $r;
$r like "".*-02-29"";
fetch {
  ""MovieTitle"": $m.title,
  ""ReleaseDate"": $r
};"
617,Find all movies with a poster URL that includes 'face' in it.,"MATCH (m:Movie)
WHERE m.poster CONTAINS 'face'
RETURN m.title, m.poster","match
$m isa movie, has poster $p;
$p like "".*face.*"";
fetch {
  ""title"": $m.title,
  ""poster"": $p
};"
618,List all movies where the main actor is also the director.,"MATCH (actor:Actor)-[:ACTED_IN {role: ""main""}]->(movie:Movie)<-[:DIRECTED]-(actor)
RETURN movie.title AS MovieTitle, actor.name AS ActorDirector","match
$actor isa person;
$movie isa movie;
$act isa acted_in (actor: $actor, film: $movie);
$act has character_role ""main"";
directed (director: $actor, film: $movie);
fetch {
  ""MovieTitle"": $movie.title,
  ""ActorDirector"": $actor.name
};"
619,Which movies have been rated 5.0 by more than 10 users?,"MATCH (u:User)-[r:RATED]->(m:Movie)
WHERE r.rating = 5.0
WITH m, COUNT(u) AS userCount
WHERE userCount > 10
RETURN m.title AS MovieTitle, userCount AS NumberOfUsersRated5","match
$u isa user;
$m isa movie;
$rel isa rated (user: $u, film: $m);
$rel has rating $r;
$r == 5.0;
reduce $user_count = count($u) groupby $m;
match
$user_count > 10;
fetch {
  ""MovieTitle"": $m.title,
  ""NumberOfUsersRated5"": $user_count
};"
620,What are the top 3 movies with the highest budget to revenue ratio?,"MATCH (m:Movie)
WHERE m.budget > 0 AND m.revenue > 0
WITH m, (toFloat(m.budget) / toFloat(m.revenue)) AS budget_to_revenue_ratio
RETURN m.title AS movie_title, budget_to_revenue_ratio
ORDER BY budget_to_revenue_ratio DESC
LIMIT 3","match
$m isa movie, has budget $b, has revenue $r, has title $t;
$b > 0;
$r > 0;
let $ratio = $b / $r;
sort $ratio desc;
limit 3;
fetch {
  ""movie_title"": $t,
  ""budget_to_revenue_ratio"": $ratio
};"
621,List all directors who have directed a movie in the 'Sci-Fi' genre.,"MATCH (d:Director)-[:DIRECTED]->(m:Movie)-[:IN_GENRE]->(g:Genre {name: 'Sci-Fi'})
RETURN DISTINCT d.name","match
$d isa person;
$m isa movie;
$g isa genre, has name ""Sci-Fi"";
directed (director: $d, film: $m);
in_genre (film: $m, genre: $g);
$d has name $n;
select $n;
distinct;
fetch { ""name"": $n };"
622,Which actors have the highest number of movies acted in the database?,"MATCH (a:Actor)-[:ACTED_IN]->(m:Movie)
WITH a, COUNT(m) AS movieCount
ORDER BY movieCount DESC
LIMIT 1
RETURN a.name AS actorName, movieCount","match
$a isa person;
$m isa movie;
acted_in (actor: $a, film: $m);
reduce $movieCount = count($m) groupby $a;
sort $movieCount desc;
limit 1;
fetch {
  ""actorName"": $a.name,
  ""movieCount"": $movieCount
};"
623,Find the top 5 movies by revenue that have a runtime less than 100 minutes.,"MATCH (m:Movie)
WHERE m.runtime < 100
RETURN m.title, m.revenue
ORDER BY m.revenue DESC
LIMIT 5","match
$m isa movie, has runtime $rt, has revenue $rev;
$rt < 100;
sort $rev desc;
limit 5;
fetch {
  ""title"": $m.title,
  ""revenue"": $rev
};"
624,List all genres that a specific movie 'Toy Story' belongs to.,"MATCH (m:Movie {title: 'Toy Story'})-[:IN_GENRE]->(g:Genre)
RETURN g.name AS genre","match
$m isa movie, has title ""Toy Story"";
in_genre (film: $m, genre: $g);
$g isa genre;
fetch {
  ""genre"": $g.name
};"
625,Which movies have a plot mentioning 'war'?,"MATCH (m:Movie)
WHERE m.plot CONTAINS 'war'
RETURN m.title AS MovieTitle, m.plot AS Plot","match
$m isa movie, has plot $plot;
$plot like "".*war.*"";
fetch {
  ""MovieTitle"": $m.title,
  ""Plot"": $plot
};"
626,Find all actors who have acted in a movie directed by a director born in the same country as them.,"MATCH (actor:Actor)-[:ACTED_IN]->(movie:Movie)<-[:DIRECTED]-(director:Director)
WHERE actor.bornIn = director.bornIn
RETURN actor.name AS ActorName, director.name AS DirectorName, movie.title AS MovieTitle","match
$actor isa person, has name $actor_name, has born_in $country;
$director isa person, has name $director_name, has born_in $country;
$movie isa movie, has title $movie_title;
acted_in (actor: $actor, film: $movie);
directed (director: $director, film: $movie);
fetch {
  ""ActorName"": $actor_name,
  ""DirectorName"": $director_name,
  ""MovieTitle"": $movie_title
};"
627,What are the top 3 movies with the most diverse set of spoken languages?,"MATCH (m:Movie)
WITH m, size(m.languages) AS numLanguages
ORDER BY numLanguages DESC
LIMIT 3
RETURN m.title AS title, m.languages AS languages, numLanguages","with fun language_count($m: movie) -> integer:
  match $m has languages $l;
  return count;

match
$m isa movie;
let $lang_count = language_count($m);
$lang_count > 0;
sort $lang_count desc;
limit 3;
fetch { ""title"": $m.title, ""languageCount"": $lang_count };"
628,List all movies directed by someone who has also acted in a movie.,"MATCH (director:Director)-[:DIRECTED]->(movie:Movie)
MATCH (director)-[:ACTED_IN]->(:Movie)
RETURN movie.title AS MovieTitle, director.name AS DirectorName","match
$d isa person;
$m isa movie;
directed (director: $d, film: $m);
acted_in (actor: $d, film: $m2);
fetch {
  ""MovieTitle"": $m.title,
  ""DirectorName"": $d.name
};"
629,Which directors have a biography mentioning 'Academy Award'?,"MATCH (d:Director)
WHERE d.bio CONTAINS 'Academy Award'
RETURN d.name","match
$d isa person, has bio $b;
$b like "".*Academy Award.*"";
directed (director: $d);
fetch {
  ""name"": $d.name
};"
630,What are the top 5 movies with the lowest budgets that have a runtime over 90 minutes?,"MATCH (m:Movie)
WHERE m.runtime > 90
RETURN m.title, m.budget
ORDER BY m.budget ASC
LIMIT 5","match
$m isa movie, has runtime $r, has budget $b;
$r > 90;
sort $b asc;
limit 5;
fetch {
  ""title"": $m.title,
  ""budget"": $b
};"
631,List all users who have rated the same movie with different ratings.,"MATCH (u1:User)-[r1:RATED]->(m:Movie)<-[r2:RATED]-(u2:User)
WHERE u1.userId <> u2.userId AND r1.rating <> r2.rating
RETURN u1.name AS User1, r1.rating AS Rating1, u2.name AS User2, r2.rating AS Rating2, m.title AS MovieTitle","match
$u1 isa user, has user_id $uid1, has name $n1;
$u2 isa user, has user_id $uid2, has name $n2;
$m isa movie, has title $t;
$r1 isa rated (user: $u1, film: $m), has rating $rat1;
$r2 isa rated (user: $u2, film: $m), has rating $rat2;
$uid1 != $uid2;
$rat1 != $rat2;
fetch {
  ""User1"": $n1,
  ""Rating1"": $rat1,
  ""User2"": $n2,
  ""Rating2"": $rat2,
  ""MovieTitle"": $t
};"
632,What are the first 3 movies with a main actor over the age of 50 at the time of filming?,"MATCH (a:Actor)-[r:ACTED_IN]->(m:Movie)
WHERE r.role CONTAINS ""main""
WITH a, m, r, date(m.released) AS releaseDate, date(a.born) AS birthDate
WHERE duration.inDays(birthDate, releaseDate).years > 50
RETURN m.title AS MovieTitle, m.released AS ReleaseDate, a.name AS ActorName, duration.inDays(birthDate, releaseDate).years AS ActorAge
ORDER BY m.released
LIMIT 3","match
$m isa movie, has year $y;
$p isa person, has born $b;
acted_in (actor: $p, film: $m);
let $threshold = $y - 50;
$b < $threshold;
$m has released $rel;
sort $rel asc;
limit 3;
fetch { ""title"": $m.title, ""actor"": $p.name };"
633,Which three directors have directed movies with the most diverse set of languages?,"MATCH (d:Director)-[:DIRECTED]->(m:Movie)
UNWIND m.languages AS language
WITH d, language
ORDER BY d.name
WITH d, COLLECT(DISTINCT language) AS languages
RETURN d.name AS Director, SIZE(languages) AS LanguageCount
ORDER BY LanguageCount DESC
LIMIT 3","match
$d isa person;
directed (director: $d, film: $m);
$m has languages $lang;
select $d, $lang;
distinct;
reduce $count = count groupby $d;
sort $count desc;
limit 3;
fetch { ""director"": $d.name, ""language_count"": $count };"
634,List the top 3 movies that have been directed by actors.,"MATCH (a:Actor)-[:DIRECTED]->(m:Movie)
WITH m, COUNT(a) AS actorDirectors
ORDER BY actorDirectors DESC, m.imdbRating DESC
LIMIT 3
RETURN m.title AS MovieTitle, m.imdbRating AS IMDbRating, actorDirectors AS NumberOfActorDirectors","match
$a isa person;
acted_in (actor: $a);
directed (director: $a, film: $m);
$m has imdb_rating $ir;
reduce $count = count($a) groupby $m, $ir;
sort $count desc, $ir desc;
limit 3;
fetch {
  ""MovieTitle"": $m.title,
  ""IMDbRating"": $ir,
  ""NumberOfActorDirectors"": $count
};"
635,Which three users have rated movies in the most number of different genres?,"MATCH (u:User)-[:RATED]->(m:Movie)-[:IN_GENRE]->(g:Genre)
WITH u, COUNT(DISTINCT g.name) AS genreCount
ORDER BY genreCount DESC
LIMIT 3
RETURN u.name AS userName, genreCount","match
$u isa user;
$m isa movie;
$g isa genre;
rated (user: $u, film: $m);
in_genre (film: $m, genre: $g);
select $u, $g;
distinct;
reduce $genre_count = count($g) groupby $u;
sort $genre_count desc;
limit 3;
fetch { ""userName"": $u.name, ""genreCount"": $genre_count };"
636,What are the first 3 movies with a majority of non-English languages?,"MATCH (m:Movie)
WHERE size([lang IN m.languages WHERE lang <> 'English']) > size(m.languages) / 2
RETURN m.title AS movieTitle, m.languages AS languages
ORDER BY m.title
LIMIT 3","with fun non_english_count($m: movie) -> integer:
  match $m has languages $l; $l != ""English"";
  return count;

with fun language_count($m: movie) -> integer:
  match $m has languages $l;
  return count;

match
$m isa movie;
let $ne = non_english_count($m);
let $total = language_count($m);
$total > 0;
let $half = $total / 2;
$ne > $half;
limit 3;
fetch { ""title"": $m.title };"
637,List the top 3 actors who have the highest average IMDb rating across their movies.,"MATCH (a:Actor)-[:ACTED_IN]->(m:Movie)
WHERE m.imdbRating IS NOT NULL
WITH a, avg(m.imdbRating) AS avgRating
RETURN a.name AS actorName, avgRating
ORDER BY avgRating DESC
LIMIT 3","match
$a isa person;
$m isa movie, has imdb_rating $r;
acted_in (actor: $a, film: $m);
reduce $avg = mean($r) groupby $a;
sort $avg desc;
limit 3;
fetch { ""actorName"": $a.name, ""avgRating"": $avg };"
638,Which three genres are most common among movies with a budget over 100 million USD?,"MATCH (m:Movie)-[:IN_GENRE]->(g:Genre)
WHERE m.budget > 100000000
RETURN g.name AS genre, COUNT(m) AS movieCount
ORDER BY movieCount DESC
LIMIT 3","match
$m isa movie, has budget $b;
$b > 100000000;
$g isa genre;
in_genre (film: $m, genre: $g);
reduce $count = count($m) groupby $g;
sort $count desc;
limit 3;
fetch {
  ""genre"": $g.name,
  ""movieCount"": $count
};"
639,What are the first 3 movies that have a plot mentioning 'adventure'?,"MATCH (m:Movie)
WHERE m.plot CONTAINS 'adventure'
RETURN m.title, m.plot
ORDER BY m.released
LIMIT 3","match
$m isa movie, has plot $p, has released $r;
$p like "".*adventure.*"";
sort $r asc;
limit 3;
fetch {
  ""title"": $m.title,
  ""plot"": $p
};"
640,List the top 3 directors based on the number of different countries their movies have been released in.,"MATCH (d:Director)-[:DIRECTED]->(m:Movie)
UNWIND m.countries AS country
WITH d, COUNT(DISTINCT country) AS countryCount
RETURN d.name AS directorName, countryCount
ORDER BY countryCount DESC
LIMIT 3","match
$d isa person;
directed (director: $d, film: $m);
$m has countries $c;
select $d, $c;
distinct;
reduce $count = count($c) groupby $d;
sort $count desc;
limit 3;
fetch {
  ""directorName"": $d.name,
  ""countryCount"": $count
};"
641,Which three movies have been rated by the youngest users on average?,"MATCH (u:User)-[r:RATED]->(m:Movie)
WITH m, avg(toInteger(u.userId)) AS avgUserId
ORDER BY avgUserId ASC
LIMIT 3
RETURN m.title AS MovieTitle, avgUserId AS AverageUserId","match
$u isa user, has age $a;
$m isa movie;
rated (user: $u, film: $m);
reduce $avg_age = mean($a) groupby $m;
sort $avg_age asc;
limit 3;
fetch {
  ""MovieTitle"": $m.title,
  ""AverageAge"": $avg_age
};"
642,What are the top 5 movies that have a genre of 'Sci-Fi'?,"MATCH (m:Movie)-[:IN_GENRE]->(g:Genre {name: 'Sci-Fi'})
RETURN m.title AS title, m.imdbRating AS rating
ORDER BY m.imdbRating DESC
LIMIT 5","match
$m isa movie, has imdb_rating $rating;
$g isa genre, has name ""Sci-Fi"";
in_genre (film: $m, genre: $g);
sort $rating desc;
limit 5;
fetch {
  ""title"": $m.title,
  ""rating"": $rating
};"
643,List the first 3 actors who have acted in a movie with a budget over 50 million USD.,"MATCH (a:Actor)-[:ACTED_IN]->(m:Movie)
WHERE m.budget > 50000000
RETURN a.name AS actorName, m.title AS movieTitle, m.budget AS movieBudget
LIMIT 3","match
$a isa person;
$m isa movie, has budget $b;
acted_in (actor: $a, film: $m);
$b > 50000000;
limit 3;
fetch {
  ""actorName"": $a.name,
  ""movieTitle"": $m.title,
  ""movieBudget"": $b
};"
644,Which three directors have directed movies in more than one language?,"MATCH (d:Director)-[:DIRECTED]->(m:Movie)
WHERE size(m.languages) > 1
WITH d, count(DISTINCT m) AS movieCount
WHERE movieCount > 1
RETURN d.name AS Director, movieCount
ORDER BY movieCount DESC
LIMIT 3","with fun language_count($m: movie) -> integer:
  match $m has languages $l;
  return count;

match
$p isa person;
$m isa movie;
directed (director: $p, film: $m);
let $lang_count = language_count($m);
$lang_count > 1;
reduce $num_multilingual = count($m) groupby $p;
match
$num_multilingual > 1;
sort $num_multilingual desc;
limit 3;
fetch { ""director"": $p.name, ""num_multilingual_movies"": $num_multilingual };"
645,What are the first 3 movies with the most number of associated actors?,"MATCH (m:Movie)<-[:ACTED_IN]-(a:Actor)
WITH m, COUNT(a) AS actorCount
ORDER BY actorCount DESC
LIMIT 3
RETURN m.title AS movieTitle, actorCount","match
$m isa movie;
$a isa person;
acted_in (actor: $a, film: $m);
reduce $count = count($a) groupby $m;
sort $count desc;
limit 3;
fetch {
  ""movieTitle"": $m.title,
  ""actorCount"": $count
};"
646,List the top 3 movies that have been released on a leap year.,"MATCH (m:Movie)
WHERE (m.year % 4 = 0 AND (m.year % 100 <> 0 OR m.year % 400 = 0))
RETURN m.title, m.released
ORDER BY m.imdbRating DESC
LIMIT 3","match
$m isa movie, has year $y, has imdb_rating $r;
let $mod4 = $y % 4;
let $mod100 = $y % 100;
let $mod400 = $y % 400;
$mod4 == 0;
{ $mod100 != 0; } or { $mod400 == 0; };
sort $r desc;
limit 3;
fetch {
  ""title"": $m.title,
  ""released"": $m.released
};"
647,Which three users have rated the most number of actors?,"MATCH (u:User)-[:RATED]->(m:Movie)<-[:ACTED_IN]-(a:Actor)
WITH u, count(DISTINCT a) AS actorCount
ORDER BY actorCount DESC
LIMIT 3
RETURN u.name AS userName, actorCount","match
$u isa user;
$m isa movie;
$a isa person;
rated (user: $u, film: $m);
acted_in (actor: $a, film: $m);
select $u, $a;
distinct;
reduce $actorCount = count groupby $u;
sort $actorCount desc;
limit 3;
fetch { ""userName"": $u.name, ""actorCount"": $actorCount };"
648,What are the first 3 movies that have a plot mentioning 'war'?,"MATCH (m:Movie)
WHERE m.plot CONTAINS 'war'
RETURN m.title, m.plot
ORDER BY m.released
LIMIT 3","match
$m isa movie, has plot $p, has released $r;
$p like "".*war.*"";
sort $r asc;
limit 3;
fetch {
  ""title"": $m.title,
  ""plot"": $p
};"
649,List the top 3 movies that have multiple languages but a single country of origin.,"MATCH (m:Movie)
WHERE size(m.languages) > 1 AND size(m.countries) = 1
RETURN m.title AS title, size(m.languages) AS numLanguages
ORDER BY numLanguages DESC
LIMIT 3","with fun language_count($m: movie) -> integer:
  match $m has languages $l;
  return count;

with fun country_count($m: movie) -> integer:
  match $m has countries $c;
  return count;

match
$m isa movie, has imdb_rating $r;
let $lang_count = language_count($m);
let $ctry_count = country_count($m);
$lang_count > 1;
$ctry_count == 1;
sort $r desc;
limit 3;
fetch { ""title"": $m.title };"
650,Which three actors have the longest total screen time in movies?,"MATCH (a:Actor)-[r:ACTED_IN]->(m:Movie)
WITH a, SUM(m.runtime) AS totalScreenTime
ORDER BY totalScreenTime DESC
LIMIT 3
RETURN a.name AS actorName, totalScreenTime","match
$a isa person;
acted_in (actor: $a, film: $m);
$m has runtime $r;
reduce $total = sum($r) groupby $a;
sort $total desc;
limit 3;
fetch {
  ""actorName"": $a.name,
  ""totalScreenTime"": $total
};"
651,What are the first 3 movies that have been rated exactly 5 times?,"MATCH (m:Movie)<-[:RATED]-(u:User)
WITH m, COUNT(u) AS ratingCount
WHERE ratingCount = 5
RETURN m.title AS movieTitle
ORDER BY m.title
LIMIT 3","match
$m isa movie, has title $t;
$u isa user;
rated (user: $u, film: $m);
reduce $count = count($u) groupby $m, $t;
match
$count == 5;
sort $t;
limit 3;
fetch {
  ""movieTitle"": $t
};"
652,List the top 3 directors who have directed the most successful movies in terms of revenue.,"MATCH (d:Director)-[:DIRECTED]->(m:Movie)
WITH d, SUM(m.revenue) AS totalRevenue
ORDER BY totalRevenue DESC
LIMIT 3
RETURN d.name AS Director, totalRevenue AS TotalRevenue","match
$d isa person;
directed (director: $d, film: $m);
$m has revenue $rev;
reduce $totalRevenue = sum($rev) groupby $d;
sort $totalRevenue desc;
limit 3;
fetch {
  ""Director"": $d.name,
  ""TotalRevenue"": $totalRevenue
};"
653,Which three genres have the highest average revenue per movie?,"MATCH (m:Movie)-[:IN_GENRE]->(g:Genre)
WHERE m.revenue IS NOT NULL
WITH g.name AS genre, avg(m.revenue) AS avgRevenue
ORDER BY avgRevenue DESC
LIMIT 3
RETURN genre, avgRevenue","match
$m isa movie, has revenue $rev;
in_genre (film: $m, genre: $g);
$g isa genre;
reduce $avg_rev = mean($rev) groupby $g;
sort $avg_rev desc;
limit 3;
fetch { ""genre"": $g.name, ""avgRevenue"": $avg_rev };"
654,What are the first 3 movies with a revenue greater than their budget?,"MATCH (m:Movie)
WHERE m.revenue > m.budget
RETURN m.title, m.revenue, m.budget
ORDER BY m.released
LIMIT 3","match
$m isa movie, has revenue $rev, has budget $bud, has released $rel;
$rev > $bud;
sort $rel asc;
limit 3;
fetch {
  ""title"": $m.title,
  ""revenue"": $rev,
  ""budget"": $bud
};"
655,List the first 3 movies where the main genre is 'Adventure'.,"MATCH (m:Movie)-[:IN_GENRE]->(g:Genre {name: 'Adventure'})
RETURN m.title AS MovieTitle
LIMIT 3","match
$m isa movie;
$g isa genre, has name ""Adventure"";
in_genre (film: $m, genre: $g);
limit 3;
fetch {
  ""MovieTitle"": $m.title
};"
656,List the first 3 actors who have acted in a superhero movie.,"MATCH (m:Movie)-[:IN_GENRE]->(g:Genre {name: ""Superhero""})
MATCH (a:Actor)-[:ACTED_IN]->(m)
RETURN a.name
LIMIT 3","match
$m isa movie;
$g isa genre, has name ""Superhero"";
in_genre (film: $m, genre: $g);
$a isa person;
acted_in (actor: $a, film: $m);
limit 3;
fetch {
  ""name"": $a.name
};"
657,What are the top 3 movies with a title ending in 'End'?,"MATCH (m:Movie)
WHERE m.title ENDS WITH 'End'
RETURN m.title, m.imdbRating
ORDER BY m.imdbRating DESC
LIMIT 3","match
$m isa movie, has title $t, has imdb_rating $r;
$t like "".*End"";
sort $r desc;
limit 3;
fetch {
  ""title"": $t,
  ""imdb_rating"": $r
};"
658,What are the first 3 movies with a poster URL containing 'moon'?,"MATCH (m:Movie)
WHERE m.poster CONTAINS 'moon'
RETURN m.title, m.poster
LIMIT 3","match
$m isa movie, has poster $p;
$p like "".*moon.*"";
limit 3;
fetch {
  ""title"": $m.title,
  ""poster"": [ $m.poster ]
};"
659,List the top 3 actors who have the most diverse filmography in terms of genres they acted in.,"MATCH (a:Actor)-[:ACTED_IN]->(m:Movie)-[:IN_GENRE]->(g:Genre)
WITH a, COUNT(DISTINCT g.name) AS genreCount
ORDER BY genreCount DESC
LIMIT 3
RETURN a.name AS actorName, genreCount","match
$a isa person;
acted_in (actor: $a, film: $m);
in_genre (film: $m, genre: $g);
select $a, $g;
distinct;
reduce $genre_count = count($g) groupby $a;
sort $genre_count desc;
limit 3;
fetch {
  ""actorName"": $a.name,
  ""genreCount"": $genre_count
};"
660,Which three users have rated the most diverse set of movies in terms of genres?,"MATCH (u:User)-[r:RATED]->(m:Movie)-[:IN_GENRE]->(g:Genre)
WITH u, COUNT(DISTINCT g.name) AS genreCount
ORDER BY genreCount DESC
LIMIT 3
RETURN u.name AS userName, genreCount","match
$u isa user;
rated (user: $u, film: $m);
in_genre (film: $m, genre: $g);
select $u, $g;
distinct;
reduce $genreCount = count($g) groupby $u;
sort $genreCount desc;
limit 3;
fetch {
  ""userName"": $u.name,
  ""genreCount"": $genreCount
};"
661,What are the first 3 movies with a revenue less than 1000 USD?,"MATCH (m:Movie)
WHERE m.revenue < 1000
RETURN m.title, m.revenue
ORDER BY m.released
LIMIT 3","match
$m isa movie, has revenue $rev, has released $rel;
$rev < 1000;
sort $rel;
limit 3;
fetch {
  ""title"": $m.title,
  ""revenue"": $rev
};"
662,List the top 3 movies with a significant plot twist mentioned in the plot.,"MATCH (m:Movie)
WHERE m.plot CONTAINS ""plot twist""
RETURN m.title, m.plot
ORDER BY m.imdbRating DESC
LIMIT 3","match
$m isa movie, has plot $p, has imdb_rating $r;
$p like "".*plot twist.*"";
sort $r desc;
limit 3;
fetch {
  ""title"": $m.title,
  ""plot"": $p
};"
663,Which three directors have the longest average movie runtime?,"MATCH (d:Director)-[:DIRECTED]->(m:Movie)
WITH d, avg(m.runtime) AS avgRuntime
ORDER BY avgRuntime DESC
LIMIT 3
RETURN d.name AS Director, avgRuntime AS AverageRuntime","match
$d isa person;
$m isa movie, has runtime $rt;
directed (director: $d, film: $m);
reduce $avg_runtime = mean($rt) groupby $d;
sort $avg_runtime desc;
limit 3;
fetch { ""Director"": $d.name, ""AverageRuntime"": $avg_runtime };"
664,What are the first 3 movies released in 'January'?,"MATCH (m:Movie)
WHERE m.released STARTS WITH '2023-01'
RETURN m.title, m.released
ORDER BY m.released
LIMIT 3","match
$m isa movie, has released $r, has title $t;
$r like ""2023-01.*"";
sort $r asc;
limit 3;
fetch {
  ""title"": $t,
  ""released"": $r
};"
665,List the top 3 actors who have acted in both 'Action' and 'Romance' genres.,"MATCH (a:Actor)-[:ACTED_IN]->(m1:Movie)-[:IN_GENRE]->(g1:Genre {name: 'Action'}),
      (a)-[:ACTED_IN]->(m2:Movie)-[:IN_GENRE]->(g2:Genre {name: 'Romance'})
WITH a, COUNT(DISTINCT m1) + COUNT(DISTINCT m2) AS movieCount
ORDER BY movieCount DESC
LIMIT 3
RETURN a.name AS actorName, movieCount","match
$a isa person;
$g_action isa genre, has name ""Action"";
$g_romance isa genre, has name ""Romance"";
acted_in (actor: $a, film: $m1);
in_genre (film: $m1, genre: $g_action);
acted_in (actor: $a, film: $m2);
in_genre (film: $m2, genre: $g_romance);
reduce $movieCount = count groupby $a;
sort $movieCount desc;
limit 3;
fetch { ""actorName"": $a.name };"
666,Which three users have rated the highest budget movies on average?,"MATCH (u:User)-[r:RATED]->(m:Movie)
WITH u, avg(m.budget) AS avgBudget
ORDER BY avgBudget DESC
LIMIT 3
RETURN u.name, avgBudget","match
$u isa user;
$m isa movie, has budget $b;
rated (user: $u, film: $m);
reduce $avg = mean($b) groupby $u;
sort $avg desc;
limit 3;
fetch {
  ""name"": $u.name,
  ""avgBudget"": $avg
};"
667,What are the first 3 movies with plots that involve a natural disaster?,"MATCH (m:Movie)
WHERE m.plot CONTAINS ""natural disaster""
RETURN m.title, m.plot
ORDER BY m.released
LIMIT 3","match
$m isa movie, has plot $p, has released $r;
$p like "".*natural disaster.*"";
sort $r asc;
limit 3;
fetch {
  ""title"": $m.title,
  ""plot"": $p
};"
668,List the top 3 directors who have worked with the most number of actors.,"MATCH (d:Director)-[:DIRECTED]->(m:Movie)<-[:ACTED_IN]-(a:Actor)
WITH d, COUNT(DISTINCT a) AS actorCount
ORDER BY actorCount DESC
LIMIT 3
RETURN d.name AS directorName, actorCount","match
$d isa person;
$m isa movie;
$a isa person;
directed (director: $d, film: $m);
acted_in (actor: $a, film: $m);
select $d, $a;
distinct;
reduce $actorCount = count($a) groupby $d;
sort $actorCount desc;
limit 3;
fetch {
  ""directorName"": $d.name,
  ""actorCount"": $actorCount
};"
669,Which three movies have the highest difference in revenue and budget?,"MATCH (m:Movie)
WITH m, (m.revenue - m.budget) AS profit
ORDER BY profit DESC
LIMIT 3
RETURN m.title AS title, m.revenue AS revenue, m.budget AS budget, profit","match
$m isa movie, has revenue $rev, has budget $bud, has title $title;
let $diff = $rev - $bud;
sort $diff desc;
limit 3;
fetch {
  ""title"": $title,
  ""revenue"": $rev,
  ""budget"": $bud,
  ""profit"": $diff
};"
670,What are the first 3 movies with an actor born before 1900?,"MATCH (a:Actor)-[:ACTED_IN]->(m:Movie)
WHERE a.born < date(""1900-01-01"")
RETURN m.title AS MovieTitle, m.year AS ReleaseYear
ORDER BY m.year ASC
LIMIT 3","match
$a isa person, has born $born;
$born < 1900-01-01;
acted_in (actor: $a, film: $m);
$m isa movie, has year $year;
sort $year asc;
limit 3;
fetch {
  ""MovieTitle"": $m.title,
  ""ReleaseYear"": $year
};"
671,List the top 3 users who have rated at least one movie in each genre available.,"MATCH (u:User)-[r:RATED]->(m:Movie)-[:IN_GENRE]->(g:Genre)
WITH u, collect(DISTINCT g.name) AS genresRated, count(DISTINCT g.name) AS genreCount
MATCH (g2:Genre)
WITH u, genresRated, genreCount, collect(DISTINCT g2.name) AS allGenres
WHERE genreCount = size(allGenres)
RETURN u.name AS userName, size(genresRated) AS genresRatedCount
ORDER BY genresRatedCount DESC
LIMIT 3","with fun user_genre_count($u: user) -> integer:
  match
    rated (user: $u, film: $m);
    in_genre (film: $m, genre: $g);
  select $g;
  distinct;
  return count;
match
  $u isa user;
  $g isa genre;
reduce $total_genres = count($g) groupby $u;
match
  let $user_genres = user_genre_count($u);
  $user_genres == $total_genres;
sort $user_genres desc;
limit 3;
fetch { ""userName"": $u.name, ""genresRatedCount"": $user_genres };"
672,Which three genres have the most movies with a runtime over 120 minutes?,"MATCH (m:Movie)-[:IN_GENRE]->(g:Genre)
WHERE m.runtime > 120
WITH g, count(m) AS movieCount
ORDER BY movieCount DESC
LIMIT 3
RETURN g.name AS genre, movieCount","match
  $m isa movie, has runtime $r;
  $r > 120;
  $g isa genre;
  in_genre (film: $m, genre: $g);
reduce $movieCount = count($m) groupby $g;
sort $movieCount desc;
limit 3;
fetch {
  ""genre"": $g.name,
  ""movieCount"": $movieCount
};"
673,What are the first 3 movies with an actor who has a biography mentioning 'model'?,"MATCH (a:Actor)-[:ACTED_IN]->(m:Movie)
WHERE a.bio CONTAINS 'model'
RETURN m.title AS MovieTitle
LIMIT 3","match
$a isa person, has bio $b;
$b like "".*model.*"";
acted_in (actor: $a, film: $m);
$m isa movie;
limit 3;
fetch {
  ""MovieTitle"": $m.title
};"
674,Which three directors have directed the most number of movies in a single year?,"MATCH (d:Director)-[:DIRECTED]->(m:Movie)
WITH d, m.year AS year, COUNT(m) AS movieCount
ORDER BY movieCount DESC
LIMIT 3
RETURN d.name AS directorName, year, movieCount","match
$d isa person;
$m isa movie, has year $y;
directed (director: $d, film: $m);
reduce $count = count($m) groupby $d, $y;
sort $count desc;
limit 3;
fetch {
  ""directorName"": $d.name,
  ""year"": $y,
  ""movieCount"": $count
};"
675,What are the first 3 movies with an IMDb rating above 7 and more than 100000 IMDb votes?,"MATCH (m:Movie)
WHERE m.imdbRating > 7 AND m.imdbVotes > 100000
RETURN m.title, m.imdbRating, m.imdbVotes
ORDER BY m.imdbRating DESC, m.imdbVotes DESC
LIMIT 3","match
$m isa movie, has imdb_rating $ir, has imdb_votes $iv;
$ir > 7.0;
$iv > 100000;
sort $ir desc, $iv desc;
limit 3;
fetch {
  ""title"": $m.title,
  ""imdb_rating"": $ir,
  ""imdb_votes"": $iv
};"
677,Which three movies have the smallest difference between IMDb rating and user rating?,"MATCH (m:Movie)<-[:RATED]-(u:User)
WITH m, AVG(u.rating) AS avgUserRating, m.imdbRating AS imdbRating
WITH m, abs(imdbRating - avgUserRating) AS ratingDifference
RETURN m.title AS movieTitle, ratingDifference
ORDER BY ratingDifference ASC
LIMIT 3","match
$m isa movie;
$rel isa rated (film: $m);
$rel has rating $r;
reduce $avg_rating = mean($r) groupby $m;
match
$m has imdb_rating $imdb;
let $diff = abs($imdb - $avg_rating);
sort $diff asc;
limit 3;
fetch {
  ""movieTitle"": $m.title,
  ""ratingDifference"": $diff
};"
678,List the first 3 actors who have acted in historical movies.,"MATCH (a:Actor)-[:ACTED_IN]->(m:Movie)-[:IN_GENRE]->(g:Genre {name: ""History""})
RETURN a.name
LIMIT 3","match
$a isa person;
$m isa movie;
$g isa genre, has name ""History"";
acted_in (actor: $a, film: $m);
in_genre (film: $m, genre: $g);
limit 3;
fetch {
  ""name"": $a.name
};"
679,What are the top 3 oldest movies in the database?,"MATCH (m:Movie)
RETURN m.title, m.year
ORDER BY m.year ASC
LIMIT 3","match
$m isa movie, has year $y;
sort $y;
limit 3;
fetch {
  ""title"": $m.title,
  ""year"": $y
};"
680,What are the first 3 movies with a plot mentioning 'family'?,"MATCH (m:Movie)
WHERE m.plot CONTAINS 'family'
RETURN m.title, m.plot
ORDER BY m.released
LIMIT 3","match
$m isa movie, has plot $plot, has released $released;
$plot like "".*family.*"";
sort $released asc;
limit 3;
fetch {
  ""title"": $m.title,
  ""plot"": $plot
};"
681,Which movies have a plot that includes the word 'love'?,"MATCH (m:Movie)
WHERE m.plot CONTAINS 'love'
RETURN m.title AS MovieTitle, m.plot AS Plot","match
$m isa movie, has plot $plot;
$plot like "".*love.*"";
fetch {
  ""MovieTitle"": $m.title,
  ""Plot"": $plot
};"
682,What are the top 5 movies with the highest number of countries involved?,"MATCH (m:Movie)
WITH m, size(m.countries) AS countryCount
ORDER BY countryCount DESC
LIMIT 5
RETURN m.title AS title, countryCount","with fun country_count($m: movie) -> integer:
  match $m has countries $c;
  return count;

match
$m isa movie;
let $ctry_count = country_count($m);
$ctry_count > 0;
sort $ctry_count desc;
limit 5;
fetch { ""title"": $m.title, ""numCountries"": $ctry_count };"
683,List the first 3 actors who have acted in a movie released before 1950.,"MATCH (a:Actor)-[:ACTED_IN]->(m:Movie)
WHERE m.released < ""1950-01-01""
RETURN a.name AS actorName, m.title AS movieTitle, m.released AS releaseDate
ORDER BY m.released
LIMIT 3","match
$a isa person;
$m isa movie, has released $rel;
acted_in (actor: $a, film: $m);
$rel < ""1950-01-01"";
sort $rel asc;
limit 3;
fetch {
  ""actorName"": $a.name,
  ""movieTitle"": $m.title,
  ""releaseDate"": $rel
};"
684,Which 5 directors have directed the most movies with budgets over 50 million?,"MATCH (d:Director)-[:DIRECTED]->(m:Movie)
WHERE m.budget > 50000000
RETURN d.name AS Director, COUNT(m) AS MovieCount
ORDER BY MovieCount DESC
LIMIT 5","match
$d isa person;
$m isa movie, has budget $b;
$b > 50000000;
directed (director: $d, film: $m);
reduce $count = count($m) groupby $d;
sort $count desc;
limit 5;
fetch {
  ""Director"": $d.name,
  ""MovieCount"": $count
};"
685,What are the first 3 movies with a plot containing the word 'friendship'?,"MATCH (m:Movie)
WHERE m.plot CONTAINS 'friendship'
RETURN m.title, m.plot
ORDER BY m.title
LIMIT 3","match
$m isa movie, has plot $plot, has title $title;
$plot like "".*friendship.*"";
sort $title;
limit 3;
fetch {
  ""title"": $m.title,
  ""plot"": $plot
};"
686,Which actors have a poster URL on IMDb? Limit to 5 actors.,"MATCH (a:Actor)
WHERE a.poster IS NOT NULL
RETURN a.name, a.poster
LIMIT 5","match
$a isa person, has poster $poster, has name $name;
acted_in (actor: $a);
limit 5;
fetch {
  ""name"": $name,
  ""poster"": $poster
};"
687,What are the first 3 movies directed by a person born in France?,"MATCH (p:Person)-[:DIRECTED]->(m:Movie)
WHERE p.bornIn = ""France""
RETURN m.title AS MovieTitle, m.released AS ReleaseDate
ORDER BY m.released
LIMIT 3","match
$p isa person, has born_in ""France"";
$m isa movie;
directed (director: $p, film: $m);
$m has released $rel;
sort $rel;
limit 3;
fetch {
  ""MovieTitle"": $m.title,
  ""ReleaseDate"": $rel
};"
688,List the top 5 movies with the lowest imdbVotes.,"MATCH (m:Movie)
RETURN m.title, m.imdbVotes
ORDER BY m.imdbVotes ASC
LIMIT 5","match
$m isa movie, has imdb_votes $v;
sort $v asc;
limit 5;
fetch {
  ""title"": $m.title,
  ""imdb_votes"": $v
};"
689,Which 3 users have the highest average movie rating?,"MATCH (u:User)-[r:RATED]->(m:Movie)
WITH u, AVG(r.rating) AS avgRating
ORDER BY avgRating DESC
LIMIT 3
RETURN u.name AS userName, avgRating","match
$u isa user, has name $n;
$r isa rated (user: $u, film: $m), has rating $rating;
reduce $avg = mean($rating) groupby $u;
sort $avg desc;
limit 3;
fetch {
  ""userName"": $u.name,
  ""avgRating"": $avg
};"
690,List 5 movies that have both English and French as languages.,"MATCH (m:Movie)
WHERE ""English"" IN m.languages AND ""French"" IN m.languages
RETURN m.title
LIMIT 5","match
$m isa movie, has languages $l, has title $t;
$l like "".*English.*"";
$l like "".*French.*"";
limit 5;
fetch {
  ""title"": $t
};"
691,What are the first 3 recent movies directed by directors born after 1970?,"MATCH (d:Director)-[:DIRECTED]->(m:Movie)
WHERE d.born > date(""1970-01-01"")
RETURN m.title AS MovieTitle, m.released AS ReleaseDate
ORDER BY m.released DESC
LIMIT 3","match
$d isa person, has born $b;
$b > 1970-01-01;
$m isa movie, has released $r;
directed (director: $d, film: $m);
sort $r desc;
limit 3;
fetch {
  ""MovieTitle"": $m.title,
  ""ReleaseDate"": $r
};"
692,Which movies have a revenue to budget ratio greater than 2? Limit to 5 movies.,"MATCH (m:Movie)
WHERE m.revenue / m.budget > 2
RETURN m.title, m.revenue, m.budget, m.revenue / m.budget AS ratio
ORDER BY ratio DESC
LIMIT 5","match
$m isa movie, has title $title, has revenue $rev, has budget $bud;
let $ratio = $rev / $bud;
$ratio > 2;
sort $ratio desc;
limit 5;
fetch {
  ""title"": $title,
  ""revenue"": $rev,
  ""budget"": $bud,
  ""ratio"": $ratio
};"
693,List the first 3 directors who have also acted in movies.,"MATCH (d:Director)-[:DIRECTED]->(m:Movie), (d)-[:ACTED_IN]->(m2:Movie)
RETURN DISTINCT d.name
LIMIT 3","match
$d isa person, has name $n;
directed (director: $d, film: $m);
acted_in (actor: $d, film: $m2);
select $n;
distinct;
limit 3;
fetch { ""name"": $n };"
694,What are the top 5 movies with the most languages spoken?,"MATCH (m:Movie)
WITH m, size(m.languages) AS numLanguages
ORDER BY numLanguages DESC
LIMIT 5
RETURN m.title AS title, numLanguages","with fun language_count($m: movie) -> integer:
  match $m has languages $l;
  return count;

match
$m isa movie;
let $lang_count = language_count($m);
$lang_count > 0;
sort $lang_count desc;
limit 5;
fetch { ""title"": $m.title, ""languageCount"": $lang_count };"
695,Which 3 movies have been rated by the most users?,"MATCH (u:User)-[r:RATED]->(m:Movie)
WITH m, COUNT(r) AS numRatings
ORDER BY numRatings DESC
LIMIT 3
RETURN m.title AS MovieTitle, numRatings AS NumberOfRatings","match
$m isa movie;
$r isa rated (user: $u, film: $m);
reduce $numRatings = count($r) groupby $m;
sort $numRatings desc;
limit 3;
fetch {
  ""MovieTitle"": $m.title,
  ""NumberOfRatings"": $numRatings
};"
696,List 5 actors who have acted in more than 10 movies.,"MATCH (a:Actor)-[:ACTED_IN]->(m:Movie)
WITH a, COUNT(m) AS movieCount
WHERE movieCount > 10
RETURN a.name AS actorName, movieCount
ORDER BY movieCount DESC
LIMIT 5","match
$a isa person;
acted_in (actor: $a, film: $m);
reduce $movieCount = count($m) groupby $a;
match
$movieCount > 10;
sort $movieCount desc;
limit 5;
fetch {
  ""actorName"": $a.name,
  ""movieCount"": $movieCount
};"
697,What are the top 3 genres by number of movies?,"MATCH (m:Movie)-[:IN_GENRE]->(g:Genre)
WITH g, count(m) as movieCount
RETURN g.name as genre, movieCount
ORDER BY movieCount DESC
LIMIT 3","match
$m isa movie;
$g isa genre;
in_genre (film: $m, genre: $g);
reduce $count = count($m) groupby $g;
sort $count desc;
limit 3;
fetch {
  ""genre"": $g.name,
  ""movieCount"": $count
};"
698,Which movies released after 2010 have a budget over 100 million? Limit to 5 movies.,"MATCH (m:Movie)
WHERE m.year > 2010 AND m.budget > 100000000
RETURN m.title, m.year, m.budget
LIMIT 5","match
$m isa movie, has year $y, has budget $b;
$y > 2010;
$b > 100000000;
limit 5;
fetch {
  ""title"": $m.title,
  ""year"": $y,
  ""budget"": $b
};"
699,List the first 3 directors born in the USA.,"MATCH (d:Director)
WHERE d.bornIn = ""USA""
RETURN d.name, d.bornIn
ORDER BY d.born
LIMIT 3","match
$d isa person, has born_in ""USA"", has born $b;
directed (director: $d);
sort $b;
limit 3;
fetch {
  ""name"": $d.name,
  ""born_in"": $d.born_in
};"
700,What are the top 5 longest movies by runtime?,"MATCH (m:Movie)
RETURN m.title AS title, m.runtime AS runtime
ORDER BY m.runtime DESC
LIMIT 5","match
$m isa movie, has runtime $rt;
sort $rt desc;
limit 5;
fetch {
  ""title"": $m.title,
  ""runtime"": $rt
};"
701,Which 3 users have rated the most movies?,"MATCH (u:User)-[r:RATED]->(m:Movie)
WITH u, COUNT(r) AS numRatings
ORDER BY numRatings DESC
LIMIT 3
RETURN u.name AS userName, numRatings","match
$u isa user;
$m isa movie;
$r isa rated (user: $u, film: $m);
reduce $numRatings = count($r) groupby $u;
sort $numRatings desc;
limit 3;
fetch {
  ""userName"": $u.name,
  ""numRatings"": $numRatings
};"
702,Which 5 movies have the highest imdbRating?,"MATCH (m:Movie)
RETURN m.title, m.imdbRating
ORDER BY m.imdbRating DESC
LIMIT 5","match
$m isa movie, has imdb_rating $r;
sort $r desc;
limit 5;
fetch {
  ""title"": $m.title,
  ""imdbRating"": $r
};"
704,List the first 3 actors born in France.,"MATCH (a:Actor)
WHERE a.bornIn = ""France""
RETURN a.name
ORDER BY a.born
LIMIT 3","match
$a isa person, has born_in ""France"", has born $b;
acted_in (actor: $a);
sort $b asc;
limit 3;
fetch {
  ""name"": $a.name
};"
705,Which 5 movies have the most detailed (longest) plots?,"MATCH (m:Movie)
RETURN m.title, m.plot
ORDER BY size(m.plot) DESC
LIMIT 5","match
$m isa movie, has plot $plot;
let $len = len($plot);
sort $len desc;
limit 5;
fetch {
  ""title"": $m.title,
  ""plot"": $plot
};"
706,Which actors have directed a movie they acted in? Limit to 5 actors.,"MATCH (a:Actor)-[:ACTED_IN]->(m:Movie)<-[:DIRECTED]-(a)
RETURN a.name AS actorName
LIMIT 5","match
$a isa person;
$m isa movie;
acted_in (actor: $a, film: $m);
directed (director: $a, film: $m);
limit 5;
fetch {
  ""actorName"": $a.name
};"
707,Find all movies that have been acted in by an actor born before 1950.,"MATCH (a:Actor)-[:ACTED_IN]->(m:Movie)
WHERE a.born < date('1950-01-01')
RETURN m.title AS MovieTitle, a.name AS ActorName","match
$a isa person, has born $b;
$b < 1950-01-01;
$m isa movie;
acted_in (actor: $a, film: $m);
fetch {
  ""MovieTitle"": $m.title,
  ""ActorName"": $a.name
};"
708,List the first 3 actors who have a tmdbId but no imdbId.,"MATCH (a:Actor)
WHERE a.tmdbId IS NOT NULL AND a.imdbId IS NULL
RETURN a.name, a.tmdbId
LIMIT 3","match
$a isa person, has tmdb_id $t;
acted_in (actor: $a);
not { $a has imdb_id $i; };
select $a, $t;
distinct;
limit 3;
fetch { ""name"": $a.name, ""tmdb_id"": $t };"
709,What are the top 5 movies with the longest plots?,"MATCH (m:Movie)
RETURN m.title AS title, m.plot AS plot
ORDER BY size(m.plot) DESC
LIMIT 5","match
$m isa movie, has title $title, has plot $plot;
let $len = len($plot);
sort $len desc;
limit 5;
fetch {
  ""title"": $title,
  ""plot"": $plot
};"
710,List the first 3 movies with exactly three languages spoken.,"MATCH (m:Movie)
WHERE size(m.languages) = 3
RETURN m.title AS title, m.languages AS languages
ORDER BY m.title
LIMIT 3","with fun language_count($m: movie) -> integer:
  match $m has languages $l;
  return count;

match
$m isa movie;
let $lang_count = language_count($m);
$lang_count == 3;
limit 3;
fetch { ""title"": $m.title };"
711,Which 3 directors were born in the same country they directed their first movie?,"MATCH (d:Director)-[:DIRECTED]->(m:Movie)
WITH d, m
ORDER BY m.year ASC
WITH d, collect(m)[0] AS first_movie
WHERE d.bornIn IS NOT NULL AND d.bornIn = first_movie.countries[0]
RETURN d.name AS DirectorName, d.bornIn AS Country
LIMIT 3","with fun first_movie_year($d: person) -> integer:
  match 
    directed (director: $d, film: $m);
    $m has year $y;
  return min($y);
match
$d isa person, has born_in $b, has name $n;
directed (director: $d, film: $m);
$m has countries $c, has year $y, has title $t;
$b == $c;
let $first_year = first_movie_year($d);
$y == $first_year;
sort $y asc;
limit 3;
fetch { ""director"": $n, ""bornCountry"": $b, ""firstMovie"": $t };"
712,List the top 5 movies that have been rated the lowest by users.,"MATCH (:User)-[r:RATED]->(m:Movie)
RETURN m.title AS title, AVG(r.rating) AS avgRating
ORDER BY avgRating ASC
LIMIT 5","match
$m isa movie;
$rel isa rated (user: $u, film: $m);
$rel has rating $r;
reduce $avg_rating = mean($r) groupby $m;
sort $avg_rating asc;
limit 5;
fetch { ""title"": $m.title, ""avgRating"": $avg_rating };"
713,What are the top 5 movies that have the most votes on IMDb?,"MATCH (m:Movie)
RETURN m.title AS title, m.imdbVotes AS votes
ORDER BY m.imdbVotes DESC
LIMIT 5","match
$m isa movie, has imdb_votes $votes;
sort $votes desc;
limit 5;
fetch {
  ""title"": $m.title,
  ""votes"": $votes
};"
714,List the first 3 directors who died after 2000.,"MATCH (d:Director)
WHERE d.died > date(""2000-01-01"")
RETURN d.name, d.died
ORDER BY d.died
LIMIT 3","match
$d isa person, has died $d_died;
directed (director: $d);
$d_died > 2000-01-01;
sort $d_died asc;
limit 3;
fetch {
  ""name"": $d.name,
  ""died"": $d_died
};"
715,Which 5 movies have the highest average user rating? Limit to movies rated by at least 10 users.,"MATCH (m:Movie)<-[r:RATED]-(:User)
WITH m, avg(r.rating) AS avgRating, count(r) AS numRatings
WHERE numRatings >= 10
RETURN m.title AS movieTitle, avgRating
ORDER BY avgRating DESC
LIMIT 5","match
$m isa movie;
$rel isa rated (user: $u, film: $m);
reduce $count = count($rel) groupby $m;
match $count >= 10;
$rel2 isa rated (film: $m);
$rel2 has rating $r;
reduce $avg = mean($r) groupby $m;
sort $avg desc;
limit 5;
fetch { ""movieTitle"": $m.title, ""avgRating"": $avg };"
716,What are the first 3 most recently released movies with a revenue under 10 million?,"MATCH (m:Movie)
WHERE m.revenue < 10000000
RETURN m.title, m.released
ORDER BY m.released DESC
LIMIT 3","match
$m isa movie, has revenue $rev, has released $rel, has title $title;
$rev < 10000000;
sort $rel desc;
limit 3;
fetch {
  ""title"": $title,
  ""released"": $rel
};"
717,List the top 5 actors by number of different genres they've acted in.,"MATCH (a:Actor)-[:ACTED_IN]->(m:Movie)-[:IN_GENRE]->(g:Genre)
WITH a, count(DISTINCT g) AS genreCount
ORDER BY genreCount DESC
LIMIT 5
RETURN a.name AS actorName, genreCount","match
$a isa person;
acted_in (actor: $a, film: $m);
in_genre (film: $m, genre: $g);
select $a, $g;
distinct;
reduce $genre_count = count($g) groupby $a;
sort $genre_count desc;
limit 5;
fetch { ""actorName"": $a.name, ""genreCount"": $genre_count };"
718,Which 5 users have rated movies in the most diverse set of genres?,"MATCH (u:User)-[r:RATED]->(m:Movie)-[:IN_GENRE]->(g:Genre)
WITH u, collect(DISTINCT g.name) AS genres
RETURN u.name, size(genres) AS genre_count
ORDER BY genre_count DESC
LIMIT 5","match
$u isa user, has name $uname;
rated (user: $u, film: $m);
in_genre (film: $m, genre: $g);
select $u, $uname, $g;
distinct;
reduce $genre_count = count($g) groupby $u, $uname;
sort $genre_count desc;
limit 5;
fetch {
  ""name"": $uname,
  ""genre_count"": $genre_count
};"
719,List the first 3 movies that have been directed by more than one director.,"MATCH (m:Movie)<-[:DIRECTED]-(d:Director)
WITH m, COUNT(d) AS directorCount
WHERE directorCount > 1
RETURN m.title AS movieTitle
ORDER BY m.title
LIMIT 3","match
$m isa movie, has title $t;
$d isa person;
directed (director: $d, film: $m);
reduce $count = count($d) groupby $m, $t;
match
$count > 1;
sort $t;
limit 3;
fetch {
  ""movieTitle"": $t
};"
720,Which 5 movies have been rated exactly 5 times by users?,"MATCH (m:Movie)<-[:RATED]-(u:User)
WITH m, COUNT(u) AS ratingCount
WHERE ratingCount = 5
RETURN m.title AS movieTitle
LIMIT 5","match
$m isa movie;
$u isa user;
rated (user: $u, film: $m);
reduce $count = count($u) groupby $m;
match
$count == 5;
limit 5;
fetch { ""movieTitle"": $m.title };"
721,What are the first 3 movies with a runtime less than 90 minutes and an imdbRating over 7?,"MATCH (m:Movie)
WHERE m.runtime < 90 AND m.imdbRating > 7
RETURN m.title, m.runtime, m.imdbRating
ORDER BY m.title
LIMIT 3","match
$m isa movie, has runtime $rt, has imdb_rating $ir, has title $t;
$rt < 90;
$ir > 7.0;
sort $t;
limit 3;
fetch {
  ""title"": $t,
  ""runtime"": $rt,
  ""imdbRating"": $ir
};"
722,List the top 5 directors by number of movies directed in the 1990s.,"MATCH (d:Director)-[:DIRECTED]->(m:Movie)
WHERE m.year >= 1990 AND m.year < 2000
WITH d, count(m) AS moviesDirected
ORDER BY moviesDirected DESC
LIMIT 5
RETURN d.name AS directorName, moviesDirected","match
$d isa person;
$m isa movie, has year $y;
directed (director: $d, film: $m);
$y >= 1990;
$y < 2000;
reduce $count = count($m) groupby $d;
sort $count desc;
limit 5;
fetch {
  ""directorName"": $d.name,
  ""moviesDirected"": $count
};"
723,Which 5 movies have the most actors involved?,"MATCH (m:Movie)<-[:ACTED_IN]-(a:Actor)
WITH m, COUNT(a) AS actorCount
ORDER BY actorCount DESC
LIMIT 5
RETURN m.title AS movieTitle, actorCount","match
$m isa movie;
$a isa person;
acted_in (actor: $a, film: $m);
reduce $actorCount = count($a) groupby $m;
sort $actorCount desc;
limit 5;
fetch {
  ""movieTitle"": $m.title,
  ""actorCount"": $actorCount
};"
724,List the first 3 movies with the highest budget to revenue ratio.,"MATCH (m:Movie)
WHERE m.budget > 0 AND m.revenue > 0
WITH m, (toFloat(m.budget) / toFloat(m.revenue)) AS budget_to_revenue_ratio
RETURN m.title, m.budget, m.revenue, budget_to_revenue_ratio
ORDER BY budget_to_revenue_ratio DESC
LIMIT 3","match
$m isa movie, has budget $b, has revenue $r, has title $t;
$b > 0;
$r > 0;
let $ratio = $b / $r;
sort $ratio desc;
limit 3;
fetch {
  ""title"": $t,
  ""budget"": $b,
  ""revenue"": $r,
  ""budget_to_revenue_ratio"": $ratio
};"
725,Which 5 directors have the longest bios on their profile?,"MATCH (d:Director)
RETURN d.name, d.bio
ORDER BY size(d.bio) DESC
LIMIT 5","match
$d isa person, has bio $bio;
directed (director: $d);
let $len = len($bio);
sort $len desc;
limit 5;
fetch { ""name"": $d.name, ""bio"": $bio };"
726,What are the first 3 movies with an imdbRating greater than 8.5?,"MATCH (m:Movie)
WHERE m.imdbRating > 8.5
RETURN m.title, m.imdbRating
ORDER BY m.imdbRating DESC
LIMIT 3","match
$m isa movie, has imdb_rating $ir;
$ir > 8.5;
sort $ir desc;
limit 3;
fetch {
  ""title"": $m.title,
  ""imdbRating"": $ir
};"
727,List the top 5 highest-grossing movies of 2014.,"MATCH (m:Movie)
WHERE m.year = 2014
RETURN m.title AS title, m.revenue AS revenue
ORDER BY m.revenue DESC
LIMIT 5","match
$m isa movie, has year 2014, has revenue $rev;
sort $rev desc;
limit 5;
fetch {
  ""title"": $m.title,
  ""revenue"": $rev
};"
728,What are the first 3 movies where a director has also acted?,"MATCH (d:Director)-[:DIRECTED]->(m:Movie)<-[:ACTED_IN]-(d)
RETURN m.title AS MovieTitle, d.name AS DirectorName
LIMIT 3","match
$d isa person;
$m isa movie;
directed (director: $d, film: $m);
acted_in (actor: $d, film: $m);
limit 3;
fetch {
  ""MovieTitle"": $m.title,
  ""DirectorName"": $d.name
};"
729,What are the top 5 movies by revenue?,"MATCH (m:Movie)
RETURN m.title AS title, m.revenue AS revenue
ORDER BY m.revenue DESC
LIMIT 5","match
$m isa movie, has revenue $rev;
sort $rev desc;
limit 5;
fetch {
  ""title"": $m.title,
  ""revenue"": $rev
};"
730,What are the first 3 movies with a poster URL from tmdb?,"MATCH (m:Movie)
WHERE m.poster STARTS WITH ""https://image.tmdb.org/t/p/""
RETURN m.title, m.poster
LIMIT 3","match
$m isa movie, has poster $poster;
$poster like ""https://image\\.tmdb\\.org/t/p/.*"";
limit 3;
fetch {
  ""title"": $m.title,
  ""poster"": $poster
};"
731,Which movies have been directed by directors who have also acted in movies?,"MATCH (d:Director)-[:DIRECTED]->(m:Movie)
MATCH (d)-[:ACTED_IN]->(m2:Movie)
RETURN DISTINCT m.title AS MovieTitle","match
$d isa person;
directed (director: $d, film: $m);
acted_in (actor: $d, film: $m2);
$m isa movie;
$m2 isa movie;
select $m;
distinct;
fetch {
  ""MovieTitle"": $m.title
};"
732,Which movies have posters featuring a blue background (assuming there's a way to determine background color from the poster URL)?,"MATCH (m:Movie)
WHERE m.poster CONTAINS ""blue""
RETURN m.title, m.poster","match
$m isa movie, has poster $p;
$p like "".*blue.*"";
fetch {
  ""title"": $m.title,
  ""poster"": $p
};"
734,List all movies that have been released on Christmas Day.,"MATCH (m:Movie)
WHERE m.released = ""1995-12-25""
RETURN m.title AS title, m.released AS release_date","match
$m isa movie, has released ""1995-12-25"";
fetch {
  ""title"": $m.title,
  ""release_date"": $m.released
};"
735,Which actors have acted in movies that have a plot mentioning 'adventure'?,"MATCH (a:Actor)-[:ACTED_IN]->(m:Movie)
WHERE m.plot CONTAINS 'adventure'
RETURN DISTINCT a.name","match
$a isa person;
$m isa movie, has plot $p;
acted_in (actor: $a, film: $m);
$p like "".*adventure.*"";
select $a;
distinct;
fetch { ""name"": $a.name };"
736,Find all movies that have a movieId starting with '1' and have been rated by at least one user.,"MATCH (m:Movie)-[:RATED]->(u:User)
WHERE m.movieId STARTS WITH '1'
RETURN DISTINCT m.title, m.movieId","match
$m isa movie, has movie_id $mid, has title $t;
rated (user: $u, film: $m);
$mid like ""1.*"";
select $t, $mid;
distinct;
fetch {
  ""title"": $t,
  ""movieId"": $mid
};"
737,What are the top 5 movies with the highest IMDb rating that have been directed by the same director?,"MATCH (d:Director)-[:DIRECTED]->(m:Movie)
WITH d, m
ORDER BY m.imdbRating DESC
WITH d, collect(m) AS movies
WHERE size(movies) > 1
UNWIND movies AS movie
RETURN movie.title AS title, movie.imdbRating AS rating, d.name AS director
ORDER BY rating DESC
LIMIT 5","match
$d isa person;
directed (director: $d, film: $m);
reduce $count = count($m) groupby $d;
match $count > 1;
directed (director: $d, film: $movie);
$movie has imdb_rating $rating;
$movie has title $title;
$d has name $dname;
sort $rating desc;
limit 5;
fetch {
  ""title"": $title,
  ""rating"": $rating,
  ""director"": $dname
};"
738,Which directors have directed both a comedy and a drama movie?,"MATCH (d:Director)-[:DIRECTED]->(m1:Movie)-[:IN_GENRE]->(g1:Genre {name: ""Comedy""}),
      (d)-[:DIRECTED]->(m2:Movie)-[:IN_GENRE]->(g2:Genre {name: ""Drama""})
RETURN DISTINCT d.name","match
$d isa person;
$m1 isa movie;
$m2 isa movie;
$g1 isa genre, has name ""Comedy"";
$g2 isa genre, has name ""Drama"";
directed (director: $d, film: $m1);
in_genre (film: $m1, genre: $g1);
directed (director: $d, film: $m2);
in_genre (film: $m2, genre: $g2);
select $d;
distinct;
fetch {
  ""name"": $d.name
};"
739,What are the top 3 movies with the longest runtime?,"MATCH (m:Movie)
RETURN m.title, m.runtime
ORDER BY m.runtime DESC
LIMIT 3","match
$m isa movie, has runtime $r;
sort $r desc;
limit 3;
fetch {
  ""title"": $m.title,
  ""runtime"": $r
};"
740,Which movies have been rated by users named 'John Smith'?,"MATCH (u:User {name: 'John Smith'})-[:RATED]->(m:Movie)
RETURN m.title AS MovieTitle, m.url AS MovieURL","match
$u isa user, has name ""John Smith"";
rated (user: $u, film: $m);
$m isa movie;
fetch {
  ""MovieTitle"": $m.title,
  ""MovieURL"": $m.url
};"
741,List all movies that have an IMDb rating and were released in the year 2000.,"MATCH (m:Movie)
WHERE m.imdbRating IS NOT NULL AND m.year = 2000
RETURN m.title AS title, m.imdbRating AS imdbRating, m.released AS released","match
$m isa movie, has imdb_rating $ir, has year 2000;
fetch {
  ""title"": $m.title,
  ""imdbRating"": $ir,
  ""released"": $m.released
};"
742,Find all directors who have directed a movie in their country of birth.,"MATCH (d:Director)-[:DIRECTED]->(m:Movie)
WHERE d.bornIn IN m.countries
RETURN d.name AS DirectorName, m.title AS MovieTitle, d.bornIn AS CountryOfBirth","match
$d isa person, has born_in $bi;
$m isa movie, has countries $c;
directed (director: $d, film: $m);
$bi == $c;
fetch {
  ""DirectorName"": $d.name,
  ""MovieTitle"": $m.title,
  ""CountryOfBirth"": $bi
};"
743,What are the top 3 movies with the most countries listed in their release?,"MATCH (m:Movie)
RETURN m.title AS title, size(m.countries) AS countryCount
ORDER BY countryCount DESC
LIMIT 3","with fun country_count($m: movie) -> integer:
  match $m has countries $c;
  return count;

match
$m isa movie;
let $ctry_count = country_count($m);
$ctry_count > 0;
sort $ctry_count desc;
limit 3;
fetch { ""title"": $m.title, ""numCountries"": $ctry_count };"
744,List all movies with a revenue greater than 1 billion dollars.,"MATCH (m:Movie)
WHERE m.revenue > 1000000000
RETURN m.title AS title, m.revenue AS revenue","match
$m isa movie, has revenue $rev;
$rev > 1000000000;
fetch {
  ""title"": $m.title,
  ""revenue"": $rev
};"
745,Which actors have a biography mentioning 'Broadway'?,"MATCH (a:Actor)
WHERE a.bio CONTAINS 'Broadway'
RETURN a.name, a.bio","match
$a isa person, has bio $b, has name $n;
$b like "".*Broadway.*"";
fetch {
  ""name"": $n,
  ""bio"": $b
};"
746,Find all users who have rated movies from more than three different genres.,"MATCH (u:User)-[:RATED]->(m:Movie)-[:IN_GENRE]->(g:Genre)
WITH u, COUNT(DISTINCT g) AS genreCount
WHERE genreCount > 3
RETURN u.name AS userName, genreCount","match
$u isa user;
rated (user: $u, film: $m);
in_genre (film: $m, genre: $g);
select $u, $g;
distinct;
reduce $genreCount = count($g) groupby $u;
match
$genreCount > 3;
$u has name $userName;
fetch {
  ""userName"": $userName,
  ""genreCount"": $genreCount
};"
747,List all movies that have a revenue greater than 100 million dollars and have been rated by more than 500 users.,"MATCH (m:Movie)
WHERE m.revenue > 100000000
WITH m
MATCH (u:User)-[r:RATED]->(m)
WITH m, count(r) as userCount
WHERE userCount > 500
RETURN m.title AS MovieTitle, m.revenue AS Revenue, userCount AS NumberOfRatings","match
$m isa movie, has revenue $rev, has title $title;
$rev > 100000000;
$rel isa rated (user: $u, film: $m);
reduce $count = count($u) groupby $m, $title, $rev;
match
$count > 500;
fetch {
  ""MovieTitle"": $title,
  ""Revenue"": $rev,
  ""NumberOfRatings"": $count
};"
748,What are the top 5 movies by number of languages spoken in them?,"MATCH (m:Movie)
RETURN m.title AS title, size(m.languages) AS numLanguages
ORDER BY numLanguages DESC
LIMIT 5","with fun language_count($m: movie) -> integer:
  match $m has languages $l;
  return count;

match
$m isa movie;
let $lang_count = language_count($m);
$lang_count > 0;
sort $lang_count desc;
limit 5;
fetch { ""title"": $m.title, ""languageCount"": $lang_count };"
749,List all movies that have been directed by a person who died before 2000.,"MATCH (d:Director)-[:DIRECTED]->(m:Movie)
WHERE d.died < date(""2000-01-01"")
RETURN m.title AS MovieTitle, d.name AS DirectorName","match
$d isa person, has died $died;
$died < 2000-01-01;
$m isa movie;
directed (director: $d, film: $m);
fetch {
  ""MovieTitle"": $m.title,
  ""DirectorName"": $d.name
};"
750,Find all movies that feature an actor born in Canada.,"MATCH (a:Actor)-[:ACTED_IN]->(m:Movie)
WHERE a.bornIn = ""Canada""
RETURN m.title AS MovieTitle, m.year AS ReleaseYear, a.name AS ActorName","match
$a isa person, has born_in ""Canada"";
$m isa movie;
acted_in (actor: $a, film: $m);
fetch {
  ""MovieTitle"": $m.title,
  ""ReleaseYear"": $m.year,
  ""ActorName"": $a.name
};"
751,Find all actors who have acted in a movie that has an IMDb rating of 9 or higher.,"MATCH (a:Actor)-[:ACTED_IN]->(m:Movie)
WHERE m.imdbRating >= 9
RETURN a.name AS ActorName, m.title AS MovieTitle, m.imdbRating AS IMDbRating","match
$a isa person;
$m isa movie, has imdb_rating $ir;
$ir >= 9.0;
acted_in (actor: $a, film: $m);
fetch {
  ""ActorName"": $a.name,
  ""MovieTitle"": $m.title,
  ""IMDbRating"": $ir
};"
752,Which movies have actors who have also directed a movie?,"MATCH (a:Actor)-[:ACTED_IN]->(m:Movie)
MATCH (a)-[:DIRECTED]->(m2:Movie)
RETURN DISTINCT m.title AS MovieTitle","match
$a isa person;
acted_in (actor: $a, film: $m);
directed (director: $a, film: $m2);
$m isa movie;
$m2 isa movie;
select $m;
distinct;
fetch {
  ""MovieTitle"": $m.title
};"
753,List all genres associated with movies that have a runtime less than 80 minutes.,"MATCH (m:Movie)-[:IN_GENRE]->(g:Genre)
WHERE m.runtime < 80
RETURN DISTINCT g.name AS genre","match $m isa movie, has runtime $r; $r < 80; in_genre (film: $m, genre: $g); select $g; distinct; fetch { ""genre"": $g.name };"
754,Which movies have a plot that includes the word 'escape'?,"MATCH (m:Movie)
WHERE m.plot CONTAINS 'escape'
RETURN m.title, m.plot","match
$m isa movie, has plot $p, has title $t;
$p like "".*escape.*"";
fetch {
  ""title"": $t,
  ""plot"": $p
};"
755,Find all actors who have acted in movies that have been released on New Year's Day.,"MATCH (a:Actor)-[:ACTED_IN]->(m:Movie)
WHERE m.released ENDS WITH ""-01-01""
RETURN DISTINCT a.name","match
$a isa person, has name $n;
$m isa movie, has released $r;
$r like "".*-01-01"";
acted_in (actor: $a, film: $m);
select $n;
distinct;
fetch { ""name"": $n };"
756,Which movies have a plot that includes the word 'monster'?,"MATCH (m:Movie)
WHERE m.plot CONTAINS 'monster'
RETURN m.title AS MovieTitle, m.plot AS Plot","match
$m isa movie, has plot $plot;
$plot like "".*monster.*"";
fetch {
  ""MovieTitle"": $m.title,
  ""Plot"": $plot
};"
757,Find all movies with an IMDb rating less than 5 that have been directed by a director born in the USA.,"MATCH (d:Director)-[:DIRECTED]->(m:Movie)
WHERE d.bornIn = ""USA"" AND m.imdbRating < 5
RETURN m.title AS MovieTitle, m.imdbRating AS IMDbRating, d.name AS DirectorName","match
$d isa person, has born_in ""USA"";
$m isa movie, has imdb_rating $ir;
$ir < 5.0;
directed (director: $d, film: $m);
fetch {
  ""MovieTitle"": $m.title,
  ""IMDbRating"": $ir,
  ""DirectorName"": $d.name
};"
758,List all movies that have been rated by at least 5 different users.,"MATCH (m:Movie)<-[:RATED]-(u:User)
WITH m, COUNT(DISTINCT u) AS userCount
WHERE userCount >= 5
RETURN m.title AS MovieTitle, userCount","match
$m isa movie;
$u isa user;
rated (user: $u, film: $m);
select $m, $u;
distinct;
reduce $userCount = count($u) groupby $m;
match
$userCount >= 5;
fetch {
  ""MovieTitle"": $m.title,
  ""userCount"": $userCount
};"
759,List all movies that have been acted in by an actor who has also directed a movie.,"MATCH (actor:Actor)-[:ACTED_IN]->(movie:Movie)
MATCH (actor)-[:DIRECTED]->(directedMovie:Movie)
RETURN DISTINCT movie.title AS MovieTitle","match
$actor isa person;
$movie isa movie;
acted_in (actor: $actor, film: $movie);
directed (director: $actor, film: $directed_movie);
$directed_movie isa movie;
select $movie;
distinct;
fetch { ""MovieTitle"": $movie.title };"
760,Find all directors who have directed a movie in a language other than English.,"MATCH (d:Director)-[:DIRECTED]->(m:Movie)
WHERE NOT ""English"" IN m.languages
RETURN DISTINCT d.name","match
$d isa person;
$m isa movie, has languages $l;
directed (director: $d, film: $m);
not { $l like "".*English.*""; };
$d has name $n;
select $n;
distinct;
fetch { ""name"": $n };"
761,What are the top 3 movies with the highest number of countries involved in their production?,"MATCH (m:Movie)
RETURN m.title AS title, size(m.countries) AS countryCount
ORDER BY countryCount DESC
LIMIT 3","with fun country_count($m: movie) -> integer:
  match $m has countries $c;
  return count;

match
$m isa movie;
let $ctry_count = country_count($m);
$ctry_count > 0;
sort $ctry_count desc;
limit 3;
fetch { ""title"": $m.title, ""numCountries"": $ctry_count };"
762,List all actors who have a poster URL that includes 'smile' in it.,"MATCH (a:Actor)
WHERE a.poster CONTAINS 'smile'
RETURN a.name, a.poster","match
$a isa person, has poster $p, has name $n;
$p like "".*smile.*"";
fetch {
  ""name"": $n,
  ""poster"": $p
};"
763,Which directors have directed a movie that has been rated below 3.0?,"MATCH (d:Director)-[:DIRECTED]->(m:Movie)<-[:RATED]-(u:User)
WHERE u.rating < 3.0
RETURN DISTINCT d.name","match
$d isa person;
directed (director: $d, film: $m);
$r isa rated (user: $u, film: $m);
$r has rating $rating;
$rating < 3.0;
select $d;
distinct;
fetch {
  ""name"": $d.name
};"
764,List all movies that have a language list including Japanese.,"MATCH (m:Movie)
WHERE ""Japanese"" IN m.languages
RETURN m.title AS title, m.languages AS languages","match
$m isa movie, has languages $l, has title $t;
$l like "".*Japanese.*"";
fetch {
  ""title"": $t,
  ""languages"": $l
};"
765,Which actors have the longest bio in the database?,"MATCH (a:Actor)
RETURN a.name, a.bio
ORDER BY size(a.bio) DESC
LIMIT 1","match
$a isa person, has bio $b;
acted_in (actor: $a);
let $len = len($b);
sort $len desc;
limit 1;
fetch {
  ""name"": $a.name,
  ""bio"": $b
};"
766,Which movies have been rated the highest by users who have rated over 100 movies?,"MATCH (u:User)-[r:RATED]->(m:Movie)
WITH u, COUNT(r) AS numRatings
WHERE numRatings > 100
MATCH (u)-[r:RATED]->(m:Movie)
RETURN m.title AS MovieTitle, AVG(r.rating) AS AverageRating
ORDER BY AverageRating DESC
LIMIT 10","match
  $u isa user;
  $rel isa rated (user: $u, film: $m);
reduce $numRatings = count($rel) groupby $u;
match $numRatings > 100;
match $rel2 isa rated (user: $u, film: $m2);
$rel2 has rating $r2;
reduce $avgRating = mean($r2) groupby $m2;
sort $avgRating desc;
limit 10;
fetch { ""MovieTitle"": $m2.title, ""AverageRating"": $avgRating };"
767,Find all movies that have a plot mentioning 'hero'.,"MATCH (m:Movie)
WHERE m.plot CONTAINS 'hero'
RETURN m.title, m.plot","match
$m isa movie, has plot $plot, has title $title;
$plot like "".*hero.*"";
fetch {
  ""title"": $title,
  ""plot"": $plot
};"
768,List the top 5 oldest directors in the database.,"MATCH (d:Director)
RETURN d.name, d.born
ORDER BY d.born ASC
LIMIT 5","match
$d isa person, has born $b;
directed (director: $d);
select $d, $b;
distinct;
sort $b asc;
limit 5;
fetch {
  ""name"": $d.name,
  ""born"": $b
};"
769,Which movies have been acted in by more than 10 different actors?,"MATCH (m:Movie)<-[:ACTED_IN]-(a:Actor)
WITH m, COUNT(DISTINCT a) AS actorCount
WHERE actorCount > 10
RETURN m.title AS movieTitle, actorCount","match
$m isa movie;
$a isa person;
acted_in (actor: $a, film: $m);
select $m, $a;
distinct;
reduce $count = count($a) groupby $m;
match $count > 10;
$m has title $title;
fetch { ""movieTitle"": $title, ""actorCount"": $count };"
770,Find all movies where the director has directed more than 5 movies.,"MATCH (d:Director)-[:DIRECTED]->(m:Movie)
WITH d, COUNT(m) AS movieCount
WHERE movieCount > 5
MATCH (d)-[:DIRECTED]->(m:Movie)
RETURN d.name AS Director, m.title AS MovieTitle","match
$d isa person;
directed (director: $d, film: $m);
$m isa movie;
reduce $movie_count = count($m) groupby $d;
match
$movie_count > 5;
directed (director: $d, film: $m2);
$m2 isa movie;
fetch {
  ""Director"": $d.name,
  ""MovieTitle"": $m2.title
};"
771,What are the top 3 movies with the lowest IMDb votes?,"MATCH (m:Movie)
RETURN m.title, m.imdbVotes
ORDER BY m.imdbVotes ASC
LIMIT 3","match
$m isa movie, has imdb_votes $v;
sort $v asc;
limit 3;
fetch {
  ""title"": $m.title,
  ""imdb_votes"": $v
};"
772,List all movies that have a director who has also acted in a movie.,"MATCH (director:Director)-[:DIRECTED]->(movie:Movie)
MATCH (director)-[:ACTED_IN]->(actedMovie:Movie)
RETURN DISTINCT movie.title AS MovieTitle","match
$director isa person;
directed (director: $director, film: $movie);
acted_in (actor: $director, film: $actedMovie);
select $movie;
distinct;
fetch {
  ""MovieTitle"": $movie.title
};"
773,Which actors have worked in a movie with a director from the same country?,"MATCH (a:Actor)-[:ACTED_IN]->(m:Movie)<-[:DIRECTED]-(d:Director)
WHERE a.bornIn = d.bornIn
RETURN DISTINCT a.name AS ActorName, d.name AS DirectorName, a.bornIn AS Country","match
$a isa person, has name $an, has born_in $country;
$d isa person, has name $dn, has born_in $country;
$m isa movie;
acted_in (actor: $a, film: $m);
directed (director: $d, film: $m);
select $an, $dn, $country;
distinct;
fetch {
  ""ActorName"": $an,
  ""DirectorName"": $dn,
  ""Country"": $country
};"
774,Find the top 5 movies with the highest revenue that were released in the 1990s.,"MATCH (m:Movie)
WHERE m.released >= ""1990-01-01"" AND m.released < ""2000-01-01""
RETURN m.title, m.revenue
ORDER BY m.revenue DESC
LIMIT 5","match
$m isa movie, has year $y, has revenue $r;
$y >= 1990;
$y < 2000;
sort $r desc;
limit 5;
fetch {
  ""title"": $m.title,
  ""revenue"": $r
};"
