original_index,question,cypher,typeql
0,What are the most common addresses used by entities?,"MATCH (e:Entity)-[:registered_address]->(a:Address)
RETURN a.address, COUNT(e) AS entity_count
ORDER BY entity_count DESC
LIMIT 10","match
$e isa offshore_entity;
registered_address (registrant: $e, registered_addr: $a);
$a has address $addr;
reduce $entity_count = count($e) groupby $a, $addr;
sort $entity_count desc;
limit 10;
fetch {
  ""address"": $addr,
  ""entity_count"": $entity_count
};"
1,What are the addresses of entities with a status of 'Defaulted'?,"MATCH (e:Entity)-[:registered_address]->(a:Address)
WHERE e.status = 'Defaulted'
RETURN a.address AS address","match
$e isa offshore_entity, has status ""Defaulted"";
registered_address (registrant: $e, registered_addr: $a);
$a isa postal_address;
fetch {
  ""address"": $a.address
};"
2,List the entities with a note mentioning 'Closed date stands for Liquidation date.',"MATCH (e:Other)
WHERE e.note = 'Closed date stands for Liquidation date.'
RETURN e.name AS entity_name, e.note AS note","match
$e isa other, has note ""Closed date stands for Liquidation date."";
fetch {
  ""entity_name"": $e.name,
  ""note"": $e.note
};"
3,Which officers have a valid until date that matches 'The Panama Papers data is current through 2015'?,"MATCH (o:Officer)
WHERE o.valid_until = 'The Panama Papers data is current through 2015'
RETURN o.name","match
$o isa officer, has valid_until ""The Panama Papers data is current through 2015"";
fetch {
  ""name"": $o.name
};"
4,Identify the entities with a former name and list them.,"MATCH (e:Entity)
WHERE e.former_name IS NOT NULL
RETURN e.name AS entity_name, e.former_name AS former_name","match
$e isa offshore_entity, has former_name $fn, has name $n;
fetch {
  ""entity_name"": $n,
  ""former_name"": $fn
};"
5,List the top 5 officers by their last edit timestamp.,"MATCH (o:Officer)
RETURN o.name, o.lastEditTimestamp
ORDER BY o.lastEditTimestamp DESC
LIMIT 5","match $o isa officer, has last_edit_timestamp $t;
sort $t desc;
limit 5;
fetch { ""name"": $o.name, ""lastEditTimestamp"": $t };"
6,What are the jurisdictions of the top 5 entities?,"MATCH (e:Entity)
RETURN e.jurisdiction AS jurisdiction, COUNT(e) AS entity_count
ORDER BY entity_count DESC
LIMIT 5","match
$e isa offshore_entity, has jurisdiction $j;
reduce $count = count($e) groupby $j;
sort $count desc;
limit 5;
fetch { ""jurisdiction"": $j };"
7,Find entities that are of the type 'FOREIGN FORMED CORPORATION'.,"MATCH (e:Other {type: 'FOREIGN FORMED CORPORATION'})
RETURN e.name AS entity_name, e.incorporation_date AS incorporation_date, e.jurisdiction AS jurisdiction, e.jurisdiction_description AS jurisdiction_description","match $e isa other, has entity_type ""FOREIGN FORMED CORPORATION"";
fetch {
  ""entity_name"": $e.name,
  ""incorporation_date"": $e.incorporation_date,
  ""jurisdiction"": $e.jurisdiction,
  ""jurisdiction_description"": $e.jurisdiction_description
};"
8,List the entities that have a tax description available.,"MATCH (e:Entity)
WHERE e.tax_stat_description IS NOT NULL
RETURN e.name AS entity_name, e.tax_stat_description AS tax_description","match
$e isa offshore_entity, has name $n, has tax_stat_description $td;
fetch {
  ""entity_name"": $n,
  ""tax_description"": $td
};"
9,Identify officers that are connected to entities through the 'connected to' relationship.,"MATCH (o:Officer)-[:connected_to]->(e:Entity)
RETURN o.name AS officer_name, e.name AS entity_name","match
$o isa officer;
$e isa offshore_entity;
connected_to (connector: $o, connected_entity: $e);
fetch {
  ""officer_name"": $o.name,
  ""entity_name"": $e.name
};"
10,Which intermediaries serve as officers of entities?,"MATCH (i:Intermediary)-[:officer_of]->(e:Entity)
RETURN i.name AS IntermediaryName, e.name AS EntityName","match
$i isa intermediary;
$e isa offshore_entity;
officer_of (officer: $i, offshore_entity: $e);
fetch {
  ""IntermediaryName"": $i.name,
  ""EntityName"": $e.name
};"
11,Which entities have a company number and what are those numbers?,"MATCH (e:Entity)
WHERE e.company_number IS NOT NULL
RETURN e.name AS entity_name, e.company_number AS company_number","match
$e isa offshore_entity, has company_number $cn, has name $n;
fetch {
  ""entity_name"": $n,
  ""company_number"": $cn
};"
12,Identify officers linked to entities with a 'shareholder of' relationship.,"MATCH (o:Officer)-[r:officer_of]->(e:Entity)
WHERE r.link = 'shareholder of'
RETURN o.name AS OfficerName, e.name AS EntityName","match
$o isa officer;
$e isa offshore_entity;
$r isa officer_of (officer: $o, offshore_entity: $e);
$r has link ""shareholder of"";
fetch {
  ""OfficerName"": $o.name,
  ""EntityName"": $e.name
};"
13,Identify entities with the same ID as other entities.,"MATCH (e1:Entity)-[:same_id_as]->(e2:Entity)
RETURN e1.name AS Entity1, e2.name AS Entity2","match
$e1 isa officer;
$e2 isa officer;
same_id_as (id_source: $e1, id_target: $e2);
fetch {
  ""Entity1"": $e1.name,
  ""Entity2"": $e2.name
};"
14,List the top 5 entities with the most recent inactivation dates.,"MATCH (e:Entity)
WHERE e.inactivation_date IS NOT NULL
RETURN e.name, e.inactivation_date
ORDER BY e.inactivation_date DESC
LIMIT 5","match
$e isa offshore_entity, has inactivation_date $d, has name $n;
sort $d desc;
limit 5;
fetch {
  ""name"": $n,
  ""inactivation_date"": $d
};"
15,What are the registered offices for the top 5 intermediaries?,"MATCH (i:Intermediary)
WHERE i.registered_office IS NOT NULL
RETURN i.name AS intermediary_name, i.registered_office
ORDER BY i.node_id
LIMIT 5","match
$i isa intermediary, has registered_office $ro, has node_id $nid;
sort $nid;
limit 5;
fetch {
  ""intermediary_name"": $i.name,
  ""registered_office"": $ro
};"
16,Find officers who have the same name as other officers.,"MATCH (o1:Officer)-[:same_name_as]->(o2:Officer)
RETURN o1.name AS Officer1, o2.name AS Officer2","match
$o1 isa officer;
$o2 isa officer;
same_name_as (named_source: $o1, named_target: $o2);
fetch {
  ""Officer1"": $o1.name,
  ""Officer2"": $o2.name
};"
17,Which intermediaries have the same name as entities?,"MATCH (i:Intermediary)-[:same_name_as]->(e:Entity)
RETURN i.name AS IntermediaryName, e.name AS EntityName","match
$i isa intermediary;
$e isa offshore_entity;
same_name_as (named_source: $i, named_target: $e);
fetch {
  ""IntermediaryName"": $i.name,
  ""EntityName"": $e.name
};"
18,List the entities that have been struck off on '15-FEB-2013'.,"MATCH (e:Entity)
WHERE e.struck_off_date = '15-FEB-2013'
RETURN e.name AS entity_name, e.struck_off_date AS struck_off_date","match
$e isa offshore_entity, has struck_off_date 2013-02-15, has name $name;
fetch {
  ""entity_name"": $name,
  ""struck_off_date"": $e.struck_off_date
};"
19,Find the top 5 entities ordered by their internal ID.,"MATCH (e:Entity)
RETURN e.name, e.internal_id
ORDER BY e.internal_id DESC
LIMIT 5","match
$e isa offshore_entity, has internal_id $id;
sort $id desc;
limit 5;
fetch {
  ""name"": $e.name,
  ""internal_id"": $id
};"
20,What are the most common country codes associated with the entities?,"MATCH (e:Entity)
RETURN e.country_codes AS country_code, COUNT(*) AS count
ORDER BY count DESC
LIMIT 10","match
$e isa offshore_entity, has country_codes $cc;
reduce $count = count($e) groupby $cc;
sort $count desc;
limit 10;
fetch { ""country_code"": $cc, ""count"": $count };"
21,List the entities that are connected to the 'Paradise Papers - Aruba corporate registry'.,"MATCH (e:Entity)-[:connected_to]-(o:Other)
WHERE o.sourceID = 'Paradise Papers - Aruba corporate registry'
RETURN e.name AS EntityName","match
$e isa offshore_entity;
$o isa other, has source_id ""Paradise Papers - Aruba corporate registry"";
connected_to (connected_entity: $e, connector: $o);
fetch {
  ""EntityName"": $e.name
};"
22,Identify the intermediaries with a status of 'ACTIVE'.,"MATCH (i:Intermediary)
WHERE i.status = 'ACTIVE'
RETURN i.name AS intermediary_name, i.countries AS countries, i.address AS address, i.sourceID AS sourceID","match
$i isa intermediary, has status ""ACTIVE"";
fetch {
  ""intermediary_name"": $i.name,
  ""countries"": $i.countries,
  ""address"": $i.address,
  ""sourceID"": $i.source_id
};"
23,Which addresses are linked to more than one entity as their registered address?,"MATCH (a:Address)<-[:registered_address]-(e:Entity)
WITH a, COUNT(e) AS entityCount
WHERE entityCount > 1
RETURN a.address AS Address, entityCount","match
$a isa postal_address;
registered_address (registered_addr: $a, registrant: $e);
$e isa offshore_entity;
reduce $entityCount = count($e) groupby $a;
match $entityCount > 1;
$a has address $addr;
fetch { ""Address"": $addr, ""entityCount"": $entityCount };"
24,List the entities with a 'same company as' relationship.,"MATCH (e1:Entity)-[:same_company_as]->(e2:Entity)
RETURN e1.name AS Entity1, e2.name AS Entity2","match
$e1 isa offshore_entity;
$e2 isa offshore_entity;
same_company_as (company1: $e1, company2: $e2);
fetch {
  ""Entity1"": $e1.name,
  ""Entity2"": $e2.name
};"
25,List the entities that have a company type of 'LIMITED LIABILITY COMPANY'.,"MATCH (e:Entity)
WHERE e.company_type = 'LIMITED LIABILITY COMPANY'
RETURN e.name AS entity_name, e.company_type AS company_type","match
$e isa offshore_entity, has company_type ""LIMITED LIABILITY COMPANY"";
fetch {
  ""entity_name"": $e.name,
  ""company_type"": $e.company_type
};"
26,Which entities were incorporated in March 2006?,"MATCH (e:Entity)
WHERE e.incorporation_date STARTS WITH '23-MAR-2006'
RETURN e.name AS entity_name, e.incorporation_date AS incorporation_date","match
$e isa offshore_entity, has incorporation_date 2006-03-23;
fetch {
  ""entity_name"": $e.name,
  ""incorporation_date"": $e.incorporation_date
};"
27,Identify entities that have the same company type as 'SOLE OWNERSHIP'.,"MATCH (e:Entity)-[:same_company_as]->(o:Other {type: 'SOLE OWNERSHIP'})
RETURN e.name AS EntityName, e.company_type AS CompanyType","match
$e isa offshore_entity, has company_type ""SOLE OWNERSHIP"", has name $n, has company_type $ct;
fetch {
  ""EntityName"": $n,
  ""CompanyType"": $ct
};"
28,"Identify the addresses connected to the entity 'TIANSHENG INDUSTRY AND TRADING CO., LTD.'.","MATCH (e:Entity {name: ""TIANSHENG INDUSTRY AND TRADING CO., LTD.""})-[:registered_address]->(a:Address)
RETURN a.address AS address","match
$e isa offshore_entity, has name ""TIANSHENG INDUSTRY AND TRADING CO., LTD."";
registered_address (registrant: $e, registered_addr: $a);
fetch {
  ""address"": $a.address
};"
29,Find the top 3 officers based on the number of entities they are connected to.,"MATCH (o:Officer)-[:officer_of]->(e:Entity)
WITH o, COUNT(e) AS entityCount
ORDER BY entityCount DESC
LIMIT 3
RETURN o.name AS officerName, entityCount","match
$o isa officer;
officer_of (officer: $o, offshore_entity: $e);
reduce $count = count($e) groupby $o;
sort $count desc;
limit 3;
fetch {
  ""officerName"": $o.name,
  ""entityCount"": $count
};"
30,Who are the top 3 officers with the most connections to entities?,"MATCH (o:Officer)-[:officer_of]->(e:Entity)
WITH o, COUNT(e) AS connections
ORDER BY connections DESC
LIMIT 3
RETURN o.name AS officer_name, connections","match
$o isa officer;
officer_of (officer: $o, offshore_entity: $e);
reduce $connections = count($e) groupby $o;
sort $connections desc;
limit 3;
fetch { ""officer_name"": $o.name, ""connections"": $connections };"
31,What are the top 5 entities by node id?,"MATCH (e:Entity)
RETURN e.name, e.node_id
ORDER BY e.node_id DESC
LIMIT 5","match
$e isa offshore_entity, has node_id $nid;
sort $nid desc;
limit 5;
fetch {
  ""name"": $e.name,
  ""node_id"": $nid
};"
32,Find the entities that have been incorporated on '23-MAR-2006'.,"MATCH (e:Entity)
WHERE e.incorporation_date = '23-MAR-2006'
RETURN e.name, e.countries, e.service_provider, e.status, e.jurisdiction_description","match
$e isa offshore_entity, has incorporation_date 2006-03-23;
fetch {
  ""name"": $e.name,
  ""countries"": $e.countries,
  ""service_provider"": $e.service_provider,
  ""status"": $e.status,
  ""jurisdiction_description"": $e.jurisdiction_description
};"
33,Which officers have a similar name as 'KIM SOO IN'?,"MATCH (o1:Officer {name: 'KIM SOO IN'})-[:similar]->(o2:Officer)
RETURN o2.name AS similar_officer_name","match
$o1 isa officer, has name ""KIM SOO IN"";
similar (similar_source: $o1, similar_target: $o2);
fetch { ""similar_officer_name"": $o2.name };"
34,Identify the top 5 addresses used by intermediaries.,"MATCH (i:Intermediary)-[:registered_address]->(a:Address)
RETURN a.address, COUNT(i) AS intermediary_count
ORDER BY intermediary_count DESC
LIMIT 5","match
$i isa intermediary;
$a isa postal_address, has address $addr;
registered_address (registrant: $i, registered_addr: $a);
reduce $count = count($i) groupby $a, $addr;
sort $count desc;
limit 5;
fetch { ""address"": $addr, ""intermediary_count"": $count };"
35,List the entities with a company type and their respective types.,"MATCH (e:Entity)
WHERE e.company_type IS NOT NULL
RETURN e.name AS entity_name, e.company_type AS company_type","match
$e isa offshore_entity, has name $name, has company_type $ct;
fetch {
  ""entity_name"": $name,
  ""company_type"": $ct
};"
36,What are the most recent entities added to the database based on their last edit timestamp?,"MATCH (e:Entity)
RETURN e.name, e.lastEditTimestamp
ORDER BY e.lastEditTimestamp DESC
LIMIT 5","match $e isa offshore_entity, has last_edit_timestamp $ts;
sort $ts desc;
limit 5;
fetch { ""name"": $e.name, ""lastEditTimestamp"": $ts };"
37,Find the entities that are registered in the jurisdiction of 'Samoa'.,"MATCH (e:Entity)
WHERE e.jurisdiction_description = 'Samoa'
RETURN e.name AS entity_name, e.jurisdiction_description AS jurisdiction","match
$e isa offshore_entity, has jurisdiction_description ""Samoa"";
fetch {
  ""entity_name"": $e.name,
  ""jurisdiction"": $e.jurisdiction_description
};"
38,Which officers are probably the same as 'KIM SOO IN'?,"MATCH (o1:Officer {name: 'KIM SOO IN'})-[:same_name_as]->(o2:Officer)
RETURN o2.name AS officer_name","match
$o1 isa officer, has name ""KIM SOO IN"";
same_name_as (named_source: $o1, named_target: $o2);
$o2 isa officer;
fetch {
  ""officer_name"": $o2.name
};"
39,Identify entities with a company number.,"MATCH (e:Entity)
WHERE e.company_number IS NOT NULL
RETURN e.name AS entity_name, e.company_number AS company_number","match
$e isa offshore_entity, has company_number $cn, has name $n;
fetch {
  ""entity_name"": $n,
  ""company_number"": $cn
};"
40,What are the top 5 officers linked to the most entities?,"MATCH (o:Officer)-[:officer_of]->(e:Entity)
WITH o, COUNT(e) AS entityCount
ORDER BY entityCount DESC
LIMIT 5
RETURN o.name AS OfficerName, entityCount","match
$o isa officer;
officer_of (officer: $o, offshore_entity: $e);
reduce $entityCount = count($e) groupby $o;
sort $entityCount desc;
limit 5;
fetch {
  ""OfficerName"": $o.name,
  ""entityCount"": $entityCount
};"
42,Which intermediaries have a source ID of 'Panama Papers'?,"MATCH (i:Intermediary)
WHERE i.sourceID = 'Panama Papers'
RETURN i.name","match
$i isa intermediary, has source_id ""Panama Papers"";
fetch {
  ""name"": $i.name
};"
43,List entities that have a company type of 'FOREIGN FORMED CORPORATION' and their jurisdiction.,"MATCH (e:Other)
WHERE e.type = 'FOREIGN FORMED CORPORATION'
RETURN e.name AS entity_name, e.jurisdiction AS jurisdiction","match
$e isa other, has entity_type ""FOREIGN FORMED CORPORATION"";
fetch {
  ""entity_name"": $e.name,
  ""jurisdiction"": $e.jurisdiction
};"
44,What are the jurisdictions described for entities with a jurisdiction of 'SAM'?,"MATCH (e:Entity)
WHERE e.jurisdiction = 'SAM'
RETURN DISTINCT e.jurisdiction_description","match
$e isa offshore_entity, has jurisdiction ""SAM"", has jurisdiction_description $jd;
select $jd;
distinct;
fetch { ""jurisdiction_description"": $jd };"
45,Find entities with incorporation dates in January 2006.,"MATCH (e:Entity)
WHERE e.incorporation_date STARTS WITH '01-JAN-2006'
RETURN e.name, e.incorporation_date","match
$e isa offshore_entity, has incorporation_date $d;
$d >= 2006-01-01;
$d <= 2006-01-31;
fetch {
  ""name"": $e.name,
  ""incorporation_date"": $d
};"
46,Which entities have a struck off date and what are those dates?,"MATCH (e:Entity)
WHERE e.struck_off_date IS NOT NULL
RETURN e.name AS entity_name, e.struck_off_date AS struck_off_date","match
$e isa offshore_entity, has name $n, has struck_off_date $d;
fetch {
  ""entity_name"": $n,
  ""struck_off_date"": $d
};"
47,List the top 3 entities based on their original name.,"MATCH (e:Entity)
RETURN e.original_name AS original_name, e.name AS entity_name
ORDER BY e.original_name
LIMIT 3","match $e isa offshore_entity, has original_name $on, has name $n;
sort $on;
limit 3;
fetch { ""original_name"": $on, ""entity_name"": $n };"
48,Who are the officers with the former name?,"MATCH (o:Officer)-[:officer_of]->(e:Entity)
WHERE e.former_name IS NOT NULL
RETURN o.name AS officer_name, e.former_name AS former_name","match
$o isa officer;
$e isa offshore_entity, has former_name $fn;
officer_of (officer: $o, offshore_entity: $e);
fetch {
  ""officer_name"": $o.name,
  ""former_name"": $fn
};"
49,Find the top 5 addresses by the number of connections to entities.,"MATCH (a:Address)<-[:registered_address]-(e:Entity)
WITH a, count(e) as entityCount
ORDER BY entityCount DESC
LIMIT 5
RETURN a.address, entityCount","match
$a isa postal_address;
registered_address (registrant: $e, registered_addr: $a);
$e isa offshore_entity;
reduce $entity_count = count($e) groupby $a;
sort $entity_count desc;
limit 5;
fetch {
  ""address"": $a.address,
  ""entityCount"": $entity_count
};"
50,Which intermediaries have a last edit timestamp through 2015?,"MATCH (i:Intermediary)
WHERE i.lastEditTimestamp CONTAINS '2015'
RETURN i.name AS intermediary_name, i.lastEditTimestamp AS last_edit_timestamp","match
$i isa intermediary, has last_edit_timestamp $ts;
$ts like "".*2015.*"";
fetch {
  ""intermediary_name"": $i.name,
  ""last_edit_timestamp"": $ts
};"
51,"Identify entities with the same name as 'HOTFOCUS CO., LTD.'.","MATCH (e:Entity)-[:same_name_as]->(o:Other)
WHERE o.name = 'HOTFOCUS CO., LTD.'
RETURN e.name AS entity_name, e.node_id AS entity_node_id
UNION
MATCH (e:Entity)-[:same_name_as]->(e2:Entity)
WHERE e2.name = 'HOTFOCUS CO., LTD.'
RETURN e.name AS entity_name, e.node_id AS entity_node_id","match
$e isa offshore_entity;
$target isa $type, has name ""HOTFOCUS CO., LTD."";
same_name_as (named_source: $e, named_target: $target);
{ $type label offshore_entity; } or { $type label other; };
fetch {
  ""entity_name"": $e.name,
  ""entity_node_id"": $e.node_id
};"
52,List the entities that have a dorm date available.,"MATCH (e:Entity)
WHERE e.dorm_date IS NOT NULL
RETURN e.name AS entity_name, e.dorm_date AS dorm_date","match
$e isa offshore_entity, has name $n, has dorm_date $d;
fetch {
  ""entity_name"": $n,
  ""dorm_date"": $d
};"
53,What are the most common jurisdictions for entities?,"MATCH (e:Entity)
WITH e.jurisdiction AS jurisdiction, COUNT(e) AS count
RETURN jurisdiction, count
ORDER BY count DESC
LIMIT 10","match
$e isa offshore_entity, has jurisdiction $j;
reduce $count = count($e) groupby $j;
sort $count desc;
limit 10;
fetch { ""jurisdiction"": $j, ""count"": $count };"
54,Find the entities that have a similar name and address as other entities.,"MATCH (e1:Entity)-[:similar]->(e2:Entity)
RETURN e1.name AS Entity1, e1.address AS Address1, e2.name AS Entity2, e2.address AS Address2","match
similar (similar_source: $e1, similar_target: $e2);
$e1 has name $n1, has address $a1;
$e2 has name $n2, has address $a2;
fetch {
  ""Entity1"": $n1,
  ""Address1"": $a1,
  ""Entity2"": $n2,
  ""Address2"": $a2
};"
55,Which officers serve as intermediaries of entities?,"MATCH (o:Officer)-[:officer_of]->(e:Entity)<-[:intermediary_of]-(i:Intermediary)
WHERE (o)-[:similar]->(i)
RETURN o.name AS OfficerName, e.name AS EntityName, i.name AS IntermediaryName","match
$o isa officer;
$e isa offshore_entity;
$i isa intermediary;
officer_of (officer: $o, offshore_entity: $e);
intermediary_of (intermediary: $i, offshore_entity: $e);
similar (similar_source: $o, similar_target: $i);
fetch {
  ""OfficerName"": $o.name,
  ""EntityName"": $e.name,
  ""IntermediaryName"": $i.name
};"
56,Identify intermediaries that share the same address with other intermediaries.,"MATCH (i1:Intermediary)-[:registered_address]->(a:Address)<-[:registered_address]-(i2:Intermediary)
WHERE i1.node_id <> i2.node_id
RETURN i1.name AS Intermediary1, i2.name AS Intermediary2, a.address AS SharedAddress","match
$i1 isa intermediary, has node_id $nid1;
$i2 isa intermediary, has node_id $nid2;
$a isa postal_address;
registered_address (registrant: $i1, registered_addr: $a);
registered_address (registrant: $i2, registered_addr: $a);
$nid1 != $nid2;
fetch {
  ""Intermediary1"": $i1.name,
  ""Intermediary2"": $i2.name,
  ""SharedAddress"": $a.address
};"
57,List the entities with the most recent struck off dates.,"MATCH (e:Entity)
WHERE e.struck_off_date IS NOT NULL
RETURN e.name, e.struck_off_date
ORDER BY e.struck_off_date DESC
LIMIT 10","match
$e isa offshore_entity, has struck_off_date $d, has name $n;
sort $d desc;
limit 10;
fetch {
  ""name"": $n,
  ""struck_off_date"": $d
};"
58,What are the country codes for entities that have been struck off?,"MATCH (e:Entity)
WHERE e.struck_off_date IS NOT NULL
RETURN e.country_codes","match
$e isa offshore_entity, has struck_off_date $sod;
fetch {
  ""country_codes"": $e.country_codes
};"
59,Which entities have been closed on '28-NOV-2012'?,"MATCH (e:Entity)
WHERE e.closed_date = '28-NOV-2012'
RETURN e.name AS entity_name, e.closed_date AS closed_date","match
$e isa offshore_entity, has closed_date 2012-11-28;
fetch {
  ""entity_name"": $e.name,
  ""closed_date"": $e.closed_date
};"
60,Identify entities that have been closed and provide their closed date.,"MATCH (e:Entity)
WHERE e.closed_date IS NOT NULL
RETURN e.name AS entity_name, e.closed_date","match
$e isa offshore_entity, has closed_date $cd, has name $n;
fetch {
  ""entity_name"": $n,
  ""closed_date"": $cd
};"
62,What are the top 5 most recent addresses added to the database?,"MATCH (a:Address)
RETURN a.address, a.lastEditTimestamp
ORDER BY a.lastEditTimestamp DESC
LIMIT 5","match $a isa postal_address, has last_edit_timestamp $ts;
sort $ts desc;
limit 5;
fetch {
  ""address"": $a.address,
  ""lastEditTimestamp"": $ts
};"
63,Provide the names of officers who have the same ICIJ ID and are connected to entities.,"MATCH (o1:Officer)-[:same_id_as]->(o2:Officer)
MATCH (o2)-[:connected_to]->(e:Entity)
RETURN DISTINCT o1.name AS officer_name","match
$o1 isa officer;
$o2 isa officer;
$e isa offshore_entity;
same_id_as (id_source: $o1, id_target: $o2);
connected_to (connector: $o2, connected_entity: $e);
$o1 has name $name;
select $name;
distinct;
fetch { ""officer_name"": $name };"
64,"List all entities that are the same as 'HOTFOCUS CO., LTD.' in terms of name and registration date.","MATCH (e1:Entity {name: 'HOTFOCUS CO., LTD.'})-[:same_as {link: 'same name and registration date as'}]->(e2:Entity)
RETURN e2.name AS entity_name, e2.incorporation_date AS registration_date","match
$e1 isa offshore_entity, has name ""HOTFOCUS CO., LTD."";
$rel isa same_as (same_as_source: $e1, same_as_target: $e2), has link ""same name and registration date as"";
$e2 isa offshore_entity;
fetch {
  ""entity_name"": $e2.name,
  ""registration_date"": $e2.incorporation_date
};"
65,List the entities that have a note regarding their status.,"MATCH (e:Entity)
WHERE e.note IS NOT NULL
RETURN e.name AS entity_name, e.note AS status_note","match
$e isa offshore_entity, has name $name, has note $note;
fetch {
  ""entity_name"": $name,
  ""status_note"": $note
};"
66,List the first 3 officers who are associated with entities incorporated in Samoa.,"MATCH (o:Officer)-[:officer_of]->(e:Entity {jurisdiction: ""SAM""})
RETURN o.name
LIMIT 3","match
$o isa officer;
$e isa offshore_entity, has jurisdiction ""SAM"";
officer_of (officer: $o, offshore_entity: $e);
limit 3;
fetch { ""name"": $o.name };"
67,What are the former names of entities that were incorporated in March 2006?,"MATCH (e:Entity)
WHERE e.incorporation_date STARTS WITH '23-MAR-2006'
RETURN e.name AS entity_name, e.former_name AS former_name","match
$e isa offshore_entity, has incorporation_date 2006-03-23;
fetch {
  ""entity_name"": $e.name,
  ""former_name"": $e.former_name
};"
68,Provide the list of entities that have a connection to 'Top Games Holdings Inc.',"MATCH (e:Entity {name: 'Top Games Holdings Inc.'})--[:connected_to]-(connectedEntity:Entity)
RETURN connectedEntity.name AS ConnectedEntities","match
$e isa offshore_entity, has name ""Top Games Holdings Inc."";
connected_to ($e, $connected);
fetch { ""ConnectedEntities"": $connected.name };"
69,Which addresses are associated with the sourceID 'Bahamas Leaks'?,"MATCH (a:Address)
WHERE a.sourceID = 'Bahamas Leaks'
RETURN a.address","match
$a isa postal_address, has source_id ""Bahamas Leaks"";
fetch {
  ""address"": $a.address
};"
70,Provide names of officers that have the ICIJ ID 'E72326DEA50F1A9C2876E112AAEB42BC'.,"MATCH (o:Officer {icij_id: 'E72326DEA50F1A9C2876E112AAEB42BC'})
RETURN o.name","match
$o isa officer, has icij_id ""E72326DEA50F1A9C2876E112AAEB42BC"";
fetch {
  ""name"": $o.name
};"
71,List all officers from South Korea.,"MATCH (o:Officer)
WHERE o.countries = ""South Korea""
RETURN o.name","match
$o isa officer, has countries ""South Korea"";
fetch {
  ""name"": $o.name
};"
72,Name intermediaries that are currently active.,"MATCH (i:Intermediary)
WHERE i.status = 'ACTIVE'
RETURN i.name","match
$i isa intermediary, has status ""ACTIVE"";
fetch {
  ""name"": $i.name
};"
73,Which intermediaries are associated with entities in South Africa?,"MATCH (i:Intermediary)-[:intermediary_of]->(e:Entity)
WHERE e.countries = ""South Africa""
RETURN i.name AS IntermediaryName, e.name AS EntityName","match
$i isa intermediary;
$e isa offshore_entity, has countries ""South Africa"";
intermediary_of (intermediary: $i, offshore_entity: $e);
fetch {
  ""IntermediaryName"": $i.name,
  ""EntityName"": $e.name
};"
74,List the top 5 entities by their lastEditTimestamp.,"MATCH (e:Entity)
RETURN e.name, e.lastEditTimestamp
ORDER BY e.lastEditTimestamp DESC
LIMIT 5","match
$e isa offshore_entity, has last_edit_timestamp $t;
sort $t desc;
limit 5;
fetch {
  ""name"": $e.name,
  ""lastEditTimestamp"": $t
};"
75,What is the original name of the entity with node_id 10000002?,"MATCH (e:Entity {node_id: 10000002})
RETURN e.original_name","match
$e isa offshore_entity, has node_id 10000002;
fetch {
  ""original_name"": $e.original_name
};"
76,"List the intermediary names that have the same address as 'MICHAEL PAPAGEORGE, MR.'","MATCH (i1:Intermediary {name: 'MICHAEL PAPAGEORGE, MR.'})-[:registered_address]->(a:Address)<-[:registered_address]-(i2:Intermediary)
WHERE i1.node_id <> i2.node_id
RETURN i2.name AS intermediary_name","match
$i1 isa intermediary, has name ""MICHAEL PAPAGEORGE, MR."", has node_id $id1;
$i2 isa intermediary, has name $name2, has node_id $id2;
$a isa postal_address;
registered_address (registrant: $i1, registered_addr: $a);
registered_address (registrant: $i2, registered_addr: $a);
$id1 != $id2;
fetch {
  ""intermediary_name"": $name2
};"
77,"Which officers have been linked to the entity 'NINGBO SUNRISE ENTERPRISES UNITED CO., LTD.'?","MATCH (e:Entity {name: 'NINGBO SUNRISE ENTERPRISES UNITED CO., LTD.'})&lt;-[:officer_of]-(o:Officer)
RETURN o.name","match
$e isa offshore_entity, has name ""NINGBO SUNRISE ENTERPRISES UNITED CO., LTD."";
$o isa officer;
officer_of (officer: $o, offshore_entity: $e);
fetch {
  ""name"": $o.name
};"
78,List all entities that have 'HKG' as their country code.,"MATCH (e:Entity)
WHERE e.country_codes = 'HKG'
RETURN e.name AS entity_name, e.country_codes AS country_code","match
$e isa offshore_entity, has country_codes ""HKG"";
fetch {
  ""entity_name"": $e.name,
  ""country_code"": $e.country_codes
};"
79,What are the names of entities that have been inactivated on '18-FEB-2013'?,"MATCH (e:Entity)
WHERE e.inactivation_date = '18-FEB-2013'
RETURN e.name","match
$e isa offshore_entity, has inactivation_date 2013-02-18, has name $n;
fetch {
  ""name"": $n
};"
80,Which entities have a status of 'Defaulted'?,"MATCH (e:Entity)
WHERE e.status = 'Defaulted'
RETURN e.name, e.status","match
$e isa offshore_entity, has status ""Defaulted"";
fetch {
  ""name"": $e.name,
  ""status"": $e.status
};"
81,List entities that were incorporated on '23-MAR-2006'.,"MATCH (e:Entity)
WHERE e.incorporation_date = '23-MAR-2006'
RETURN e.name AS entity_name, e.incorporation_date AS incorporation_date","match
$e isa offshore_entity, has incorporation_date 2006-03-23;
fetch {
  ""entity_name"": $e.name,
  ""incorporation_date"": $e.incorporation_date
};"
82,What are the names of entities with the service provider 'Mossack Fonseca'?,"MATCH (e:Entity)
WHERE e.service_provider = 'Mossack Fonseca'
RETURN e.name","match
$e isa offshore_entity, has service_provider ""Mossack Fonseca"";
fetch {
  ""name"": $e.name
};"
83,Which entities have been struck off on '15-FEB-2013'?,"MATCH (e:Entity)
WHERE e.struck_off_date = '15-FEB-2013'
RETURN e.name AS entity_name, e.struck_off_date AS struck_off_date","match
$e isa offshore_entity, has struck_off_date 2013-02-15, has name $name;
fetch {
  ""entity_name"": $name,
  ""struck_off_date"": $e.struck_off_date
};"
84,List all entities that have a jurisdiction of Samoa.,"MATCH (e:Entity)
WHERE e.jurisdiction = 'SAM'
RETURN e.name AS entity_name, e.jurisdiction_description AS jurisdiction_description","match
$e isa offshore_entity, has jurisdiction ""SAM"";
fetch {
  ""entity_name"": $e.name,
  ""jurisdiction_description"": $e.jurisdiction_description
};"
85,Which entities are registered in Hong Kong as per the Panama Papers?,"MATCH (e:Entity)-[:registered_address]->(a:Address)
WHERE a.countries = ""Hong Kong"" AND e.sourceID = ""Panama Papers""
RETURN e.name AS EntityName, e.address AS EntityAddress, e.incorporation_date AS IncorporationDate","match
$e isa offshore_entity, has source_id ""Panama Papers"";
$a isa postal_address, has countries ""Hong Kong"";
registered_address (registrant: $e, registered_addr: $a);
fetch {
  ""EntityName"": $e.name,
  ""EntityAddress"": $e.address,
  ""IncorporationDate"": $e.incorporation_date
};"
86,What addresses are registered to more than one entity?,"MATCH (a:Address)<-[:registered_address]-(e:Entity)
WITH a, COUNT(e) AS entityCount
WHERE entityCount > 1
RETURN a.address AS Address, entityCount","match
$a isa postal_address;
$e isa offshore_entity;
registered_address (registered_addr: $a, registrant: $e);
reduce $entityCount = count($e) groupby $a;
match $entityCount > 1;
$a has address $addr;
fetch { ""Address"": $addr, ""entityCount"": $entityCount };"
87,List entities that have the same name as officers.,"MATCH (e:Entity)-[:same_name_as]->(:Officer)
RETURN e.name AS entity_name, e.node_id AS entity_id","match
$e isa offshore_entity;
$o isa officer;
same_name_as (named_source: $e, named_target: $o);
fetch {
  ""entity_name"": $e.name,
  ""entity_id"": $e.node_id
};"
88,"Who is the intermediary of 'HOTFOCUS CO., LTD.' and what is their status?","MATCH (e:Entity {name: 'HOTFOCUS CO., LTD.'})&lt;-[:intermediary_of]-(i:Intermediary)
RETURN i.name AS intermediary_name, i.status AS intermediary_status","match
$e isa offshore_entity, has name ""HOTFOCUS CO., LTD."";
intermediary_of (intermediary: $i, offshore_entity: $e);
$i isa intermediary;
fetch {
  ""intermediary_name"": $i.name,
  ""intermediary_status"": $i.status
};"
89,Provide the names of all officers from South Korea.,"MATCH (o:Officer)
WHERE o.countries = ""South Korea""
RETURN o.name","match
$o isa officer, has countries ""South Korea"";
fetch {
  ""name"": $o.name
};"
90,"What are the names of entities that have changed their names, and what are their former names?","MATCH (e:Entity)
WHERE e.former_name IS NOT NULL
RETURN e.name AS current_name, e.former_name AS former_name","match
$e isa offshore_entity,
  has name $current_name,
  has former_name $fn;
fetch {
  ""current_name"": $current_name,
  ""former_name"": $fn
};"
91,What addresses are linked as registered addresses to entities in Samoa?,"MATCH (e:Entity)-[:registered_address]->(a:Address)
WHERE e.jurisdiction = 'SAM'
RETURN a.address AS registered_address, e.name AS entity_name","match
$e isa offshore_entity, has jurisdiction ""SAM"", has name $entity_name;
registered_address (registrant: $e, registered_addr: $a);
$a isa postal_address, has address $registered_address;
fetch {
  ""registered_address"": $registered_address,
  ""entity_name"": $entity_name
};"
92,Which officers are probably the same as other officers?,"MATCH (o1:Officer)-[:same_name_as]->(o2:Officer)
RETURN o1.name AS Officer1, o2.name AS Officer2","match
$o1 isa officer;
$o2 isa officer;
same_name_as (named_source: $o1, named_target: $o2);
fetch {
  ""Officer1"": $o1.name,
  ""Officer2"": $o2.name
};"
93,Which entities share the same company type and are registered in Hong Kong?,"MATCH (e1:Entity)-[:same_company_as]->(e2:Entity)
WHERE e1.countries = ""Hong Kong"" AND e2.countries = ""Hong Kong""
RETURN e1.name AS Entity1, e2.name AS Entity2, e1.company_type AS CompanyType","match
$e1 isa offshore_entity, has countries ""Hong Kong"", has company_type $ct;
$e2 isa offshore_entity, has countries ""Hong Kong"";
same_company_as (company1: $e1, company2: $e2);
fetch {
  ""Entity1"": $e1.name,
  ""Entity2"": $e2.name,
  ""CompanyType"": $ct
};"
94,List the original addresses associated with the sourceID 'Panama Papers'.,"MATCH (a:Address)-[:registered_address]-(e:Entity)
WHERE e.sourceID = 'Panama Papers'
RETURN a.original_address","match
$e isa offshore_entity, has source_id ""Panama Papers"";
$a isa postal_address;
registered_address (registrant: $e, registered_addr: $a);
fetch {
  ""original_address"": $a.original_address
};"
95,List the entities that have been inactivated on '18-FEB-2013'.,"MATCH (e:Entity)
WHERE e.inactivation_date = '18-FEB-2013'
RETURN e.name AS entity_name, e.inactivation_date","match
$e isa offshore_entity, has inactivation_date 2013-02-18, has name $name;
fetch {
  ""entity_name"": $name,
  ""inactivation_date"": $e.inactivation_date
};"
96,"Which entities have the same name as 'TIANSHENG INDUSTRY AND TRADING CO., LTD.'?","MATCH (e:Entity {name: 'TIANSHENG INDUSTRY AND TRADING CO., LTD.'})-[:same_name_as]-(other:Entity)
RETURN other.name","match
$e isa offshore_entity, has name ""TIANSHENG INDUSTRY AND TRADING CO., LTD."";
$other isa offshore_entity;
same_name_as ($e, $other);
not { $e is $other; };
fetch {
  ""name"": $other.name
};"
97,Find intermediaries that are similar to officers.,"MATCH (i:Intermediary)-[:similar]->(o:Officer)
RETURN i.name AS IntermediaryName, o.name AS OfficerName","match
$i isa intermediary;
$o isa officer;
similar (similar_source: $i, similar_target: $o);
fetch {
  ""IntermediaryName"": $i.name,
  ""OfficerName"": $o.name
};"
98,What addresses are registered to entities in Hong Kong?,"MATCH (e:Entity)-[:registered_address]->(a:Address)
WHERE e.countries = ""Hong Kong""
RETURN a.address AS registered_address","match
$e isa offshore_entity, has countries ""Hong Kong"";
registered_address (registrant: $e, registered_addr: $a);
$a isa postal_address;
fetch {
  ""registered_address"": $a.address
};"
99,Identify entities with a jurisdiction description of 'Samoa'.,"MATCH (e:Entity)
WHERE e.jurisdiction_description = 'Samoa'
RETURN e","match
$e isa offshore_entity, has jurisdiction_description ""Samoa"";
fetch {
  ""entity"": {
    ""name"": $e.name,
    ""jurisdiction_description"": $e.jurisdiction_description,
    ""node_id"": $e.node_id
  }
};"
100,Which officers have a valid until date through 2015?,"MATCH (o:Officer)
WHERE o.valid_until CONTAINS ""2015""
RETURN o.name AS officer_name, o.valid_until AS valid_until_date","match
$o isa officer, has valid_until $vu;
$vu like "".*2015.*"";
fetch {
  ""officer_name"": $o.name,
  ""valid_until_date"": $vu
};"
101,What are the top 3 entities by last edit timestamp?,"MATCH (e:Entity)
RETURN e.name, e.lastEditTimestamp
ORDER BY e.lastEditTimestamp DESC
LIMIT 3","match $e isa offshore_entity, has last_edit_timestamp $ts;
sort $ts desc;
limit 3;
fetch { ""name"": $e.name, ""lastEditTimestamp"": $ts };"
102,Find all entities that share the same address as other entities.,"MATCH (e1:Entity)-[:registered_address]->(a:Address)<-[:registered_address]-(e2:Entity)
WHERE e1.node_id <> e2.node_id
RETURN e1.name AS Entity1, e2.name AS Entity2, a.address AS SharedAddress","match
$e1 isa offshore_entity, has name $n1, has node_id $id1;
$e2 isa offshore_entity, has name $n2, has node_id $id2;
$a isa postal_address, has address $addr;
registered_address (registrant: $e1, registered_addr: $a);
registered_address (registrant: $e2, registered_addr: $a);
$id1 != $id2;
fetch {
  ""Entity1"": $n1,
  ""Entity2"": $n2,
  ""SharedAddress"": $addr
};"
103,Who are the officers serving as intermediaries for more than one entity?,"MATCH (o:Officer)-[:officer_of]->(e:Entity)
WITH o, COUNT(DISTINCT e) AS entityCount
WHERE entityCount > 1
MATCH (o)-[:intermediary_of]->(e2:Entity)
RETURN o.name AS OfficerName, COLLECT(DISTINCT e2.name) AS Entities","with fun entity_count($i: intermediary) -> integer:
  match
    intermediary_of (intermediary: $i, offshore_entity: $e);
  select $e;
  distinct;
  return count;
match
$i isa intermediary;
let $count = entity_count($i);
$count > 1;
intermediary_of (intermediary: $i, offshore_entity: $e);
fetch {
  ""officerName"": $i.name,
  ""entityName"": $e.name
};"
104,List the top 5 entities with the service provider 'Mossack Fonseca'.,"MATCH (e:Entity)
WHERE e.service_provider = 'Mossack Fonseca'
RETURN e.name AS entity_name, e.service_provider AS service_provider
ORDER BY e.name
LIMIT 5","match
$e isa offshore_entity, has service_provider ""Mossack Fonseca"", has name $n;
sort $n;
limit 5;
fetch {
  ""entity_name"": $e.name,
  ""service_provider"": $e.service_provider
};"
105,What are the names of entities struck off in February 2013?,"MATCH (e:Entity)
WHERE e.struck_off_date STARTS WITH 'FEB-2013'
RETURN e.name","match
$e isa offshore_entity, has name $name, has struck_off_date $d;
$d >= 2013-02-01;
$d < 2013-03-01;
fetch { ""name"": $name };"
106,Find entities that have a 'registered address' in Samoa.,"MATCH (e:Entity)-[:registered_address]->(a:Address)
WHERE e.jurisdiction_description = 'Samoa'
RETURN e.name AS entity_name, e.address AS entity_address, a.address AS registered_address","match
$e isa offshore_entity, has jurisdiction_description ""Samoa"";
registered_address (registrant: $e, registered_addr: $a);
$a isa postal_address;
fetch {
  ""entity_name"": $e.name,
  ""entity_address"": $e.address,
  ""registered_address"": $a.address
};"
107,Which intermediaries are connected to entities?,"MATCH (i:Intermediary)-[:intermediary_of]->(e:Entity)
RETURN i.name AS IntermediaryName, e.name AS EntityName","match
$i isa intermediary;
$e isa offshore_entity;
intermediary_of (intermediary: $i, offshore_entity: $e);
fetch {
  ""IntermediaryName"": $i.name,
  ""EntityName"": $e.name
};"
108,What are the names of entities that have a company number associated with Mossack Fonseca?,"MATCH (e:Entity)
WHERE e.service_provider = 'Mossack Fonseca' AND e.company_number IS NOT NULL
RETURN e.name AS entity_name","match
$e isa offshore_entity,
  has service_provider ""Mossack Fonseca"",
  has company_number $cn,
  has name $n;
fetch {
  ""entity_name"": $n
};"
109,List the names of the top 5 officers from South Korea.,"MATCH (o:Officer)
WHERE o.countries = ""South Korea""
RETURN o.name
ORDER BY o.name
LIMIT 5","match
$o isa officer, has countries ""South Korea"", has name $n;
sort $n;
limit 5;
fetch { ""name"": $n };"
110,What are the top 3 entities by incorporation date?,"MATCH (e:Entity)
RETURN e.name, e.incorporation_date
ORDER BY e.incorporation_date DESC
LIMIT 3","match $e isa offshore_entity, has incorporation_date $date;
sort $date desc;
limit 3;
fetch { ""name"": $e.name, ""incorporation_date"": $date };"
112,What is the service provider for entities that were incorporated in 2006?,"MATCH (e:Entity)
WHERE e.incorporation_date CONTAINS '2006'
RETURN e.name AS entity_name, e.service_provider AS service_provider","match
$e isa offshore_entity, has incorporation_date $d, has service_provider $sp;
$d >= 2006-01-01;
$d < 2007-01-01;
fetch {
  ""entity_name"": $e.name,
  ""service_provider"": $sp
};"
113,Find all entities with the status 'Defaulted' and list their names.,"MATCH (e:Entity)
WHERE e.status = 'Defaulted'
RETURN e.name","match
$e isa offshore_entity, has status ""Defaulted"";
fetch {
  ""name"": $e.name
};"
114,Identify entities that have been inactivated on '18-FEB-2013'.,"MATCH (e:Entity)
WHERE e.inactivation_date = '18-FEB-2013'
RETURN e.name AS entity_name, e.inactivation_date AS inactivation_date","match
$e isa offshore_entity, has inactivation_date $d;
$d == 2013-02-18;
fetch {
  ""entity_name"": $e.name,
  ""inactivation_date"": $d
};"
115,What are the names of officers who have a registered address in the Bahamas?,"MATCH (o:Officer)-[:registered_address]->(a:Address)
WHERE a.countries = ""Bahamas""
RETURN o.name","match
$o isa officer;
$a isa postal_address, has countries ""Bahamas"";
registered_address (registrant: $o, registered_addr: $a);
fetch {
  ""name"": $o.name
};"
116,Can you provide the names of entities that have the same address as others?,"MATCH (e1:Entity)-[:registered_address]->(a:Address)<-[:registered_address]-(e2:Entity)
WHERE e1.node_id <> e2.node_id
RETURN DISTINCT e1.name AS Entity1, e2.name AS Entity2","match
$e1 isa offshore_entity, has name $n1, has node_id $id1;
$e2 isa offshore_entity, has name $n2, has node_id $id2;
$a isa postal_address;
registered_address (registrant: $e1, registered_addr: $a);
registered_address (registrant: $e2, registered_addr: $a);
$id1 != $id2;
select $n1, $n2;
distinct;
fetch { ""Entity1"": $n1, ""Entity2"": $n2 };"
117,Which officers are connected to entities incorporated before 2000?,"MATCH (o:Officer)-[:connected_to]->(e:Entity)
WHERE e.incorporation_date < ""01-JAN-2000""
RETURN o.name AS officer_name, e.name AS entity_name, e.incorporation_date AS incorporation_date","match
$o isa officer;
$e isa offshore_entity, has incorporation_date $inc_date;
connected_to (connector: $o, connected_entity: $e);
$inc_date < 2000-01-01;
fetch {
  ""officer_name"": $o.name,
  ""entity_name"": $e.name,
  ""incorporation_date"": $inc_date
};"
118,List the names of intermediaries based in South Africa with an active status.,"MATCH (i:Intermediary)
WHERE i.countries = ""South Africa"" AND i.status = ""ACTIVE""
RETURN i.name","match
$i isa intermediary, has countries ""South Africa"", has status ""ACTIVE"";
fetch {
  ""name"": $i.name
};"
119,What are the names of entities that are registered in Samoa and have been struck off after 2010?,"MATCH (e:Entity)
WHERE e.jurisdiction_description = ""Samoa"" AND e.struck_off_date > ""2010""
RETURN e.name","match
$e isa offshore_entity,
  has jurisdiction_description ""Samoa"",
  has struck_off_date $sd;
$sd > 2010-12-31;
fetch {
  ""name"": $e.name
};"
120,List the officers who have been officers of more than one entity.,"MATCH (o:Officer)-[:officer_of]->(e:Entity)
WITH o, COUNT(e) AS entityCount
WHERE entityCount > 1
RETURN o.name AS OfficerName, entityCount","match
$o isa officer;
officer_of (officer: $o, offshore_entity: $e);
reduce $entityCount = count($e) groupby $o;
match $entityCount > 1;
fetch {
  ""OfficerName"": $o.name,
  ""entityCount"": $entityCount
};"
121,"Provide the names of entities that have a struck off date similar to 'HOTFOCUS CO., LTD.'","// First, find the struck off date of the entity 'HOTFOCUS CO., LTD.'
MATCH (e1:Entity {name: 'HOTFOCUS CO., LTD.'})
WITH e1.struck_off_date AS target_struck_off_date

// Then, find other entities with the same struck off date
MATCH (e2:Entity)
WHERE e2.struck_off_date = target_struck_off_date AND e2.name <> 'HOTFOCUS CO., LTD.'
RETURN e2.name AS entity_name","match
$e1 isa offshore_entity, has name ""HOTFOCUS CO., LTD."", has struck_off_date $d;
$e2 isa offshore_entity, has struck_off_date $d, has name $n2;
$n2 != ""HOTFOCUS CO., LTD."";
fetch {
  ""entity_name"": $n2
};"
122,"Which officers are nominees of 'NINGBO SUNRISE ENTERPRISES UNITED CO., LTD.' as per Offshore Leaks?","MATCH (e:Entity {name: 'NINGBO SUNRISE ENTERPRISES UNITED CO., LTD.'})&lt;-[:officer_of]-(o:Officer)
WHERE o.sourceID = 'Offshore Leaks'
RETURN o.name AS officer_name","match
$e isa offshore_entity, has name ""NINGBO SUNRISE ENTERPRISES UNITED CO., LTD."";
$o isa officer, has source_id ""Offshore Leaks"", has name $name;
officer_of (officer: $o, offshore_entity: $e);
fetch {
  ""officer_name"": $name
};"
123,Which entities have a status of 'Defaulted'?,"MATCH (e:Entity)
WHERE e.status = 'Defaulted'
RETURN e.name, e.status","match
$e isa offshore_entity, has status ""Defaulted"";
fetch {
  ""name"": $e.name,
  ""status"": $e.status
};"
124,Identify intermediaries that are registered to the same address as entities.,"MATCH (i:Intermediary)-[:registered_address]->(a:Address)<-[:registered_address]-(e:Entity)
RETURN i.name AS IntermediaryName, e.name AS EntityName, a.address AS Address","match
$i isa intermediary;
$e isa offshore_entity;
$a isa postal_address;
registered_address (registrant: $i, registered_addr: $a);
registered_address (registrant: $e, registered_addr: $a);
fetch {
  ""IntermediaryName"": $i.name,
  ""EntityName"": $e.name,
  ""Address"": $a.address
};"
125,List the intermediary names that are similar to any officers.,"MATCH (i:Intermediary)-[:similar]->(o:Officer)
RETURN i.name AS intermediary_name","match
$i isa intermediary;
$o isa officer;
similar (similar_source: $i, similar_target: $o);
fetch {
  ""intermediary_name"": $i.name
};"
126,Find the entities with the most recent dorm dates.,"MATCH (e:Entity)
WHERE e.dorm_date IS NOT NULL
RETURN e.name, e.dorm_date
ORDER BY e.dorm_date DESC
LIMIT 5","match
$e isa offshore_entity, has dorm_date $d;
sort $d desc;
limit 5;
fetch {
  ""name"": $e.name,
  ""dorm_date"": $d
};"
127,Find all intermediaries with an active status and their associated entities.,"MATCH (i:Intermediary)-[:intermediary_of]->(e:Entity)
WHERE i.status = 'ACTIVE'
RETURN i.name AS IntermediaryName, e.name AS EntityName","match
$i isa intermediary, has status ""ACTIVE"";
$e isa offshore_entity;
intermediary_of (intermediary: $i, offshore_entity: $e);
fetch {
  ""IntermediaryName"": $i.name,
  ""EntityName"": $e.name
};"
128,"Which officers are connected to entities with the original name 'TIANSHENG INDUSTRY AND TRADING CO., LTD.'?","MATCH (e:Entity {original_name: ""TIANSHENG INDUSTRY AND TRADING CO., LTD.""})<-[:connected_to]-(o:Officer)
RETURN o.name","match
$e isa offshore_entity, has original_name ""TIANSHENG INDUSTRY AND TRADING CO., LTD."";
$o isa officer;
connected_to (connector: $o, connected_entity: $e);
fetch {
  ""name"": $o.name
};"
129,List the entities that were incorporated in 2006 and their current status.,"MATCH (e:Entity)
WHERE e.incorporation_date CONTAINS '2006'
RETURN e.name AS entity_name, e.status AS current_status","match
$e isa offshore_entity, has incorporation_date $inc_date;
$inc_date >= 2006-01-01;
$inc_date < 2007-01-01;
fetch {
  ""entity_name"": $e.name,
  ""current_status"": $e.status
};"
130,Identify entities with a struck-off date in February 2013 and their service providers.,"MATCH (e:Entity)
WHERE e.struck_off_date STARTS WITH 'FEB-2013'
RETURN e.name AS entity_name, e.service_provider AS service_provider","match
$e isa offshore_entity,
  has struck_off_date $date,
  has name $name,
  has service_provider $sp;
$date >= 2013-02-01;
$date <= 2013-02-28;
fetch {
  ""entity_name"": $name,
  ""service_provider"": $sp
};"
131,How many entities have 'Hong Kong' listed both as their country and jurisdiction description?,"MATCH (e:Entity)
WHERE e.countries = 'Hong Kong' AND e.jurisdiction_description = 'Hong Kong'
RETURN count(e) AS entityCount","match
$e isa offshore_entity,
  has countries ""Hong Kong"",
  has jurisdiction_description ""Hong Kong"";
reduce $entityCount = count($e);"
132,What entities are linked to the address 'ORION HOUSE SERVICES (HK) LIMITED ROOM 1401; 14/F.'?,"MATCH (e:Entity)-[:registered_address]->(a:Address {address: ""ORION HOUSE SERVICES (HK) LIMITED ROOM 1401; 14/F.""})
RETURN e.name AS entity_name, e.node_id AS entity_node_id","match
$e isa offshore_entity;
$a isa postal_address, has address ""ORION HOUSE SERVICES (HK) LIMITED ROOM 1401; 14/F."";
registered_address (registrant: $e, registered_addr: $a);
fetch {
  ""entity_name"": $e.name,
  ""entity_node_id"": $e.node_id
};"
133,Identify entities and their corresponding officers that have been connected since 1999.,"MATCH (e:Entity)<-[:officer_of]-(o:Officer)
WHERE date(o.start_date) >= date('1999-01-01')
RETURN e.name AS EntityName, o.name AS OfficerName, o.start_date AS ConnectionStartDate","match
$e isa offshore_entity, has name $en;
$o isa officer, has name $on;
$rel isa officer_of (officer: $o, offshore_entity: $e), has start_date $sd;
$sd >= 1999-01-01;
fetch {
  ""EntityName"": $en,
  ""OfficerName"": $on,
  ""ConnectionStartDate"": $sd
};"
134,List entities that have been inactive since February 2013 and their last known status.,"MATCH (e:Entity)
WHERE e.inactivation_date STARTS WITH 'FEB-2013'
RETURN e.name AS entity_name, e.status AS last_known_status","match
$e isa offshore_entity, has inactivation_date $d, has name $n, has status $s;
$d >= 2013-02-01;
$d < 2013-03-01;
fetch {
  ""entity_name"": $n,
  ""last_known_status"": $s
};"
135,What are the countries and jurisdictions for entities that are still active as per the latest update?,"MATCH (e:Entity)
WHERE e.status = 'Active'
RETURN e.countries AS countries, e.jurisdiction AS jurisdiction","match
$e isa offshore_entity, has status ""Active"";
fetch {
  ""countries"": $e.countries,
  ""jurisdiction"": $e.jurisdiction
};"
136,Find entities that were both incorporated and struck off in 2013.,"MATCH (e:Entity)
WHERE e.incorporation_date CONTAINS '2013' AND e.struck_off_date CONTAINS '2013'
RETURN e.name AS entity_name, e.incorporation_date, e.struck_off_date","match
$e isa offshore_entity,
  has name $n,
  has incorporation_date $inc,
  has struck_off_date $struck;
$inc >= 2013-01-01;
$inc < 2014-01-01;
$struck >= 2013-01-01;
$struck < 2014-01-01;
fetch {
  ""entity_name"": $n,
  ""incorporation_date"": $inc,
  ""struck_off_date"": $struck
};"
137,List the entities with a former name and their current name.,"MATCH (e:Entity)
WHERE e.former_name IS NOT NULL
RETURN e.name AS current_name, e.former_name AS former_name","match
$e isa offshore_entity, has former_name $fn, has name $n;
fetch {
  ""current_name"": $n,
  ""former_name"": $fn
};"
138,Which officers have a similar name or address to another officer?,"MATCH (o1:Officer)-[:similar]->(o2:Officer)
RETURN o1.name AS Officer1, o2.name AS Officer2","match
$o1 isa officer;
$o2 isa officer;
similar (similar_source: $o1, similar_target: $o2);
fetch {
  ""Officer1"": $o1.name,
  ""Officer2"": $o2.name
};"
139,Find officers linked to entities that were incorporated in 2007 and are still active.,"MATCH (e:Entity)-[:officer_of]-(o:Officer)
WHERE e.incorporation_date CONTAINS '2007' AND e.status = 'Active'
RETURN o.name AS officer_name, e.name AS entity_name","match
$e isa offshore_entity, has incorporation_date $d, has status ""Active"";
$d >= 2007-01-01; $d <= 2007-12-31;
officer_of (officer: $o, offshore_entity: $e);
$o isa officer;
fetch {
  ""officer_name"": $o.name,
  ""entity_name"": $e.name
};"
140,What are the last known addresses of entities with a status 'Defaulted' in 2013?,"MATCH (e:Entity)-[:registered_address]->(a:Address)
WHERE e.status = 'Defaulted' AND (e.inactivation_date CONTAINS '2013' OR e.struck_off_date CONTAINS '2013')
RETURN e.name AS entity_name, a.address AS last_known_address","match
$e isa offshore_entity, has status ""Defaulted"", has name $entity_name;
registered_address (registrant: $e, registered_addr: $a);
$a has address $last_known_address;
{
  $e has inactivation_date $d1;
  $d1 >= 2013-01-01;
  $d1 <= 2013-12-31;
} or {
  $e has struck_off_date $d2;
  $d2 >= 2013-01-01;
  $d2 <= 2013-12-31;
};
fetch {
  ""entity_name"": $entity_name,
  ""last_known_address"": $last_known_address
};"
141,Identify entities with more than one officer linked to them and have a status of 'Active'.,"MATCH (e:Entity)-[:officer_of]->(o:Officer)
WHERE e.status = 'Active'
WITH e, COUNT(o) AS officerCount
WHERE officerCount > 1
RETURN e.name AS entityName, officerCount","match
$e isa offshore_entity, has status ""Active"", has name $n;
officer_of (officer: $o, offshore_entity: $e);
reduce $officer_count = count($o) groupby $e, $n;
match $officer_count > 1;
fetch { ""entityName"": $n, ""officerCount"": $officer_count };"
142,What are the last known statuses of entities that were incorporated in January 2006?,"MATCH (e:Entity)
WHERE e.incorporation_date STARTS WITH '2006-01'
RETURN e.name AS entity_name, e.status AS last_known_status","match
$e isa offshore_entity, has incorporation_date $d, has name $n, has status $s;
$d >= 2006-01-01;
$d <= 2006-01-31;
fetch {
  ""entity_name"": $n,
  ""last_known_status"": $s
};"
143,List entities that have addresses in Hong Kong but are registered under jurisdictions outside of Hong Kong.,"MATCH (e:Entity)-[:registered_address]->(a:Address)
WHERE a.countries = ""Hong Kong"" AND e.jurisdiction <> ""HKG""
RETURN e.name AS entity_name, e.jurisdiction AS jurisdiction, a.address AS address","match
$e isa offshore_entity, has jurisdiction $j;
$a isa postal_address, has countries ""Hong Kong"";
registered_address (registrant: $e, registered_addr: $a);
not { $j == ""HKG""; };
fetch {
  ""entity_name"": $e.name,
  ""jurisdiction"": $j,
  ""address"": $a.address
};"
144,Identify all entities that were incorporated on '23-MAR-2006' and their current status.,"MATCH (e:Entity)
WHERE e.incorporation_date = '23-MAR-2006'
RETURN e.name AS entity_name, e.status AS current_status","match
$e isa offshore_entity, has incorporation_date 2006-03-23;
fetch {
  ""entity_name"": $e.name,
  ""current_status"": $e.status
};"
145,Which entities are associated with the service provider 'Mossack Fonseca' and have a status of 'Active'?,"MATCH (e:Entity)
WHERE e.service_provider = 'Mossack Fonseca' AND e.status = 'Active'
RETURN e.name AS entity_name, e.service_provider AS service_provider, e.status AS status","match
$e isa offshore_entity,
  has service_provider ""Mossack Fonseca"",
  has status ""Active"",
  has name $name;
fetch {
  ""entity_name"": $name,
  ""service_provider"": $e.service_provider,
  ""status"": $e.status
};"
147,What are the names of intermediaries that are linked to entities with a status of 'Defaulted'?,"MATCH (e:Entity)-[:intermediary_of]-(i:Intermediary)
WHERE e.status = 'Defaulted'
RETURN DISTINCT i.name AS IntermediaryName","match
$e isa offshore_entity, has status ""Defaulted"";
$i isa intermediary, has name $n;
intermediary_of (offshore_entity: $e, intermediary: $i);
select $n;
distinct;
fetch { ""IntermediaryName"": $n };"
148,Identify officers who have a registered address in Samoa.,"MATCH (o:Officer)-[:registered_address]->(a:Address)
WHERE a.countries = ""Samoa""
RETURN o.name AS officer_name, a.address AS registered_address","match
$o isa officer;
$a isa postal_address, has countries ""Samoa"";
registered_address (registrant: $o, registered_addr: $a);
fetch {
  ""officer_name"": $o.name,
  ""registered_address"": $a.address
};"
149,Which entities were incorporated in March 2006 and are no longer active?,"MATCH (e:Entity)
WHERE e.incorporation_date STARTS WITH '23-MAR-2006' AND (e.status = 'Defaulted' OR e.status = 'Inactive' OR e.status = 'Struck Off' OR e.status = 'Dissolved')
RETURN e.name AS entity_name, e.incorporation_date AS incorporation_date, e.status AS status","match
$e isa offshore_entity,
  has incorporation_date $inc_date,
  has status $status;
$inc_date >= 2006-03-01;
$inc_date < 2006-04-01;
{ $status == ""Defaulted""; } or { $status == ""Inactive""; } or { $status == ""Struck Off""; } or { $status == ""Dissolved""; };
fetch {
  ""entity_name"": $e.name,
  ""incorporation_date"": $inc_date,
  ""status"": $status
};"
150,Find entities that have changed their names and are currently active.,"MATCH (e:Entity)
WHERE e.former_name IS NOT NULL AND e.status = 'ACTIVE'
RETURN e.name AS current_name, e.former_name AS previous_name","match
$e isa offshore_entity, has former_name $fn, has status ""ACTIVE"";
fetch {
  ""current_name"": $e.name,
  ""previous_name"": $fn
};"
151,Which officers are connected to entities registered in Samoa?,"MATCH (e:Entity)-[:connected_to]-(o:Officer)
WHERE e.jurisdiction = 'SAM'
RETURN o.name AS officer_name, e.name AS entity_name","match
$e isa offshore_entity, has jurisdiction ""SAM"";
$o isa officer, has name $officer_name;
$e has name $entity_name;
connected_to (connector: $o, connected_entity: $e);
fetch {
  ""officer_name"": $officer_name,
  ""entity_name"": $entity_name
};"
152,List the entities that have 'Mossack Fonseca' as their service provider and are defaulted.,"MATCH (e:Entity)
WHERE e.service_provider = 'Mossack Fonseca' AND e.status = 'Defaulted'
RETURN e.name AS entity_name, e.countries AS countries, e.incorporation_date AS incorporation_date","match
$e isa offshore_entity,
  has service_provider ""Mossack Fonseca"",
  has status ""Defaulted"";
fetch {
  ""entity_name"": $e.name,
  ""countries"": $e.countries,
  ""incorporation_date"": $e.incorporation_date
};"
153,Which entities are registered in Samoa and have been struck off as of 2013?,"MATCH (e:Entity)
WHERE e.jurisdiction = 'SAM' AND e.struck_off_date CONTAINS '2013'
RETURN e.name AS entity_name, e.struck_off_date AS struck_off_date","match
$e isa offshore_entity, has jurisdiction ""SAM"", has struck_off_date $d;
$d >= 2013-01-01;
$d < 2014-01-01;
fetch {
  ""entity_name"": $e.name,
  ""struck_off_date"": $d
};"
154,"Find all entities with a 'same_as' relationship to 'NINGBO SUNRISE ENTERPRISES UNITED CO., LTD.'.","MATCH (e1:Entity {name: 'NINGBO SUNRISE ENTERPRISES UNITED CO., LTD.'})–[:same_as]–>(e2:Entity)
RETURN e2.name","match
$e1 has name ""NINGBO SUNRISE ENTERPRISES UNITED CO., LTD."";
same_as (same_as_source: $e1, same_as_target: $e2);
fetch {
  ""name"": $e2.name
};"
155,List the officers that have a valid status up until 2015 and are linked to Samoa.,"MATCH (o:Officer)-[:officer_of]->(e:Entity)
WHERE o.valid_until CONTAINS ""2015"" AND e.jurisdiction_description = ""Samoa""
RETURN o.name","match
$o isa officer, has valid_until $vu, has name $n;
$vu like "".*2015.*"";
$e isa offshore_entity, has jurisdiction_description ""Samoa"";
officer_of (officer: $o, offshore_entity: $e);
fetch { ""name"": $n };"
156,List entities registered in Samoa with a status of 'Active'.,"MATCH (e:Entity)
WHERE e.jurisdiction = 'SAM' AND e.status = 'Active'
RETURN e.name AS entity_name, e.incorporation_date AS incorporation_date, e.service_provider AS service_provider","match
$e isa offshore_entity,
  has jurisdiction ""SAM"",
  has status ""Active"";
fetch {
  ""entity_name"": $e.name,
  ""incorporation_date"": $e.incorporation_date,
  ""service_provider"": $e.service_provider
};"
157,Which entities have a service provider of 'Mossack Fonseca' and were incorporated in 2006?,"MATCH (e:Entity)
WHERE e.service_provider = 'Mossack Fonseca' AND e.incorporation_date CONTAINS '2006'
RETURN e.name, e.incorporation_date, e.service_provider","match
$e isa offshore_entity,
  has service_provider ""Mossack Fonseca"",
  has incorporation_date $d,
  has name $n;
$d >= 2006-01-01;
$d <= 2006-12-31;
fetch {
  ""name"": $n,
  ""incorporation_date"": $d,
  ""service_provider"": $e.service_provider
};"
158,Which entities are registered in Samoa and have a status of 'Defaulted'?,"MATCH (e:Entity)
WHERE e.jurisdiction = 'SAM' AND e.status = 'Defaulted'
RETURN e.name AS entity_name, e.incorporation_date AS incorporation_date, e.address AS address","match
$e isa offshore_entity, has jurisdiction ""SAM"", has status ""Defaulted"";
fetch {
  ""entity_name"": $e.name,
  ""incorporation_date"": $e.incorporation_date,
  ""address"": $e.address
};"
159,"What are the registered office addresses for intermediaries named 'MICHAEL PAPAGEORGE, MR.'?","MATCH (i:Intermediary {name: 'MICHAEL PAPAGEORGE, MR.'})[:registered_address]->(a:Address)
RETURN a.address AS registered_office_address","match
$i isa intermediary, has name ""MICHAEL PAPAGEORGE, MR."";
registered_address (registrant: $i, registered_addr: $a);
$a isa postal_address;
fetch {
  ""registered_office_address"": $a.address
};"
160,List the entities that have a dorm date specified.,"MATCH (e:Entity)
WHERE e.dorm_date IS NOT NULL
RETURN e.name AS entity_name, e.dorm_date","match
$e isa offshore_entity, has dorm_date $dd, has name $n;
fetch {
  ""entity_name"": $n,
  ""dorm_date"": $dd
};"
161,"Which entities have the same company number as 'HOTFOCUS CO., LTD.'?","MATCH (e1:Entity {name: 'HOTFOCUS CO., LTD.'})−[:same_company_as]−(e2:Entity)
RETURN e2.name AS EntityName, e2.company_number AS CompanyNumber","match
$e1 isa offshore_entity, has name ""HOTFOCUS CO., LTD."";
same_company_as ($e1, $e2);
$e2 isa offshore_entity;
fetch {
  ""EntityName"": $e2.name,
  ""CompanyNumber"": $e2.company_number
};"
162,What are the common jurisdictions described for entities registered under the jurisdiction code 'SAM'?,"MATCH (e:Entity {jurisdiction: 'SAM'})
RETURN DISTINCT e.jurisdiction_description AS common_jurisdictions","match
$e isa offshore_entity, has jurisdiction ""SAM"", has jurisdiction_description $jd;
select $jd;
distinct;
fetch { ""common_jurisdictions"": $jd };"
163,Identify the first 3 addresses that are shared by multiple entities or officers.,"MATCH (a:Address)<-[:registered_address]-(e:Entity)
WITH a, COUNT(e) AS entityCount
WHERE entityCount > 1
RETURN a.address AS sharedAddress
UNION
MATCH (a:Address)<-[:registered_address]-(o:Officer)
WITH a, COUNT(o) AS officerCount
WHERE officerCount > 1
RETURN a.address AS sharedAddress
LIMIT 3","match
$a isa postal_address, has address $addr;
{
  $r1 isa offshore_entity;
  $r2 isa offshore_entity;
  registered_address (registered_addr: $a, registrant: $r1);
  registered_address (registered_addr: $a, registrant: $r2);
  not { $r1 is $r2; };
} or {
  $r1 isa officer;
  $r2 isa officer;
  registered_address (registered_addr: $a, registrant: $r1);
  registered_address (registered_addr: $a, registrant: $r2);
  not { $r1 is $r2; };
};
limit 3;
fetch { ""sharedAddress"": $addr };"
164,Which officers are connected to entities through the 'officer_of' relationship and have a status listed?,"MATCH (o:Officer)-[r:officer_of]->(e:Entity)
WHERE r.status IS NOT NULL
RETURN o.name AS OfficerName, e.name AS EntityName, r.status AS Status","match
$o isa officer;
$e isa offshore_entity;
$rel isa officer_of (officer: $o, offshore_entity: $e);
$rel has status $status;
fetch {
  ""OfficerName"": $o.name,
  ""EntityName"": $e.name,
  ""Status"": $status
};"
165,List the intermediary names that have a registered address linked to them.,"MATCH (i:Intermediary)-[:registered_address]->(a:Address)
RETURN i.name AS intermediary_name","match
$i isa intermediary;
registered_address (registrant: $i, registered_addr: $a);
fetch {
  ""intermediary_name"": $i.name
};"
166,Which entities have a tax status description available?,"MATCH (e:Entity)
WHERE e.tax_stat_description IS NOT NULL
RETURN e.name AS entity_name, e.tax_stat_description AS tax_status_description","match
$e isa offshore_entity, has name $name, has tax_stat_description $tax_desc;
fetch {
  ""entity_name"": $name,
  ""tax_status_description"": $tax_desc
};"
167,What are the different types of companies listed under the 'Other' node category?,"MATCH (o:Other)
RETURN DISTINCT o.type AS company_types","match $o isa other, has entity_type $type;
select $type;
distinct;
fetch { ""company_types"": $type };"
169,What are the details of entities that have an incorporation date in 2006?,"MATCH (e:Entity)
WHERE e.incorporation_date CONTAINS '2006'
RETURN e.name AS entity_name, e.countries AS countries, e.ibcRUC AS ibcRUC, e.valid_until AS valid_until, 
       e.country_codes AS country_codes, e.service_provider AS service_provider, e.address AS address, 
       e.inactivation_date AS inactivation_date, e.struck_off_date AS struck_off_date, e.status AS status, 
       e.jurisdiction_description AS jurisdiction_description, e.incorporation_date AS incorporation_date, 
       e.original_name AS original_name, e.jurisdiction AS jurisdiction, e.internal_id AS internal_id, 
       e.lastEditTimestamp AS lastEditTimestamp, e.node_id AS node_id, e.sourceID AS sourceID, 
       e.former_name AS former_name, e.company_type AS company_type, e.tax_stat_description AS tax_stat_description, 
       e.note AS note, e.dorm_date AS dorm_date, e.type AS type, e.closed_date AS closed_date, 
       e.company_number AS company_number, e.comments AS comments, e.entity_number AS entity_number","match 
$e isa offshore_entity, has incorporation_date $inc_date;
$inc_date >= 2006-01-01;
$inc_date <= 2006-12-31;
fetch {
  ""entity_name"": $e.name,
  ""countries"": $e.countries,
  ""ibcRUC"": $e.ibc_ruc,
  ""valid_until"": $e.valid_until,
  ""country_codes"": $e.country_codes,
  ""service_provider"": $e.service_provider,
  ""address"": $e.address,
  ""inactivation_date"": $e.inactivation_date,
  ""struck_off_date"": $e.struck_off_date,
  ""status"": $e.status,
  ""jurisdiction_description"": $e.jurisdiction_description,
  ""incorporation_date"": $inc_date,
  ""original_name"": $e.original_name,
  ""jurisdiction"": $e.jurisdiction,
  ""internal_id"": $e.internal_id,
  ""lastEditTimestamp"": $e.last_edit_timestamp,
  ""node_id"": $e.node_id,
  ""sourceID"": $e.source_id,
  ""former_name"": $e.former_name,
  ""company_type"": $e.company_type,
  ""tax_stat_description"": $e.tax_stat_description,
  ""note"": $e.note,
  ""dorm_date"": $e.dorm_date,
  ""type"": $e.entity_type,
  ""closed_date"": $e.closed_date,
  ""company_number"": $e.company_number,
  ""comments"": $e.comments,
  ""entity_number"": $e.entity_number
};"
170,Find all entities that have been registered to the same address as 'ORION HOUSE SERVICES (HK) LIMITED'.,"MATCH (e:Entity)-[:registered_address]->(a:Address {address: ""ORION HOUSE SERVICES (HK) LIMITED ROOM 1401; 14/F.""})
RETURN e.name AS entity_name, e.address AS entity_address","match
$a isa postal_address, has address ""ORION HOUSE SERVICES (HK) LIMITED ROOM 1401; 14/F."";
registered_address (registrant: $e, registered_addr: $a);
$e has name $name;
try { $e has address $addr; };
fetch {
  ""entity_name"": $name,
  ""entity_address"": $addr
};"
171,Which entities have a closed date listed and what are those dates?,"MATCH (e:Entity)
WHERE e.closed_date IS NOT NULL
RETURN e.name AS entity_name, e.closed_date AS closed_date","match
$e isa $t, has name $n, has closed_date $cd;
{ $t label offshore_entity; } or { $t label other; };
fetch {
  ""entity_name"": $n,
  ""closed_date"": $cd
};"
172,List entities that are connected to officers named 'KIM SOO IN'.,"MATCH (o:Officer {name: 'KIM SOO IN'})-[:officer_of]->(e:Entity)
RETURN e.name AS entity_name","match
$o isa officer, has name ""KIM SOO IN"";
officer_of (officer: $o, offshore_entity: $e);
fetch { ""entity_name"": $e.name };"
173,Which officers are probably the same as other officers and share a similar name?,"MATCH (o1:Officer)-[:same_name_as]->(o2:Officer)
MATCH (o1)-[:similar]->(o2)
RETURN o1.name AS Officer1, o2.name AS Officer2","match
$o1 isa officer;
$o2 isa officer;
same_name_as (named_source: $o1, named_target: $o2);
similar (similar_source: $o1, similar_target: $o2);
fetch {
  ""Officer1"": $o1.name,
  ""Officer2"": $o2.name
};"
174,What addresses in Samoa are linked to more than one entity?,"MATCH (e1:Entity)-[:registered_address]->(a:Address)<-[:registered_address]-(e2:Entity)
WHERE e1.jurisdiction = 'SAM' AND e2.jurisdiction = 'SAM' AND e1.node_id <> e2.node_id
RETURN a.address AS Address, COUNT(DISTINCT e1.node_id) + COUNT(DISTINCT e2.node_id) AS EntityCount
ORDER BY EntityCount DESC","match
$a isa postal_address;
$e isa offshore_entity, has jurisdiction ""SAM"";
registered_address (registrant: $e, registered_addr: $a);
reduce $count = count($e) groupby $a;
match $count > 1;
$a has address $addr;
sort $count desc;
fetch { ""Address"": $addr, ""EntityCount"": $count };"
175,Identify entities that have a 'company_number' and are listed as 'Defaulted'.,"MATCH (e:Entity)
WHERE e.company_number IS NOT NULL AND e.status = 'Defaulted'
RETURN e.name AS entity_name, e.company_number AS company_number, e.status AS status","match
$e isa offshore_entity, has company_number $cn, has status ""Defaulted"", has name $n;
fetch {
  ""entity_name"": $n,
  ""company_number"": $cn,
  ""status"": $e.status
};"
176,Display the first 5 officers who have addresses in South Korea.,"MATCH (o:Officer)-[:registered_address]->(a:Address)
WHERE a.countries = ""South Korea""
RETURN o.name AS OfficerName, a.address AS Address
LIMIT 5","match
$o isa officer;
$a isa postal_address, has countries ""South Korea"", has address $addr;
registered_address (registrant: $o, registered_addr: $a);
$o has name $name;
limit 5;
fetch {
  ""OfficerName"": $name,
  ""Address"": $addr
};"
177,Which entities have been inactive since February 2013?,"MATCH (e:Entity)
WHERE e.inactivation_date >= '01-FEB-2013' AND e.inactivation_date <= '28-FEB-2013'
RETURN e.name AS entity_name, e.inactivation_date AS inactivation_date","match
$e isa offshore_entity,
  has inactivation_date $d,
  has name $n;
$d >= 2013-02-01;
$d <= 2013-02-28;
fetch {
  ""entity_name"": $n,
  ""inactivation_date"": $d
};"
178,"What are the names of entities that have changed their names, and what are their former names?","MATCH (e:Entity)
WHERE e.former_name IS NOT NULL
RETURN e.name AS current_name, e.former_name AS former_name","match
$e isa offshore_entity, has former_name $fn, has name $n;
fetch {
  ""current_name"": $n,
  ""former_name"": $fn
};"
179,Are there any addresses that are registered under multiple different nodes?,"MATCH (a:Address)<-[:registered_address]-(n)
WITH a, COUNT(DISTINCT n) AS nodeCount
WHERE nodeCount > 1
RETURN a.address, nodeCount","match
$a isa postal_address;
registered_address (registered_addr: $a, registrant: $n);
reduce $nodeCount = count($n) groupby $a;
match $nodeCount > 1;
fetch { ""address"": $a.address, ""nodeCount"": $nodeCount };"
180,Which officers have a connection to entities registered in Samoa?,"MATCH (e:Entity)-[:connected_to]-(o:Officer)
WHERE e.jurisdiction = 'SAM'
RETURN o.name AS officer_name, e.name AS entity_name","match
$e isa offshore_entity, has jurisdiction ""SAM"", has name $en;
$o isa officer, has name $on;
connected_to (connector: $o, connected_entity: $e);
fetch {
  ""officer_name"": $on,
  ""entity_name"": $en
};"
181,List top 3 intermediaries that have been linked as officers of entities.,"MATCH (i:Intermediary)-[:officer_of]->(e:Entity)
RETURN i.name AS intermediary_name, COUNT(e) AS entity_count
ORDER BY entity_count DESC
LIMIT 3","match
$i isa intermediary;
officer_of (officer: $i, offshore_entity: $e);
reduce $count = count($e) groupby $i;
sort $count desc;
limit 3;
fetch { ""intermediary_name"": $i.name, ""entity_count"": $count };"
182,"Can you find any officers linked to the entity 'TIANSHENG INDUSTRY AND TRADING CO., LTD.'?","MATCH (e:Entity {name: ""TIANSHENG INDUSTRY AND TRADING CO., LTD.""})<-[:officer_of]-(o:Officer)
RETURN o.name AS officer_name, o.node_id AS officer_node_id","match
$e isa offshore_entity, has name ""TIANSHENG INDUSTRY AND TRADING CO., LTD."";
$o isa officer;
officer_of (officer: $o, offshore_entity: $e);
fetch {
  ""officer_name"": $o.name,
  ""officer_node_id"": $o.node_id
};"
183,Which entities have a valid data period through 2015 and are associated with the service provider 'Mossack Fonseca'?,"MATCH (e:Entity)
WHERE e.valid_until CONTAINS '2015' AND e.service_provider = 'Mossack Fonseca'
RETURN e.name AS entity_name, e.service_provider AS service_provider, e.valid_until AS valid_until","match
$e isa offshore_entity,
  has valid_until $vu,
  has service_provider ""Mossack Fonseca"",
  has name $n;
$vu like "".*2015.*"";
fetch {
  ""entity_name"": $n,
  ""service_provider"": $e.service_provider,
  ""valid_until"": $vu
};"
184,What are the common addresses between two or more entities?,"MATCH (e1:Entity)-[:registered_address]->(a:Address)<-[:registered_address]-(e2:Entity)
WHERE e1.node_id <> e2.node_id
RETURN a.address AS common_address, collect(e1.name) AS entities","match
$a isa postal_address, has address $addr;
registered_address (registrant: $e, registered_addr: $a);
reduce $count = count($e) groupby $a, $addr;
match $count >= 2;
fetch { ""common_address"": $addr, ""entity_count"": $count };"
185,Identify three officers with addresses registered in the Bahamas.,"MATCH (o:Officer)-[:registered_address]->(a:Address)
WHERE a.countries = ""Bahamas""
RETURN o.name, a.address
LIMIT 3","match
$o isa officer;
$a isa postal_address, has countries ""Bahamas"";
registered_address (registrant: $o, registered_addr: $a);
limit 3;
fetch {
  ""name"": $o.name,
  ""address"": $a.address
};"
186,What are the names of intermediaries located in South Africa?,"MATCH (i:Intermediary)
WHERE i.countries = ""South Africa""
RETURN i.name","match
$i isa intermediary, has countries ""South Africa"";
fetch {
  ""name"": $i.name
};"
187,List the first 5 entities that have been struck off as of 2013.,"MATCH (e:Entity)
WHERE e.struck_off_date CONTAINS '2013'
RETURN e.name, e.struck_off_date
LIMIT 5","match
$e isa offshore_entity, has struck_off_date $d, has name $n;
$d >= 2013-01-01;
$d <= 2013-12-31;
limit 5;
fetch {
  ""name"": $n,
  ""struck_off_date"": $d
};"
188,What is the address linked to the 'registered_address' relationship for entity node_id 10000002?,"MATCH (e:Entity {node_id: 10000002})-[:registered_address]->(a:Address)
RETURN a.address AS linked_address","match
$e isa offshore_entity, has node_id 10000002;
registered_address (registrant: $e, registered_addr: $a);
fetch {
  ""linked_address"": $a.address
};"
189,Show the first 5 officers with the sourceID 'Panama Papers'.,"MATCH (o:Officer)
WHERE o.sourceID = 'Panama Papers'
RETURN o
LIMIT 5","match
$o isa officer, has source_id ""Panama Papers"";
limit 5;
fetch {
  ""officer"": {
    ""name"": $o.name,
    ""countries"": $o.countries,
    ""source_id"": $o.source_id,
    ""node_id"": $o.node_id
  }
};"
190,What are the company numbers for entities that have 'Defaulted' as their status?,"MATCH (e:Entity)
WHERE e.status = 'Defaulted'
RETURN e.company_number","match
$e isa offshore_entity, has status ""Defaulted"";
fetch {
  ""company_number"": $e.company_number
};"
191,"What entities are connected to the intermediary 'MICHAEL PAPAGEORGE, MR.'?","MATCH (i:Intermediary {name: 'MICHAEL PAPAGEORGE, MR.'})-[:intermediary_of]->(e:Entity)
RETURN e.name AS entity_name","match
$i isa intermediary, has name ""MICHAEL PAPAGEORGE, MR."";
intermediary_of (intermediary: $i, offshore_entity: $e);
fetch {
  ""entity_name"": $e.name
};"
192,List all officers from 'South Korea'.,"MATCH (o:Officer)
WHERE o.countries = 'South Korea'
RETURN o.name","match
$o isa officer, has countries ""South Korea"";
fetch {
  ""name"": $o.name
};"
193,Which intermediaries have 'ACTIVE' as their status?,"MATCH (i:Intermediary)
WHERE i.status = 'ACTIVE'
RETURN i.name AS intermediary_name, i.node_id AS intermediary_id","match
$i isa intermediary, has status ""ACTIVE"";
fetch {
  ""intermediary_name"": $i.name,
  ""intermediary_id"": $i.node_id
};"
194,What are the names of intermediaries located in 'South Africa'?,"MATCH (i:Intermediary)
WHERE i.countries = 'South Africa'
RETURN i.name","match
$i isa intermediary, has countries ""South Africa"";
fetch {
  ""name"": $i.name
};"
195,Show top 5 entities with addresses in 'Hong Kong'.,"MATCH (e:Entity)-[:registered_address]->(a:Address)
WHERE a.countries = 'Hong Kong'
RETURN e.name AS entity_name, a.address AS entity_address
LIMIT 5","match
$e isa offshore_entity;
$a isa postal_address, has countries ""Hong Kong"";
registered_address (registrant: $e, registered_addr: $a);
limit 5;
fetch {
  ""entity_name"": $e.name,
  ""entity_address"": $a.address
};"
196,Which entities have 'Mossack Fonseca' as their service provider?,"MATCH (e:Entity)
WHERE e.service_provider = 'Mossack Fonseca'
RETURN e.name AS entity_name, e.service_provider AS service_provider","match
$e isa offshore_entity, has service_provider ""Mossack Fonseca"";
fetch {
  ""entity_name"": $e.name,
  ""service_provider"": $e.service_provider
};"
197,What are the names of entities struck off on '15-FEB-2013'?,"MATCH (e:Entity)
WHERE e.struck_off_date = '15-FEB-2013'
RETURN e.name","match
$e isa offshore_entity, has struck_off_date 2013-02-15;
fetch {
  ""name"": $e.name
};"
198,Can you list all entities incorporated on '23-MAR-2006'?,"MATCH (e:Entity)
WHERE e.incorporation_date = '23-MAR-2006'
RETURN e.name AS entity_name, e.incorporation_date AS incorporation_date","match
$e isa offshore_entity, has incorporation_date 2006-03-23;
fetch {
  ""entity_name"": $e.name,
  ""incorporation_date"": $e.incorporation_date
};"
199,What are the names of entities with the status 'Defaulted'?,"MATCH (e:Entity)
WHERE e.status = 'Defaulted'
RETURN e.name","match
$e isa offshore_entity, has status ""Defaulted"";
fetch {
  ""name"": $e.name
};"
200,Which intermediaries are connected to more than one entity and list their names.,"MATCH (i:Intermediary)-[:intermediary_of]->(e:Entity)
WITH i, COUNT(e) AS entityCount
WHERE entityCount > 1
RETURN i.name AS intermediaryName","match
$i isa intermediary;
intermediary_of (intermediary: $i, offshore_entity: $e);
reduce $count = count($e) groupby $i;
match $count > 1;
fetch { ""intermediaryName"": $i.name };"
201,Identify the officers linked to the entity with node id '12174285'.,"MATCH (e:Entity {node_id: 12174285})<-[:officer_of]-(o:Officer)
RETURN o.name AS officer_name, o.node_id AS officer_node_id","match
$e isa offshore_entity, has node_id 12174285;
officer_of (officer: $o, offshore_entity: $e);
fetch {
  ""officer_name"": $o.name,
  ""officer_node_id"": $o.node_id
};"
202,List the entities with a closed date and their closed dates.,"MATCH (e:Entity)
WHERE e.closed_date IS NOT NULL
RETURN e.name AS entity_name, e.closed_date","match
$e isa offshore_entity, has closed_date $cd, has name $n;
fetch {
  ""entity_name"": $n,
  ""closed_date"": $cd
};"
203,Who are the officers with the most connections to addresses?,"MATCH (o:Officer)-[:registered_address]->(a:Address)
WITH o, count(a) AS address_count
ORDER BY address_count DESC
RETURN o.name AS officer_name, address_count
LIMIT 1","match
$o isa officer;
registered_address (registrant: $o, registered_addr: $a);
reduce $address_count = count($a) groupby $o;
sort $address_count desc;
limit 1;
fetch {
  ""officer_name"": $o.name,
  ""address_count"": $address_count
};"
204,Show entities with a 'same_as' relationship to other entities.,"MATCH (e1:Entity)-[:same_as]->(e2:Entity)
RETURN e1.name AS Entity1, e2.name AS Entity2","match
same_as (same_as_source: $e1, same_as_target: $e2);
$e1 has name $n1;
$e2 has name $n2;
fetch {
  ""Entity1"": $n1,
  ""Entity2"": $n2
};"
205,Find the entities with a tax status description available.,"MATCH (e:Entity)
WHERE e.tax_stat_description IS NOT NULL
RETURN e.name AS entity_name, e.tax_stat_description AS tax_status_description","match
$e isa offshore_entity, has name $name, has tax_stat_description $tax_desc;
fetch {
  ""entity_name"": $name,
  ""tax_status_description"": $tax_desc
};"
206,Identify entities and their corresponding service providers if their service provider is 'Mossack Fonseca'.,"MATCH (e:Entity)
WHERE e.service_provider = 'Mossack Fonseca'
RETURN e.name AS entity_name, e.service_provider AS service_provider","match
$e isa offshore_entity, has service_provider ""Mossack Fonseca"", has name $n;
fetch {
  ""entity_name"": $n,
  ""service_provider"": $e.service_provider
};"
207,List the entities with a jurisdiction of 'SAM' and their jurisdiction descriptions.,"MATCH (e:Entity)
WHERE e.jurisdiction = 'SAM'
RETURN e.name AS entity_name, e.jurisdiction_description AS jurisdiction_description","match
$e isa offshore_entity, has jurisdiction ""SAM"";
fetch {
  ""entity_name"": $e.name,
  ""jurisdiction_description"": $e.jurisdiction_description
};"
208,What are the top 3 addresses based on their last edit timestamp?,"MATCH (a:Address)
RETURN a.address, a.lastEditTimestamp
ORDER BY a.lastEditTimestamp DESC
LIMIT 3","match $a isa postal_address, has last_edit_timestamp $t;
sort $t desc;
limit 3;
fetch { ""address"": $a.address, ""lastEditTimestamp"": $t };"
209,Find entities by their internal id '1001256'.,"MATCH (e:Entity {internal_id: '1001256'})
RETURN e","match
$e isa offshore_entity, has internal_id ""1001256"";
fetch {
  ""e"": { ""name"": $e.name, ""internal_id"": $e.internal_id }
};"
210,Which officers have addresses registered in 'Bahamas'?,"MATCH (o:Officer)-[:registered_address]->(a:Address)
WHERE a.countries = 'Bahamas'
RETURN o.name AS officer_name, a.address AS registered_address","match
$o isa officer;
$a isa postal_address, has countries ""Bahamas"";
registered_address (registrant: $o, registered_addr: $a);
fetch {
  ""officer_name"": $o.name,
  ""registered_address"": $a.address
};"
211,"Identify the intermediaries with the same name as 'MICHAEL PAPAGEORGE, MR.'.","MATCH (i:Intermediary)-[:same_name_as]->(i2:Intermediary)
WHERE i.name = 'MICHAEL PAPAGEORGE, MR.'
RETURN i2.name AS IntermediaryName, i2.node_id AS IntermediaryNodeID, i2.countries AS Countries, i2.address AS Address, i2.status AS Status, i2.sourceID AS SourceID","match
$i isa intermediary, has name ""MICHAEL PAPAGEORGE, MR."";
same_name_as (named_source: $i, named_target: $i2);
$i2 isa intermediary;
fetch {
  ""IntermediaryName"": $i2.name,
  ""IntermediaryNodeID"": $i2.node_id,
  ""Countries"": $i2.countries,
  ""Address"": $i2.address,
  ""Status"": $i2.status,
  ""SourceID"": $i2.source_id
};"
212,List the entities associated with the 'Bahamas Leaks'.,"MATCH (e:Entity)-[r]->()
WHERE r.sourceID = 'Bahamas Leaks'
RETURN DISTINCT e.name AS EntityName, e.node_id AS EntityID","match
$e isa offshore_entity;
$rel ($e), has source_id ""Bahamas Leaks"";
fetch {
  ""EntityName"": $e.name,
  ""EntityID"": $e.node_id
};"
213,What are the country codes for entities that are registered in Samoa?,"MATCH (e:Entity)
WHERE e.jurisdiction_description = ""Samoa""
RETURN e.country_codes","match $e isa offshore_entity, has jurisdiction_description ""Samoa"";
fetch { ""country_codes"": $e.country_codes };"
214,Find the top 5 officers by the number of similar relationships with other officers.,"MATCH (o1:Officer)-[:similar]->(o2:Officer)
WITH o1, count(o2) AS similar_count
RETURN o1.name AS officer_name, similar_count
ORDER BY similar_count DESC
LIMIT 5","match
$o1 isa officer;
$o2 isa officer;
similar (similar_source: $o1, similar_target: $o2);
reduce $count = count($o2) groupby $o1;
sort $count desc;
limit 5;
fetch { ""officer_name"": $o1.name, ""similar_count"": $count };"
215,Which entities have a closed date of '28-NOV-2012' and what are their names?,"MATCH (e:Entity)
WHERE e.closed_date = '28-NOV-2012'
RETURN e.name AS entity_name","match
$e isa offshore_entity, has closed_date 2012-11-28;
fetch {
  ""entity_name"": $e.name
};"
216,Identify the officers that have a country code of 'KOR'.,"MATCH (o:Officer)
WHERE o.country_codes = 'KOR'
RETURN o.name AS officer_name, o.country_codes AS country_code","match
$o isa officer, has country_codes ""KOR"", has name $name;
fetch {
  ""officer_name"": $name,
  ""country_code"": $o.country_codes
};"
217,List the entities connected to 'Paradise Papers - Appleby'.,"MATCH (e:Entity)-[:connected_to]-(o:Other)
WHERE o.sourceID = 'Paradise Papers - Appleby'
RETURN e.name AS EntityName, e.node_id AS EntityID","match
$e isa offshore_entity;
$o isa other, has source_id ""Paradise Papers - Appleby"";
connected_to (connector: $o, connected_entity: $e);
fetch {
  ""EntityName"": $e.name,
  ""EntityID"": $e.node_id
};"
218,What are the entities with a former name and their former names?,"MATCH (e:Entity)
WHERE e.former_name IS NOT NULL
RETURN e.name AS entity_name, e.former_name AS former_name","match
$e isa offshore_entity, has former_name $fn;
fetch {
  ""entity_name"": $e.name,
  ""former_name"": $fn
};"
219,Which entities have been incorporated in the year 2006?,"MATCH (e:Entity)
WHERE e.incorporation_date CONTAINS '2006'
RETURN e.name AS entity_name, e.incorporation_date AS incorporation_date","match
$e isa offshore_entity, has incorporation_date $d, has name $n;
$d >= 2006-01-01;
$d <= 2006-12-31;
fetch {
  ""entity_name"": $n,
  ""incorporation_date"": $d
};"
220,Which entities are registered at addresses in 'Samoa'?,"MATCH (e:Entity)-[:registered_address]->(a:Address)
WHERE a.countries = 'Samoa'
RETURN e.name AS entity_name, a.address AS registered_address","match
$e isa offshore_entity;
$a isa postal_address, has countries ""Samoa"";
registered_address (registrant: $e, registered_addr: $a);
fetch {
  ""entity_name"": $e.name,
  ""registered_address"": $a.address
};"
221,List top 3 entities with the incorporation date '27-MAR-2006'.,"MATCH (e:Entity)
WHERE e.incorporation_date = '27-MAR-2006'
RETURN e.name, e.incorporation_date
ORDER BY e.name
LIMIT 3","match
$e isa offshore_entity, has incorporation_date 2006-03-27, has name $n;
sort $n;
limit 3;
fetch {
  ""name"": $e.name,
  ""incorporation_date"": $e.incorporation_date
};"
222,Find all the officers who are named 'KIM SOO IN'.,"MATCH (o:Officer)
WHERE o.name = 'KIM SOO IN'
RETURN o","match
$o isa officer, has name ""KIM SOO IN"";
fetch {
  ""name"": $o.name,
  ""countries"": $o.countries,
  ""country_codes"": $o.country_codes,
  ""valid_until"": $o.valid_until,
  ""source_id"": $o.source_id,
  ""node_id"": $o.node_id,
  ""last_edit_timestamp"": $o.last_edit_timestamp,
  ""icij_id"": $o.icij_id,
  ""note"": $o.note
};"
223,"List the countries associated with the entity 'HOTFOCUS CO., LTD.'.","MATCH (e:Entity {name: 'HOTFOCUS CO., LTD.'})\nRETURN e.countries","match\n$e isa offshore_entity, has name ""HOTFOCUS CO., LTD."";\nfetch {\n  ""countries"": $e.countries\n};"
224,Find entities that were closed on '28-NOV-2012'.,"MATCH (e:Entity)
WHERE e.closed_date = '28-NOV-2012'
RETURN e.name, e.closed_date","match
$e isa offshore_entity, has closed_date 2012-11-28;
fetch {
  ""name"": $e.name,
  ""closed_date"": $e.closed_date
};"
225,What is the address of the intermediary with internal_id '10001'?,"MATCH (i:Intermediary {internal_id: '10001'})-[:registered_address]->(a:Address)
RETURN a.address AS address","match
$i isa intermediary, has internal_id ""10001"";
registered_address (registrant: $i, registered_addr: $a);
$a isa postal_address;
fetch {
  ""address"": $a.address
};"
226,List the former and current names of entities with a 'same_name_as' relationship.,"MATCH (e1:Entity)-[:same_name_as]->(e2:Entity)
WHERE e1.former_name IS NOT NULL OR e2.former_name IS NOT NULL
RETURN e1.name AS CurrentName1, e1.former_name AS FormerName1, e2.name AS CurrentName2, e2.former_name AS FormerName2","match
$e1 isa offshore_entity, has name $n1;
$e2 isa offshore_entity, has name $n2;
same_name_as (named_source: $e1, named_target: $e2);
{ $e1 has former_name $f1; } or { $e2 has former_name $f2; };
fetch {
  ""CurrentName1"": $n1,
  ""FormerName1"": $e1.former_name,
  ""CurrentName2"": $n2,
  ""FormerName2"": $e2.former_name
};"
227,Which entities are intermediaries of 'Top Games Holdings Inc.'?,"MATCH (e:Entity {name: 'Top Games Holdings Inc.'})<-[:intermediary_of]-(i:Intermediary)
RETURN i.name AS IntermediaryName","match
$e isa offshore_entity, has name ""Top Games Holdings Inc."";
$i isa intermediary;
intermediary_of (intermediary: $i, offshore_entity: $e);
fetch {
  ""IntermediaryName"": $i.name
};"
228,Show entities that are connected to 'ANTAM ENTERPRISES N.V.'.,"MATCH (e:Entity)-[:connected_to]-(o:Other {name: ""ANTAM ENTERPRISES N.V.""})
RETURN e.name AS EntityName","match
$o isa other, has name ""ANTAM ENTERPRISES N.V."";
$e isa offshore_entity;
connected_to (connector: $o, connected_entity: $e);
fetch {
  ""EntityName"": $e.name
};"
229,What are the node_ids of entities that were incorporated on '10-JAN-2006'?,"MATCH (e:Entity)
WHERE e.incorporation_date = '10-JAN-2006'
RETURN e.node_id","match
$e isa offshore_entity, has incorporation_date 2006-01-10;
fetch {
  ""node_id"": $e.node_id
};"
230,Can you list entities that have a note mentioning 'Closed date stands for Liquidation date.'?,"MATCH (e:Other)
WHERE e.note = 'Closed date stands for Liquidation date.'
RETURN e.name AS entity_name, e.note AS note","match
$e isa other, has note ""Closed date stands for Liquidation date."";
fetch {
  ""entity_name"": $e.name,
  ""note"": $e.note
};"
231,Which entities have a 'same_id_as' relationship?,"MATCH (o1:Officer)-[:same_id_as]->(o2:Officer)
RETURN o1.name AS Officer1, o2.name AS Officer2","match
$o1 isa officer;
$o2 isa officer;
same_id_as (id_source: $o1, id_target: $o2);
fetch {
  ""Officer1"": $o1.name,
  ""Officer2"": $o2.name
};"
232,What are the jurisdictions described for entities with country code 'HKG'?,"MATCH (e:Entity)
WHERE e.country_codes = 'HKG'
RETURN DISTINCT e.jurisdiction_description AS jurisdiction_description","match
$e isa offshore_entity, has country_codes ""HKG"", has jurisdiction_description $jd;
select $jd;
distinct;
fetch { ""jurisdiction_description"": $jd };"
233,Show the top 5 entities based on their last edit timestamp.,"MATCH (e:Entity)
RETURN e.name, e.lastEditTimestamp
ORDER BY e.lastEditTimestamp DESC
LIMIT 5","match
$e isa offshore_entity, has last_edit_timestamp $ts;
sort $ts desc;
limit 5;
fetch {
  ""name"": $e.name,
  ""lastEditTimestamp"": $ts
};"
234,Which entities were inactivated on '27-FEB-2014'?,"MATCH (e:Entity)
WHERE e.inactivation_date = '27-FEB-2014'
RETURN e.name AS entity_name, e.inactivation_date AS inactivation_date","match
$e isa offshore_entity, has inactivation_date 2014-02-27;
fetch {
  ""entity_name"": $e.name,
  ""inactivation_date"": $e.inactivation_date
};"
235,List the types of companies found in the 'Other' node category.,"MATCH (o:Other)
RETURN DISTINCT o.type AS company_types","match
$o isa other, has entity_type $t;
select $t;
distinct;
fetch { ""company_types"": $t };"
236,"What are the countries associated with intermediaries named 'MICHAEL PAPAGEORGE, MR.'?","MATCH (i:Intermediary {name: ""MICHAEL PAPAGEORGE, MR.""})
RETURN i.countries","match
$i isa intermediary, has name ""MICHAEL PAPAGEORGE, MR."";
fetch {
  ""countries"": [ $i.countries ]
};"
237,Show entities with a 'same_name_as' relationship to 'ANTAM ENTERPRISES N.V.'.,"MATCH (e:Entity)-[:same_name_as]->(o:Other {name: ""ANTAM ENTERPRISES N.V.""})
RETURN e.name, e.node_id","match
$o isa other, has name ""ANTAM ENTERPRISES N.V."";
$e isa offshore_entity;
same_name_as (named_source: $e, named_target: $o);
fetch {
  ""name"": $e.name,
  ""node_id"": $e.node_id
};"
238,Which addresses are similar to 'ORION HOUSE SERVICES (HK) LIMITED ROOM 1401; 14/F.'?,"MATCH (a:Address)-[:same_as]-(b:Address)
WHERE a.address = 'ORION HOUSE SERVICES (HK) LIMITED ROOM 1401; 14/F.'
RETURN b.address AS similar_addresses","match
$a isa postal_address, has address ""ORION HOUSE SERVICES (HK) LIMITED ROOM 1401; 14/F."";
$b isa postal_address;
same_as ($a, $b);
fetch { ""similar_addresses"": $b.address };"
239,Find all officers connected to entities with a jurisdiction of 'SAM'.,"MATCH (e:Entity)-[:officer_of]-(o:Officer)
WHERE e.jurisdiction = 'SAM'
RETURN o.name AS officer_name, e.name AS entity_name","match
$e isa offshore_entity, has jurisdiction ""SAM"", has name $en;
$o isa officer, has name $on;
officer_of (officer: $o, offshore_entity: $e);
fetch {
  ""officer_name"": $on,
  ""entity_name"": $en
};"
240,"List the entities that have 'NINGBO SUNRISE ENTERPRISES UNITED CO., LTD.' as their original name.","MATCH (e:Entity)
WHERE e.original_name = 'NINGBO SUNRISE ENTERPRISES UNITED CO., LTD.'
RETURN e.name AS entity_name, e.node_id AS entity_id","match
$e isa offshore_entity, has original_name ""NINGBO SUNRISE ENTERPRISES UNITED CO., LTD."";
fetch {
  ""entity_name"": $e.name,
  ""entity_id"": $e.node_id
};"
241,What are the former names of entities that have 'Defaulted' as their status?,"MATCH (e:Entity)
WHERE e.status = 'Defaulted' AND e.former_name IS NOT NULL
RETURN e.name AS entity_name, e.former_name AS former_name","match
$e isa offshore_entity, has status ""Defaulted"", has name $name, has former_name $former_name;
fetch {
  ""entity_name"": $name,
  ""former_name"": $former_name
};"
242,Can you show entities that have been struck off on '15-FEB-2014'?,"MATCH (e:Entity)
WHERE e.struck_off_date = '15-FEB-2014'
RETURN e.name AS entity_name, e.struck_off_date AS struck_off_date","match
$e isa offshore_entity, has name $name, has struck_off_date $d;
$d == 2014-02-15;
fetch {
  ""entity_name"": $name,
  ""struck_off_date"": $d
};"
243,Which entities share the same company as 'Top Games Holdings Inc.'?,"MATCH (e1:Entity {name: 'Top Games Holdings Inc.'})-[:same_company_as]->(e2:Entity)
RETURN e2.name","match
$e1 isa offshore_entity, has name ""Top Games Holdings Inc."";
same_company_as (company1: $e1, company2: $e2);
fetch {
  ""name"": $e2.name
};"
244,List all entities with a 'registered_address' relationship to the address node_id 14048584.,"MATCH (e:Entity)-[:registered_address]->(a:Address {node_id: 14048584})
RETURN e.name AS entity_name, e.node_id AS entity_node_id","match
$a isa postal_address, has node_id 14048584;
registered_address (registrant: $e, registered_addr: $a);
$e has name $name, has node_id $nid;
fetch {
  ""entity_name"": $name,
  ""entity_node_id"": $nid
};"
245,What is the original name of the entity with ibcRUC '25221'?,"MATCH (e:Entity {ibcRUC: '25221'})
RETURN e.original_name","match
$e isa offshore_entity, has ibc_ruc ""25221"";
fetch {
  ""original_name"": $e.original_name
};"
246,Show all officers of the entity with node_id 12160432.,"MATCH (e:Entity {node_id: 12160432})<-[:officer_of]-(o:Officer)
RETURN o.name AS officer_name, o.node_id AS officer_node_id","match
$e isa offshore_entity, has node_id 12160432;
$o isa officer;
officer_of (officer: $o, offshore_entity: $e);
fetch {
  ""officer_name"": $o.name,
  ""officer_node_id"": $o.node_id
};"
247,"What are the country codes associated with the address 'ANNEX FREDERICK & SHIRLEY STS, P.O. BOX N-4805, NA'?","MATCH (a:Address {address: ""ANNEX FREDERICK & SHIRLEY STS, P.O. BOX N-4805, NA""})
RETURN a.country_codes","match
$a isa postal_address, has address ""ANNEX FREDERICK & SHIRLEY STS, P.O. BOX N-4805, NA"";
fetch {
  ""country_codes"": $a.country_codes
};"
248,Can you list the names of entities with multiple relationships types like 'same_as' and 'registered_address'?,"MATCH (e:Entity)-[:same_as]->(:Entity)
MATCH (e)-[:registered_address]->(:Address)
RETURN DISTINCT e.name","match
$e isa offshore_entity;
same_as (same_as_source: $e, same_as_target: $other);
$other isa offshore_entity;
registered_address (registrant: $e, registered_addr: $addr);
$addr isa postal_address;
fetch {
  ""name"": $e.name
};"
249,Which entities have an inactivation date of '18-FEB-2013'?,"MATCH (e:Entity)
WHERE e.inactivation_date = '18-FEB-2013'
RETURN e.name AS entity_name, e.inactivation_date","match
$e isa offshore_entity, has inactivation_date 2013-02-18;
fetch {
  ""entity_name"": $e.name,
  ""inactivation_date"": $e.inactivation_date
};"
250,What addresses are registered to entities in the 'Panama Papers'?,"MATCH (e:Entity)-[:registered_address]->(a:Address)
WHERE e.sourceID = 'Panama Papers'
RETURN a.address AS registered_address","match
$e isa offshore_entity, has source_id ""Panama Papers"";
registered_address (registrant: $e, registered_addr: $a);
$a isa postal_address;
fetch {
  ""registered_address"": $a.address
};"
251,"Which entities have the same company type as 'NINGBO SUNRISE ENTERPRISES UNITED CO., LTD.'?","// First, find the company type of 'NINGBO SUNRISE ENTERPRISES UNITED CO., LTD.'
MATCH (e1:Entity {name: 'NINGBO SUNRISE ENTERPRISES UNITED CO., LTD.'})
WITH e1.company_type AS target_company_type

// Then, find all entities with the same company type
MATCH (e2:Entity)
WHERE e2.company_type = target_company_type
RETURN e2.name AS entity_name, e2.company_type AS company_type","match
$e1 isa offshore_entity, has name ""NINGBO SUNRISE ENTERPRISES UNITED CO., LTD."", has company_type $ct;
$e2 isa offshore_entity, has company_type $ct, has name $n;
fetch {
  ""entity_name"": $n,
  ""company_type"": $ct
};"
252,What officers are shareholders of entities incorporated on '10-JAN-2006'?,"MATCH (o:Officer)-[r:officer_of {link: ""shareholder of""}]->(e:Entity {incorporation_date: ""10-JAN-2006""})
RETURN o.name AS officer_name, e.name AS entity_name","match
$o isa officer;
$e isa offshore_entity, has incorporation_date 2006-01-10;
$rel isa officer_of (officer: $o, offshore_entity: $e), has link ""shareholder of"";
fetch {
  ""officer_name"": $o.name,
  ""entity_name"": $e.name
};"
253,Identify entities that have an original name different from their current name and provide both names.,"MATCH (e:Entity)
WHERE e.original_name IS NOT NULL AND e.name IS NOT NULL AND e.original_name <> e.name
RETURN e.name AS current_name, e.original_name AS original_name","match
$e isa offshore_entity, has name $n, has original_name $o;
$n != $o;
fetch {
  ""current_name"": $n,
  ""original_name"": $o
};"
254,Provide names of entities that were struck off on '15-FEB-2013'.,"MATCH (e:Entity)
WHERE e.struck_off_date = '15-FEB-2013'
RETURN e.name","match
$e isa offshore_entity, has struck_off_date 2013-02-15;
fetch {
  ""name"": $e.name
};"
255,List all entities with their incorporation dates between 2005 and 2010.,"MATCH (e:Entity)
WHERE e.incorporation_date >= ""2005-01-01"" AND e.incorporation_date <= ""2010-12-31""
RETURN e.name AS entity_name, e.incorporation_date AS incorporation_date","match
$e isa offshore_entity, has incorporation_date $d;
$d >= 2005-01-01;
$d <= 2010-12-31;
fetch {
  ""entity_name"": $e.name,
  ""incorporation_date"": $d
};"
256,What are the names of entities incorporated in Samoa?,"MATCH (e:Entity)
WHERE e.jurisdiction = 'SAM'
RETURN e.name AS entity_name","match
$e isa offshore_entity, has jurisdiction ""SAM"";
fetch {
  ""entity_name"": $e.name
};"
257,How many entities have been struck off on '15-FEB-2013'?,"MATCH (e:Entity)
WHERE e.struck_off_date = '15-FEB-2013'
RETURN count(e) AS struck_off_entities","match
$e isa offshore_entity, has struck_off_date 2013-02-15;
reduce $struck_off_entities = count($e);"
258,Identify entities that have 'Mossack Fonseca' as their service provider.,"MATCH (e:Entity)
WHERE e.service_provider = 'Mossack Fonseca'
RETURN e.name, e.countries, e.jurisdiction, e.status, e.incorporation_date","match
$e isa offshore_entity, has service_provider ""Mossack Fonseca"";
fetch {
  ""name"": $e.name,
  ""countries"": $e.countries,
  ""jurisdiction"": $e.jurisdiction,
  ""status"": $e.status,
  ""incorporation_date"": $e.incorporation_date
};"
259,Which entities have a 'HKG' country code?,"MATCH (e:Entity)
WHERE e.country_codes CONTAINS 'HKG'
RETURN e.name, e.country_codes","match
$e isa offshore_entity, has country_codes $cc;
$cc like "".*HKG.*"";
fetch {
  ""name"": $e.name,
  ""country_codes"": $cc
};"
260,Can you list entities that were inactivated in February 2014?,"MATCH (e:Entity)
WHERE e.inactivation_date STARTS WITH 'FEB-2014'
RETURN e.name AS entity_name, e.inactivation_date","match
$e isa offshore_entity, has inactivation_date $d, has name $n;
$d >= 2014-02-01;
$d <= 2014-02-28;
fetch {
  ""entity_name"": $n,
  ""inactivation_date"": $d
};"
261,What are the names of intermediaries located in South Africa?,"MATCH (i:Intermediary)
WHERE i.countries = ""South Africa""
RETURN i.name","match
$i isa intermediary, has countries ""South Africa"";
fetch {
  ""name"": $i.name
};"
262,List all officers with the country code 'KOR'.,"MATCH (o:Officer)
WHERE o.country_codes = 'KOR'
RETURN o.name","match
$o isa officer, has country_codes ""KOR"";
fetch {
  ""name"": $o.name
};"
263,What addresses are registered in the Bahamas?,"MATCH (a:Address)
WHERE a.countries CONTAINS 'Bahamas'
RETURN a.address AS registered_address","match
$a isa postal_address, has countries $c, has address $addr;
$c like "".*Bahamas.*"";
fetch {
  ""registered_address"": $addr
};"
264,How many entities are connected to the address with node_id 24000001?,"MATCH (a:Address {node_id: 24000001})<-[:registered_address]-(e:Entity)
RETURN count(e) AS numberOfEntities","match
$a isa postal_address, has node_id 24000001;
registered_address (registered_addr: $a, registrant: $e);
$e isa offshore_entity;
reduce $numberOfEntities = count($e);"
265,List entities that are the same as entity with node_id 10000001.,"MATCH (e1:Entity {node_id: 10000001})-[:same_as]->(e2:Entity)
RETURN e2.name AS entity_name, e2.node_id AS entity_node_id","match
$e1 isa offshore_entity, has node_id 10000001;
same_as (same_as_source: $e1, same_as_target: $e2);
fetch {
  ""entity_name"": $e2.name,
  ""entity_node_id"": $e2.node_id
};"
266,Which entities are served by the intermediary with node_id 11000001?,"MATCH (i:Intermediary {node_id: 11000001})-[:intermediary_of]->(e:Entity)
RETURN e.name AS entity_name, e.node_id AS entity_node_id","match
$i isa intermediary, has node_id 11000001;
intermediary_of (intermediary: $i, offshore_entity: $e);
fetch {
  ""entity_name"": $e.name,
  ""entity_node_id"": $e.node_id
};"
267,List all entities that share the same name as officer with node_id 12000001.,"MATCH (o:Officer {node_id: 12000001})-[:same_name_as]->(e:Entity)
RETURN e.name AS entity_name, e.node_id AS entity_node_id","match
$o isa officer, has node_id 12000001;
same_name_as (named_source: $o, named_target: $e);
$e isa offshore_entity;
fetch {
  ""entity_name"": $e.name,
  ""entity_node_id"": $e.node_id
};"
268,Which entities have a status of 'Defaulted'?,"MATCH (e:Entity)
WHERE e.status = 'Defaulted'
RETURN e.name AS entity_name, e.status AS status","match
$e isa offshore_entity, has status ""Defaulted"";
fetch {
  ""entity_name"": $e.name,
  ""status"": $e.status
};"
269,Which officers are involved with the entity having node_id 10000002?,"MATCH (e:Entity {node_id: 10000002})<-[:officer_of]-(o:Officer)
RETURN o.name AS officer_name, o.node_id AS officer_node_id","match
$e isa offshore_entity, has node_id 10000002;
$o isa officer;
officer_of (officer: $o, offshore_entity: $e);
fetch {
  ""officer_name"": $o.name,
  ""officer_node_id"": $o.node_id
};"
270,How many entities are connected to the officer with node_id 12000001?,"MATCH (o:Officer {node_id: 12000001})-[:officer_of]->(e:Entity)
RETURN count(e) AS numberOfEntities","match
$o isa officer, has node_id 12000001;
officer_of (officer: $o, offshore_entity: $e);
reduce $count = count($e);"
271,List the entities with a jurisdiction description of 'Samoa'.,"MATCH (e:Entity)
WHERE e.jurisdiction_description = 'Samoa'
RETURN e.name AS entity_name, e.jurisdiction_description AS jurisdiction_description","match
$e isa offshore_entity, has jurisdiction_description ""Samoa"";
fetch {
  ""entity_name"": $e.name,
  ""jurisdiction_description"": $e.jurisdiction_description
};"
272,Which entities have an incorporation date of '23-MAR-2006'?,"MATCH (e:Entity)
WHERE e.incorporation_date = '23-MAR-2006'
RETURN e.name, e.incorporation_date","match
$e isa offshore_entity, has incorporation_date 2006-03-23;
fetch {
  ""name"": $e.name,
  ""incorporation_date"": $e.incorporation_date
};"
273,List all officers that have an address in South Korea.,"MATCH (o:Officer)-[:registered_address]->(a:Address)
WHERE a.countries = ""South Korea""
RETURN o.name","match
$o isa officer;
$a isa postal_address, has countries ""South Korea"";
registered_address (registrant: $o, registered_addr: $a);
fetch {
  ""name"": $o.name
};"
274,"Find entities that have 'NINGBO SUNRISE ENTERPRISES UNITED CO., LTD.' as their original name.","MATCH (e:Entity)
WHERE e.original_name = 'NINGBO SUNRISE ENTERPRISES UNITED CO., LTD.'
RETURN e","match
$e isa offshore_entity, has original_name ""NINGBO SUNRISE ENTERPRISES UNITED CO., LTD."";
fetch {
  ""entity"": {
    ""name"": $e.name,
    ""original_name"": $e.original_name,
    ""node_id"": $e.node_id
  }
};"
275,"Which intermediary has the name 'MICHAEL PAPAGEORGE, MR.'?","MATCH (i:Intermediary {name: 'MICHAEL PAPAGEORGE, MR.'})
RETURN i","match
$i isa intermediary, has name ""MICHAEL PAPAGEORGE, MR."";
fetch {
  ""i"": { $i.* }
};"
276,List entities with their service providers and incorporation dates.,"MATCH (e:Entity)
RETURN e.name AS entity_name, e.service_provider AS service_provider, e.incorporation_date AS incorporation_date","match
$e isa offshore_entity;
fetch {
  ""entity_name"": $e.name,
  ""service_provider"": $e.service_provider,
  ""incorporation_date"": $e.incorporation_date
};"
277,Which entities are linked to the address with original_address starting with 'ANNEX FREDERICK'?,"MATCH (a:Address {original_address: ""ANNEX FREDERICK & SHIRLEY STS, P. O. BOX N-4805 NA""})
MATCH (e:Entity)-[:registered_address]->(a)
RETURN e.name AS entity_name, e.node_id AS entity_node_id","match
$a isa postal_address, has original_address ""ANNEX FREDERICK & SHIRLEY STS, P. O. BOX N-4805 NA"";
$e isa offshore_entity;
registered_address (registrant: $e, registered_addr: $a);
fetch {
  ""entity_name"": $e.name,
  ""entity_node_id"": $e.node_id
};"
278,Identify entities with closed dates in November 2012.,"MATCH (e:Entity)
WHERE e.closed_date STARTS WITH '28-NOV-2012'
RETURN e.name AS entity_name, e.closed_date AS closed_date","match
$e isa offshore_entity, has closed_date $cd, has name $n;
$cd >= 2012-11-01;
$cd <= 2012-11-30;
fetch {
  ""entity_name"": $n,
  ""closed_date"": $cd
};"
279,What are the names of entities with a struck off date in February 2013?,"MATCH (e:Entity)
WHERE e.struck_off_date STARTS WITH 'FEB-2013'
RETURN e.name","match
$e isa offshore_entity, has struck_off_date $d, has name $n;
$d >= 2013-02-01;
$d <= 2013-02-28;
fetch { ""name"": $n };"
280,List entities that have changed their names and provide the former and current names.,"MATCH (e:Entity)
WHERE e.former_name IS NOT NULL
RETURN e.name AS current_name, e.former_name AS former_name","match
$e isa offshore_entity, has former_name $fn;
fetch {
  ""current_name"": $e.name,
  ""former_name"": $fn
};"
281,Who are the officers connected to the entity with node_id 10000004?,"MATCH (e:Entity {node_id: 10000004})<-[:connected_to]-(o:Officer)
RETURN o.name","match
$e isa offshore_entity, has node_id 10000004;
$o isa officer;
connected_to (connector: $o, connected_entity: $e);
fetch {
  ""name"": $o.name
};"
282,What are the registered addresses of entities in Hong Kong?,"MATCH (e:Entity)-[:registered_address]->(a:Address)
WHERE e.countries = ""Hong Kong""
RETURN e.name AS entity_name, a.address AS registered_address","match
$e isa offshore_entity, has countries ""Hong Kong"", has name $entity_name;
registered_address (registrant: $e, registered_addr: $a);
$a has address $registered_address;
fetch {
  ""entity_name"": $entity_name,
  ""registered_address"": $registered_address
};"
283,List the intermediaries that have an active status.,"MATCH (i:Intermediary)
WHERE i.status = 'ACTIVE'
RETURN i.name AS intermediary_name, i.countries AS countries, i.address AS address","match
$i isa intermediary, has status ""ACTIVE"";
fetch {
  ""intermediary_name"": $i.name,
  ""countries"": $i.countries,
  ""address"": $i.address
};"
284,List the officers that are connected to entities with a node_id greater than '12000000'.,"MATCH (o:Officer)-[:connected_to]->(e:Entity)
WHERE e.node_id > 12000000
RETURN o.name AS officer_name","match
$o isa officer;
$e isa offshore_entity, has node_id $nid;
$nid > 12000000;
connected_to (connector: $o, connected_entity: $e);
fetch {
  ""officer_name"": $o.name
};"
285,Which entities and intermediaries have the same country codes?,"MATCH (e:Entity), (i:Intermediary)
WHERE e.country_codes = i.country_codes
RETURN e.name AS EntityName, e.country_codes AS CountryCodes, i.name AS IntermediaryName","match
$e isa offshore_entity, has name $en, has country_codes $cc;
$i isa intermediary, has name $in, has country_codes $cc;
fetch {
  ""EntityName"": $en,
  ""CountryCodes"": $cc,
  ""IntermediaryName"": $in
};"
286,List the intermediaries with a registered office in 'MICHAEL PAPAGEORGE; MR. 106 NICHOLSON STREET BROOK'.,"MATCH (i:Intermediary)-[:registered_address]->(a:Address)
WHERE a.address = 'MICHAEL PAPAGEORGE; MR. 106 NICHOLSON STREET BROOK'
RETURN i.name AS intermediary_name, i.registered_office AS registered_office","match
$i isa intermediary;
$a isa postal_address, has address ""MICHAEL PAPAGEORGE; MR. 106 NICHOLSON STREET BROOK"";
registered_address (registrant: $i, registered_addr: $a);
fetch {
  ""intermediary_name"": $i.name,
  ""registered_office"": $i.registered_office
};"
287,Which officers have a valid until date through 2015?,"MATCH (o:Officer)
WHERE o.valid_until CONTAINS ""2015""
RETURN o.name","match
$o isa officer, has valid_until $v, has name $n;
$v like "".*2015.*"";
fetch { ""name"": $n };"
288,Show entities that have a company type specified.,"MATCH (e:Entity)
WHERE e.company_type IS NOT NULL
RETURN e.name AS entity_name, e.company_type AS company_type","match
$e isa offshore_entity, has company_type $ct, has name $n;
fetch {
  ""entity_name"": $n,
  ""company_type"": $ct
};"
289,List all entities with a dorm date listed.,"MATCH (e:Entity)
WHERE e.dorm_date IS NOT NULL
RETURN e.name AS entity_name, e.dorm_date AS dorm_date","match
$e isa offshore_entity, has dorm_date $d;
fetch {
  ""entity_name"": $e.name,
  ""dorm_date"": $d
};"
290,What are the top 5 entities with the most recent incorporation dates?,"MATCH (e:Entity)
WHERE e.incorporation_date IS NOT NULL
RETURN e.name, e.incorporation_date
ORDER BY e.incorporation_date DESC
LIMIT 5","match
$e isa offshore_entity, has incorporation_date $d, has name $n;
sort $d desc;
limit 5;
fetch {
  ""name"": $n,
  ""incorporation_date"": $d
};"
291,Show the entities connected to 'ORION HOUSE SERVICES (HK) LIMITED ROOM 1401; 14/F.',"MATCH (e:Entity)-[:registered_address]->(a:Address {address: ""ORION HOUSE SERVICES (HK) LIMITED ROOM 1401; 14/F.""})
RETURN e.name AS entity_name, e.node_id AS entity_node_id","match
$a isa postal_address, has address ""ORION HOUSE SERVICES (HK) LIMITED ROOM 1401; 14/F."";
$e isa offshore_entity;
registered_address (registrant: $e, registered_addr: $a);
fetch {
  ""entity_name"": $e.name,
  ""entity_node_id"": $e.node_id
};"
292,List entities that are connected to intermediaries based in South Africa.,"MATCH (i:Intermediary)-[:intermediary_of]->(e:Entity)
WHERE i.countries = ""South Africa""
RETURN e.name AS EntityName, e.node_id AS EntityID, i.name AS IntermediaryName, i.node_id AS IntermediaryID","match
$i isa intermediary, has countries ""South Africa"";
$e isa offshore_entity;
intermediary_of (intermediary: $i, offshore_entity: $e);
fetch {
  ""EntityName"": $e.name,
  ""EntityID"": $e.node_id,
  ""IntermediaryName"": $i.name,
  ""IntermediaryID"": $i.node_id
};"
293,Which entities have a different former name and current name?,"MATCH (e:Entity)
WHERE e.name IS NOT NULL AND e.former_name IS NOT NULL AND e.name <> e.former_name
RETURN e.name AS current_name, e.former_name AS former_name","match
$e isa offshore_entity, has name $n, has former_name $fn;
$n != $fn;
fetch {
  ""current_name"": $n,
  ""former_name"": $fn
};"
294,Show the top 5 officers by last edit timestamp.,"MATCH (o:Officer)
RETURN o.name, o.lastEditTimestamp
ORDER BY o.lastEditTimestamp DESC
LIMIT 5","match $o isa officer, has last_edit_timestamp $t;
sort $t desc;
limit 5;
fetch { ""name"": $o.name, ""last_edit_timestamp"": $t };"
295,List the entities with a jurisdiction code of 'SAM'.,"MATCH (e:Entity)
WHERE e.jurisdiction = 'SAM'
RETURN e.name AS entity_name, e.jurisdiction AS jurisdiction_code","match
$e isa offshore_entity, has jurisdiction ""SAM"", has name $n;
fetch {
  ""entity_name"": $n,
  ""jurisdiction_code"": $e.jurisdiction
};"
296,Which entities have a service provider listed as 'Mossack Fonseca'?,"MATCH (e:Entity)
WHERE e.service_provider = 'Mossack Fonseca'
RETURN e.name AS entity_name, e.service_provider AS service_provider","match
$e isa offshore_entity, has service_provider ""Mossack Fonseca"";
fetch {
  ""entity_name"": $e.name,
  ""service_provider"": $e.service_provider
};"
297,Show the entities that are connected to addresses with the ICIJ ID 'F969D23B2EDF91CAEBE119A675B61AAB'.,"MATCH (a:Address {icij_id: 'F969D23B2EDF91CAEBE119A675B61AAB'})&lt;-[:registered_address]-(e:Entity)
RETURN e","match
$a isa postal_address, has icij_id ""F969D23B2EDF91CAEBE119A675B61AAB"";
$e isa offshore_entity;
registered_address (registrant: $e, registered_addr: $a);
fetch {
  ""entity"": $e
};"
298,List all entities with a note about their status.,"MATCH (e:Entity)
WHERE e.note IS NOT NULL
RETURN e.name AS entity_name, e.note AS status_note","match
$e isa offshore_entity, has note $n, has name $name;
fetch {
  ""entity_name"": $name,
  ""status_note"": $n
};"
299,Show the top 5 entities that were last edited before '1638311040000'.,"MATCH (e:Entity)
WHERE e.lastEditTimestamp < '1638311040000'
RETURN e.name, e.lastEditTimestamp
ORDER BY e.lastEditTimestamp ASC
LIMIT 5","match
$e isa offshore_entity, has name $n, has last_edit_timestamp $let;
$let < ""1638311040000"";
sort $let asc;
limit 5;
fetch {
  ""name"": $n,
  ""lastEditTimestamp"": $let
};"
300,What are the countries codes associated with officers in the dataset?,"MATCH (o:Officer)
RETURN DISTINCT o.country_codes AS country_codes","match
$o isa officer, has country_codes $cc;
select $cc;
distinct;
fetch { ""country_codes"": $cc };"
301,List the intermediaries that are connected to entities with a status of 'Defaulted'.,"MATCH (e:Entity)-[:intermediary_of]-(i:Intermediary)
WHERE e.status = 'Defaulted'
RETURN DISTINCT i.name AS IntermediaryName","match
$e isa offshore_entity, has status ""Defaulted"";
$i isa intermediary, has name $name;
intermediary_of (intermediary: $i, offshore_entity: $e);
select $name;
distinct;
fetch { ""IntermediaryName"": $name };"
302,Which officers have been involved with entities since 1999?,"MATCH (o:Officer)-[r:officer_of]->(e:Entity)
WHERE r.start_date >= ""1999-01-01""
RETURN o.name AS officer_name, e.name AS entity_name, r.start_date AS involvement_start_date","match
$o isa officer, has name $officer_name;
$e isa offshore_entity, has name $entity_name;
$rel isa officer_of (officer: $o, offshore_entity: $e), has start_date $start_date;
$start_date >= 1999-01-01;
fetch {
  ""officer_name"": $officer_name,
  ""entity_name"": $entity_name,
  ""involvement_start_date"": $start_date
};"
303,Show the entities that have the same id as another entity.,"MATCH (e1:Entity)-[:same_id_as]->(e2:Entity)
RETURN e1.name AS Entity1, e2.name AS Entity2","match
$e1 isa officer;
$e2 isa officer;
same_id_as (id_source: $e1, id_target: $e2);
fetch {
  ""Entity1"": $e1.name,
  ""Entity2"": $e2.name
};"
304,List the entities that have been connected to other entities through the 'connected to' relationship.,"MATCH (e1:Entity)-[:connected_to]->(e2:Entity)
RETURN e1.name AS Entity1, e2.name AS Entity2","match
$e1 isa $t1;
$e2 isa offshore_entity;
connected_to (connector: $e1, connected_entity: $e2);
$e1 has name $n1;
$e2 has name $n2;
fetch {
  ""Entity1"": $n1,
  ""Entity2"": $n2
};"
305,Show the entities that have been struck off but have a different inactivation date.,"MATCH (e:Entity)
WHERE e.struck_off_date IS NOT NULL AND e.inactivation_date IS NOT NULL AND e.struck_off_date <> e.inactivation_date
RETURN e.name AS entity_name, e.struck_off_date, e.inactivation_date","match
$e isa offshore_entity,
  has name $name,
  has struck_off_date $struck,
  has inactivation_date $inact;
$struck != $inact;
fetch {
  ""entity_name"": $name,
  ""struck_off_date"": $struck,
  ""inactivation_date"": $inact
};"
306,List the addresses that have been used for more than one entity.,"MATCH (e1:Entity)-[:registered_address]->(a:Address)<-[:registered_address]-(e2:Entity)
WHERE e1.node_id <> e2.node_id
RETURN a.address, COUNT(DISTINCT e1.node_id) AS entity_count
ORDER BY entity_count DESC","match
$a isa postal_address, has address $addr;
registered_address (registrant: $e, registered_addr: $a);
$e has node_id $nid;
reduce $count = count($nid) groupby $a, $addr;
match $count > 1;
sort $count desc;
fetch { ""address"": $addr, ""entity_count"": $count };"
307,What are the top 5 most recent entities by incorporation date?,"MATCH (e:Entity)
WHERE e.incorporation_date IS NOT NULL
RETURN e.name, e.incorporation_date
ORDER BY e.incorporation_date DESC
LIMIT 5","match
$e isa offshore_entity, has incorporation_date $inc, has name $n;
sort $inc desc;
limit 5;
fetch {
  ""name"": $n,
  ""incorporation_date"": $inc
};"
308,Show the intermediaries with the most connections to entities.,"MATCH (i:Intermediary)-[r:intermediary_of]->(e:Entity)
RETURN i.name AS Intermediary, COUNT(r) AS Connections
ORDER BY Connections DESC
LIMIT 10","match
$i isa intermediary;
$rel isa intermediary_of (intermediary: $i, offshore_entity: $e);
reduce $count = count($rel) groupby $i;
sort $count desc;
limit 10;
fetch { ""Intermediary"": $i.name, ""Connections"": $count };"
309,List the entities with a jurisdiction description that matches their country codes.,"MATCH (e:Entity)
WHERE e.jurisdiction_description = e.country_codes
RETURN e.name AS entity_name, e.jurisdiction_description AS jurisdiction_description, e.country_codes AS country_codes","match
$e isa offshore_entity, has jurisdiction_description $jd, has country_codes $cc;
$jd == $cc;
fetch {
  ""entity_name"": $e.name,
  ""jurisdiction_description"": $jd,
  ""country_codes"": $cc
};"
310,Which entities have changed their name from their original name?,"MATCH (e:Entity)
WHERE e.name <> e.original_name
RETURN e.name AS current_name, e.original_name AS original_name","match
$e isa offshore_entity, has name $n, has original_name $on;
$n != $on;
fetch {
  ""current_name"": $n,
  ""original_name"": $on
};"
311,Show the nodes that have a type of 'SOLE OWNERSHIP'.,"MATCH (n:Other {type: 'SOLE OWNERSHIP'})
RETURN n","match
$n isa other, has entity_type ""SOLE OWNERSHIP"";
fetch {
  ""n"": {
    ""node_id"": $n.node_id,
    ""name"": $n.name,
    ""entity_type"": $n.entity_type
  }
};"
312,List the entities that have undergone liquidation as per their notes.,"MATCH (e:Other)
WHERE e.note CONTAINS 'Liquidation'
RETURN e.name AS entity_name, e.note AS liquidation_note","match
$e isa other, has note $n;
$n like "".*Liquidation.*"";
fetch {
  ""entity_name"": $e.name,
  ""liquidation_note"": $n
};"
313,Show the top 5 entities sorted by their node_id.,"MATCH (e:Entity)
RETURN e.name, e.node_id
ORDER BY e.node_id DESC
LIMIT 5","match
$e isa offshore_entity, has name $n, has node_id $nid;
sort $nid desc;
limit 5;
fetch {
  ""name"": $n,
  ""node_id"": $nid
};"
314,Which officers are linked as 'Nominee Shareholder of' with entities?,"MATCH (o:Officer)-[r:officer_of {link: 'Nominee Shareholder of'}]->(e:Entity)
RETURN o.name AS OfficerName, e.name AS EntityName","match
$o isa officer, has name $on;
$e isa offshore_entity, has name $en;
$r isa officer_of (officer: $o, offshore_entity: $e), has link ""Nominee Shareholder of"";
fetch {
  ""OfficerName"": $on,
  ""EntityName"": $en
};"
315,Which entities are under the same company as entity with node_id 10000001?,"MATCH (e1:Entity {node_id: 10000001})-[:same_company_as]->(e2:Entity)
RETURN e2.name AS entity_name, e2.node_id AS entity_node_id","match
$e1 isa offshore_entity, has node_id 10000001;
same_company_as (company1: $e1, company2: $e2);
fetch {
  ""entity_name"": $e2.name,
  ""entity_node_id"": $e2.node_id
};"
316,Which addresses have the status 'active'?,"MATCH (a:Address)<-[:registered_address]-(e:Entity)
WHERE e.status = 'ACTIVE'
RETURN a.address AS Address, a.countries AS Countries","match
$a isa postal_address;
$e isa offshore_entity, has status ""ACTIVE"";
registered_address (registrant: $e, registered_addr: $a);
fetch {
  ""Address"": $a.address,
  ""Countries"": $a.countries
};"
317,Identify entities that have been struck off after 2010 and list their node_ids.,"MATCH (e:Entity)
WHERE e.struck_off_date > ""2010""
RETURN e.node_id","match
$e isa offshore_entity, has struck_off_date $d;
$d > 2010-12-31;
fetch {
  ""node_id"": $e.node_id
};"
318,List all entities that have a closed date and their type.,"MATCH (e:Entity)
WHERE e.closed_date IS NOT NULL
RETURN e.name AS entity_name, e.closed_date AS closed_date, e.type AS entity_type","match
$e isa offshore_entity, has closed_date $cd, has entity_type $t;
fetch {
  ""entity_name"": $e.name,
  ""closed_date"": $cd,
  ""entity_type"": $t
};"
319,Which entities have a type of 'FOREIGN FORMED CORPORATION'?,"MATCH (e:Other {type: 'FOREIGN FORMED CORPORATION'})
RETURN e.name AS entity_name, e.node_id AS entity_id","match
$e isa other, has entity_type ""FOREIGN FORMED CORPORATION"";
fetch {
  ""entity_name"": $e.name,
  ""entity_id"": $e.node_id
};"
320,Identify entities with multiple statuses and list the statuses.,"MATCH (e:Entity)
WITH e, collect(e.status) AS statuses
WHERE size(statuses) > 1
RETURN e.name AS entity_name, statuses","match
$e isa offshore_entity;
$e has status $s1, has status $s2;
$s1 != $s2;
fetch {
  ""entity_name"": $e.name,
  ""statuses"": [ $e.status ]
};"
321,Which officers have served as 'Nominee Director of' for entities?,"MATCH (o:Officer)-[r:officer_of]->(e:Entity)
WHERE r.link = 'Nominee Director of'
RETURN o.name AS officer_name, e.name AS entity_name","match
$o isa officer;
$e isa offshore_entity;
$r isa officer_of (officer: $o, offshore_entity: $e), has link ""Nominee Director of"";
fetch {
  ""officer_name"": $o.name,
  ""entity_name"": $e.name
};"
322,List all entities with a last edit timestamp of '1638311020926'.,"MATCH (e:Entity)
WHERE e.lastEditTimestamp = '1638311020926'
RETURN e.name, e.node_id, e.countries, e.ibcRUC, e.valid_until, e.country_codes, e.service_provider, e.address, e.inactivation_date, e.struck_off_date, e.status, e.jurisdiction_description, e.incorporation_date, e.original_name, e.jurisdiction, e.internal_id, e.sourceID, e.former_name, e.company_type, e.tax_stat_description, e.note, e.dorm_date, e.type, e.closed_date, e.company_number, e.comments, e.entity_number","match
$e isa offshore_entity, has last_edit_timestamp ""1638311020926"";
fetch {
  ""name"": $e.name,
  ""node_id"": $e.node_id,
  ""countries"": $e.countries,
  ""ibc_ruc"": $e.ibc_ruc,
  ""valid_until"": $e.valid_until,
  ""country_codes"": $e.country_codes,
  ""service_provider"": $e.service_provider,
  ""address"": $e.address,
  ""inactivation_date"": $e.inactivation_date,
  ""struck_off_date"": $e.struck_off_date,
  ""status"": $e.status,
  ""jurisdiction_description"": $e.jurisdiction_description,
  ""incorporation_date"": $e.incorporation_date,
  ""original_name"": $e.original_name,
  ""jurisdiction"": $e.jurisdiction,
  ""internal_id"": $e.internal_id,
  ""source_id"": $e.source_id,
  ""former_name"": $e.former_name,
  ""company_type"": $e.company_type,
  ""tax_stat_description"": $e.tax_stat_description,
  ""note"": $e.note,
  ""dorm_date"": $e.dorm_date,
  ""entity_type"": $e.entity_type,
  ""closed_date"": $e.closed_date,
  ""company_number"": $e.company_number,
  ""comments"": $e.comments,
  ""entity_number"": $e.entity_number
};"
323,Which entities have a node_id less than 80000012 and their names?,"MATCH (e:Entity)
WHERE e.node_id < 80000012
RETURN e.name, e.node_id","match
$e isa offshore_entity, has node_id $nid, has name $n;
$nid < 80000012;
fetch {
  ""name"": $n,
  ""node_id"": $nid
};"
324,Identify all officers with a status of 'ACTIVE'.,"MATCH (o:Officer)
WHERE o.status = 'ACTIVE'
RETURN o.name, o.node_id, o.countries, o.country_codes, o.sourceID","match
$o isa officer, has status ""ACTIVE"";
fetch {
  ""name"": $o.name,
  ""nodeId"": $o.node_id,
  ""countries"": $o.countries,
  ""countryCodes"": $o.country_codes,
  ""sourceId"": $o.source_id
};"
325,List entities that share the same jurisdiction as 'SAM' and their names.,"MATCH (e:Entity)
WHERE e.jurisdiction = 'SAM'
RETURN e.name AS entity_name","match
$e isa offshore_entity, has jurisdiction ""SAM"";
fetch {
  ""entity_name"": $e.name
};"
326,Identify entities with a valid until date and their respective incorporation dates.,"MATCH (e:Entity)
WHERE e.valid_until IS NOT NULL AND e.incorporation_date IS NOT NULL
RETURN e.name AS entity_name, e.valid_until, e.incorporation_date","match
$e isa offshore_entity, has name $n, has valid_until $vu, has incorporation_date $id;
fetch {
  ""entity_name"": $n,
  ""valid_until"": $vu,
  ""incorporation_date"": $id
};"
327,Which entities have an address in 'KOWLOON; HONG KONG'?,"MATCH (e:Entity)-[:registered_address]->(a:Address)
WHERE a.address CONTAINS 'KOWLOON; HONG KONG'
RETURN e.name AS entity_name, e.address AS entity_address","match
$e isa offshore_entity;
$a isa postal_address, has address $addr;
$addr like "".*KOWLOON; HONG KONG.*"";
registered_address (registrant: $e, registered_addr: $a);
fetch {
  ""entity_name"": $e.name,
  ""entity_address"": $e.address
};"
328,List all officers connected to the address with node_id 24000001.,"MATCH (a:Address {node_id: 24000001})<-[:registered_address]-(o:Officer)
RETURN o.name AS officer_name, o.node_id AS officer_node_id","match
$a isa postal_address, has node_id 24000001;
$o isa officer;
registered_address (registrant: $o, registered_addr: $a);
fetch {
  ""officer_name"": $o.name,
  ""officer_node_id"": $o.node_id
};"
329,Identify entities that have been both registered and struck off in Samoa.,"MATCH (e:Entity)
WHERE e.jurisdiction = 'SAM' AND e.struck_off_date IS NOT NULL
RETURN e.name AS entity_name, e.incorporation_date, e.struck_off_date","match
$e isa offshore_entity,
  has jurisdiction ""SAM"",
  has struck_off_date $struck_date;
fetch {
  ""entity_name"": $e.name,
  ""incorporation_date"": $e.incorporation_date,
  ""struck_off_date"": $struck_date
};"
330,List the registered addresses for entities that were incorporated in March 2006.,"MATCH (e:Entity)-[:registered_address]->(a:Address)
WHERE e.incorporation_date STARTS WITH '23-MAR-2006'
RETURN e.name AS entity_name, a.address AS registered_address","match
$e isa offshore_entity, has incorporation_date $d, has name $n;
$d >= 2006-03-01;
$d <= 2006-03-31;
registered_address (registrant: $e, registered_addr: $a);
$a has address $addr;
fetch {
  ""entity_name"": $n,
  ""registered_address"": $addr
};"
331,Which entities are connected to the officer with icij_id 'CB195B5424E13A74A6F3BC719050A2B9'?,"MATCH (o:Officer {icij_id: 'CB195B5424E13A74A6F3BC719050A2B9'})-[:connected_to]->(e:Entity)
RETURN e.name AS entity_name, e.node_id AS entity_node_id","match
$o isa officer, has icij_id ""CB195B5424E13A74A6F3BC719050A2B9"";
$e isa offshore_entity;
connected_to (connector: $o, connected_entity: $e);
fetch {
  ""entity_name"": $e.name,
  ""entity_node_id"": $e.node_id
};"
332,Who are the officers with the former name 'MOSSFON SUBSCRIBERS LTD.' and their current names?,"MATCH (e:Entity {former_name: 'MOSSFON SUBSCRIBERS LTD.'})<-[:officer_of]-(o:Officer)
RETURN o.name AS current_name, e.former_name AS former_name","match
$e isa offshore_entity, has former_name ""MOSSFON SUBSCRIBERS LTD."";
$o isa officer;
officer_of (officer: $o, offshore_entity: $e);
fetch {
  ""current_name"": $o.name,
  ""former_name"": $e.former_name
};"
333,List all intermediaries that have been registered at more than one address.,"MATCH (i:Intermediary)-[:registered_address]->(a:Address)
WITH i, COUNT(DISTINCT a) AS addressCount
WHERE addressCount > 1
RETURN i.name AS IntermediaryName, addressCount","match
$i isa intermediary;
$a isa postal_address;
registered_address (registrant: $i, registered_addr: $a);
reduce $addressCount = count($a) groupby $i;
match $addressCount > 1;
fetch {
  ""IntermediaryName"": $i.name,
  ""addressCount"": $addressCount
};"
334,Which officers are connected to entities with a struck off date of '15-FEB-2013'?,"MATCH (e:Entity)-[:connected_to]-(o:Officer)
WHERE e.struck_off_date = '15-FEB-2013'
RETURN o.name AS officer_name, e.name AS entity_name","match
$o isa officer;
$e isa offshore_entity, has struck_off_date 2013-02-15;
connected_to (connector: $o, connected_entity: $e);
fetch {
  ""officer_name"": $o.name,
  ""entity_name"": $e.name
};"
335,Identify entities that share the same company number and list their names.,"MATCH (e1:Entity)-[:same_company_as]->(e2:Entity)
RETURN e1.name AS Entity1Name, e2.name AS Entity2Name","match
$e1 isa offshore_entity;
$e2 isa offshore_entity;
same_company_as (company1: $e1, company2: $e2);
fetch {
  ""Entity1Name"": $e1.name,
  ""Entity2Name"": $e2.name
};"
336,List all addresses that have been registered to more than one entity.,"MATCH (e1:Entity)-[:registered_address]->(a:Address)<-[:registered_address]-(e2:Entity)
WHERE e1.node_id <> e2.node_id
RETURN a.address AS Address, COUNT(DISTINCT e1.node_id) AS EntityCount
ORDER BY EntityCount DESC","match
$a isa postal_address;
registered_address (registrant: $e, registered_addr: $a);
reduce $count = count($e) groupby $a;
match $count > 1;
$a has address $addr;
sort $count desc;
fetch { ""Address"": $addr, ""EntityCount"": $count };"
337,Which officers have a note mentioning a liquidation date?,"MATCH (o:Officer)-[:officer_of]->(e:Other)
WHERE e.note CONTAINS 'Liquidation date'
RETURN o.name AS officer_name, e.note AS note","match
  $o isa officer;
  $e isa other, has note $n;
  $n like "".*Liquidation date.*"";
  officer_of (officer: $o, offshore_entity: $e);
fetch {
  ""officer_name"": $o.name,
  ""note"": $n
};"
338,Identify all 'Other' nodes with a jurisdiction of 'AW' and their types.,"MATCH (o:Other)
WHERE o.jurisdiction = 'AW'
RETURN o.name AS name, o.type AS type","match
$o isa other, has jurisdiction ""AW"";
fetch {
  ""name"": $o.name,
  ""type"": $o.entity_type
};"
339,List entities that have a company type of 'SOLE OWNERSHIP' and their incorporation dates.,"MATCH (e:Entity)
WHERE e.company_type = 'SOLE OWNERSHIP'
RETURN e.name AS entity_name, e.incorporation_date AS incorporation_date","match
$e isa offshore_entity, has company_type ""SOLE OWNERSHIP"";
fetch {
  ""entity_name"": $e.name,
  ""incorporation_date"": $e.incorporation_date
};"
340,Which entities have a sourceID of 'Panama Papers' and a company number?,"MATCH (e:Entity)
WHERE e.sourceID = 'Panama Papers' AND e.company_number IS NOT NULL
RETURN e.name AS entity_name, e.company_number AS company_number","match
$e isa offshore_entity,
  has source_id ""Panama Papers"",
  has company_number $cn,
  has name $n;
fetch {
  ""entity_name"": $n,
  ""company_number"": $cn
};"
341,List all officers and their respective last edit timestamps that are associated with entities.,"MATCH (o:Officer)-[:officer_of]->(e:Entity)
RETURN o.name AS officer_name, o.lastEditTimestamp AS last_edit_timestamp","match
$o isa officer;
officer_of (officer: $o, offshore_entity: $e);
fetch {
  ""officer_name"": $o.name,
  ""last_edit_timestamp"": $o.last_edit_timestamp
};"
342,Identify entities that are connected to more than one officer.,"MATCH (e:Entity)<-[:officer_of]-(o:Officer)
WITH e, COUNT(o) AS officerCount
WHERE officerCount > 1
RETURN e.name AS entityName, officerCount","match
$e isa offshore_entity;
officer_of (officer: $o, offshore_entity: $e);
reduce $officerCount = count($o) groupby $e;
match $officerCount > 1;
fetch {
  ""entityName"": $e.name,
  ""officerCount"": $officerCount
};"
343,Which entities have a service provider of 'Mossack Fonseca' and are still active?,"MATCH (e:Entity)
WHERE e.service_provider = 'Mossack Fonseca' AND e.status = 'Active'
RETURN e.name, e.countries, e.incorporation_date, e.jurisdiction","match
$e isa offshore_entity,
  has service_provider ""Mossack Fonseca"",
  has status ""Active"";
fetch {
  ""name"": $e.name,
  ""countries"": $e.countries,
  ""incorporation_date"": $e.incorporation_date,
  ""jurisdiction"": $e.jurisdiction
};"
344,List all entities that have a struck off date of '15-FEB-2014' and their jurisdictions.,"MATCH (e:Entity)
WHERE e.struck_off_date = '15-FEB-2014'
RETURN e.name AS entity_name, e.jurisdiction AS jurisdiction","match
$e isa offshore_entity, has struck_off_date 2014-02-15, has jurisdiction $j, has name $n;
fetch {
  ""entity_name"": $n,
  ""jurisdiction"": $j
};"
345,List entities with a jurisdiction description of 'Aruba' and their respective jurisdictions.,"MATCH (e:Entity)
WHERE e.jurisdiction_description = 'Aruba'
RETURN e.name AS entity_name, e.jurisdiction AS jurisdiction","match
$e isa offshore_entity, has jurisdiction_description ""Aruba"";
fetch {
  ""entity_name"": $e.name,
  ""jurisdiction"": $e.jurisdiction
};"
346,Who are the officers of entities that were inactivated in February 2012?,"MATCH (e:Entity)-[:officer_of]-(o:Officer)
WHERE e.inactivation_date STARTS WITH 'FEB-2012'
RETURN o.name AS officer_name, e.name AS entity_name","match
$e isa offshore_entity, has inactivation_date $d, has name $en;
$d >= 2012-02-01;
$d <= 2012-02-29;
$o isa officer, has name $on;
officer_of (officer: $o, offshore_entity: $e);
fetch {
  ""officer_name"": $on,
  ""entity_name"": $en
};"
347,Which entities and officers share the same country code 'WSM'?,"MATCH (e:Entity {country_codes: 'WSM'})
OPTIONAL MATCH (o:Officer {country_codes: 'WSM'})
RETURN e.name AS EntityName, o.name AS OfficerName","match
$e isa offshore_entity, has country_codes ""WSM"";
try { $o isa officer, has country_codes ""WSM""; };
fetch { ""EntityName"": $e.name, ""OfficerName"": $o.name };"
348,Identify all addresses connected to entities and their link types.,"MATCH (e:Entity)-[r:registered_address]->(a:Address)
RETURN e.name AS entity_name, a.address AS address, r.link AS link_type","match
$e isa offshore_entity;
$a isa postal_address;
$rel isa registered_address (registrant: $e, registered_addr: $a), has link $link;
fetch {
  ""entity_name"": $e.name,
  ""address"": $a.address,
  ""link_type"": $link
};"
349,List all officers who are also registered as entities.,"MATCH (o:Officer)-[:same_as]->(e:Entity)
RETURN o.name AS officer_name, e.name AS entity_name","match
$o isa officer;
$e isa offshore_entity;
same_as (same_as_source: $e, same_as_target: $o);
fetch {
  ""officer_name"": $o.name,
  ""entity_name"": $e.name
};"
350,Identify other nodes with type 'LIMITED LIABILITY COMPANY'.,"MATCH (o:Other {type: 'LIMITED LIABILITY COMPANY'})
RETURN o","match
$o isa other, has entity_type ""LIMITED LIABILITY COMPANY"";
fetch {
  ""other"": $o
};"
351,List all entities and their respective service providers that were inactivated on '18-FEB-2013'.,"MATCH (e:Entity)
WHERE e.inactivation_date = '18-FEB-2013'
RETURN e.name AS entity_name, e.service_provider AS service_provider","match
$e isa offshore_entity,
  has inactivation_date 2013-02-18,
  has name $name,
  has service_provider $sp;
fetch {
  ""entity_name"": $name,
  ""service_provider"": $sp
};"
352,Which entities have a note indicating a liquidation date?,"MATCH (e:Entity)
WHERE e.note CONTAINS 'Liquidation date'
RETURN e.name AS entity_name, e.note AS note","match
$e isa offshore_entity, has note $note;
$note like "".*Liquidation date.*"";
fetch {
  ""entity_name"": $e.name,
  ""note"": $note
};"
353,List the entities with jurisdiction 'SAM' and their respective company types.,"MATCH (e:Entity)
WHERE e.jurisdiction = 'SAM'
RETURN e.name AS entity_name, e.company_type AS company_type","match
$e isa offshore_entity, has jurisdiction ""SAM"";
fetch {
  ""entity_name"": $e.name,
  ""company_type"": $e.company_type
};"
354,Identify all officers who have a sourceID of 'Panama Papers' and are connected to an entity.,"MATCH (o:Officer)-[:connected_to]->(e:Entity)
WHERE o.sourceID = 'Panama Papers'
RETURN o.name AS officer_name, o.node_id AS officer_node_id, e.name AS entity_name, e.node_id AS entity_node_id","match
$o isa officer, has source_id ""Panama Papers"";
$e isa offshore_entity;
connected_to (connector: $o, connected_entity: $e);
fetch {
  ""officer_name"": $o.name,
  ""officer_node_id"": $o.node_id,
  ""entity_name"": $e.name,
  ""entity_node_id"": $e.node_id
};"
355,Which officers have been officers of more than one entity?,"MATCH (o:Officer)-[:officer_of]->(e:Entity)
WITH o, COUNT(DISTINCT e) AS entityCount
WHERE entityCount > 1
RETURN o.name AS officerName, entityCount","match
$o isa officer;
officer_of (officer: $o, offshore_entity: $e);
reduce $entityCount = count($e) groupby $o;
match $entityCount > 1;
fetch { ""officerName"": $o.name, ""entityCount"": $entityCount };"
356,Identify entities with their last edit timestamp and those that have been struck off.,"MATCH (e:Entity)
WHERE e.struck_off_date IS NOT NULL
RETURN e.name AS entity_name, e.lastEditTimestamp AS last_edit_timestamp, e.struck_off_date AS struck_off_date","match
$e isa offshore_entity,
  has struck_off_date $sod,
  has name $name,
  has last_edit_timestamp $let;
fetch {
  ""entity_name"": $name,
  ""last_edit_timestamp"": $let,
  ""struck_off_date"": $sod
};"
357,Find all addresses with the country code 'BHS' and list their associated entities.,"MATCH (a:Address)-[:registered_address]-(e:Entity)
WHERE a.country_codes = 'BHS'
RETURN a.address AS Address, e.name AS EntityName","match
$a isa postal_address, has country_codes ""BHS"", has address $addr;
registered_address (registered_addr: $a, registrant: $e);
$e isa offshore_entity, has name $name;
fetch {
  ""Address"": $addr,
  ""EntityName"": $name
};"
358,Which entities have a valid until date of 'The Panama Papers data is current through 2015'?,"MATCH (e:Entity)
WHERE e.valid_until = 'The Panama Papers data is current through 2015'
RETURN e.name AS entity_name, e.node_id AS entity_id","match
$e isa offshore_entity, has valid_until ""The Panama Papers data is current through 2015"";
fetch {
  ""entity_name"": $e.name,
  ""entity_id"": $e.node_id
};"
359,List all intermediaries with a registered address in the 'Bahamas'.,"MATCH (i:Intermediary)-[:registered_address]->(a:Address)
WHERE a.countries = 'Bahamas'
RETURN i.name AS IntermediaryName, a.address AS RegisteredAddress","match
$i isa intermediary;
$a isa postal_address, has countries ""Bahamas"";
registered_address (registrant: $i, registered_addr: $a);
fetch {
  ""IntermediaryName"": $i.name,
  ""RegisteredAddress"": $a.address
};"
360,Which entities have been involved with any type of 'Nominee' relationship?,"MATCH (e:Entity)<-[:officer_of]-(o:Officer)
RETURN DISTINCT e.name AS EntityName, o.name AS OfficerName","match
$e isa offshore_entity;
$o isa officer;
officer_of (officer: $o, offshore_entity: $e);
select $e, $o;
distinct;
fetch {
  ""EntityName"": $e.name,
  ""OfficerName"": $o.name
};"
361,Identify the officers with the last name 'SOO' and list their associated entities.,"MATCH (o:Officer)-[:officer_of]->(e:Entity)
WHERE o.name CONTAINS 'SOO'
RETURN o.name AS OfficerName, e.name AS EntityName","match
$o isa officer, has name $on;
$on like "".*SOO.*"";
$e isa offshore_entity, has name $en;
officer_of (officer: $o, offshore_entity: $e);
fetch {
  ""OfficerName"": $on,
  ""EntityName"": $en
};"
362,List all entities that have a struck off date and their last known status.,"MATCH (e:Entity)
WHERE e.struck_off_date IS NOT NULL
RETURN e.name AS entity_name, e.struck_off_date AS struck_off_date, e.status AS last_known_status","match
$e isa offshore_entity, has struck_off_date $sd;
fetch {
  ""entity_name"": $e.name,
  ""struck_off_date"": $sd,
  ""last_known_status"": $e.status
};"
363,Who are the officers that share the same name as entity with node_id 10000002?,"MATCH (e:Entity {node_id: 10000002})-[:same_name_as]->(o:Officer)
RETURN o.name AS officer_name","match
$e isa offshore_entity, has node_id 10000002;
same_name_as (named_source: $e, named_target: $o);
$o isa officer;
fetch {
  ""officer_name"": $o.name
};"
364,Which entities have a similar name and address as the entity with node_id 10000004?,"MATCH (e1:Entity {node_id: 10000004})-[:similar]->(e2:Entity)
RETURN e2.name, e2.address","match
$e1 has node_id 10000004;
similar (similar_source: $e1, similar_target: $e2);
$e2 isa intermediary;
fetch {
  ""name"": $e2.name,
  ""address"": $e2.address
};"
365,List entities that have a former name and their current names.,"MATCH (e:Entity)
WHERE e.former_name IS NOT NULL
RETURN e.name AS current_name, e.former_name AS former_name","match 
$e isa offshore_entity, has former_name $fn, has name $n;
fetch {
  ""current_name"": $n,
  ""former_name"": $fn
};"
366,Identify all officers with a node_id greater than 12000000.,"MATCH (o:Officer)
WHERE o.node_id > 12000000
RETURN o.name, o.node_id","match
$o isa officer, has node_id $nid;
$nid > 12000000;
fetch {
  ""name"": $o.name,
  ""node_id"": $nid
};"
367,Which entities have a tax status description available?,"MATCH (e:Entity)
WHERE e.tax_stat_description IS NOT NULL
RETURN e.name AS entity_name, e.tax_stat_description AS tax_status_description","match
$e isa offshore_entity, has name $n, has tax_stat_description $t;
fetch {
  ""entity_name"": $n,
  ""tax_status_description"": $t
};"
368,List all 'Other' nodes connected to entities and their connection types.,"MATCH (o:Other)-[r:connected_to]->(e:Entity)
RETURN o.name AS OtherName, e.name AS EntityName, r.link AS ConnectionType","match
$o isa other, has name $on;
$e isa offshore_entity, has name $en;
$r isa connected_to (connector: $o, connected_entity: $e), has link $ct;
fetch {
  ""OtherName"": $on,
  ""EntityName"": $en,
  ""ConnectionType"": $ct
};"
369,Which entities are involved with 'Paradise Papers - Aruba corporate registry'?,"MATCH (e:Entity)-[:registered_address|:same_company_as|:same_name_as|:connected_to|:same_as|:officer_of|:intermediary_of|:similar|:same_id_as]-(n)
WHERE e.sourceID = 'Paradise Papers - Aruba corporate registry' OR n.sourceID = 'Paradise Papers - Aruba corporate registry'
RETURN DISTINCT e.name AS EntityName, e.node_id AS EntityID","match
$e isa offshore_entity;
$rel isa $t ($e, $n);
{ $t label registered_address; } or { $t label same_company_as; } or { $t label same_name_as; } or { $t label connected_to; } or { $t label same_as; } or { $t label officer_of; } or { $t label intermediary_of; } or { $t label similar; } or { $t label same_id_as; };
{ $e has source_id ""Paradise Papers - Aruba corporate registry""; } or { $n has source_id ""Paradise Papers - Aruba corporate registry""; };
select $e;
distinct;
fetch {
  ""EntityName"": $e.name,
  ""EntityID"": $e.node_id
};"
370,Identify entities with multiple addresses and list the addresses.,"MATCH (e:Entity)-[:registered_address]->(a:Address)
WITH e, collect(a.address) AS addresses
WHERE size(addresses) > 1
RETURN e.name AS entity_name, addresses","with fun address_count($e: offshore_entity) -> integer:
  match
    registered_address (registrant: $e, registered_addr: $a);
  select $a;
  distinct;
  return count;
match
$e isa offshore_entity;
let $count = address_count($e);
$count > 1;
registered_address (registrant: $e, registered_addr: $a);
fetch {
  ""entityName"": $e.name,
  ""address"": $a.address
};"
371,List officers who have a direct connection to entities incorporated in 2006.,"MATCH (e:Entity)-[:officer_of]-(o:Officer)
WHERE e.incorporation_date CONTAINS ""2006""
RETURN o.name AS OfficerName, e.name AS EntityName","match
$e isa offshore_entity, has incorporation_date $d, has name $en;
$o isa officer, has name $on;
officer_of (officer: $o, offshore_entity: $e);
$d >= 2006-01-01;
$d <= 2006-12-31;
fetch {
  ""OfficerName"": $on,
  ""EntityName"": $en
};"
373,Which entities are registered at the same address as the officer with node_id 12000001?,"MATCH (o:Officer {node_id: 12000001})-[:registered_address]->(a:Address)<-[:registered_address]-(e:Entity)
RETURN e.name AS entity_name, e.node_id AS entity_node_id","match
$o isa officer, has node_id 12000001;
registered_address (registrant: $o, registered_addr: $a);
registered_address (registrant: $e, registered_addr: $a);
$e isa offshore_entity;
fetch {
  ""entity_name"": $e.name,
  ""entity_node_id"": $e.node_id
};"
374,List entities that are similar in name to 'Top Games Holdings Inc.' and their incorporation dates.,"MATCH (e:Entity)-[:same_name_as]->(o:Other)
WHERE o.name = 'Top Games Holdings Inc.'
RETURN e.name AS entity_name, e.incorporation_date AS incorporation_date
UNION
MATCH (e:Entity)-[:same_name_as]->(e2:Entity)
WHERE e2.name = 'Top Games Holdings Inc.'
RETURN e.name AS entity_name, e.incorporation_date AS incorporation_date","match
$e isa offshore_entity;
$target has name ""Top Games Holdings Inc."";
same_name_as (named_source: $e, named_target: $target);
fetch {
  ""entity_name"": $e.name,
  ""incorporation_date"": $e.incorporation_date
};"
375,Identify the officers connected to the intermediary with node_id 11000001.,"MATCH (i:Intermediary {node_id: 11000001})-[:officer_of]->(e:Entity)<-[:officer_of]-(o:Officer)
RETURN o.name AS officer_name, o.node_id AS officer_node_id","match
$i isa intermediary, has node_id 11000001;
$e isa offshore_entity;
$o isa officer;
officer_of (officer: $i, offshore_entity: $e);
officer_of (officer: $o, offshore_entity: $e);
fetch {
  ""officer_name"": $o.name,
  ""officer_node_id"": $o.node_id
};"
376,List all intermediaries and their associated entities based on the relationship 'intermediary_of'.,"MATCH (i:Intermediary)-[:intermediary_of]->(e:Entity)
RETURN i.name AS Intermediary, e.name AS Entity","match
$i isa intermediary;
$e isa offshore_entity;
intermediary_of (intermediary: $i, offshore_entity: $e);
fetch {
  ""Intermediary"": $i.name,
  ""Entity"": $e.name
};"
377,Which entities have an inactivation date of '27-FEB-2014'?,"MATCH (e:Entity)
WHERE e.inactivation_date = '27-FEB-2014'
RETURN e.name, e.inactivation_date","match
$e isa offshore_entity, has inactivation_date 2014-02-27;
fetch {
  ""name"": $e.name,
  ""inactivation_date"": $e.inactivation_date
};"
378,Show the top 5 entities by last edit timestamp.,"MATCH (e:Entity)
RETURN e.name, e.lastEditTimestamp
ORDER BY e.lastEditTimestamp DESC
LIMIT 5","match
$e isa offshore_entity, has name $n, has last_edit_timestamp $ts;
sort $ts desc;
limit 5;
fetch {
  ""name"": $n,
  ""lastEditTimestamp"": $ts
};"
379,Which entities have an incorporation date exactly on '23-MAR-2006'?,"MATCH (e:Entity)
WHERE e.incorporation_date = '23-MAR-2006'
RETURN e.name, e.incorporation_date","match
$e isa offshore_entity, has incorporation_date 2006-03-23;
fetch {
  ""name"": $e.name,
  ""incorporation_date"": $e.incorporation_date
};"
380,"Which entities have an address in Tsim Sha Tsui, Kowloon, Hong Kong?","MATCH (e:Entity)-[:registered_address]->(a:Address)
WHERE a.address CONTAINS ""Tsim Sha Tsui, Kowloon, Hong Kong""
RETURN e.name AS entity_name, e.address AS entity_address","match
$e isa offshore_entity;
$a isa postal_address, has address $addr;
$addr like "".*Tsim Sha Tsui, Kowloon, Hong Kong.*"";
registered_address (registrant: $e, registered_addr: $a);
fetch {
  ""entity_name"": $e.name,
  ""entity_address"": $e.address
};"
381,Show the entities that have a company number listed.,"MATCH (e:Entity)
WHERE e.company_number IS NOT NULL
RETURN e.name AS entity_name, e.company_number AS company_number","match
$e isa offshore_entity, has company_number $cn, has name $n;
fetch {
  ""entity_name"": $n,
  ""company_number"": $cn
};"
382,Which officers are connected to entities that were incorporated on '23-MAR-2006'?,"MATCH (e:Entity)-[:connected_to]-(o:Officer)
WHERE e.incorporation_date = '23-MAR-2006'
RETURN o.name AS officer_name, o.node_id AS officer_node_id","match
$e isa offshore_entity, has incorporation_date 2006-03-23;
$o isa officer;
connected_to (connector: $o, connected_entity: $e);
fetch {
  ""officer_name"": $o.name,
  ""officer_node_id"": $o.node_id
};"
383,List the names of entities with a service provider of 'Mossack Fonseca' and a jurisdiction of 'SAM'.,"MATCH (e:Entity)
WHERE e.service_provider = 'Mossack Fonseca' AND e.jurisdiction = 'SAM'
RETURN e.name","match
$e isa offshore_entity,
  has service_provider ""Mossack Fonseca"",
  has jurisdiction ""SAM"";
fetch {
  ""name"": $e.name
};"
384,What are the names of officers who have 'E72326DEA50F1A9C2876E112AAEB42BC' as their icij_id?,"MATCH (o:Officer)
WHERE o.icij_id = 'E72326DEA50F1A9C2876E112AAEB42BC'
RETURN o.name","match
$o isa officer, has icij_id ""E72326DEA50F1A9C2876E112AAEB42BC"";
fetch {
  ""name"": $o.name
};"
385,Which entities have a closed date exactly on '28-NOV-2012'?,"MATCH (e:Entity)
WHERE e.closed_date = '28-NOV-2012'
RETURN e.name, e.closed_date","match
$e isa offshore_entity, has closed_date 2012-11-28, has name $name;
fetch {
  ""name"": $name,
  ""closed_date"": $e.closed_date
};"
386,List entities that have undergone a company type change from the original registration.,"MATCH (e:Entity)
WHERE e.original_name IS NOT NULL AND e.name IS NOT NULL AND e.original_name <> e.name
RETURN e.name AS current_name, e.original_name AS original_name, e.company_type AS current_company_type","match
$e isa offshore_entity,
  has name $n,
  has original_name $on;
$n != $on;
fetch {
  ""current_name"": $n,
  ""original_name"": $on,
  ""current_company_type"": $e.company_type
};"
387,What officers are connected to entities with a struck off date on '15-FEB-2009'?,"MATCH (e:Entity)-[:connected_to]-(o:Officer)
WHERE e.struck_off_date = '15-FEB-2009'
RETURN o.name AS officer_name, o.node_id AS officer_node_id","match
$e isa offshore_entity, has struck_off_date 2009-02-15;
$o isa officer;
connected_to (connector: $o, connected_entity: $e);
fetch {
  ""officer_name"": $o.name,
  ""officer_node_id"": $o.node_id
};"
388,Identify entities that were incorporated in January 2006 and provide their country codes.,"MATCH (e:Entity)
WHERE e.incorporation_date STARTS WITH '2006-01'
RETURN e.name AS entity_name, e.country_codes AS country_codes","match
$e isa offshore_entity, has incorporation_date $date, has name $name, has country_codes $cc;
$date >= 2006-01-01;
$date < 2006-02-01;
fetch {
  ""entity_name"": $name,
  ""country_codes"": $cc
};"
389,Which intermediaries have a registered office in 'MICHAEL PAPAGEORGE; MR. 106 NICHOLSON STREET BROOK'?,"MATCH (i:Intermediary {address: 'MICHAEL PAPAGEORGE; MR. 106 NICHOLSON STREET BROOK'})
RETURN i.name","match
$i isa intermediary, has address ""MICHAEL PAPAGEORGE; MR. 106 NICHOLSON STREET BROOK"";
fetch {
  ""name"": $i.name
};"
390,Provide the names of all entities that have a tax status description.,"MATCH (e:Entity)
WHERE e.tax_stat_description IS NOT NULL
RETURN e.name","match
$e isa offshore_entity, has tax_stat_description $tsd, has name $n;
fetch {
  ""name"": $n
};"
391,List the addresses that have been registered after 2010 in the Panama Papers.,"MATCH (a:Address)-[:registered_address]-(e:Entity)
WHERE e.sourceID = ""Panama Papers"" AND a.valid_until > ""2010""
RETURN a.address","match
  $e isa offshore_entity, has source_id ""Panama Papers"";
  $a isa postal_address, has valid_until $valid_until;
  registered_address (registrant: $e, registered_addr: $a);
  $valid_until > ""2010"";
fetch {
  ""address"": $a.address
};"
392,What are the names of entities that have a note stating they were closed due to liquidation?,"MATCH (e:Entity)
WHERE e.note CONTAINS 'liquidation'
RETURN e.name","match
$e isa offshore_entity, has note $n, has name $name;
$n like "".*liquidation.*"";
fetch {
  ""name"": $name
};"
393,Identify entities with multiple registered addresses.,"MATCH (e:Entity)-[:registered_address]->(a:Address)
WITH e, COUNT(a) AS addressCount
WHERE addressCount > 1
RETURN e.name AS entityName, addressCount","match
$e isa offshore_entity;
$a isa postal_address;
registered_address (registrant: $e, registered_addr: $a);
reduce $addressCount = count($a) groupby $e;
match $addressCount > 1;
$e has name $entityName;
fetch { ""entityName"": $entityName, ""addressCount"": $addressCount };"
394,List officers who have been linked to entities through the 'intermediary_of' relationship with a start date before 2015.,"MATCH (o:Officer)-[:officer_of]->(e:Entity)<-[:intermediary_of]-(i:Intermediary)
WHERE i.start_date < ""2015""
RETURN DISTINCT o.name AS OfficerName","match
$o isa officer;
$e isa offshore_entity;
$i isa intermediary;
officer_of (officer: $o, offshore_entity: $e);
$rel isa intermediary_of (intermediary: $i, offshore_entity: $e);
$rel has start_date $sd;
$sd < 2015-01-01;
select $o;
distinct;
fetch { ""OfficerName"": $o.name };"
395,Identify all entities that have 'Aruba corporate registry data is current through 2014' as their valid until date.,"MATCH (e:Entity)
WHERE e.valid_until = 'Aruba corporate registry data is current through 2014'
RETURN e","match
$e isa offshore_entity, has valid_until ""Aruba corporate registry data is current through 2014"";
fetch {
  ""e"": { ""name"": $e.name, ""node_id"": $e.node_id }
};"
396,Which entities have been described in the jurisdiction description as 'Samoa' and have a service provider of 'Mossack Fonseca'?,"MATCH (e:Entity)
WHERE e.jurisdiction_description = 'Samoa' AND e.service_provider = 'Mossack Fonseca'
RETURN e.name AS entity_name, e.jurisdiction_description AS jurisdiction_description, e.service_provider AS service_provider","match
$e isa offshore_entity,
  has jurisdiction_description ""Samoa"",
  has service_provider ""Mossack Fonseca"";
fetch {
  ""entity_name"": $e.name,
  ""jurisdiction_description"": $e.jurisdiction_description,
  ""service_provider"": $e.service_provider
};"
397,What are the names of intermediaries who have the same name as officers in the Panama Papers?,"MATCH (i:Intermediary)-[:same_name_as]->(o:Officer)
WHERE i.sourceID = 'Panama Papers' AND o.sourceID = 'Panama Papers'
RETURN i.name AS intermediary_name, o.name AS officer_name","match
$i isa intermediary, has source_id ""Panama Papers"", has name $iname;
$o isa officer, has source_id ""Panama Papers"", has name $oname;
same_name_as (named_source: $i, named_target: $o);
fetch {
  ""intermediary_name"": $iname,
  ""officer_name"": $oname
};"
398,List all entities that were struck off on '31-DEC-2002' in the Aruba corporate registry.,"MATCH (e:Other {struck_off_date: '31-DEC-2002', jurisdiction: 'AW'})
RETURN e.name AS entity_name, e.struck_off_date AS struck_off_date, e.jurisdiction_description AS jurisdiction_description","match
$e isa other,
  has struck_off_date 2002-12-31,
  has jurisdiction ""AW"";
fetch {
  ""entity_name"": $e.name,
  ""struck_off_date"": $e.struck_off_date,
  ""jurisdiction_description"": $e.jurisdiction_description
};"
400,Provide names of officers who are connected to entities with a 'shareholder of' link starting from '19-NOV-1999'.,"MATCH (o:Officer)-[r:officer_of {link: ""shareholder of""}]->(e:Entity)
WHERE r.start_date >= ""19-NOV-1999""
RETURN o.name","match
$o isa officer;
$rel isa officer_of (officer: $o, offshore_entity: $e), has link ""shareholder of"", has start_date $sd;
$sd >= 1999-11-19;
fetch { ""name"": $o.name };"
401,Identify entities with a country code of 'HKG' and provide their incorporation dates.,"MATCH (e:Entity)
WHERE e.country_codes = 'HKG'
RETURN e.name AS entity_name, e.incorporation_date AS incorporation_date","match
$e isa offshore_entity, has country_codes ""HKG"";
fetch {
  ""entity_name"": $e.name,
  ""incorporation_date"": $e.incorporation_date
};"
402,List entities with a valid until date through 2015 and associated with 'Bahamas Leaks'.,"MATCH (e:Entity)-[:registered_address|:same_company_as|:same_name_as|:same_as|:intermediary_of|:officer_of|:similar|:connected_to|:same_id_as]->(a)
WHERE e.valid_until CONTAINS '2015' AND e.sourceID = 'Bahamas Leaks'
RETURN e.name AS EntityName, e.valid_until AS ValidUntil, e.sourceID AS SourceID","match
$e isa offshore_entity, has valid_until $v, has source_id ""Bahamas Leaks"";
$v like "".*2015.*"";
{
  registered_address (registrant: $e);
} or {
  same_company_as ($e);
} or {
  same_name_as ($e);
} or {
  same_as ($e);
} or {
  intermediary_of (offshore_entity: $e);
} or {
  officer_of (offshore_entity: $e);
} or {
  connected_to (connected_entity: $e);
};
fetch {
  ""EntityName"": $e.name,
  ""ValidUntil"": $v,
  ""SourceID"": $e.source_id
};"
403,Which entities have a note stating 'Closed date stands for Cancelled date.'?,"MATCH (e:Other)
WHERE e.note = 'Closed date stands for Cancelled date.'
RETURN e.name AS entity_name, e.node_id AS entity_id","match
$e isa other, has note ""Closed date stands for Cancelled date."";
fetch {
  ""entity_name"": $e.name,
  ""entity_id"": $e.node_id
};"
404,Identify entities that have a former name and provide the current and former names.,"MATCH (e:Entity)
WHERE e.former_name IS NOT NULL
RETURN e.name AS current_name, e.former_name AS former_name","match
$e isa offshore_entity, has former_name $fn, has name $n;
fetch {
  ""current_name"": $n,
  ""former_name"": $fn
};"
405,Which officers have a registered address in 'Level 5 Development; Bank of Samoa Building; Beach Road; Apia; Samoa'?,"MATCH (o:Officer)-[:registered_address]->(a:Address)
WHERE a.address = 'Level 5 Development; Bank of Samoa Building; Beach Road; Apia; Samoa'
RETURN o.name","match
$o isa officer;
$a isa postal_address, has address ""Level 5 Development; Bank of Samoa Building; Beach Road; Apia; Samoa"";
registered_address (registrant: $o, registered_addr: $a);
fetch {
  ""name"": $o.name
};"
406,List the names of all officers from the 'Offshore Leaks' data with a nominee role.,"MATCH (o:Officer)-[:officer_of]->(e:Entity)
WHERE o.sourceID = 'Offshore Leaks' AND o.note CONTAINS 'nominee'
RETURN o.name","match
$o isa officer, has source_id ""Offshore Leaks"", has note $n, has name $name;
$n like "".*nominee.*"";
officer_of (officer: $o, offshore_entity: $e);
fetch {
  ""name"": $name
};"
407,Provide the names of entities with a jurisdiction of 'SAM' and an inactivation date on '15-FEB-2012'.,"MATCH (e:Entity)
WHERE e.jurisdiction = 'SAM' AND e.inactivation_date = '15-FEB-2012'
RETURN e.name","match
$e isa offshore_entity, has jurisdiction ""SAM"", has inactivation_date 2012-02-15;
fetch {
  ""name"": $e.name
};"
408,Which intermediaries have a link as 'intermediary of' starting from '19-NOV-1999'?,"MATCH (i:Intermediary)-[r:intermediary_of]->(e:Entity)
WHERE r.start_date >= '19-NOV-1999'
RETURN i.name AS IntermediaryName, r.start_date AS StartDate, e.name AS EntityName","match
$i isa intermediary;
$e isa offshore_entity;
$rel isa intermediary_of (intermediary: $i, offshore_entity: $e);
$rel has start_date $sd;
$sd >= 1999-11-19;
fetch {
  ""IntermediaryName"": $i.name,
  ""StartDate"": $sd,
  ""EntityName"": $e.name
};"
409,Identify all entities that have undergone a change in company type since their incorporation.,"MATCH (e:Entity)
WHERE e.former_name IS NOT NULL AND e.name IS NOT NULL AND e.former_name <> e.name
RETURN e.name AS current_name, e.former_name AS former_name, e.incorporation_date AS incorporation_date, e.company_type AS current_company_type","match
$e isa offshore_entity, has name $n, has former_name $fn;
$n != $fn;
fetch {
  ""current_name"": $n,
  ""former_name"": $fn,
  ""incorporation_date"": $e.incorporation_date,
  ""current_company_type"": $e.company_type
};"
410,Identify entities with a type of 'LIMITED LIABILITY COMPANY' in the Paradise Papers.,"MATCH (e:Other)
WHERE e.type = 'LIMITED LIABILITY COMPANY' AND e.sourceID STARTS WITH 'Paradise Papers'
RETURN e.name, e.node_id, e.incorporation_date, e.jurisdiction, e.jurisdiction_description","match
$e isa other,
  has entity_type ""LIMITED LIABILITY COMPANY"",
  has source_id $sid;
$sid like ""Paradise Papers.*"";
fetch {
  ""name"": $e.name,
  ""node_id"": $e.node_id,
  ""incorporation_date"": $e.incorporation_date,
  ""jurisdiction"": $e.jurisdiction,
  ""jurisdiction_description"": $e.jurisdiction_description
};"
411,List all entities with a closed date on '28-NOV-2012' and provide their country codes.,"MATCH (e:Entity)
WHERE e.closed_date = '28-NOV-2012'
RETURN e.name AS entity_name, e.country_codes AS country_codes","match
$e isa offshore_entity, has closed_date 2012-11-28;
fetch {
  ""entity_name"": $e.name,
  ""country_codes"": $e.country_codes
};"
412,Provide the names of entities that were both incorporated and struck off in the year 2012.,"MATCH (e:Entity)
WHERE e.incorporation_date CONTAINS '2012' AND e.struck_off_date CONTAINS '2012'
RETURN e.name","match
$e isa offshore_entity, has name $n, has incorporation_date $inc, has struck_off_date $struck;
$inc >= 2012-01-01;
$inc <= 2012-12-31;
$struck >= 2012-01-01;
$struck <= 2012-12-31;
fetch { ""name"": $n };"
413,Which entities are connected to 'MOSSFON SUBSCRIBERS LTD.'?,"MATCH (e:Entity)-[:connected_to]-(o:Other)
WHERE e.name = 'MOSSFON SUBSCRIBERS LTD.'
RETURN o.name AS connected_entities","match
$e isa offshore_entity, has name ""MOSSFON SUBSCRIBERS LTD."";
connected_to (connected_entity: $e, connector: $o);
$o isa other;
fetch {
  ""connected_entities"": $o.name
};"
414,Identify entities that have an 'inactivation_date' on '18-FEB-2013'.,"MATCH (e:Entity)
WHERE e.inactivation_date = '18-FEB-2013'
RETURN e.name, e.inactivation_date","match
$e isa offshore_entity, has inactivation_date 2013-02-18;
fetch {
  ""name"": $e.name,
  ""inactivation_date"": $e.inactivation_date
};"
415,List the entities that were incorporated in 2006 and are now defaulted.,"MATCH (e:Entity)
WHERE e.incorporation_date CONTAINS '2006' AND e.status = 'Defaulted'
RETURN e.name AS entity_name, e.incorporation_date AS incorporation_date, e.status AS status","match
$e isa offshore_entity,
  has incorporation_date $d,
  has status ""Defaulted"",
  has name $name;
$d >= 2006-01-01;
$d < 2007-01-01;
fetch {
  ""entity_name"": $name,
  ""incorporation_date"": $d,
  ""status"": $e.status
};"
416,"What are the names of officers registered in 'Bahamas Leaks' with an address in 'ANNEX FREDERICK & SHIRLEY STS, P.O. BOX N-4805, NA'?","MATCH (o:Officer)-[:registered_address]->(a:Address)
WHERE a.address = 'ANNEX FREDERICK & SHIRLEY STS, P.O. BOX N-4805, NA' AND o.sourceID = 'Bahamas Leaks'
RETURN o.name","match
$o isa officer, has source_id ""Bahamas Leaks"";
$a isa postal_address, has address ""ANNEX FREDERICK & SHIRLEY STS, P.O. BOX N-4805, NA"";
registered_address (registrant: $o, registered_addr: $a);
fetch {
  ""name"": $o.name
};"
417,Which entities are registered to the address 'Level 5 Development; Bank of Samoa Building; Beach Road; Apia; Samoa'?,"MATCH (e:Entity)-[:registered_address]->(a:Address)
WHERE a.address = 'Level 5 Development; Bank of Samoa Building; Beach Road; Apia; Samoa'
RETURN e.name AS entity_name","match
$e isa offshore_entity;
$a isa postal_address, has address ""Level 5 Development; Bank of Samoa Building; Beach Road; Apia; Samoa"";
registered_address (registrant: $e, registered_addr: $a);
fetch {
  ""entity_name"": $e.name
};"
418,List officers who are nominees in any form according to the 'Offshore Leaks' data.,"MATCH (o:Officer)-[r:officer_of]->(e:Entity)
WHERE r.sourceID = 'Offshore Leaks' AND r.link CONTAINS 'nominee'
RETURN o.name AS OfficerName","match
$o isa officer;
$rel isa officer_of (officer: $o, offshore_entity: $e);
$rel has source_id ""Offshore Leaks"", has link $l;
$l like "".*nominee.*"";
fetch { ""OfficerName"": $o.name };"
419,Which entities are connected to 'Top Games Holdings Inc.'?,"MATCH (e:Entity {name: 'Top Games Holdings Inc.'})-[:connected_to]-(connectedEntity:Entity)
RETURN connectedEntity.name","match
$e isa offshore_entity, has name ""Top Games Holdings Inc."";
connected_to ($e, $connectedEntity);
fetch {
  ""name"": $connectedEntity.name
};"
420,Provide the names of entities that have the same name as other entities.,"MATCH (e1:Entity)-[:same_name_as]->(e2:Entity)
RETURN e1.name AS Entity1, e2.name AS Entity2","match
$e1 isa offshore_entity;
$e2 isa offshore_entity;
same_name_as (named_source: $e1, named_target: $e2);
fetch {
  ""Entity1"": $e1.name,
  ""Entity2"": $e2.name
};"
421,List officers with the same ID based on 'Paradise Papers - Malta corporate registry'.,"MATCH (o1:Officer)-[:same_id_as {sourceID: 'Paradise Papers - Malta corporate registry'}]->(o2:Officer)
RETURN o1.name AS Officer1, o2.name AS Officer2","match
$o1 isa officer;
$o2 isa officer;
$rel isa same_id_as (id_source: $o1, id_target: $o2);
$rel has source_id ""Paradise Papers - Malta corporate registry"";
fetch {
  ""Officer1"": $o1.name,
  ""Officer2"": $o2.name
};"
422,Which entities have a jurisdiction of 'SAM' and a service provider of 'Mossack Fonseca'?,"MATCH (e:Entity)
WHERE e.jurisdiction = 'SAM' AND e.service_provider = 'Mossack Fonseca'
RETURN e.name, e.jurisdiction, e.service_provider","match
$e isa offshore_entity,
  has jurisdiction ""SAM"",
  has service_provider ""Mossack Fonseca"";
fetch {
  ""name"": $e.name,
  ""jurisdiction"": $e.jurisdiction,
  ""service_provider"": $e.service_provider
};"
423,Identify officers who have the former name 'KIM SOO IN'.,"MATCH (o:Officer)-[:officer_of]->(e:Entity)
WHERE e.former_name = 'KIM SOO IN'
RETURN o.name AS officer_name, o.node_id AS officer_id","match
  $o isa officer;
  $e isa offshore_entity, has former_name ""KIM SOO IN"";
  officer_of (officer: $o, offshore_entity: $e);
fetch {
  ""officer_name"": $o.name,
  ""officer_id"": $o.node_id
};"
424,"What are the names of entities that have been provided intermediary services by 'MICHAEL PAPAGEORGE, MR.'?","MATCH (i:Intermediary {name: 'MICHAEL PAPAGEORGE, MR.'})-[:intermediary_of]->(e:Entity)
RETURN e.name AS entity_name","match
$i isa intermediary, has name ""MICHAEL PAPAGEORGE, MR."";
intermediary_of (intermediary: $i, offshore_entity: $e);
fetch {
  ""entity_name"": $e.name
};"
425,Which addresses are linked to multiple entities in the Panama Papers?,"MATCH (a:Address)<-[:registered_address]-(e:Entity)
WHERE e.sourceID = ""Panama Papers""
WITH a, COUNT(e) AS entityCount
WHERE entityCount > 1
RETURN a.address AS Address, entityCount","match
$a isa postal_address;
$e isa offshore_entity, has source_id ""Panama Papers"";
registered_address (registered_addr: $a, registrant: $e);
reduce $entityCount = count($e) groupby $a;
match $entityCount > 1;
fetch { ""Address"": $a.address, ""entityCount"": $entityCount };"
426,List all officers who have a valid data up to 2015 in the Panama Papers.,"MATCH (o:Officer)
WHERE o.valid_until CONTAINS ""2015"" AND o.sourceID = ""Panama Papers""
RETURN o.name","match
$o isa officer, has valid_until $v, has source_id ""Panama Papers"";
$v like "".*2015.*"";
fetch {
  ""name"": $o.name
};"
427,List the names of entities that have been struck off but have no recorded inactivation date.,"MATCH (e:Entity)
WHERE e.struck_off_date IS NOT NULL AND e.inactivation_date IS NULL
RETURN e.name AS entity_name","match
$e isa offshore_entity, has struck_off_date $s, has name $n;
not { $e has inactivation_date $i; };
fetch { ""entity_name"": $n };"
428,Identify entities that were struck off in February 2013.,"MATCH (e:Entity)
WHERE e.struck_off_date STARTS WITH 'FEB-2013'
RETURN e.name, e.struck_off_date","match
$e isa offshore_entity, has name $n, has struck_off_date $d;
$d >= 2013-02-01;
$d <= 2013-02-28;
fetch {
  ""name"": $n,
  ""struck_off_date"": $d
};"
429,What are the former names of entities that were struck off in February 2012?,"MATCH (e:Entity)
WHERE e.struck_off_date STARTS WITH 'FEB-2012' AND e.former_name IS NOT NULL
RETURN e.name AS entity_name, e.former_name AS former_name, e.struck_off_date AS struck_off_date","match
$e isa offshore_entity,
  has struck_off_date $date,
  has former_name $fn,
  has name $n;
$date >= 2012-02-01;
$date <= 2012-02-29;
fetch {
  ""entity_name"": $n,
  ""former_name"": $fn,
  ""struck_off_date"": $date
};"
430,List all entities with a country code of 'HKG' that are in default status.,"MATCH (e:Entity)
WHERE e.country_codes = 'HKG' AND e.status = 'Defaulted'
RETURN e.name AS entity_name, e.country_codes AS country_code, e.status AS status","match
$e isa offshore_entity,
    has country_codes ""HKG"",
    has status ""Defaulted"";
fetch {
    ""entity_name"": $e.name,
    ""country_code"": $e.country_codes,
    ""status"": $e.status
};"
431,Provide the names of officers who act as shareholder of entities incorporated on '19-NOV-1999'.,"MATCH (o:Officer)-[r:officer_of {link: ""shareholder of""}]->(e:Entity {incorporation_date: ""19-NOV-1999""})
RETURN o.name AS officer_name","match
$o isa officer;
$e isa offshore_entity, has incorporation_date 1999-11-19;
$rel isa officer_of (officer: $o, offshore_entity: $e), has link ""shareholder of"";
fetch {
  ""officer_name"": $o.name
};"
432,Identify officers connected to entities with a jurisdiction description of 'Samoa'.,"MATCH (e:Entity)-[:officer_of]-(o:Officer)
WHERE e.jurisdiction_description = 'Samoa'
RETURN o.name AS officer_name, e.name AS entity_name","match
$e isa offshore_entity, has jurisdiction_description ""Samoa"", has name $en;
$o isa officer, has name $on;
officer_of (officer: $o, offshore_entity: $e);
fetch {
  ""officer_name"": $on,
  ""entity_name"": $en
};"
433,Who are the officers of entities that were incorporated on '06-JAN-2006'?,"MATCH (e:Entity)-[:officer_of]-(o:Officer)
WHERE e.incorporation_date = '06-JAN-2006'
RETURN o.name AS officer_name, e.name AS entity_name","match
$e isa offshore_entity, has incorporation_date 2006-01-06;
officer_of (officer: $o, offshore_entity: $e);
$o isa officer;
fetch {
  ""officer_name"": $o.name,
  ""entity_name"": $e.name
};"
434,"Which entities are same as 'HOTFOCUS CO., LTD.' in terms of name and address?","MATCH (e:Entity {name: 'HOTFOCUS CO., LTD.'})-[:same_as]->(sameEntity:Entity)
RETURN sameEntity.name AS entityName, sameEntity.address AS entityAddress","match
$e isa offshore_entity, has name ""HOTFOCUS CO., LTD."";
same_as (same_as_source: $e, same_as_target: $sameEntity);
$sameEntity isa offshore_entity;
fetch {
  ""entityName"": $sameEntity.name,
  ""entityAddress"": $sameEntity.address
};"
435,List the entities that have a valid_until date through 2015 and are associated with the Panama Papers.,"MATCH (e:Entity)
WHERE e.valid_until CONTAINS ""2015"" AND e.sourceID = ""Panama Papers""
RETURN e.name AS entity_name, e.valid_until AS valid_until_date, e.sourceID AS source","match
$e isa offshore_entity,
  has valid_until $valid_until,
  has source_id ""Panama Papers"";
$valid_until like "".*2015.*"";
fetch {
  ""entity_name"": $e.name,
  ""valid_until_date"": $valid_until,
  ""source"": $e.source_id
};"
436,What are the names of entities with a service provider 'Mossack Fonseca' and struck off in 2013?,"MATCH (e:Entity)
WHERE e.service_provider = 'Mossack Fonseca' AND e.struck_off_date CONTAINS '2013'
RETURN e.name","match $e isa offshore_entity, has service_provider ""Mossack Fonseca"", has struck_off_date $sd;
$sd >= 2013-01-01;
$sd <= 2013-12-31;
fetch { ""name"": $e.name };"
438,Which officers have a status of 'ACTIVE' in the Panama Papers database?,"MATCH (o:Officer)-[:officer_of]->(e:Entity)
WHERE o.status = 'ACTIVE' AND o.sourceID = 'Panama Papers'
RETURN o.name","match
$o isa officer, has source_id ""Panama Papers"";
$rel isa officer_of (officer: $o, offshore_entity: $e), has status ""ACTIVE"";
fetch {
  ""name"": $o.name
};"
439,List all entities associated with 'Mossack Fonseca' that have an inactivation date on '16-FEB-2009'.,"MATCH (e:Entity)
WHERE e.service_provider = 'Mossack Fonseca' AND e.inactivation_date = '16-FEB-2009'
RETURN e.name AS entity_name, e.inactivation_date AS inactivation_date","match
$e isa offshore_entity,
  has service_provider ""Mossack Fonseca"",
  has inactivation_date 2009-02-16;
fetch {
  ""entity_name"": $e.name,
  ""inactivation_date"": $e.inactivation_date
};"
440,Provide names of officers who are beneficiaries in any forms according to 'Offshore Leaks' data.,"MATCH (o:Officer)-[:officer_of {sourceID: 'Offshore Leaks'}]->(e:Entity)
WHERE o.name IS NOT NULL
RETURN DISTINCT o.name AS officer_name","match
$o isa officer, has name $name;
$rel isa officer_of (officer: $o, offshore_entity: $e), has source_id ""Offshore Leaks"";
select $name;
distinct;
fetch { ""officer_name"": $name };"
441,Which entities have a company number that starts with '240'?,"MATCH (e:Entity)
WHERE e.company_number STARTS WITH '240'
RETURN e.name AS entity_name, e.company_number AS company_number","match
$e isa offshore_entity, has company_number $cn, has name $n;
$cn like ""240.*"";
fetch {
  ""entity_name"": $n,
  ""company_number"": $cn
};"
442,What officers are connected to 'Top Games Holdings Inc.' through a direct relationship?,"MATCH (e:Entity {name: 'Top Games Holdings Inc.'})&lt;-[:connected_to]-(o:Officer)
RETURN o.name","match
$e isa offshore_entity, has name ""Top Games Holdings Inc."";
connected_to (connector: $o, connected_entity: $e);
$o isa officer;
fetch {
  ""name"": $o.name
};"
443,Provide the names of entities that were incorporated on '10-JAN-2006' and have a jurisdiction of 'SAM'.,"MATCH (e:Entity)
WHERE e.incorporation_date = '10-JAN-2006' AND e.jurisdiction = 'SAM'
RETURN e.name","match
$e isa offshore_entity,
  has incorporation_date 2006-01-10,
  has jurisdiction ""SAM"";
fetch {
  ""name"": $e.name
};"
444,Which entities are connected to officers with the icij_id 'E72326DEA50F1A9C2876E112AAEB42BC'?,"MATCH (o:Officer {icij_id: 'E72326DEA50F1A9C2876E112AAEB42BC'})-[:connected_to]->(e:Entity)
RETURN e.name AS entity_name, e.node_id AS entity_node_id","match
$o isa officer, has icij_id ""E72326DEA50F1A9C2876E112AAEB42BC"";
$e isa offshore_entity;
connected_to (connector: $o, connected_entity: $e);
fetch {
  ""entity_name"": $e.name,
  ""entity_node_id"": $e.node_id
};"
445,Show top 3 most recent nodes in the category Other.,"MATCH (o:Other)
RETURN o
ORDER BY o.lastEditTimestamp DESC
LIMIT 3","match
$o isa other, has last_edit_timestamp $t;
sort $t desc;
limit 3;
fetch {
  ""other"": { 
    ""name"": $o.name,
    ""node_id"": $o.node_id,
    ""last_edit_timestamp"": $t
  }
};"
446,Which others have a note about the Liquidation date?,"MATCH (o:Other)
WHERE o.note CONTAINS 'Liquidation date'
RETURN o.name, o.note","match
$o isa other, has note $n;
$n like "".*Liquidation date.*"";
fetch {
  ""name"": $o.name,
  ""note"": $n
};"
447,List all entities that have a registered address in Samoa.,"MATCH (e:Entity)-[:registered_address]->(a:Address)
WHERE e.jurisdiction_description = ""Samoa""
RETURN e.name AS entity_name, a.address AS registered_address","match
$e isa offshore_entity, has jurisdiction_description ""Samoa"", has name $name;
registered_address (registrant: $e, registered_addr: $a);
$a has address $addr;
fetch {
  ""entity_name"": $name,
  ""registered_address"": $addr
};"
448,Show entities that have the same company name as 'Top Games Holdings Inc.',"MATCH (e:Entity)-[:same_company_as]->(other:Entity)
WHERE e.name = 'Top Games Holdings Inc.'
RETURN other","match
$e isa offshore_entity, has name ""Top Games Holdings Inc."";
same_company_as (company1: $e, company2: $other);
fetch {
  ""other"": { ""name"": $other.name }
};"
449,What are the top 5 most recent intermediary connections to entities?,"MATCH (i:Intermediary)-[r:intermediary_of]->(e:Entity)
RETURN i.name AS IntermediaryName, e.name AS EntityName, r.start_date AS ConnectionStartDate
ORDER BY r.start_date DESC
LIMIT 5","match
$i isa intermediary;
$e isa offshore_entity;
$r isa intermediary_of (intermediary: $i, offshore_entity: $e), has start_date $sd;
sort $sd desc;
limit 5;
fetch {
  ""IntermediaryName"": $i.name,
  ""EntityName"": $e.name,
  ""ConnectionStartDate"": $sd
};"
450,List the officers who have the same name as 'MOSSFON SUBSCRIBERS LTD.',"MATCH (o:Officer)-[:same_name_as]->(e:Entity {name: 'MOSSFON SUBSCRIBERS LTD.'})
RETURN o.name","match
$o isa officer;
$e isa offshore_entity, has name ""MOSSFON SUBSCRIBERS LTD."";
same_name_as (named_source: $o, named_target: $e);
fetch {
  ""name"": $o.name
};"
451,Show entities that have a former name listed.,"MATCH (e:Entity)
WHERE e.former_name IS NOT NULL
RETURN e.name AS entity_name, e.former_name AS former_name","match
$e isa offshore_entity, has former_name $fn, has name $n;
fetch {
  ""entity_name"": $n,
  ""former_name"": $fn
};"
452,Which entities are connected to addresses in Hong Kong?,"MATCH (e:Entity)-[:registered_address]->(a:Address)
WHERE a.countries = ""Hong Kong""
RETURN e.name AS entity_name, a.address AS address","match
$e isa offshore_entity;
$a isa postal_address, has countries ""Hong Kong"";
registered_address (registrant: $e, registered_addr: $a);
fetch {
  ""entity_name"": $e.name,
  ""address"": $a.address
};"
453,List the top 5 intermediaries by last edit timestamp.,"MATCH (i:Intermediary)
RETURN i.name, i.lastEditTimestamp
ORDER BY i.lastEditTimestamp DESC
LIMIT 5","match $i isa intermediary, has last_edit_timestamp $t;
sort $t desc;
limit 5;
fetch { ""name"": $i.name, ""last_edit_timestamp"": $t };"
454,What is the status of entities that were incorporated on '23-MAR-2006'?,"MATCH (e:Entity)
WHERE e.incorporation_date = '23-MAR-2006'
RETURN e.name AS entity_name, e.status AS entity_status","match
$e isa offshore_entity, has incorporation_date 2006-03-23;
fetch {
  ""entity_name"": $e.name,
  ""entity_status"": $e.status
};"
455,List all entities and their associated countries with status 'Defaulted'.,"MATCH (e:Entity)
WHERE e.status = 'Defaulted'
RETURN e.name AS entity_name, e.countries AS associated_countries","match
$e isa offshore_entity, has status ""Defaulted"";
fetch {
  ""entity_name"": $e.name,
  ""associated_countries"": $e.countries
};"
456,Which entities have a last edit timestamp earlier than '1638311040000'?,"MATCH (e:Entity)
WHERE e.lastEditTimestamp < '1638311040000'
RETURN e.name, e.lastEditTimestamp","match
$e isa offshore_entity, has last_edit_timestamp $t;
$t < ""1638311040000"";
fetch {
  ""name"": $e.name,
  ""lastEditTimestamp"": $t
};"
457,List other entities connected to Samoa.,"MATCH (e:Entity)-[:connected_to]-(o:Other)
WHERE e.jurisdiction_description = ""Samoa""
RETURN o.name AS OtherEntityName, o.jurisdiction_description AS JurisdictionDescription","match
$e isa offshore_entity, has jurisdiction_description ""Samoa"";
$o isa other;
connected_to ($e, $o);
fetch {
  ""OtherEntityName"": $o.name,
  ""JurisdictionDescription"": $o.jurisdiction_description
};"
458,Show the top 5 intermediaries and the entities they are connected to.,"MATCH (i:Intermediary)-[:intermediary_of]->(e:Entity)
RETURN i.name AS Intermediary, e.name AS Entity
ORDER BY i.name
LIMIT 5","match
$i isa intermediary, has name $int_name;
$e isa offshore_entity, has name $ent_name;
intermediary_of (intermediary: $i, offshore_entity: $e);
sort $int_name;
limit 5;
fetch {
  ""Intermediary"": $int_name,
  ""Entity"": $ent_name
};"
459,Which entities have a node id greater than '10000000'?,"MATCH (e:Entity)
WHERE e.node_id > 10000000
RETURN e.name, e.node_id","match
$e isa offshore_entity, has node_id $nid, has name $n;
$nid > 10000000;
fetch {
  ""name"": $n,
  ""node_id"": $nid
};"
460,Show officers that are linked as 'Nominee Shareholder of' other entities.,"MATCH (o:Officer)-[r:officer_of {link: 'Nominee Shareholder of'}]->(e:Entity)
RETURN o.name AS OfficerName, e.name AS EntityName","match
$o isa officer;
$e isa offshore_entity;
$r isa officer_of (officer: $o, offshore_entity: $e), has link ""Nominee Shareholder of"";
fetch {
  ""OfficerName"": $o.name,
  ""EntityName"": $e.name
};"
461,List the addresses that are registered to more than one entity.,"MATCH (e1:Entity)-[:registered_address]->(a:Address)<-[:registered_address]-(e2:Entity)
WHERE e1.node_id <> e2.node_id
RETURN a.address AS Address, COUNT(DISTINCT e1.node_id) AS EntityCount
ORDER BY EntityCount DESC","match
$a isa postal_address;
$e isa offshore_entity;
registered_address (registrant: $e, registered_addr: $a);
reduce $count = count($e) groupby $a;
match $count > 1;
$a has address $addr;
sort $count desc;
fetch { ""Address"": $addr, ""EntityCount"": $count };"
462,Show entities that were last edited on the same timestamp as 'Top Games Holdings Inc.',"MATCH (e1:Entity {name: 'Top Games Holdings Inc.'})
WITH e1.lastEditTimestamp AS targetTimestamp
MATCH (e2:Entity)
WHERE e2.lastEditTimestamp = targetTimestamp AND e2.name <> 'Top Games Holdings Inc.'
RETURN e2.name AS EntityName, e2.lastEditTimestamp AS LastEditTimestamp","match
$e1 isa offshore_entity, has name ""Top Games Holdings Inc."", has last_edit_timestamp $ts;
$e2 isa offshore_entity, has name $n2, has last_edit_timestamp $ts;
$n2 != ""Top Games Holdings Inc."";
fetch {
  ""EntityName"": $n2,
  ""LastEditTimestamp"": $ts
};"
463,Which entities have a tax description available?,"MATCH (e:Entity)
WHERE e.tax_stat_description IS NOT NULL
RETURN e.name, e.tax_stat_description","match
$e isa offshore_entity, has tax_stat_description $t;
fetch {
  ""name"": $e.name,
  ""tax_stat_description"": $t
};"
464,List entities that have been closed but not struck off.,"MATCH (e:Entity)
WHERE e.closed_date IS NOT NULL AND e.struck_off_date IS NULL
RETURN e.name AS entity_name, e.closed_date AS closed_date","match
$e isa offshore_entity, has closed_date $cd;
not { $e has struck_off_date $sd; };
fetch {
  ""entity_name"": $e.name,
  ""closed_date"": $cd
};"
465,What are the top 3 most recent types of connection available in the schema?,"MATCH ()-[r]->()
RETURN DISTINCT r.link AS connection_type, r.valid_until
ORDER BY r.valid_until DESC
LIMIT 3","match
$rel isa $t, has link $link, has valid_until $valid_until;
{ $t label registered_address; } or { $t label same_company_as; } or { $t label same_name_as; } or { $t label intermediary_of; } or { $t label officer_of; } or { $t label connected_to; } or { $t label same_id_as; };
select $link, $valid_until;
distinct;
sort $valid_until desc;
limit 3;
fetch { ""connection_type"": $link, ""valid_until"": $valid_until };"
466,"Show entities that are same as 'TIANSHENG INDUSTRY AND TRADING CO., LTD.'","MATCH (e:Entity {name: ""TIANSHENG INDUSTRY AND TRADING CO., LTD.""})-[:same_as]->(sameEntity:Entity)
RETURN sameEntity","match
$e isa offshore_entity, has name ""TIANSHENG INDUSTRY AND TRADING CO., LTD."";
$sameEntity isa offshore_entity;
same_as (same_as_source: $e, same_as_target: $sameEntity);
fetch {
  ""sameEntity"": { $sameEntity.* }
};"
467,Which entities are registered at the same address as 'Top Games Holdings Inc.'?,"MATCH (e:Entity {name: 'Top Games Holdings Inc.'})-[:registered_address]->(a:Address)<-[:registered_address]-(other:Entity)
RETURN other.name AS entity_name","match
$e isa offshore_entity, has name ""Top Games Holdings Inc."";
registered_address (registrant: $e, registered_addr: $a);
registered_address (registrant: $other, registered_addr: $a);
$other isa offshore_entity;
not { $other is $e; };
fetch {
  ""entity_name"": $other.name
};"
468,List the intermediaries that have a source ID of 'Panama Papers' and are active.,"MATCH (i:Intermediary)
WHERE i.sourceID = 'Panama Papers' AND i.status = 'ACTIVE'
RETURN i.name AS intermediary_name","match
$i isa intermediary, has source_id ""Panama Papers"", has status ""ACTIVE"", has name $n;
fetch {
  ""intermediary_name"": $n
};"
469,Show the entities with a struck off date in 2014.,"MATCH (e:Entity)
WHERE e.struck_off_date CONTAINS '2014'
RETURN e.name AS entity_name, e.struck_off_date AS struck_off_date","match
$e isa offshore_entity,
  has name $name,
  has struck_off_date $date;
$date >= 2014-01-01;
$date < 2015-01-01;
fetch {
  ""entity_name"": $name,
  ""struck_off_date"": $date
};"
470,"List officers who are connected to addresses in Apia, Samoa.","MATCH (o:Officer)-[:registered_address]->(a:Address)
WHERE a.address CONTAINS ""Apia"" AND a.countries = ""Samoa""
RETURN o.name AS OfficerName, a.address AS Address","match
$o isa officer;
$a isa postal_address, has address $addr, has countries ""Samoa"";
$addr like "".*Apia.*"";
registered_address (registrant: $o, registered_addr: $a);
fetch {
  ""OfficerName"": $o.name,
  ""Address"": $addr
};"
471,What are the closed dates for entities that have a jurisdiction of SAM?,"MATCH (e:Entity)
WHERE e.jurisdiction = 'SAM' AND e.closed_date IS NOT NULL
RETURN e.name AS entity_name, e.closed_date AS closed_date","match
$e isa offshore_entity, has jurisdiction ""SAM"", has closed_date $closed_date, has name $name;
fetch {
  ""entity_name"": $name,
  ""closed_date"": $closed_date
};"
473,What are the names of other entities with type 'LIMITED LIABILITY COMPANY'?,"MATCH (o:Other {type: 'LIMITED LIABILITY COMPANY'})
RETURN o.name","match
$o isa other, has entity_type ""LIMITED LIABILITY COMPANY"", has name $n;
fetch {
  ""name"": $n
};"
474,Show the top 5 most recently edited addresses.,"MATCH (a:Address)
RETURN a.address, a.lastEditTimestamp
ORDER BY a.lastEditTimestamp DESC
LIMIT 5","match
$a isa postal_address, has address $addr, has last_edit_timestamp $ts;
sort $ts desc;
limit 5;
fetch {
  ""address"": $addr,
  ""lastEditTimestamp"": $ts
};"
475,List addresses that are valid until 2020.,"MATCH (a:Address)
WHERE a.valid_until CONTAINS ""2020""
RETURN a.address AS address, a.valid_until AS valid_until","match
$a isa postal_address, has valid_until $vu;
$vu like "".*2020.*"";
fetch {
  ""address"": $a.address,
  ""valid_until"": $vu
};"
476,List the entities that have multiple former names and provide all names.,"MATCH (e:Entity)
WHERE size(split(e.former_name, "";"")) > 1
RETURN e.name AS current_name, e.former_name AS former_names","with fun former_name_count($e: offshore_entity) -> integer:
  match
    $e has former_name $fn;
  select $fn;
  distinct;
  return count;
match
$e isa offshore_entity;
let $count = former_name_count($e);
$count > 1;
$e has former_name $fn;
fetch {
  ""currentName"": $e.name,
  ""formerName"": $fn
};"
477,Identify officers linked to entities with a company number starting with '240'.,"MATCH (e:Entity)-[:officer_of]-(o:Officer)
WHERE e.company_number STARTS WITH '240'
RETURN o.name AS officer_name, e.name AS entity_name, e.company_number AS company_number","match
$e isa offshore_entity, has company_number $cn;
$cn like ""^240.*"";
$o isa officer;
officer_of (officer: $o, offshore_entity: $e);
fetch {
  ""officer_name"": $o.name,
  ""entity_name"": $e.name,
  ""company_number"": $cn
};"
478,What are the names of officers who have a note on their record in the Panama Papers?,"MATCH (o:Officer)
WHERE o.sourceID = 'Panama Papers' AND o.note IS NOT NULL
RETURN o.name","match
$o isa officer, has source_id ""Panama Papers"", has note $n, has name $name;
fetch {
  ""name"": $name
};"
479,Which entities have an inactivation date on '18-FEB-2013' and a struck off date on '15-FEB-2013'?,"MATCH (e:Entity)
WHERE e.inactivation_date = '18-FEB-2013' AND e.struck_off_date = '15-FEB-2013'
RETURN e.name AS entity_name, e.inactivation_date, e.struck_off_date","match
$e isa offshore_entity,
  has inactivation_date 2013-02-18,
  has struck_off_date 2013-02-15;
fetch {
  ""entity_name"": $e.name,
  ""inactivation_date"": $e.inactivation_date,
  ""struck_off_date"": $e.struck_off_date
};"
480,Provide the names of entities that have a company type of 'FOREIGN FORMED CORPORATION' according to the Paradise Papers.,"MATCH (e:Other {type: 'FOREIGN FORMED CORPORATION', sourceID: 'Paradise Papers - Aruba corporate registry'})
RETURN e.name","match
$e isa other, has entity_type ""FOREIGN FORMED CORPORATION"", has source_id ""Paradise Papers - Aruba corporate registry"";
fetch {
  ""name"": $e.name
};"
481,List the entities that were incorporated in '2006' and have a service provider of 'Mossack Fonseca'.,"MATCH (e:Entity)
WHERE e.incorporation_date CONTAINS '2006' AND e.service_provider = 'Mossack Fonseca'
RETURN e.name AS entity_name, e.incorporation_date AS incorporation_date, e.service_provider AS service_provider","match
$e isa offshore_entity,
    has incorporation_date $d,
    has service_provider ""Mossack Fonseca"";
$d >= 2006-01-01;
$d < 2007-01-01;
fetch {
    ""entity_name"": $e.name,
    ""incorporation_date"": $d,
    ""service_provider"": $e.service_provider
};"
482,"What are the names of entities that are connected to 'MICHAEL PAPAGEORGE, MR.' as an intermediary and what is their status?","MATCH (i:Intermediary {name: ""MICHAEL PAPAGEORGE, MR.""})-[:intermediary_of]->(e:Entity)
RETURN e.name AS entity_name, e.status AS entity_status","match
$i isa intermediary, has name ""MICHAEL PAPAGEORGE, MR."";
intermediary_of (intermediary: $i, offshore_entity: $e);
fetch {
  ""entity_name"": $e.name,
  ""entity_status"": $e.status
};"
483,Identify officers with the source ID 'Bahamas Leaks' who have a status of 'ACTIVE'.,"MATCH (o:Officer)
WHERE o.sourceID = 'Bahamas Leaks' AND o.status = 'ACTIVE'
RETURN o.name, o.node_id, o.country_codes, o.countries","match
$o isa officer, has source_id ""Bahamas Leaks"";
$rel isa officer_of (officer: $o), has status ""ACTIVE"";
fetch {
  ""name"": $o.name,
  ""node_id"": $o.node_id,
  ""country_codes"": $o.country_codes,
  ""countries"": $o.countries
};"
484,Which entities were incorporated in March 2006?,"MATCH (e:Entity)
WHERE e.incorporation_date STARTS WITH '23-MAR-2006'
RETURN e.name AS entity_name, e.incorporation_date AS incorporation_date","match
$e isa offshore_entity, has name $name, has incorporation_date $inc_date;
$inc_date == 2006-03-23;
fetch {
  ""entity_name"": $name,
  ""incorporation_date"": $inc_date
};"
485,List all entities with jurisdiction description of Samoa.,"MATCH (e:Entity)
WHERE e.jurisdiction_description = ""Samoa""
RETURN e.name, e.jurisdiction_description","match
$e isa offshore_entity, has jurisdiction_description ""Samoa"";
fetch {
  ""name"": $e.name,
  ""jurisdiction_description"": $e.jurisdiction_description
};"
486,What are the names of entities that defaulted in 2013?,"MATCH (e:Entity)
WHERE e.status = ""Defaulted"" AND e.inactivation_date CONTAINS ""2013""
RETURN e.name","match
$e isa offshore_entity, has status ""Defaulted"", has inactivation_date $d;
$d >= 2013-01-01;
$d <= 2013-12-31;
fetch { ""name"": $e.name };"
487,Find top 5 entities serviced by Mossack Fonseca.,"MATCH (e:Entity)
WHERE e.service_provider = 'Mossack Fonseca'
RETURN e.name AS entity_name, e.service_provider
ORDER BY e.name
LIMIT 5","match
$e isa offshore_entity, has service_provider ""Mossack Fonseca"", has name $n;
sort $n;
limit 5;
fetch {
  ""entity_name"": $n,
  ""service_provider"": $e.service_provider
};"
488,Which entities have a country code of HKG?,"MATCH (e:Entity)
WHERE e.country_codes = 'HKG'
RETURN e.name, e.country_codes","match
$e isa offshore_entity, has country_codes ""HKG"";
fetch {
  ""name"": $e.name,
  ""country_codes"": $e.country_codes
};"
489,Show entities that were struck off in February 2013.,"MATCH (e:Entity)
WHERE e.struck_off_date STARTS WITH 'FEB-2013'
RETURN e.name AS entity_name, e.struck_off_date AS struck_off_date","match
$e isa offshore_entity, has struck_off_date $d, has name $n;
$d >= 2013-02-01;
$d <= 2013-02-28;
fetch {
  ""entity_name"": $n,
  ""struck_off_date"": $d
};"
490,List entities that have the same address as 'ORION HOUSE SERVICES (HK) LIMITED ROOM 1401; 14/F.',"MATCH (e:Entity)-[:registered_address]->(a:Address)
WHERE a.address = 'ORION HOUSE SERVICES (HK) LIMITED ROOM 1401; 14/F.'
RETURN e.name AS entity_name","match
$e isa offshore_entity;
$a isa postal_address, has address ""ORION HOUSE SERVICES (HK) LIMITED ROOM 1401; 14/F."";
registered_address (registrant: $e, registered_addr: $a);
fetch {
  ""entity_name"": $e.name
};"
491,How many entities were inactivated in February 2013?,"MATCH (e:Entity)
WHERE e.inactivation_date STARTS WITH 'FEB-2013'
RETURN count(e) AS inactivated_entities","match
$e isa offshore_entity, has inactivation_date $d;
$d >= 2013-02-01;
$d < 2013-03-01;
reduce $count = count($e);
fetch {
  ""inactivatedEntities"": $count
};"
492,What are the names of entities that were last edited at timestamp '1638311020926'?,"MATCH (e:Entity)
WHERE e.lastEditTimestamp = '1638311020926'
RETURN e.name","match
$e isa offshore_entity, has last_edit_timestamp ""1638311020926"";
fetch {
  ""name"": $e.name
};"
493,List all entities that were valid until 2015.,"MATCH (e:Entity)
WHERE e.valid_until CONTAINS ""2015""
RETURN e.name AS entity_name, e.valid_until","match
$e isa offshore_entity, has valid_until $vu, has name $n;
$vu like "".*2015.*"";
fetch {
  ""entity_name"": $n,
  ""valid_until"": $vu
};"
494,Show top 3 intermediaries from South Africa.,"MATCH (i:Intermediary)
WHERE i.countries = ""South Africa""
RETURN i.name AS intermediary_name, i.address AS intermediary_address, i.status AS intermediary_status
ORDER BY i.name
LIMIT 3","match
$i isa intermediary, has countries ""South Africa"";
$i has name $n;
sort $n;
limit 3;
fetch {
  ""intermediary_name"": $i.name,
  ""intermediary_address"": $i.address,
  ""intermediary_status"": $i.status
};"
495,Which intermediaries have an active status?,"MATCH (i:Intermediary)
WHERE i.status = 'ACTIVE'
RETURN i.name AS intermediary_name, i.countries AS countries, i.address AS address","match
$i isa intermediary, has status ""ACTIVE"";
fetch {
  ""intermediary_name"": $i.name,
  ""countries"": $i.countries,
  ""address"": $i.address
};"
496,List intermediaries associated with the address 'MICHAEL PAPAGEORGE; MR. 106 NICHOLSON STREET BROOK'.,"MATCH (i:Intermediary)-[:registered_address]->(a:Address)
WHERE a.address = 'MICHAEL PAPAGEORGE; MR. 106 NICHOLSON STREET BROOK'
RETURN i.name AS IntermediaryName","match
$i isa intermediary;
$a isa postal_address, has address ""MICHAEL PAPAGEORGE; MR. 106 NICHOLSON STREET BROOK"";
registered_address (registrant: $i, registered_addr: $a);
fetch {
  ""IntermediaryName"": $i.name
};"
497,Find the intermediaries that deal with entities in Panama.,"MATCH (i:Intermediary)-[:intermediary_of]->(e:Entity)
WHERE e.countries CONTAINS ""Panama""
RETURN i.name AS IntermediaryName, e.name AS EntityName","match
$i isa intermediary;
$e isa offshore_entity, has countries $c;
$c like "".*Panama.*"";
intermediary_of (intermediary: $i, offshore_entity: $e);
fetch {
  ""IntermediaryName"": $i.name,
  ""EntityName"": $e.name
};"
498,Show the name of intermediaries linked to the Panama Papers.,"MATCH (i:Intermediary)-[:intermediary_of]->(e:Entity)
WHERE i.sourceID = 'Panama Papers'
RETURN i.name AS IntermediaryName","match
$i isa intermediary, has source_id ""Panama Papers"";
intermediary_of (intermediary: $i, offshore_entity: $e);
fetch {
  ""IntermediaryName"": $i.name
};"
499,What are the countries associated with intermediaries in the dataset?,"MATCH (i:Intermediary)
RETURN DISTINCT i.countries AS countries","match
$i isa intermediary, has countries $c;
select $c;
distinct;
fetch { ""countries"": $c };"
500,List all officers named 'KIM SOO IN'.,"MATCH (o:Officer)
WHERE o.name = 'KIM SOO IN'
RETURN o","match
$o isa officer, has name $n;
$n == ""KIM SOO IN"";
fetch {
  ""officer"": {
    ""name"": $o.name,
    ""node_id"": $o.node_id
  }
};"
501,Which officers are connected to entities incorporated in Samoa?,"MATCH (e:Entity)-[:connected_to]-(o:Officer)
WHERE e.jurisdiction = 'SAM'
RETURN o.name AS officer_name, e.name AS entity_name","match
$e isa offshore_entity, has jurisdiction ""SAM"", has name $en;
$o isa officer, has name $on;
connected_to (connector: $o, connected_entity: $e);
fetch {
  ""officer_name"": $on,
  ""entity_name"": $en
};"
502,Show officers who have a country code of KOR.,"MATCH (o:Officer)
WHERE o.country_codes = 'KOR'
RETURN o.name AS officer_name, o.country_codes AS country_code","match
$o isa officer, has country_codes ""KOR"";
fetch {
  ""officer_name"": $o.name,
  ""country_code"": $o.country_codes
};"
503,List all officers who have been officers of entities.,"MATCH (o:Officer)-[:officer_of]->(e:Entity)
RETURN DISTINCT o.name AS OfficerName","match
$o isa officer;
officer_of (officer: $o, offshore_entity: $e);
$e isa offshore_entity;
select $o;
distinct;
fetch { ""OfficerName"": $o.name };"
504,How many addresses are there in the Bahamas?,"MATCH (a:Address {countries: ""Bahamas""})
RETURN count(a) AS numberOfAddresses","match
$a isa postal_address, has countries ""Bahamas"";
reduce $numberOfAddresses = count($a);"
505,List the entities with their respective inactivation dates and statuses.,"MATCH (e:Entity)
RETURN e.name AS entity_name, e.inactivation_date AS inactivation_date, e.status AS status","match
$e isa offshore_entity;
fetch {
  ""entity_name"": $e.name,
  ""inactivation_date"": $e.inactivation_date,
  ""status"": $e.status
};"
506,"List the names of entities that share the same company as 'SKY-BLUE GIFTS & TOYS CO., LTD.'","MATCH (e1:Entity {name: 'SKY-BLUE GIFTS & TOYS CO., LTD.'})-[:same_company_as]->(e2:Entity)
RETURN e2.name","match
$e1 isa offshore_entity, has name ""SKY-BLUE GIFTS & TOYS CO., LTD."";
same_company_as (company1: $e1, company2: $e2);
fetch {
  ""name"": $e2.name
};"
